# Blender 4.5.1 LTS
# www.blender.org
mtllib companioncube.mtl
o Body.dmx/cubecompanion_model.dmx.mesh_0
v 0.219000 0.921521 0.885134
v 0.219001 0.884212 0.922443
v 0.223229 0.882981 0.882984
v -0.886097 -0.326691 0.376960
v -0.886097 -0.377011 0.326639
v -0.889218 -0.341578 0.394141
v -0.886097 -0.269721 0.419607
v -0.889218 -0.282011 0.438732
v -0.886097 -0.207261 0.453712
v -0.889218 -0.216705 0.474392
v -0.889218 -0.146989 0.500395
v -0.886097 -0.140584 0.478581
v -0.886097 -0.071046 0.493709
v -0.889218 -0.074281 0.516212
v -0.889218 -0.000063 0.521519
v -0.886097 -0.000063 0.498785
v -0.886097 0.070920 0.493709
v -0.889218 0.074155 0.516212
v -0.889218 0.146863 0.500395
v -0.886097 0.140458 0.478581
v -0.886097 0.207135 0.453712
v -0.889218 0.216579 0.474392
v -0.886097 0.269595 0.419607
v -0.889218 0.281886 0.438732
v -0.886097 0.326565 0.376960
v -0.889218 0.341453 0.394141
v -0.886097 0.376886 0.326639
v -0.889218 0.394067 0.341527
v -0.886097 0.419533 0.269669
v -0.889218 0.438658 0.281960
v -0.886097 0.453638 0.207209
v -0.889218 0.474318 0.216653
v -0.886097 0.478508 0.140532
v -0.889218 0.500321 0.146937
v -0.886097 0.493635 0.070994
v -0.889218 0.516138 0.074229
v -0.889218 0.521445 0.000011
v -0.886097 0.498711 0.000011
v -0.886097 0.493635 -0.070972
v -0.889218 0.516138 -0.074207
v -0.889218 0.500321 -0.146915
v -0.886097 0.478508 -0.140510
v -0.886097 0.453638 -0.207187
v -0.889218 0.474318 -0.216632
v -0.886097 0.419533 -0.269647
v -0.889218 0.438658 -0.281938
v -0.886097 0.376886 -0.326617
v -0.889218 0.394067 -0.341504
v -0.886097 0.326565 -0.376937
v -0.889218 0.341453 -0.394119
v -0.889218 0.281886 -0.438710
v -0.886097 0.269595 -0.419584
v -0.886097 0.207135 -0.453690
v -0.889218 0.216579 -0.474370
v -0.886097 0.140458 -0.478560
v -0.889218 0.146863 -0.500373
v -0.889218 0.074155 -0.516189
v -0.886097 0.070920 -0.493686
v -0.889218 -0.000063 -0.521496
v -0.886097 -0.000063 -0.498764
v -0.886097 -0.071046 -0.493686
v -0.889218 -0.074281 -0.516189
v -0.886097 -0.140584 -0.478560
v -0.889218 -0.146989 -0.500373
v -0.889218 -0.216705 -0.474370
v -0.886097 -0.207261 -0.453690
v -0.889218 -0.282011 -0.438710
v -0.886097 -0.269721 -0.419584
v -0.889218 -0.341578 -0.394119
v -0.886097 -0.326691 -0.376937
v -0.889218 -0.394193 -0.341504
v -0.886097 -0.377011 -0.326617
v -0.889218 -0.438784 -0.281938
v -0.886097 -0.419658 -0.269647
v -0.889218 -0.474444 -0.216632
v -0.886097 -0.453764 -0.207187
v -0.889218 -0.500446 -0.146915
v -0.886097 -0.478633 -0.140510
v -0.889218 -0.516263 -0.074207
v -0.886097 -0.493760 -0.070972
v -0.889218 -0.521570 0.000011
v -0.886097 -0.498837 0.000011
v -0.886097 -0.493760 0.070994
v -0.889218 -0.516263 0.074229
v -0.886097 -0.478633 0.140532
v -0.889218 -0.500446 0.146937
v -0.886097 -0.453764 0.207209
v -0.889218 -0.474444 0.216653
v -0.889218 -0.438784 0.281960
v -0.886097 -0.419658 0.269669
v -0.889218 -0.394193 0.341527
v -0.884218 -0.122926 -0.269960
v -0.884218 -0.210517 -0.459981
v -0.884218 -0.160092 -0.249666
v -0.884218 -0.142915 -0.485194
v -0.884218 -0.083250 -0.284759
v -0.884218 -0.072413 -0.500532
v -0.884218 -0.041872 -0.293760
v -0.884218 -0.000446 -0.505679
v -0.884218 0.000366 -0.296781
v -0.884218 0.071521 -0.500532
v -0.884218 0.042603 -0.293760
v -0.884218 0.142023 -0.485194
v -0.884218 0.083981 -0.284759
v -0.884218 0.209625 -0.459981
v -0.884218 0.123657 -0.269960
v -0.884218 0.272950 -0.425402
v -0.884218 0.160823 -0.249666
v -0.884218 0.330710 -0.382164
v -0.884218 -0.500988 0.071978
v -0.884218 -0.485652 0.142480
v -0.884218 -0.293405 0.042249
v -0.884218 -0.296426 0.000011
v -0.884218 -0.506136 0.000011
v -0.884218 -0.500988 -0.071956
v -0.884218 -0.293405 -0.042227
v -0.884218 -0.485652 -0.142458
v -0.884218 -0.284404 -0.083605
v -0.884218 -0.460438 -0.210060
v -0.884218 -0.269606 -0.123281
v -0.884218 -0.425859 -0.273386
v -0.884218 -0.249312 -0.160447
v -0.884218 -0.382621 -0.331145
v -0.884218 -0.223935 -0.194347
v -0.884218 -0.331602 -0.382164
v -0.884218 -0.193992 -0.224289
v -0.884218 -0.273842 -0.425402
v -0.889218 -0.282011 -0.438710
v -0.889218 -0.216705 -0.474370
v -0.902568 -0.216705 -0.474370
v -0.902568 -0.282011 -0.438710
v -0.889218 -0.341578 -0.394119
v -0.902568 -0.341578 -0.394119
v -0.889218 -0.394193 -0.341504
v -0.902568 -0.394193 -0.341504
v -0.889218 -0.438784 -0.281938
v -0.902568 -0.438784 -0.281938
v -0.889218 -0.474444 -0.216632
v -0.902568 -0.474444 -0.216632
v -0.889218 -0.500446 -0.146915
v -0.902568 -0.500446 -0.146915
v -0.889218 -0.516263 -0.074207
v -0.902568 -0.516263 -0.074207
v -0.889218 -0.521570 0.000011
v -0.902568 -0.521570 0.000011
v -0.889218 0.341453 -0.394119
v -0.889218 0.394067 -0.341504
v -0.902568 0.394067 -0.341504
v -0.902568 0.341453 -0.394119
v -0.889218 0.281886 -0.438710
v -0.902568 0.281886 -0.438710
v -0.889218 0.216579 -0.474370
v -0.902568 0.216579 -0.474370
v -0.889218 0.146863 -0.500373
v -0.902568 0.146863 -0.500373
v -0.889218 0.074155 -0.516189
v -0.902568 0.074155 -0.516189
v -0.889218 -0.000063 -0.521496
v -0.902568 -0.000063 -0.521496
v -0.889218 -0.074281 -0.516189
v -0.902568 -0.074281 -0.516189
v -0.889218 -0.146989 -0.500373
v -0.902568 -0.146989 -0.500373
v -0.889218 0.474318 0.216653
v -0.889218 0.438658 0.281960
v -0.902568 0.438658 0.281960
v -0.902568 0.474318 0.216653
v -0.889218 0.500321 0.146937
v -0.902568 0.500321 0.146937
v -0.889218 0.516138 0.074229
v -0.902568 0.516138 0.074229
v -0.889218 0.521445 0.000011
v -0.902568 0.521445 0.000011
v -0.889218 0.516138 -0.074207
v -0.902568 0.516138 -0.074207
v -0.889218 0.500321 -0.146915
v -0.902568 0.500321 -0.146915
v -0.889218 0.474318 -0.216632
v -0.902568 0.474318 -0.216632
v -0.889218 0.438658 -0.281938
v -0.902568 0.438658 -0.281938
v -0.889218 -0.074281 0.516212
v -0.889218 -0.146989 0.500395
v -0.902568 -0.146989 0.500395
v -0.902568 -0.074281 0.516212
v -0.889218 -0.000063 0.521519
v -0.902568 -0.000063 0.521519
v -0.889218 0.074155 0.516212
v -0.902568 0.074155 0.516212
v -0.889218 0.146863 0.500395
v -0.902568 0.146863 0.500395
v -0.889218 0.216579 0.474392
v -0.902568 0.216579 0.474392
v -0.889218 0.281886 0.438732
v -0.902568 0.281886 0.438732
v -0.889218 0.341453 0.394141
v -0.902568 0.341453 0.394141
v -0.889218 0.394067 0.341527
v -0.902568 0.394067 0.341527
v -0.889218 -0.516263 0.074229
v -0.889218 -0.521570 0.000011
v -0.902568 -0.521570 0.000011
v -0.902568 -0.516263 0.074229
v -0.889218 -0.500446 0.146937
v -0.902568 -0.500446 0.146937
v -0.889218 -0.474444 0.216653
v -0.902568 -0.474444 0.216653
v -0.889218 -0.438784 0.281960
v -0.902568 -0.438784 0.281960
v -0.889218 -0.394193 0.341527
v -0.902568 -0.394193 0.341527
v -0.889218 -0.341578 0.394141
v -0.902568 -0.341578 0.394141
v -0.889218 -0.282011 0.438732
v -0.902568 -0.282011 0.438732
v -0.889218 -0.216705 0.474392
v -0.902568 -0.216705 0.474392
v -0.884218 -0.072413 0.500553
v -0.884218 -0.000446 0.505701
v -0.884218 -0.041872 0.293782
v -0.884218 -0.083250 0.284781
v -0.884218 -0.142915 0.485217
v -0.884218 -0.122926 0.269982
v -0.884218 -0.210517 0.460002
v -0.884218 -0.160092 0.249688
v -0.884218 -0.273842 0.425424
v -0.884218 -0.193992 0.224311
v -0.884218 -0.331602 0.382185
v -0.884218 -0.223935 0.194368
v -0.884218 -0.382621 0.331167
v -0.884218 -0.249312 0.160469
v -0.884218 -0.425859 0.273407
v -0.884218 -0.269606 0.123303
v -0.884218 -0.460438 0.210082
v -0.884218 -0.284404 0.083627
v -0.884218 0.459545 0.210082
v -0.884218 0.484760 0.142480
v -0.884218 0.270337 0.123303
v -0.884218 0.250043 0.160469
v -0.884218 0.424967 0.273407
v -0.884218 0.224666 0.194368
v -0.884218 0.381729 0.331167
v -0.884218 0.194723 0.224311
v -0.884218 0.330710 0.382185
v -0.884218 0.160823 0.249688
v -0.884218 0.272950 0.425424
v -0.884218 0.123657 0.269982
v -0.884218 0.209625 0.460002
v -0.884218 0.083981 0.284781
v -0.884218 0.142023 0.485217
v -0.884218 0.042603 0.293782
v -0.884218 0.071521 0.500553
v -0.884218 0.000366 0.296803
v -0.889892 -0.276843 -0.081259
v -0.889892 -0.285592 -0.041042
v -0.889892 -0.119895 -0.262386
v -0.889892 -0.262460 -0.119822
v -0.889892 -0.242735 -0.155945
v -0.889892 -0.218070 -0.188893
v -0.889892 -0.188967 -0.217996
v -0.889892 -0.156019 -0.242661
v -0.889892 0.188842 0.218018
v -0.889892 0.217944 0.188915
v -0.889892 0.155893 0.242683
v -0.889892 0.119770 0.262408
v -0.889892 0.081207 0.276791
v -0.889892 0.040990 0.285540
v -0.889892 -0.000063 0.288475
v -0.889892 -0.041116 0.285540
v -0.889892 -0.081332 0.276791
v -0.889892 -0.119895 0.262408
v -0.889892 -0.156019 0.242683
v -0.889892 -0.188967 0.218018
v -0.889892 -0.218070 0.188915
v -0.889892 -0.242735 0.155967
v -0.889892 -0.262460 0.119843
v -0.889892 -0.276843 0.081281
v -0.889892 -0.285592 0.041064
v -0.889892 -0.288527 0.000011
v -0.889892 -0.041116 -0.285518
v -0.889892 -0.081332 -0.276769
v -0.889892 -0.000063 -0.288454
v -0.889892 0.040990 -0.285518
v -0.889892 0.081207 -0.276769
v -0.889892 0.119770 -0.262386
v -0.889892 0.155893 -0.242661
v -0.889892 0.188842 -0.217996
v -0.889892 0.217944 -0.188893
v -0.889892 0.242609 -0.155945
v -0.889892 0.262334 -0.119822
v -0.889892 0.276717 -0.081259
v -0.889892 0.285466 -0.041042
v -0.889892 0.288402 0.000011
v -0.889892 0.285466 0.041064
v -0.889892 0.276717 0.081281
v -0.889892 0.262334 0.119843
v -0.889892 0.242609 0.155967
v -0.884218 0.194723 -0.224289
v -0.884218 0.381729 -0.331145
v -0.884218 0.224666 -0.194347
v -0.884218 0.424967 -0.273386
v -0.884218 0.250043 -0.160447
v -0.884218 0.459545 -0.210060
v -0.884218 0.270337 -0.123281
v -0.884218 0.484760 -0.142458
v -0.884218 0.285135 -0.083605
v -0.884218 0.500096 -0.071956
v -0.884218 0.294136 -0.042227
v -0.884218 0.505243 0.000011
v -0.884218 0.297157 0.000011
v -0.884218 0.294136 0.042249
v -0.884218 0.500096 0.071978
v -0.884218 0.285135 0.083627
v -0.882660 0.083513 -0.284620
v -0.882660 0.042155 -0.293617
v -0.889892 0.081207 -0.276769
v -0.882660 0.123169 -0.269829
v -0.889892 0.119770 -0.262386
v -0.882660 0.160317 -0.249545
v -0.889892 0.155893 -0.242661
v -0.882660 0.194200 -0.224180
v -0.889892 0.188842 -0.217996
v -0.882660 0.224128 -0.194252
v -0.889892 0.217944 -0.188893
v -0.882660 0.249492 -0.160369
v -0.889892 0.242609 -0.155945
v -0.889892 0.262334 -0.119822
v -0.882660 0.269777 -0.123221
v -0.889892 0.276717 -0.081259
v -0.882660 0.284568 -0.083564
v -0.882660 0.293565 -0.042206
v -0.889892 0.285466 -0.041042
v -0.882660 0.296584 0.000011
v -0.889892 0.288402 0.000011
v -0.889892 0.285466 0.041064
v -0.882660 0.293565 0.042228
v -0.889892 0.276717 0.081281
v -0.882660 0.284568 0.083586
v -0.889892 0.262334 0.119843
v -0.882660 0.269777 0.123243
v -0.889892 0.242609 0.155967
v -0.882660 0.249492 0.160391
v -0.889892 0.217944 0.188915
v -0.882660 0.224128 0.194274
v -0.889892 0.188842 0.218018
v -0.882660 0.194200 0.224202
v -0.889892 0.155893 0.242683
v -0.882660 0.160317 0.249566
v -0.889892 0.119770 0.262408
v -0.882660 0.123169 0.269851
v -0.889892 0.081207 0.276791
v -0.882660 0.083513 0.284642
v -0.882660 0.042155 0.293639
v -0.889892 0.040990 0.285540
v -0.882660 -0.000063 0.296658
v -0.889892 -0.000063 0.288475
v -0.889892 -0.041116 0.285540
v -0.882660 -0.042280 0.293639
v -0.889892 -0.081332 0.276791
v -0.882660 -0.083638 0.284642
v -0.889892 -0.119895 0.262408
v -0.882660 -0.123295 0.269851
v -0.889892 -0.156019 0.242683
v -0.882660 -0.160443 0.249566
v -0.889892 -0.188967 0.218018
v -0.882660 -0.194325 0.224202
v -0.882660 -0.224254 0.194274
v -0.889892 -0.218070 0.188915
v -0.882660 -0.249618 0.160391
v -0.889892 -0.242735 0.155967
v -0.882660 -0.269902 0.123243
v -0.889892 -0.262460 0.119843
v -0.882660 -0.284694 0.083586
v -0.889892 -0.276843 0.081281
v -0.882660 -0.293691 0.042228
v -0.889892 -0.285592 0.041064
v -0.882660 -0.296710 0.000011
v -0.889892 -0.288527 0.000011
v -0.889892 -0.285592 -0.041042
v -0.882660 -0.293691 -0.042206
v -0.889892 -0.276843 -0.081259
v -0.882660 -0.284694 -0.083564
v -0.882660 -0.269902 -0.123221
v -0.889892 -0.262460 -0.119822
v -0.882660 -0.249618 -0.160369
v -0.889892 -0.242735 -0.155945
v -0.882660 -0.224254 -0.194252
v -0.889892 -0.218070 -0.188893
v -0.882660 -0.194325 -0.224180
v -0.889892 -0.188967 -0.217996
v -0.882660 -0.160443 -0.249545
v -0.889892 -0.156019 -0.242661
v -0.882660 -0.123295 -0.269829
v -0.889892 -0.119895 -0.262386
v -0.882660 -0.083638 -0.284620
v -0.889892 -0.081332 -0.276769
v -0.882660 -0.042280 -0.293617
v -0.889892 -0.041116 -0.285518
v -0.882660 -0.000063 -0.296636
v -0.889892 -0.000063 -0.288454
v -0.889892 0.040990 -0.285518
v -0.877542 -0.550288 0.147470
v -0.877542 -0.568107 0.012115
v -0.888651 -0.567050 0.020170
v -0.888651 -0.550288 0.147470
v -0.877542 -0.493382 0.284853
v -0.877542 -0.550288 0.147470
v -0.888651 -0.550288 0.147470
v -0.888651 -0.493382 0.284853
v -0.877543 -0.402858 0.402827
v -0.877542 -0.493382 0.284853
v -0.888651 -0.493382 0.284853
v -0.888651 -0.402858 0.402827
v -0.877542 -0.284884 0.493352
v -0.877543 -0.402858 0.402827
v -0.888651 -0.402858 0.402827
v -0.888651 -0.284884 0.493352
v -0.877542 -0.147501 0.550258
v -0.877542 -0.284884 0.493352
v -0.888651 -0.284884 0.493352
v -0.888651 -0.147501 0.550258
v -0.877542 -0.147501 0.550258
v -0.888651 -0.147501 0.550258
v -0.888651 -0.020201 0.567015
v -0.877542 -0.012146 0.568077
v -0.877542 -0.147501 -0.550178
v -0.877542 -0.012146 -0.567998
v -0.888651 -0.020201 -0.566940
v -0.888651 -0.147501 -0.550178
v -0.877542 -0.284884 -0.493273
v -0.877542 -0.147501 -0.550178
v -0.888651 -0.147501 -0.550178
v -0.888651 -0.284884 -0.493273
v -0.877542 -0.402858 -0.402749
v -0.877542 -0.284884 -0.493273
v -0.888651 -0.284884 -0.493273
v -0.888651 -0.402858 -0.402749
v -0.877542 -0.493382 -0.284775
v -0.877542 -0.402858 -0.402749
v -0.888651 -0.402858 -0.402749
v -0.888651 -0.493382 -0.284775
v -0.877542 -0.550288 -0.147391
v -0.877542 -0.493382 -0.284775
v -0.888651 -0.493382 -0.284775
v -0.888651 -0.550288 -0.147391
v -0.877542 -0.550288 -0.147391
v -0.888651 -0.550288 -0.147391
v -0.888651 -0.567050 -0.020091
v -0.877542 -0.568107 -0.012036
v -0.877542 0.147360 0.550258
v -0.877542 0.012005 0.568077
v -0.888651 0.020060 0.567015
v -0.888651 0.147360 0.550258
v -0.877542 0.284744 0.493352
v -0.877542 0.147360 0.550258
v -0.888651 0.147360 0.550258
v -0.888651 0.284744 0.493352
v -0.877542 0.402717 0.402827
v -0.877542 0.284744 0.493352
v -0.888651 0.284744 0.493352
v -0.888651 0.402717 0.402827
v -0.877542 0.493242 0.284853
v -0.877542 0.402717 0.402827
v -0.888651 0.402717 0.402827
v -0.888651 0.493242 0.284853
v -0.877542 0.550148 0.147470
v -0.877542 0.493242 0.284853
v -0.888651 0.493242 0.284853
v -0.888651 0.550148 0.147470
v -0.877542 0.550148 0.147470
v -0.888651 0.550148 0.147470
v -0.888651 0.566905 0.020170
v -0.877542 0.567967 0.012115
v -0.877542 0.550148 -0.147391
v -0.877542 0.567967 -0.012036
v -0.888651 0.566905 -0.020091
v -0.888651 0.550148 -0.147391
v -0.877542 0.493242 -0.284775
v -0.877542 0.550148 -0.147391
v -0.888651 0.550148 -0.147391
v -0.888651 0.493242 -0.284775
v -0.877542 0.402717 -0.402749
v -0.877542 0.493242 -0.284775
v -0.888651 0.493242 -0.284775
v -0.888651 0.402717 -0.402749
v -0.877542 0.284744 -0.493273
v -0.877542 0.402717 -0.402749
v -0.888651 0.402717 -0.402749
v -0.888651 0.284744 -0.493273
v -0.877542 0.147360 -0.550178
v -0.877542 0.284744 -0.493273
v -0.888651 0.284744 -0.493273
v -0.888651 0.147360 -0.550178
v -0.877542 0.147360 -0.550178
v -0.888651 0.147360 -0.550178
v -0.888651 0.020060 -0.566940
v -0.877542 0.012005 -0.567998
v -0.975230 -1.010977 0.420078
v -0.975230 -1.010983 0.970329
v -1.015854 -0.970405 0.970329
v -1.015854 -0.970405 0.420078
v -1.015854 -0.970405 0.970329
v -0.975230 -0.970405 1.010962
v -0.975230 -0.420093 1.010957
v -1.015854 -0.420093 0.970329
v -0.425013 -0.722787 1.010952
v -0.424980 -0.970405 1.010957
v -0.295450 -0.883014 0.882984
v -0.295449 -0.589252 0.882968
v -0.424980 -0.970405 1.010957
v -0.975230 -0.970405 1.010962
v -0.975230 -1.010983 0.970329
v -0.424980 -1.010998 0.970329
v -0.975230 -0.420093 -1.011077
v -0.975230 -0.970405 -1.011082
v -1.015854 -0.970405 -0.970449
v -1.015853 -0.420093 -0.970449
v -0.887875 -0.882932 -0.290669
v -0.887869 -0.589252 -0.290668
v -1.015854 -0.722787 -0.420231
v -1.015854 -0.970405 -0.420198
v -0.295450 -0.883014 -0.883103
v -0.424979 -0.970405 -1.011077
v -0.425013 -0.722787 -1.011072
v -0.295449 -0.589252 -0.883088
v -0.727674 -1.010998 0.420112
v -0.975230 -1.010977 0.420078
v -0.887875 -0.882932 0.290549
v -0.594138 -0.883014 0.290548
v -0.425013 -1.010998 0.722772
v -0.295449 -0.883014 0.589237
v -0.295450 -0.883014 0.882984
v -0.424980 -1.010998 0.970329
v -0.887875 -0.882932 0.290549
v -1.015854 -0.970405 0.420078
v -1.015854 -0.722787 0.420111
v -0.887869 -0.589252 0.290548
v -1.015854 -0.970405 0.970329
v -1.015854 -0.420093 0.970329
v -1.015854 -0.420127 0.722772
v -1.015854 -0.509894 0.662573
v -1.015854 -0.591325 0.591310
v -1.015854 -0.662588 0.509879
v -1.015854 -0.722787 0.420111
v -1.015854 -0.970405 0.420078
v -0.889070 0.223826 -0.922563
v -0.926378 0.223825 -0.885254
v -0.887839 0.228054 -0.883103
v -0.887870 -0.328483 0.568966
v -1.015854 -0.420127 0.722772
v -0.887869 -0.290563 0.589237
v -0.887870 -0.399945 0.521218
v -1.015854 -0.509894 0.662573
v -0.887870 -0.464563 0.464548
v -1.015854 -0.591325 0.591310
v -1.015854 -0.662588 0.509879
v -0.887870 -0.521233 0.399930
v -1.015854 -0.722787 0.420111
v -0.887869 -0.568981 0.328468
v -0.887869 -0.589252 0.290548
v -0.419691 -1.008838 -0.718602
v -0.425013 -1.010998 -0.722892
v -0.418528 -1.008306 -0.718393
v -0.727674 -0.420127 1.010952
v -0.594138 -0.290563 0.882968
v -0.887875 -0.290561 0.882984
v -0.975230 -0.420093 1.010957
v -0.975230 -1.010977 0.420078
v -0.727674 -1.010998 0.420112
v -0.975230 -1.010983 0.970329
v -0.667474 -1.011008 0.509885
v -0.596196 -1.010988 0.591407
v -0.514781 -1.010998 0.662573
v -0.425013 -1.010998 0.722772
v -0.424980 -1.010998 0.970329
v -0.723174 -1.008306 -0.413747
v -0.727674 -1.010998 -0.420232
v -0.723384 -1.008838 -0.414909
v -0.887875 -0.290561 0.882984
v -0.887869 -0.290563 0.589237
v -1.015854 -0.420127 0.722772
v -1.015854 -0.420093 0.970329
v -0.975230 -1.010983 -0.970449
v -0.975230 -0.970405 -1.011082
v -0.424979 -0.970405 -1.011077
v -0.424979 -1.010998 -0.970449
v -0.927150 -0.739095 0.224107
v -0.927344 -0.884245 0.223815
v -0.887885 -0.883014 0.228043
v -0.887869 -0.703620 0.228043
v -0.927150 -0.739095 -0.224195
v -0.887869 -0.703620 -0.228130
v -0.887885 -0.883014 -0.228130
v -0.927344 -0.884245 -0.223902
v -0.887839 -0.228119 -0.883103
v -0.889070 -0.223891 -0.922563
v -0.743920 -0.224183 -0.922368
v -0.708444 -0.228119 -0.883088
v -0.887839 0.228054 0.882984
v -0.889070 0.223826 0.922443
v -0.743920 0.224118 0.922248
v -0.708445 0.228053 0.882968
v -0.313389 -0.480125 0.868183
v -0.241932 -0.519144 0.868183
v -0.241932 -0.519144 0.897667
v -0.313389 -0.480125 0.897667
v -0.378565 -0.431334 0.868183
v -0.378565 -0.431334 0.897667
v -0.436135 -0.373765 0.868182
v -0.436135 -0.373765 0.897667
v -0.484925 -0.308589 0.868182
v -0.484925 -0.308589 0.897667
v -0.523943 -0.237132 0.868182
v -0.523943 -0.237132 0.897667
v -0.552396 -0.160850 0.868182
v -0.552396 -0.160850 0.897667
v -0.569699 -0.081295 0.868182
v -0.569699 -0.081295 0.897667
v -0.575512 -0.000087 0.868182
v -0.575512 -0.000087 0.897667
v 0.368790 -0.431334 0.868183
v 0.426359 -0.373765 0.868183
v 0.426359 -0.373765 0.897667
v 0.368790 -0.431334 0.897667
v 0.303614 -0.480125 0.868183
v 0.303614 -0.480125 0.897667
v 0.232157 -0.519144 0.868183
v 0.232157 -0.519144 0.897667
v 0.155875 -0.547597 0.868183
v 0.155875 -0.547597 0.897667
v 0.076320 -0.564900 0.868183
v 0.076320 -0.564900 0.897667
v -0.004888 -0.570707 0.868183
v -0.004888 -0.570707 0.897667
v -0.086095 -0.564900 0.868183
v -0.086095 -0.564900 0.897667
v -0.165651 -0.547597 0.868183
v -0.165651 -0.547597 0.897667
v 0.514169 0.236957 0.868183
v 0.475150 0.308414 0.868183
v 0.475150 0.308414 0.897667
v 0.514169 0.236957 0.897667
v 0.542621 0.160675 0.868183
v 0.542621 0.160675 0.897667
v 0.559925 0.081121 0.868183
v 0.559925 0.081121 0.897667
v 0.565732 -0.000088 0.868183
v 0.565732 -0.000088 0.897667
v 0.559925 -0.081295 0.868183
v 0.559925 -0.081295 0.897667
v 0.542621 -0.160850 0.868183
v 0.542621 -0.160850 0.897667
v 0.514169 -0.237132 0.868183
v 0.514169 -0.237132 0.897667
v 0.475150 -0.308589 0.868183
v 0.475150 -0.308589 0.897667
v -0.086095 0.564724 0.868183
v -0.165651 0.547421 0.868183
v -0.165651 0.547421 0.897667
v -0.086095 0.564724 0.897667
v -0.004888 0.570536 0.868183
v -0.004888 0.570536 0.897667
v 0.076320 0.564724 0.868183
v 0.076320 0.564724 0.897667
v 0.155875 0.547421 0.868183
v 0.155875 0.547421 0.897667
v 0.232157 0.518968 0.868183
v 0.232157 0.518968 0.897667
v 0.303614 0.479950 0.868183
v 0.303614 0.479950 0.897667
v 0.368790 0.431160 0.868183
v 0.368790 0.431160 0.897667
v 0.426359 0.373590 0.868183
v 0.426359 0.373590 0.897667
v -0.569699 0.081121 0.868182
v -0.575512 -0.000087 0.868182
v -0.575512 -0.000087 0.897667
v -0.569699 0.081121 0.897667
v -0.552396 0.160675 0.868182
v -0.552396 0.160675 0.897667
v -0.523943 0.236957 0.868182
v -0.523943 0.236957 0.897667
v -0.484925 0.308414 0.868182
v -0.484925 0.308414 0.897667
v -0.436135 0.373590 0.868182
v -0.436135 0.373590 0.897667
v -0.378565 0.431160 0.868183
v -0.378565 0.431160 0.897667
v -0.313389 0.479950 0.868183
v -0.313389 0.479950 0.897667
v -0.241932 0.518968 0.868183
v -0.241932 0.518968 0.897667
v 0.176477 -0.689187 0.922208
v 0.219306 -0.739713 0.922208
v 0.223228 -0.700990 0.882938
v 0.165217 -0.634681 0.882938
v -0.232944 -0.700990 0.882938
v -0.229021 -0.739713 0.922208
v -0.186161 -0.689187 0.922208
v -0.174900 -0.634681 0.882938
v 0.415269 -0.722849 1.010952
v 0.285705 -0.589313 0.882968
v 0.285703 -0.883060 0.882973
v 0.415234 -0.970405 1.010952
v 0.285703 -0.883060 0.882973
v 0.285705 -0.883045 0.589237
v 0.415269 -1.011029 0.722772
v 0.415235 -1.011034 0.970329
v 0.878074 -0.290626 0.882973
v 0.584394 -0.290625 0.882968
v 0.717930 -0.420188 1.010952
v 0.965547 -0.420155 1.010952
v 0.878156 -0.228119 0.700913
v 0.878156 -0.170075 0.634605
v 0.917426 -0.181336 0.689110
v 0.917426 -0.224196 0.739637
v 0.698762 -0.228119 0.882968
v 0.734237 -0.224184 0.922249
v 0.684267 -0.181322 0.922249
v 0.629762 -0.170075 0.882968
v 0.878156 0.228053 0.882984
v 0.916696 0.223824 0.885134
v 0.917426 0.224131 0.739637
v 0.878156 0.228053 0.700913
v 0.965547 -0.970405 1.010952
v 1.006125 -0.970405 0.970329
v 1.006120 -0.420155 0.970329
v 0.965547 -0.420155 1.010952
v 0.729380 -0.837661 0.875072
v 0.728650 -0.830623 0.883627
v 0.016592 -0.830189 0.881957
v 0.008351 -0.837661 0.874255
v 0.878156 -0.228119 0.882984
v 0.878156 -0.228119 0.700913
v 0.917426 -0.224196 0.739637
v 0.916696 -0.223890 0.885134
v 0.135633 -0.880169 0.478440
v 0.202311 -0.880169 0.453570
v 0.211754 -0.884393 0.474250
v 0.142038 -0.884393 0.500253
v 0.069330 -0.884393 0.516069
v 0.066095 -0.880169 0.493567
v -0.975230 -0.420093 1.010957
v -0.887875 -0.290561 0.882984
v -1.015854 -0.420093 0.970329
v 0.016592 -0.882033 -0.830233
v 0.015235 -0.883826 -0.567135
v 0.007180 -0.872718 -0.568197
v 0.008351 -0.874332 -0.837704
v 0.016592 -0.882033 0.830113
v 0.008351 -0.874332 0.837585
v 0.007180 -0.872718 0.567878
v 0.015235 -0.883826 0.566821
v 0.825331 -0.882033 -0.021493
v 0.832803 -0.874332 -0.013253
v 0.563142 -0.872718 -0.012234
v 0.562080 -0.883826 -0.020289
v 1.006125 -0.970405 0.970329
v 0.965547 -1.011039 0.970329
v 0.965547 -1.011034 0.420078
v 1.006140 -0.970405 0.420078
v 0.879387 -0.000017 0.922443
v 0.879387 -0.223892 0.922443
v 0.916696 -0.223890 0.885134
v 0.916696 -0.000017 0.885134
v 0.916696 0.223824 0.885134
v 0.879387 0.223825 0.922443
v -0.975230 -1.010977 0.420078
v -1.015854 -0.970405 0.420078
v -0.887875 -0.882932 0.290549
v -0.886858 -0.830189 -0.021494
v -0.888528 -0.830623 -0.733551
v -0.879973 -0.837661 -0.734281
v -0.879156 -0.837661 -0.013253
v -0.835014 -0.882033 -0.021494
v -0.571875 -0.883826 -0.020289
v -0.572933 -0.872718 -0.012235
v -0.842486 -0.874331 -0.013253
v 0.415235 -1.011034 0.970329
v 0.965547 -1.011039 0.970329
v 0.965547 -0.970405 1.010952
v 0.415234 -0.970405 1.010952
v 0.415269 -1.011029 0.722772
v 0.285705 -0.883045 0.589237
v 0.323625 -0.883045 0.568966
v 0.395087 -0.883045 0.521218
v 0.505036 -1.011029 0.662573
v 0.459705 -0.883045 0.464548
v 0.586467 -1.011029 0.591310
v 0.657730 -1.011029 0.509879
v 0.516375 -0.883045 0.399930
v 0.717929 -1.011029 0.420111
v 0.564123 -0.883045 0.328468
v 0.584394 -0.883045 0.290548
v -0.424980 -0.970405 1.010957
v -0.424980 -1.010998 0.970329
v -0.295450 -0.883014 0.882984
v 0.717929 -1.011029 0.420111
v 0.584394 -0.883045 0.290548
v 0.878156 -0.883060 0.290549
v 0.965547 -1.011034 0.420078
v 1.006140 -0.420188 0.722772
v 0.878156 -0.290625 0.589237
v 0.878074 -0.290626 0.882973
v 1.006120 -0.420155 0.970329
v 0.564123 -0.328544 0.882968
v 0.717930 -0.420188 1.010952
v 0.584394 -0.290625 0.882968
v 0.516375 -0.400007 0.882968
v 0.657730 -0.509955 1.010952
v 0.459706 -0.464625 0.882968
v 0.586467 -0.591387 1.010952
v 0.505036 -0.662649 1.010952
v 0.395087 -0.521294 0.882968
v 0.415269 -0.722849 1.010952
v 0.323625 -0.569042 0.882968
v 0.285705 -0.589313 0.882968
v -0.425013 -1.010998 0.722772
v -0.333369 -0.883014 0.568966
v -0.295449 -0.883014 0.589237
v -0.404832 -0.883014 0.521218
v -0.514781 -1.010998 0.662573
v -0.469450 -0.883014 0.464548
v -0.596196 -1.010988 0.591407
v -0.667474 -1.011008 0.509885
v -0.526119 -0.883014 0.399930
v -0.727674 -1.010998 0.420112
v -0.573867 -0.883014 0.328468
v -0.594138 -0.883014 0.290548
v 1.006140 -0.722849 0.420112
v 1.006140 -0.970405 0.420078
v 0.878156 -0.883060 0.290549
v 0.878156 -0.589313 0.290548
v -0.879973 0.837628 -0.734281
v -0.879973 0.734205 -0.837705
v -0.888528 0.733475 -0.830667
v -0.888528 0.830590 -0.733551
v -0.281668 0.081183 0.884991
v -0.290416 0.040965 0.884991
v -0.124720 0.262309 0.884991
v -0.267285 0.119745 0.884991
v -0.247559 0.155868 0.884991
v -0.222895 0.188817 0.884991
v -0.193792 0.217920 0.884991
v -0.160844 0.242585 0.884991
v 0.184017 -0.218095 0.884991
v 0.213119 -0.188992 0.884991
v 0.151068 -0.242759 0.884991
v 0.114945 -0.262484 0.884991
v 0.076382 -0.276867 0.884991
v 0.036165 -0.285616 0.884991
v -0.004888 -0.288552 0.884991
v -0.045941 -0.285616 0.884991
v -0.086157 -0.276867 0.884991
v -0.124720 -0.262484 0.884991
v -0.160844 -0.242759 0.884991
v -0.193792 -0.218095 0.884991
v -0.222895 -0.188992 0.884991
v -0.247559 -0.156043 0.884991
v -0.267285 -0.119920 0.884991
v -0.281668 -0.081357 0.884991
v -0.290416 -0.041140 0.884991
v -0.293352 -0.000087 0.884991
v -0.045941 0.285441 0.884991
v -0.086157 0.276692 0.884991
v -0.004888 0.288377 0.884991
v 0.036165 0.285441 0.884991
v 0.076382 0.276692 0.884991
v 0.114945 0.262309 0.884991
v 0.151068 0.242585 0.884991
v 0.184017 0.217920 0.884991
v 0.213119 0.188817 0.884991
v 0.237784 0.155868 0.884991
v 0.257509 0.119745 0.884991
v 0.271892 0.081182 0.884991
v 0.280641 0.040965 0.884991
v 0.283577 -0.000087 0.884991
v 0.280641 -0.041140 0.884991
v 0.271892 -0.081357 0.884991
v 0.257509 -0.119920 0.884991
v 0.237784 -0.156043 0.884991
v -1.015854 -0.970405 0.970329
v -0.975230 -1.010983 0.970329
v -0.975230 -0.970405 1.010962
v 0.684267 0.181288 0.922249
v 0.734237 0.224118 0.922249
v 0.698762 0.228053 0.882968
v 0.629762 0.170042 0.882968
v 1.006125 -0.970405 0.970329
v 1.006140 -0.970405 0.420078
v 1.006140 -0.722849 0.420112
v 1.006140 -0.662649 0.509879
v 1.006130 -0.591484 0.591295
v 1.006150 -0.509962 0.662573
v 1.006140 -0.420188 0.722772
v 1.006120 -0.420155 0.970329
v -0.573867 -0.328483 0.882968
v -0.594138 -0.290563 0.882968
v -0.727674 -0.420127 1.010952
v -0.526119 -0.399945 0.882968
v -0.667474 -0.509894 1.010952
v -0.469450 -0.464563 0.882968
v -0.596211 -0.591325 1.010952
v -0.514780 -0.662588 1.010952
v -0.404831 -0.521233 0.882968
v -0.425013 -0.722787 1.010952
v -0.333369 -0.568981 0.882968
v -0.295449 -0.589252 0.882968
v 0.279743 -0.083663 0.877652
v 0.288740 -0.042305 0.877652
v 0.271892 -0.081357 0.884991
v 0.257509 -0.119920 0.884991
v 0.264952 -0.123319 0.877652
v 0.237784 -0.156043 0.884991
v 0.244668 -0.160467 0.877652
v 0.213119 -0.188992 0.884991
v 0.219303 -0.194350 0.877652
v 0.184017 -0.218095 0.884991
v 0.189375 -0.224278 0.877652
v 0.151068 -0.242759 0.884991
v 0.155492 -0.249643 0.877652
v 0.118344 -0.269927 0.877652
v 0.114945 -0.262484 0.884991
v 0.078688 -0.284718 0.877652
v 0.076382 -0.276867 0.884991
v 0.037330 -0.293715 0.877652
v 0.036165 -0.285616 0.884991
v -0.004888 -0.296735 0.877652
v -0.004888 -0.288552 0.884991
v -0.045941 -0.285616 0.884991
v -0.047105 -0.293715 0.877652
v -0.086157 -0.276867 0.884991
v -0.088463 -0.284718 0.877652
v -0.124720 -0.262484 0.884991
v -0.128120 -0.269927 0.877652
v -0.160844 -0.242759 0.884991
v -0.165267 -0.249643 0.877652
v -0.193792 -0.218095 0.884991
v -0.199150 -0.224278 0.877652
v -0.229079 -0.194350 0.877652
v -0.222895 -0.188992 0.884991
v -0.254443 -0.160467 0.877652
v -0.247559 -0.156043 0.884991
v -0.274727 -0.123319 0.877652
v -0.267285 -0.119920 0.884991
v -0.289519 -0.083662 0.877652
v -0.281668 -0.081357 0.884991
v -0.298516 -0.042305 0.877652
v -0.290416 -0.041140 0.884991
v -0.301535 -0.000087 0.877652
v -0.293352 -0.000087 0.884991
v -0.290416 0.040965 0.884991
v -0.298516 0.042130 0.877652
v -0.281668 0.081183 0.884991
v -0.289519 0.083488 0.877652
v -0.274727 0.123144 0.877652
v -0.267285 0.119745 0.884991
v -0.254443 0.160292 0.877652
v -0.247559 0.155868 0.884991
v -0.229079 0.194175 0.877652
v -0.222895 0.188817 0.884991
v -0.199150 0.224104 0.877652
v -0.193792 0.217920 0.884991
v -0.165267 0.249468 0.877652
v -0.160844 0.242585 0.884991
v -0.128120 0.269752 0.877652
v -0.124720 0.262309 0.884991
v -0.088463 0.284544 0.877652
v -0.086157 0.276692 0.884991
v -0.047105 0.293540 0.877652
v -0.045941 0.285441 0.884991
v -0.004888 0.296560 0.877652
v -0.004888 0.288377 0.884991
v 0.036165 0.285441 0.884991
v 0.037330 0.293540 0.877652
v 0.076382 0.276692 0.884991
v 0.078688 0.284544 0.877652
v 0.118344 0.269752 0.877652
v 0.114945 0.262309 0.884991
v 0.155492 0.249468 0.877652
v 0.151068 0.242585 0.884991
v 0.189375 0.224104 0.877652
v 0.184017 0.217920 0.884991
v 0.219303 0.194175 0.877652
v 0.213119 0.188817 0.884991
v 0.244668 0.160292 0.877652
v 0.237784 0.155868 0.884991
v 0.257509 0.119745 0.884991
v 0.264952 0.123144 0.877652
v 0.271892 0.081182 0.884991
v 0.279743 0.083488 0.877652
v 0.288740 0.042130 0.877652
v 0.280641 0.040965 0.884991
v 0.291759 -0.000087 0.877652
v 0.283577 -0.000087 0.884991
v 0.280641 -0.041140 0.884991
v 0.448813 -0.207286 0.880016
v 0.414708 -0.269745 0.880016
v 0.433833 -0.282036 0.884317
v 0.469493 -0.216730 0.884317
v 0.473683 -0.140609 0.880016
v 0.495496 -0.147014 0.884317
v 0.488810 -0.071071 0.880016
v 0.511313 -0.074306 0.884317
v -0.275797 -0.421033 0.879317
v -0.213136 -0.455249 0.879317
v -0.164917 -0.249764 0.879317
v -0.198817 -0.224388 0.879317
v -0.332950 -0.378249 0.879317
v -0.228760 -0.194445 0.879317
v -0.383433 -0.327766 0.879317
v -0.254137 -0.160545 0.879317
v -0.426217 -0.270613 0.879316
v -0.274431 -0.123379 0.879317
v -0.460432 -0.207952 0.879316
v -0.289229 -0.083703 0.879317
v -0.485382 -0.141060 0.879316
v -0.298230 -0.042325 0.879317
v -0.500558 -0.071299 0.879316
v -0.301251 -0.000087 0.879317
v -0.505651 -0.000087 0.879316
v -0.500558 0.071124 0.879316
v -0.298230 0.042150 0.879317
v -0.485382 0.140886 0.879316
v -0.289229 0.083528 0.879317
v -0.460432 0.207778 0.879316
v -0.274431 0.123204 0.879317
v -0.426217 0.270438 0.879316
v -0.254137 0.160370 0.879317
v -0.383433 0.327592 0.879317
v -0.228760 0.194270 0.879317
v -0.332950 0.378074 0.879317
v -0.198817 0.224213 0.879317
v -0.275797 0.420859 0.879317
v -0.164917 0.249590 0.879317
v -0.213136 0.455074 0.879317
v -0.127751 0.269884 0.879317
v -0.146244 0.480023 0.879317
v -0.088075 0.284682 0.879317
v -0.076483 0.495199 0.879317
v -0.046697 0.293683 0.879317
v -0.005271 0.500292 0.879317
v -0.004459 0.296704 0.879317
v 0.065940 0.495199 0.879317
v 0.037779 0.293683 0.879317
v 0.135703 0.480023 0.879317
v 0.079157 0.284682 0.879317
v 0.202594 0.455074 0.879317
v 0.118832 0.269884 0.879317
v 0.265255 0.420859 0.879317
v 0.155998 0.249590 0.879317
v 0.322408 0.378074 0.879317
v 0.189898 0.224213 0.879317
v 0.372891 0.327592 0.879317
v 0.219841 0.194270 0.879317
v 0.415676 0.270438 0.879317
v 0.245218 0.160370 0.879317
v 0.449890 0.207778 0.879317
v 0.265512 0.123204 0.879317
v 0.474840 0.140886 0.879317
v 0.280310 0.083528 0.879317
v 0.490015 0.071124 0.879317
v 0.289311 0.042150 0.879317
v 0.495109 -0.000088 0.879317
v 0.292333 -0.000087 0.879317
v 0.289311 -0.042325 0.879317
v 0.490015 -0.071299 0.879317
v 0.280310 -0.083703 0.879317
v 0.474840 -0.141061 0.879317
v 0.265512 -0.123379 0.879317
v 0.449890 -0.207953 0.879317
v 0.245218 -0.160545 0.879317
v 0.415676 -0.270613 0.879317
v 0.219841 -0.194445 0.879317
v 0.372891 -0.327766 0.879317
v 0.189898 -0.224388 0.879317
v 0.322408 -0.378249 0.879317
v 0.155998 -0.249765 0.879317
v 0.265255 -0.421033 0.879317
v 0.118832 -0.270059 0.879317
v 0.202594 -0.455249 0.879317
v 0.079157 -0.284857 0.879317
v 0.135703 -0.480198 0.879317
v 0.037779 -0.293858 0.879317
v 0.065940 -0.495374 0.879317
v -0.004459 -0.296879 0.879317
v -0.005271 -0.500467 0.879317
v -0.046697 -0.293858 0.879317
v -0.076483 -0.495374 0.879317
v -0.088075 -0.284857 0.879317
v -0.146244 -0.480198 0.879317
v -0.127751 -0.270059 0.879317
v -0.886858 -0.021450 0.830113
v -0.879156 -0.013209 0.837585
v -0.877542 -0.012146 0.568077
v -0.888651 -0.020201 0.567015
v -0.886858 -0.830189 0.021374
v -0.888651 -0.567050 0.020170
v -0.877542 -0.568107 0.012115
v -0.879156 -0.837661 0.013133
v 0.878156 0.228053 0.882984
v 0.698762 0.228053 0.882968
v 0.734237 0.224118 0.922249
v 0.879387 0.223825 0.922443
v -0.886858 0.830156 0.021374
v -0.879156 0.837628 0.013133
v -0.877542 0.567967 0.012115
v -0.888651 0.566905 0.020170
v -0.886858 0.021417 0.830113
v -0.888651 0.020060 0.567015
v -0.877542 0.012005 0.568077
v -0.879156 0.013176 0.837585
v 0.734237 -0.224184 0.922249
v 0.698762 -0.228119 0.882968
v 0.878156 -0.228119 0.882984
v 0.879387 -0.223892 0.922443
v 0.684267 -0.181322 0.922249
v 0.734237 -0.224184 0.922249
v 0.879387 -0.223892 0.922443
v 0.879387 -0.000017 0.922443
v 0.702398 -0.091320 0.922249
v 0.708834 -0.000017 0.922249
v 0.702398 0.091287 0.922249
v 0.684267 0.181288 0.922249
v 0.879387 0.223825 0.922443
v 0.734237 0.224118 0.922249
v -0.897183 -0.713691 -0.000060
v -0.927344 -0.884245 -0.000060
v -0.927150 -0.707256 0.091243
v 0.917426 0.181302 0.689110
v 0.917426 0.224131 0.739637
v 0.916696 0.223824 0.885134
v 0.916696 -0.000017 0.885134
v 0.917421 0.091291 0.707246
v 0.917421 -0.000017 0.713676
v 0.917421 -0.091325 0.707246
v 0.917426 -0.181336 0.689110
v 0.916696 -0.223890 0.885134
v 0.917426 -0.224196 0.739637
v -0.890035 -0.921554 0.223814
v -0.887885 -0.883014 0.228043
v -0.927344 -0.884245 0.223815
v 0.878156 0.170042 0.634605
v 0.917426 0.181302 0.689110
v 0.878156 0.085746 0.651372
v 0.917421 0.091291 0.707246
v 0.878156 0.025848 0.656148
v 0.917421 -0.000017 0.713676
v 0.878243 -0.000017 0.657021
v 0.878156 -0.025882 0.656148
v 0.917421 -0.091325 0.707246
v 0.878156 -0.085780 0.651372
v 0.917426 -0.181336 0.689110
v 0.878156 -0.170075 0.634605
v 0.646529 -0.085780 0.882968
v 0.629762 -0.170075 0.882968
v 0.684267 -0.181322 0.922249
v 0.702398 -0.091320 0.922249
v 0.651305 -0.025882 0.882968
v 0.708834 -0.000017 0.922249
v 0.652112 -0.000017 0.883055
v 0.651305 0.025848 0.882968
v 0.702398 0.091287 0.922249
v 0.646529 0.085746 0.882968
v 0.684267 0.181288 0.922249
v 0.629762 0.170042 0.882968
v 0.878156 -0.328544 0.568966
v 0.878156 -0.290625 0.589237
v 1.006140 -0.420188 0.722772
v 0.878156 -0.400007 0.521218
v 1.006150 -0.509962 0.662573
v 0.878156 -0.464625 0.464548
v 1.006130 -0.591484 0.591295
v 1.006140 -0.662649 0.509879
v 0.878156 -0.521294 0.399930
v 1.006140 -0.722849 0.420112
v 0.878156 -0.569042 0.328468
v 0.878156 -0.589313 0.290548
v -0.286836 0.438633 0.884317
v -0.221530 0.474294 0.884317
v -0.221530 0.474294 0.897667
v -0.286836 0.438633 0.897667
v -0.346403 0.394042 0.884317
v -0.346403 0.394042 0.897667
v -0.399018 0.341428 0.884317
v -0.399018 0.341428 0.897667
v -0.443609 0.281861 0.884317
v -0.443609 0.281861 0.897667
v -0.479268 0.216555 0.884317
v -0.479268 0.216555 0.897667
v -0.505271 0.146839 0.884317
v -0.505271 0.146839 0.897667
v -0.521088 0.074131 0.884317
v -0.521088 0.074131 0.897667
v -0.526395 -0.000087 0.884317
v -0.526395 -0.000087 0.897667
v 0.336628 0.394042 0.884317
v 0.389242 0.341428 0.884317
v 0.389242 0.341428 0.897667
v 0.336628 0.394042 0.897667
v 0.277061 0.438633 0.884317
v 0.277061 0.438633 0.897667
v 0.211754 0.474294 0.884317
v 0.211754 0.474294 0.897667
v 0.142038 0.500296 0.884317
v 0.142038 0.500296 0.897667
v 0.069331 0.516113 0.884317
v 0.069331 0.516113 0.897667
v -0.004888 0.521419 0.884317
v -0.004888 0.521419 0.897667
v -0.079106 0.516113 0.884317
v -0.079106 0.516113 0.897667
v -0.151814 0.500296 0.884317
v -0.151814 0.500296 0.897667
v 0.469493 -0.216730 0.884317
v 0.433833 -0.282036 0.884317
v 0.433833 -0.282036 0.897667
v 0.469493 -0.216730 0.897667
v 0.495496 -0.147014 0.884317
v 0.495496 -0.147014 0.897667
v 0.511313 -0.074306 0.884317
v 0.511313 -0.074306 0.897667
v 0.516620 -0.000088 0.884317
v 0.516620 -0.000088 0.897667
v 0.511313 0.074131 0.884317
v 0.511313 0.074131 0.897667
v 0.495496 0.146838 0.884317
v 0.495496 0.146838 0.897667
v 0.469493 0.216555 0.884317
v 0.469493 0.216555 0.897667
v 0.433833 0.281861 0.884317
v 0.433833 0.281861 0.897667
v -0.079106 -0.516289 0.884317
v -0.151814 -0.500471 0.884317
v -0.151814 -0.500471 0.897667
v -0.079106 -0.516289 0.897667
v -0.004888 -0.521595 0.884317
v -0.004888 -0.521595 0.897667
v 0.069331 -0.516289 0.884317
v 0.069331 -0.516289 0.897667
v 0.142038 -0.500471 0.884317
v 0.142038 -0.500471 0.897667
v 0.211754 -0.474468 0.884317
v 0.211754 -0.474468 0.897667
v 0.277061 -0.438808 0.884317
v 0.277061 -0.438808 0.897667
v 0.336628 -0.394217 0.884317
v 0.336628 -0.394217 0.897667
v 0.389242 -0.341603 0.884317
v 0.389242 -0.341603 0.897667
v -0.521088 -0.074306 0.884317
v -0.526395 -0.000087 0.884317
v -0.526395 -0.000087 0.897667
v -0.521088 -0.074306 0.897667
v -0.505271 -0.147013 0.884317
v -0.505271 -0.147013 0.897667
v -0.479268 -0.216730 0.884317
v -0.479268 -0.216730 0.897667
v -0.443609 -0.282036 0.884317
v -0.443609 -0.282036 0.897667
v -0.399018 -0.341603 0.884317
v -0.399018 -0.341603 0.897667
v -0.346403 -0.394217 0.884317
v -0.346403 -0.394217 0.897667
v -0.286836 -0.438808 0.884317
v -0.286836 -0.438808 0.897667
v -0.221530 -0.474468 0.884317
v -0.221530 -0.474468 0.897667
v 0.223228 -0.883060 0.882938
v 0.219001 -0.922519 0.884168
v 0.219293 -0.922325 0.739019
v 0.223228 -0.883045 0.703543
v -0.212086 0.453756 -0.880754
v -0.274545 0.419650 -0.880754
v -0.286836 0.438775 -0.884436
v -0.221530 0.474435 -0.884436
v -0.151814 0.500438 -0.884436
v -0.145409 0.478625 -0.880754
v -0.888651 -0.147501 0.550258
v -0.888651 -0.284884 0.493352
v -0.888651 -0.402858 0.402827
v -0.888651 -0.020201 0.567015
v -0.886858 -0.021450 0.830113
v -0.888528 -0.733508 0.830547
v -0.888528 -0.830623 0.733431
v -0.886858 -0.830189 0.021374
v -0.888651 -0.567050 0.020170
v -0.888651 -0.550288 0.147470
v -0.888651 -0.493382 0.284853
v -0.835448 -0.883703 -0.733551
v -0.842486 -0.875149 -0.734281
v -0.739063 -0.875149 -0.837705
v -0.738333 -0.883703 -0.830667
v 0.414708 -0.269603 -0.880754
v 0.448813 -0.207144 -0.880754
v 0.469493 -0.216588 -0.884436
v 0.433833 -0.281895 -0.884436
v -0.835014 -0.882033 0.021374
v -0.835448 -0.883703 0.733431
v -0.842486 -0.875149 0.734162
v -0.842486 -0.874331 0.013133
v -0.739063 -0.837661 -0.875192
v -0.842486 -0.734238 -0.875192
v -0.835448 -0.733508 -0.883747
v -0.738333 -0.830623 -0.883747
v 0.729380 -0.875149 -0.837704
v 0.728650 -0.883704 -0.830667
v 0.016592 -0.882033 -0.830233
v 0.008351 -0.874332 -0.837704
v -0.842486 0.734205 -0.875192
v -0.835448 0.733475 -0.883747
v -0.835014 0.021417 -0.882077
v -0.842486 0.013176 -0.874375
v 0.433833 -0.281895 -0.897787
v 0.469493 -0.216588 -0.897787
v 0.475150 -0.308447 -0.897787
v 0.389242 -0.341461 -0.897787
v 0.426359 -0.373623 -0.897787
v 0.336628 -0.394076 -0.897787
v 0.368790 -0.431193 -0.897787
v 0.303614 -0.479983 -0.897787
v 0.277061 -0.438666 -0.897787
v 0.232157 -0.519001 -0.897787
v 0.211755 -0.474327 -0.897787
v 0.142038 -0.500330 -0.897787
v 0.155875 -0.547454 -0.897787
v 0.076321 -0.564757 -0.897787
v 0.069331 -0.516146 -0.897787
v -0.004888 -0.521452 -0.897787
v -0.004888 -0.570569 -0.897787
v -0.086095 -0.564757 -0.897787
v -0.079106 -0.516146 -0.897787
v -0.151814 -0.500329 -0.897787
v -0.165650 -0.547454 -0.897787
v -0.241932 -0.519001 -0.897787
v -0.221530 -0.474327 -0.897787
v -0.286836 -0.438666 -0.897787
v -0.313389 -0.479983 -0.897787
v -0.378565 -0.431193 -0.897787
v -0.346403 -0.394076 -0.897787
v -0.436135 -0.373623 -0.897787
v -0.399018 -0.341461 -0.897787
v -0.443609 -0.281895 -0.897787
v -0.484925 -0.308447 -0.897787
v -0.479268 -0.216588 -0.897787
v -0.523943 -0.236991 -0.897787
v -0.505271 -0.146872 -0.897787
v -0.552396 -0.160708 -0.897787
v -0.569699 -0.081154 -0.897787
v -0.521088 -0.074164 -0.897787
v -0.526394 0.000054 -0.897787
v -0.575511 0.000054 -0.897787
v -0.569699 0.081262 -0.897787
v -0.521088 0.074273 -0.897787
v -0.505271 0.146981 -0.897787
v -0.552396 0.160817 -0.897787
v -0.523943 0.237099 -0.897787
v -0.479268 0.216697 -0.897787
v -0.443609 0.282003 -0.897787
v -0.484925 0.308556 -0.897787
v -0.436135 0.373732 -0.897787
v -0.399018 0.341570 -0.897787
v -0.346403 0.394184 -0.897787
v -0.378565 0.431301 -0.897787
v -0.286836 0.438775 -0.897787
v -0.313389 0.480092 -0.897787
v -0.221530 0.474435 -0.897787
v -0.241932 0.519111 -0.897787
v -0.151814 0.500438 -0.897787
v -0.165650 0.547564 -0.897787
v -0.086095 0.564867 -0.897787
v -0.079106 0.516256 -0.897787
v -0.004888 0.570674 -0.897787
v -0.004888 0.521562 -0.897787
v 0.069331 0.516256 -0.897787
v 0.076321 0.564867 -0.897787
v 0.142038 0.500438 -0.897787
v 0.155875 0.547563 -0.897787
v 0.232157 0.519111 -0.897787
v 0.211755 0.474435 -0.897787
v 0.303614 0.480092 -0.897787
v 0.277061 0.438775 -0.897787
v 0.368790 0.431301 -0.897787
v 0.336628 0.394184 -0.897787
v 0.426359 0.373732 -0.897787
v 0.389242 0.341570 -0.897787
v 0.475150 0.308556 -0.897787
v 0.433833 0.282003 -0.897787
v 0.469493 0.216697 -0.897787
v 0.514169 0.237099 -0.897787
v 0.495496 0.146980 -0.897787
v 0.542621 0.160817 -0.897787
v 0.559925 0.081262 -0.897787
v 0.511314 0.074273 -0.897787
v 0.565732 0.000054 -0.897787
v 0.516620 0.000054 -0.897787
v 0.511314 -0.074164 -0.897787
v 0.559925 -0.081154 -0.897787
v 0.495496 -0.146872 -0.897787
v 0.542621 -0.160708 -0.897787
v 0.514169 -0.236991 -0.897787
v -0.927344 -0.884245 0.223815
v -0.927150 -0.739095 0.224107
v -0.927150 -0.689125 0.181245
v -0.927344 -0.884245 -0.000060
v -0.927150 -0.707256 0.091243
v -0.927344 -0.884245 -0.223902
v -0.927150 -0.689125 -0.181365
v -0.927150 -0.739095 -0.224195
v -0.313389 0.480092 -0.868302
v -0.241932 0.519111 -0.868302
v -0.241932 0.519111 -0.897787
v -0.313389 0.480092 -0.897787
v -0.378565 0.431301 -0.868302
v -0.378565 0.431301 -0.897787
v -0.436135 0.373732 -0.868302
v -0.436135 0.373732 -0.897787
v -0.484925 0.308556 -0.868302
v -0.484925 0.308556 -0.897787
v -0.523943 0.237099 -0.868302
v -0.523943 0.237099 -0.897787
v -0.552396 0.160817 -0.868302
v -0.552396 0.160817 -0.897787
v -0.569699 0.081262 -0.868302
v -0.569699 0.081262 -0.897787
v -0.575511 0.000054 -0.868302
v -0.575511 0.000054 -0.897787
v 0.368790 0.431301 -0.868302
v 0.426359 0.373732 -0.868302
v 0.426359 0.373732 -0.897787
v 0.368790 0.431301 -0.897787
v 0.303614 0.480092 -0.868302
v 0.303614 0.480092 -0.897787
v 0.232157 0.519111 -0.868302
v 0.232157 0.519111 -0.897787
v 0.155875 0.547563 -0.868302
v 0.155875 0.547563 -0.897787
v 0.076321 0.564867 -0.868302
v 0.076321 0.564867 -0.897787
v -0.004888 0.570674 -0.868302
v -0.004888 0.570674 -0.897787
v -0.086095 0.564867 -0.868302
v -0.086095 0.564867 -0.897787
v -0.165650 0.547564 -0.868302
v -0.165650 0.547564 -0.897787
v 0.514169 -0.236991 -0.868302
v 0.475150 -0.308447 -0.868302
v 0.475150 -0.308447 -0.897787
v 0.514169 -0.236991 -0.897787
v 0.542621 -0.160708 -0.868302
v 0.542621 -0.160708 -0.897787
v 0.559925 -0.081154 -0.868302
v 0.559925 -0.081154 -0.897787
v 0.565732 0.000054 -0.868302
v 0.565732 0.000054 -0.897787
v 0.559925 0.081262 -0.868302
v 0.559925 0.081262 -0.897787
v 0.542621 0.160817 -0.868302
v 0.542621 0.160817 -0.897787
v 0.514169 0.237099 -0.868302
v 0.514169 0.237099 -0.897787
v 0.475150 0.308556 -0.868302
v 0.475150 0.308556 -0.897787
v -0.086095 -0.564757 -0.868302
v -0.165650 -0.547454 -0.868302
v -0.165650 -0.547454 -0.897787
v -0.086095 -0.564757 -0.897787
v -0.004888 -0.570569 -0.868302
v -0.004888 -0.570569 -0.897787
v 0.076321 -0.564757 -0.868302
v 0.076321 -0.564757 -0.897787
v 0.155875 -0.547454 -0.868302
v 0.155875 -0.547454 -0.897787
v 0.232157 -0.519001 -0.868302
v 0.232157 -0.519001 -0.897787
v 0.303614 -0.479983 -0.868302
v 0.303614 -0.479983 -0.897787
v 0.368790 -0.431193 -0.868302
v 0.368790 -0.431193 -0.897787
v 0.426359 -0.373623 -0.868302
v 0.426359 -0.373623 -0.897787
v -0.569699 -0.081154 -0.868302
v -0.575511 0.000054 -0.868302
v -0.575511 0.000054 -0.897787
v -0.569699 -0.081154 -0.897787
v -0.552396 -0.160708 -0.868302
v -0.552396 -0.160708 -0.897787
v -0.523943 -0.236991 -0.868302
v -0.523943 -0.236991 -0.897787
v -0.484925 -0.308447 -0.868302
v -0.484925 -0.308447 -0.897787
v -0.436135 -0.373623 -0.868302
v -0.436135 -0.373623 -0.897787
v -0.378565 -0.431193 -0.868302
v -0.378565 -0.431193 -0.897787
v -0.313389 -0.479983 -0.868302
v -0.313389 -0.479983 -0.897787
v -0.241932 -0.519001 -0.868302
v -0.241932 -0.519001 -0.897787
v 0.917426 -0.181335 -0.689230
v 0.878156 -0.170075 -0.634725
v 0.878156 -0.228087 -0.701033
v 0.917426 -0.224164 -0.739756
v 0.729381 0.837628 -0.875192
v 0.728650 0.830590 -0.883747
v 0.016593 0.830156 -0.882077
v 0.008352 0.837628 -0.874375
v 0.415269 -1.011029 -0.722892
v 0.285705 -0.883045 -0.589356
v 0.285703 -0.883060 -0.883093
v 0.415235 -1.011034 -0.970448
v 0.878156 0.228086 -0.701033
v 0.878156 0.170042 -0.634725
v 0.917426 0.181302 -0.689230
v 0.917426 0.224163 -0.739756
v 0.698762 0.228086 -0.883088
v 0.734237 0.224150 -0.922368
v 0.684267 0.181288 -0.922368
v 0.629762 0.170042 -0.883088
v 0.878156 -0.228087 -0.883103
v 0.916696 -0.223858 -0.885253
v 0.917426 -0.224164 -0.739756
v 0.878156 -0.228087 -0.701033
v 0.717930 -0.420188 -1.011072
v 0.584394 -0.290625 -0.883088
v 0.878075 -0.290626 -0.883093
v 0.965547 -0.420155 -1.011072
v 0.878156 -0.883060 -0.290668
v 1.006140 -0.970405 -0.420198
v 1.006140 -0.722849 -0.420231
v 0.878156 -0.589313 -0.290668
v 0.223229 -0.883045 -0.703663
v 0.165217 -0.883045 -0.634663
v 0.176463 -0.922325 -0.689169
v 0.219293 -0.922325 -0.739138
v 0.878156 0.228086 -0.883103
v 0.878156 0.228086 -0.701033
v 0.917426 0.224163 -0.739756
v 0.916696 0.223857 -0.885253
v -0.232944 -0.883060 -0.883057
v -0.232944 -0.700990 -0.883057
v -0.229021 -0.739713 -0.922327
v -0.228715 -0.885210 -0.921597
v 0.717929 -1.011029 -0.420231
v 0.965547 -1.011034 -0.420198
v 0.878156 -0.883060 -0.290668
v 0.584394 -0.883045 -0.290668
v 1.006140 -0.420188 -0.722892
v 1.006120 -0.420155 -0.970448
v 0.878075 -0.290626 -0.883093
v 0.878156 -0.290625 -0.589356
v 0.965547 -0.970405 -1.011072
v 0.965547 -1.011039 -0.970448
v 0.415235 -1.011034 -0.970448
v 0.415235 -0.970405 -1.011072
v 0.219306 -0.739713 -0.922327
v 0.223229 -0.700990 -0.883057
v 0.223229 -0.883060 -0.883057
v 0.219000 -0.885210 -0.921597
v -0.186146 -0.922325 -0.689169
v -0.174900 -0.883045 -0.634663
v -0.232944 -0.883045 -0.703663
v -0.229008 -0.922325 -0.739138
v -0.186161 -0.689187 -0.922327
v -0.229021 -0.739713 -0.922327
v -0.232944 -0.700990 -0.883057
v -0.174900 -0.634681 -0.883057
v 0.223229 -0.700990 -0.883057
v 0.219306 -0.739713 -0.922327
v 0.176477 -0.689187 -0.922327
v 0.165217 -0.634681 -0.883057
v 0.878156 -0.328544 -0.569085
v 1.006140 -0.420188 -0.722892
v 0.878156 -0.290625 -0.589356
v 0.878156 -0.400007 -0.521337
v 1.006150 -0.509962 -0.662692
v 0.878156 -0.464625 -0.464668
v 1.006130 -0.591484 -0.591415
v 1.006140 -0.662649 -0.509999
v 0.878156 -0.521294 -0.400050
v 1.006140 -0.722849 -0.420231
v 0.878156 -0.569042 -0.328587
v 0.878156 -0.589313 -0.290668
v -0.888651 -0.550288 -0.147391
v -0.888651 -0.493382 -0.284775
v -0.888651 -0.402858 -0.402749
v -0.888651 -0.567050 -0.020091
v -0.886858 -0.830189 -0.021494
v -0.888528 -0.830623 -0.733551
v -0.888528 -0.733508 -0.830667
v -0.886858 -0.021450 -0.830233
v -0.888651 -0.020201 -0.566940
v -0.888651 -0.147501 -0.550178
v -0.888651 -0.284884 -0.493273
v 1.006120 -0.420155 -0.970448
v 1.006125 -0.970405 -0.970448
v 0.965547 -0.970405 -1.011072
v 0.965547 -0.420155 -1.011072
v 0.879387 -0.000017 -0.922562
v 0.879387 0.223858 -0.922562
v 0.916696 0.223857 -0.885253
v 0.916696 -0.000017 -0.885253
v 0.916696 -0.223858 -0.885253
v 0.879387 -0.223859 -0.922562
v -0.927150 -0.689125 0.181245
v -0.887869 -0.634620 0.169999
v -0.887869 -0.651387 0.085703
v -0.927150 -0.707256 0.091243
v -0.887869 -0.656163 0.025805
v -0.897183 -0.713691 -0.000060
v -0.857989 -0.656970 -0.000060
v -0.857902 -0.656163 -0.025925
v -0.897183 -0.707256 -0.091363
v -0.857902 -0.651387 -0.085823
v -0.887869 -0.634620 -0.170118
v -0.927150 -0.689125 -0.181365
v -0.694012 -0.922284 -0.181379
v -0.639506 -0.883014 -0.170118
v -0.656273 -0.883014 -0.085823
v -0.712148 -0.922279 -0.091368
v -0.661049 -0.883014 -0.025925
v -0.718578 -0.922279 -0.000060
v -0.661922 -0.883101 -0.000060
v -0.661049 -0.883014 0.025805
v -0.712148 -0.922279 0.091248
v -0.656273 -0.883014 0.085703
v -0.694012 -0.922284 0.181259
v -0.639506 -0.883014 0.169999
v 0.223229 -0.883060 -0.883057
v 0.223229 -0.883045 -0.703663
v 0.219293 -0.922325 -0.739138
v 0.219001 -0.922519 -0.884288
v -0.424483 -0.269603 -0.880754
v -0.443609 -0.281895 -0.884436
v -0.479268 -0.216588 -0.884436
v -0.458589 -0.207144 -0.880754
v -0.458589 0.207253 -0.880754
v -0.479268 0.216697 -0.884436
v -0.443609 0.282003 -0.884436
v -0.424483 0.269712 -0.880754
v 1.006120 -0.420155 -0.970448
v 1.006140 -0.420188 -0.722892
v 1.006125 -0.970405 -0.970448
v 1.006150 -0.509962 -0.662692
v 1.006130 -0.591484 -0.591415
v 1.006140 -0.662649 -0.509999
v 1.006140 -0.722849 -0.420231
v 1.006140 -0.970405 -0.420198
v -0.926379 -0.223890 0.885134
v -0.887839 -0.228119 0.882984
v -0.889070 -0.223891 0.922443
v -0.886858 0.021417 -0.830233
v -0.879156 0.013176 -0.837705
v -0.877542 0.012005 -0.567998
v -0.888651 0.020060 -0.566940
v 0.285703 -0.883060 -0.883093
v 0.285705 -0.589313 -0.883088
v 0.415269 -0.722849 -1.011072
v 0.415235 -0.970405 -1.011072
v 0.684267 -0.181322 -0.922368
v 0.734237 -0.224151 -0.922368
v 0.698762 -0.228087 -0.883088
v 0.629762 -0.170075 -0.883088
v 0.564123 -0.883045 -0.328587
v 0.717929 -1.011029 -0.420231
v 0.584394 -0.883045 -0.290668
v 0.516375 -0.883045 -0.400050
v 0.657730 -1.011029 -0.509999
v 0.459706 -0.883045 -0.464668
v 0.586467 -1.011029 -0.591430
v 0.505036 -1.011029 -0.662692
v 0.395087 -0.883045 -0.521337
v 0.415269 -1.011029 -0.722892
v 0.323625 -0.883045 -0.569086
v 0.285705 -0.883045 -0.589356
v -0.926379 0.223825 0.885134
v -0.889070 0.223826 0.922443
v -0.887839 0.228054 0.882984
v -0.281668 -0.081216 -0.885110
v -0.290416 -0.040998 -0.885110
v -0.124720 -0.262342 -0.885110
v -0.267284 -0.119778 -0.885110
v -0.247559 -0.155901 -0.885110
v -0.222895 -0.188850 -0.885110
v -0.193792 -0.217953 -0.885110
v -0.160843 -0.242618 -0.885110
v 0.184017 0.218061 -0.885110
v 0.213119 0.188958 -0.885110
v 0.151068 0.242726 -0.885110
v 0.114945 0.262451 -0.885110
v 0.076382 0.276834 -0.885110
v 0.036165 0.285583 -0.885110
v -0.004888 0.288519 -0.885110
v -0.045940 0.285583 -0.885110
v -0.086157 0.276834 -0.885110
v -0.124720 0.262451 -0.885110
v -0.160843 0.242726 -0.885110
v -0.193792 0.218061 -0.885110
v -0.222895 0.188958 -0.885110
v -0.247559 0.156010 -0.885110
v -0.267284 0.119887 -0.885110
v -0.281668 0.081324 -0.885110
v -0.290416 0.041107 -0.885110
v -0.293352 0.000054 -0.885110
v -0.045940 -0.285474 -0.885110
v -0.086157 -0.276725 -0.885110
v -0.004888 -0.288410 -0.885110
v 0.036165 -0.285474 -0.885110
v 0.076382 -0.276726 -0.885110
v 0.114945 -0.262342 -0.885110
v 0.151068 -0.242618 -0.885110
v 0.184017 -0.217953 -0.885110
v 0.213119 -0.188850 -0.885110
v 0.237785 -0.155901 -0.885110
v 0.257509 -0.119778 -0.885110
v 0.271892 -0.081216 -0.885110
v 0.280641 -0.040999 -0.885110
v 0.283577 0.000054 -0.885110
v 0.280641 0.041107 -0.885110
v 0.271892 0.081324 -0.885110
v 0.257509 0.119887 -0.885110
v 0.237785 0.156010 -0.885110
v 0.142535 0.550102 0.883750
v 0.279919 0.493197 0.883750
v 0.397892 0.402672 0.883750
v 0.015235 0.566864 0.883750
v 0.016592 0.830156 0.881957
v 0.728650 0.830590 0.883627
v 0.825766 0.733474 0.883627
v 0.825331 0.021417 0.881957
v 0.562080 0.020015 0.883750
v 0.545323 0.147315 0.883750
v 0.488417 0.284698 0.883750
v -0.886858 0.830156 -0.021494
v -0.888651 0.566905 -0.020091
v -0.877542 0.567967 -0.012036
v -0.879156 0.837628 -0.013253
v 0.279743 0.083629 -0.879293
v 0.288740 0.042272 -0.879293
v 0.271892 0.081324 -0.885110
v 0.257509 0.119887 -0.885110
v 0.264952 0.123286 -0.879293
v 0.237785 0.156010 -0.885110
v 0.244668 0.160434 -0.879293
v 0.213119 0.188958 -0.885110
v 0.219303 0.194317 -0.879293
v 0.184017 0.218061 -0.885110
v 0.189375 0.224245 -0.879293
v 0.151068 0.242726 -0.885110
v 0.155492 0.249610 -0.879293
v 0.118344 0.269894 -0.879293
v 0.114945 0.262451 -0.885110
v 0.078688 0.284685 -0.879293
v 0.076382 0.276834 -0.885110
v 0.037330 0.293682 -0.879293
v 0.036165 0.285583 -0.885110
v -0.004888 0.296702 -0.879293
v -0.004888 0.288519 -0.885110
v -0.045940 0.285583 -0.885110
v -0.047105 0.293682 -0.879293
v -0.086157 0.276834 -0.885110
v -0.088463 0.284685 -0.879293
v -0.124720 0.262451 -0.885110
v -0.128119 0.269894 -0.879293
v -0.160843 0.242726 -0.885110
v -0.165267 0.249610 -0.879293
v -0.193792 0.218061 -0.885110
v -0.199150 0.224245 -0.879293
v -0.229079 0.194317 -0.879293
v -0.222895 0.188958 -0.885110
v -0.254443 0.160434 -0.879293
v -0.247559 0.156010 -0.885110
v -0.274727 0.123286 -0.879293
v -0.267284 0.119887 -0.885110
v -0.289519 0.083629 -0.879293
v -0.281668 0.081324 -0.885110
v -0.298516 0.042272 -0.879293
v -0.290416 0.041107 -0.885110
v -0.301535 0.000054 -0.879293
v -0.293352 0.000054 -0.885110
v -0.290416 -0.040998 -0.885110
v -0.298516 -0.042163 -0.879293
v -0.281668 -0.081216 -0.885110
v -0.289519 -0.083521 -0.879293
v -0.274727 -0.123177 -0.879293
v -0.267284 -0.119778 -0.885110
v -0.254443 -0.160325 -0.879293
v -0.247559 -0.155901 -0.885110
v -0.229079 -0.194208 -0.879293
v -0.222895 -0.188850 -0.885110
v -0.199150 -0.224137 -0.879293
v -0.193792 -0.217953 -0.885110
v -0.165267 -0.249501 -0.879293
v -0.160843 -0.242618 -0.885110
v -0.128119 -0.269786 -0.879293
v -0.124720 -0.262342 -0.885110
v -0.088463 -0.284577 -0.879293
v -0.086157 -0.276725 -0.885110
v -0.047105 -0.293573 -0.879293
v -0.045940 -0.285474 -0.885110
v -0.004888 -0.296593 -0.879293
v -0.004888 -0.288410 -0.885110
v 0.036165 -0.285474 -0.885110
v 0.037330 -0.293573 -0.879293
v 0.076382 -0.276726 -0.885110
v 0.078688 -0.284577 -0.879293
v 0.118344 -0.269786 -0.879293
v 0.114945 -0.262342 -0.885110
v 0.155492 -0.249502 -0.879293
v 0.151068 -0.242618 -0.885110
v 0.189375 -0.224137 -0.879293
v 0.184017 -0.217953 -0.885110
v 0.219303 -0.194208 -0.879293
v 0.213119 -0.188850 -0.885110
v 0.244668 -0.160325 -0.879293
v 0.237785 -0.155901 -0.885110
v 0.257509 -0.119778 -0.885110
v 0.264952 -0.123177 -0.879293
v 0.271892 -0.081216 -0.885110
v 0.279743 -0.083521 -0.879293
v 0.288740 -0.042163 -0.879293
v 0.280641 -0.040999 -0.885110
v 0.291760 0.000054 -0.879293
v 0.283577 0.000054 -0.885110
v 0.280641 0.041107 -0.885110
v -0.879973 0.837628 -0.734281
v -0.888528 0.830590 -0.733551
v -0.886858 0.830156 -0.021494
v -0.879156 0.837628 -0.013253
v -0.879973 0.734205 -0.837705
v -0.879156 0.013176 -0.837705
v -0.886858 0.021417 -0.830233
v -0.888528 0.733475 -0.830667
v -0.879973 0.837628 0.734162
v -0.879156 0.837628 0.013133
v -0.886858 0.830156 0.021374
v -0.888528 0.830590 0.733431
v 0.448813 0.207253 -0.880754
v 0.414708 0.269712 -0.880754
v 0.433833 0.282003 -0.884436
v 0.469493 0.216697 -0.884436
v 0.473683 0.140575 -0.880754
v 0.495496 0.146980 -0.884436
v 0.488810 0.071037 -0.880754
v 0.511314 0.074273 -0.884436
v 0.965547 -1.011034 -0.420198
v 0.965547 -1.011039 -0.970448
v 1.006125 -0.970405 -0.970448
v 1.006140 -0.970405 -0.420198
v -0.276249 0.421704 -0.879436
v -0.213484 0.455976 -0.879436
v -0.164917 0.249731 -0.879436
v -0.198817 0.224355 -0.879436
v -0.333498 0.378848 -0.879436
v -0.228759 0.194412 -0.879436
v -0.384064 0.328281 -0.879436
v -0.254137 0.160512 -0.879436
v -0.426921 0.271032 -0.879436
v -0.274430 0.123346 -0.879436
v -0.461193 0.208267 -0.879436
v -0.289229 0.083670 -0.879436
v -0.486184 0.141263 -0.879436
v -0.298230 0.042292 -0.879436
v -0.501385 0.071385 -0.879436
v -0.301251 0.000054 -0.879436
v -0.506487 0.000054 -0.879436
v -0.501385 -0.071276 -0.879436
v -0.298230 -0.042184 -0.879436
v -0.486184 -0.141154 -0.879436
v -0.289229 -0.083561 -0.879436
v -0.461193 -0.208158 -0.879436
v -0.274430 -0.123238 -0.879436
v -0.426921 -0.270923 -0.879436
v -0.254137 -0.160403 -0.879436
v -0.384064 -0.328172 -0.879436
v -0.228759 -0.194303 -0.879436
v -0.333498 -0.378739 -0.879436
v -0.198817 -0.224246 -0.879436
v -0.276249 -0.421596 -0.879436
v -0.164917 -0.249623 -0.879436
v -0.213484 -0.455868 -0.879436
v -0.127751 -0.269917 -0.879436
v -0.146480 -0.480859 -0.879436
v -0.088075 -0.284715 -0.879436
v -0.076601 -0.496060 -0.879436
v -0.046697 -0.293716 -0.879436
v -0.005271 -0.501162 -0.879436
v -0.004459 -0.296737 -0.879436
v 0.066060 -0.496060 -0.879436
v 0.037779 -0.293716 -0.879436
v 0.135938 -0.480859 -0.879436
v 0.079157 -0.284715 -0.879436
v 0.202942 -0.455868 -0.879436
v 0.118832 -0.269917 -0.879436
v 0.265707 -0.421596 -0.879436
v 0.155999 -0.249623 -0.879436
v 0.322956 -0.378739 -0.879436
v 0.189898 -0.224246 -0.879436
v 0.373523 -0.328173 -0.879436
v 0.219841 -0.194303 -0.879436
v 0.416379 -0.270924 -0.879436
v 0.245218 -0.160403 -0.879436
v 0.450651 -0.208158 -0.879436
v 0.265512 -0.123238 -0.879436
v 0.475643 -0.141155 -0.879436
v 0.280311 -0.083561 -0.879436
v 0.490843 -0.071276 -0.879436
v 0.289312 -0.042184 -0.879436
v 0.495945 0.000054 -0.879436
v 0.292333 0.000054 -0.879436
v 0.289312 0.042292 -0.879436
v 0.490843 0.071385 -0.879436
v 0.280311 0.083670 -0.879436
v 0.475643 0.141263 -0.879436
v 0.265512 0.123346 -0.879436
v 0.450651 0.208267 -0.879436
v 0.245218 0.160512 -0.879436
v 0.416379 0.271032 -0.879436
v 0.219841 0.194411 -0.879436
v 0.373523 0.328281 -0.879436
v 0.189898 0.224355 -0.879436
v 0.322956 0.378848 -0.879436
v 0.155999 0.249731 -0.879436
v 0.265707 0.421704 -0.879436
v 0.118832 0.270026 -0.879436
v 0.202942 0.455976 -0.879436
v 0.079157 0.284824 -0.879436
v 0.135938 0.480968 -0.879436
v 0.037779 0.293825 -0.879436
v 0.066060 0.496169 -0.879436
v -0.004459 0.296846 -0.879436
v -0.005271 0.501270 -0.879436
v -0.046697 0.293825 -0.879436
v -0.076601 0.496169 -0.879436
v -0.088075 0.284824 -0.879436
v -0.146480 0.480968 -0.879436
v -0.127751 0.270026 -0.879436
v 0.717929 -1.011029 -0.420231
v 0.965547 -1.011039 -0.970448
v 0.965547 -1.011034 -0.420198
v 0.657730 -1.011029 -0.509999
v 0.586467 -1.011029 -0.591430
v 0.505036 -1.011029 -0.662692
v 0.415269 -1.011029 -0.722892
v 0.415235 -1.011034 -0.970448
v 0.066095 -0.880169 0.493567
v 0.069330 -0.884393 0.516069
v -0.004888 -0.884393 0.521376
v -0.004888 -0.880169 0.498644
v -0.075871 -0.880169 0.493567
v -0.079106 -0.884393 0.516069
v 0.372061 -0.326573 -0.880754
v 0.414708 -0.269603 -0.880754
v 0.433833 -0.281895 -0.884436
v 0.389242 -0.341461 -0.884436
v 0.336628 -0.394076 -0.884436
v 0.321740 -0.376894 -0.880754
v 0.277061 -0.438666 -0.884436
v 0.264770 -0.419541 -0.880754
v -0.879974 -0.734238 0.837585
v -0.879156 -0.013209 0.837585
v -0.886858 -0.021450 0.830113
v -0.888528 -0.733508 0.830547
v 0.878156 -0.228087 -0.883103
v 0.698762 -0.228087 -0.883088
v 0.734237 -0.224151 -0.922368
v 0.879387 -0.223859 -0.922562
v -0.281668 -0.885067 0.081139
v -0.290417 -0.885067 0.040922
v -0.124720 -0.885067 0.262266
v -0.267285 -0.885067 0.119702
v -0.247560 -0.885067 0.155825
v -0.222895 -0.885067 0.188774
v -0.193792 -0.885067 0.217877
v -0.160844 -0.885067 0.242541
v 0.184017 -0.885067 -0.218138
v 0.213119 -0.885067 -0.189035
v 0.151068 -0.885067 -0.242803
v 0.114945 -0.885067 -0.262528
v 0.076382 -0.885067 -0.276911
v 0.036165 -0.885067 -0.285660
v -0.004888 -0.885067 -0.288595
v -0.045941 -0.885067 -0.285660
v -0.086158 -0.885067 -0.276911
v -0.124720 -0.885067 -0.262528
v -0.160844 -0.885067 -0.242803
v -0.193792 -0.885067 -0.218138
v -0.222895 -0.885067 -0.189035
v -0.247560 -0.885067 -0.156087
v -0.267285 -0.885067 -0.119963
v -0.281668 -0.885067 -0.081400
v -0.290417 -0.885067 -0.041184
v -0.293352 -0.885067 -0.000131
v -0.045941 -0.885067 0.285398
v -0.086158 -0.885067 0.276649
v -0.004888 -0.885067 0.288334
v 0.036165 -0.885067 0.285398
v 0.076382 -0.885067 0.276649
v 0.114945 -0.885067 0.262266
v 0.151068 -0.885067 0.242541
v 0.184017 -0.885067 0.217877
v 0.213119 -0.885067 0.188774
v 0.237784 -0.885067 0.155825
v 0.257509 -0.885067 0.119702
v 0.271892 -0.885067 0.081139
v 0.280641 -0.885067 0.040922
v 0.283577 -0.885067 -0.000131
v 0.280641 -0.885067 -0.041183
v 0.271892 -0.885067 -0.081400
v 0.257509 -0.885067 -0.119963
v 0.237784 -0.885067 -0.156087
v -0.381836 -0.880169 -0.326759
v -0.399018 -0.884393 -0.341646
v -0.346403 -0.884393 -0.394260
v -0.331516 -0.880169 -0.377079
v -0.286836 -0.884393 -0.438852
v -0.274546 -0.880169 -0.419726
v -0.212086 -0.880169 -0.453832
v -0.221530 -0.884393 -0.474512
v 0.874831 -0.140491 -0.478559
v 0.874831 -0.207169 -0.453690
v 0.879535 -0.216613 -0.474370
v 0.879535 -0.146896 -0.500373
v 0.877176 -0.021450 -0.830232
v 0.869474 -0.013210 -0.837704
v 0.867860 -0.012038 -0.567998
v 0.878968 -0.020093 -0.566940
v -0.886858 -0.830189 -0.021494
v -0.879156 -0.837661 -0.013253
v -0.877542 -0.568107 -0.012036
v -0.888651 -0.567050 -0.020091
v 0.877176 0.021417 -0.830232
v 0.869474 0.013176 -0.837704
v 0.870291 0.734205 -0.837704
v 0.878846 0.733474 -0.830667
v 0.877176 0.021417 -0.830232
v 0.878968 0.020168 -0.566940
v 0.867860 0.012113 -0.567998
v 0.869474 0.013176 -0.837704
v -0.693950 -0.181321 -0.922368
v -0.743920 -0.224183 -0.922368
v -0.889070 -0.223891 -0.922563
v -0.889070 -0.000016 -0.922563
v -0.712081 -0.091320 -0.922368
v -0.718516 -0.000016 -0.922368
v -0.712081 0.091287 -0.922368
v -0.693950 0.181288 -0.922368
v -0.889070 0.223826 -0.922563
v -0.743920 0.224118 -0.922368
v -0.145409 0.478483 0.880016
v -0.151814 0.500296 0.884317
v -0.221530 0.474294 0.884317
v -0.212086 0.453614 0.880016
v -0.286836 0.438633 0.884317
v -0.274546 0.419508 0.880016
v -0.879973 0.734205 0.837585
v -0.888528 0.733475 0.830547
v -0.886858 0.021417 0.830113
v -0.879156 0.013176 0.837585
v 0.874831 -0.376919 0.326639
v 0.874831 -0.326598 0.376960
v 0.879535 -0.341486 0.394141
v 0.879535 -0.394100 0.341527
v 0.874831 -0.419566 0.269669
v 0.879535 -0.438691 0.281960
v 0.874831 -0.269628 0.419607
v 0.874831 -0.207169 0.453712
v 0.879535 -0.216613 0.474392
v 0.879535 -0.281919 0.438732
v 0.874831 -0.326598 0.376960
v 0.879535 -0.341486 0.394141
v 0.877175 -0.021450 0.830113
v 0.878968 -0.020093 0.567015
v 0.867860 -0.012038 0.568077
v 0.869474 -0.013210 0.837585
v 0.877175 -0.830189 0.021374
v 0.869474 -0.837661 0.013133
v 0.867860 -0.568000 0.012115
v 0.878968 -0.566938 0.020170
v 0.877176 0.830156 0.021374
v 0.878968 0.567017 0.020170
v 0.867860 0.568074 0.012115
v 0.869474 0.837628 0.013133
v 0.877175 0.021417 0.830113
v 0.869474 0.013176 0.837585
v 0.867860 0.012113 0.568077
v 0.878968 0.020168 0.567015
v 0.878845 -0.830623 0.733431
v 0.878845 -0.733508 0.830547
v 0.870291 -0.734238 0.837585
v 0.870291 -0.837661 0.734162
v 0.878846 0.733474 0.830547
v 0.878846 0.830590 0.733431
v 0.870291 0.837628 0.734162
v 0.870291 0.734205 0.837585
v 0.877176 0.830156 -0.021493
v 0.878846 0.830590 -0.733551
v 0.870291 0.837628 -0.734281
v 0.869474 0.837628 -0.013253
v -0.887839 0.228054 -0.701033
v -0.927109 0.224131 -0.739757
v -0.927109 0.181302 -0.689230
v -0.887839 0.170042 -0.634725
v 0.870291 -0.734238 -0.837704
v 0.878845 -0.733508 -0.830667
v 0.878845 -0.830623 -0.733551
v 0.870291 -0.837661 -0.734281
v 0.874831 0.269687 0.419607
v 0.874831 0.326657 0.376960
v 0.879535 0.341545 0.394141
v 0.879535 0.281978 0.438732
v 0.874831 0.207228 0.453712
v 0.879535 0.216672 0.474392
v 0.874831 -0.419566 -0.269647
v 0.874831 -0.453671 -0.207187
v 0.879535 -0.474351 -0.216632
v 0.879535 -0.438691 -0.281938
v 0.874831 -0.376919 -0.326616
v 0.879535 -0.394100 -0.341504
v 0.874831 0.071013 -0.493686
v 0.874831 0.000030 -0.498763
v 0.879535 0.000030 -0.521496
v 0.879535 0.074248 -0.516189
v 0.874831 0.140551 -0.478559
v 0.879535 0.146956 -0.500373
v 0.877175 -0.830189 -0.021493
v 0.878968 -0.566938 -0.020091
v 0.867860 -0.568000 -0.012036
v 0.869474 -0.837661 -0.013253
v 0.870291 -0.837661 -0.734281
v 0.878845 -0.830623 -0.733551
v 0.877175 -0.830189 -0.021493
v 0.869474 -0.837661 -0.013253
v 0.870291 -0.734238 -0.837704
v 0.869474 -0.013210 -0.837704
v 0.877176 -0.021450 -0.830232
v 0.878845 -0.733508 -0.830667
v 0.870291 -0.837661 0.734162
v 0.869474 -0.837661 0.013133
v 0.877175 -0.830189 0.021374
v 0.878845 -0.830623 0.733431
v 0.870291 0.734205 0.837585
v 0.869474 0.013176 0.837585
v 0.877175 0.021417 0.830113
v 0.878846 0.733474 0.830547
v -0.693950 -0.181321 -0.922368
v -0.639445 -0.170075 -0.883088
v -0.708444 -0.228119 -0.883088
v -0.743920 -0.224183 -0.922368
v 0.684329 -0.922284 -0.181378
v 0.629823 -0.883014 -0.170118
v 0.696131 -0.883014 -0.228130
v 0.734855 -0.922284 -0.224207
v 0.473683 -0.880169 -0.140652
v 0.448813 -0.880169 -0.207329
v 0.469493 -0.884393 -0.216773
v 0.495496 -0.884393 -0.147057
v 0.488810 -0.880169 -0.071114
v 0.511313 -0.884393 -0.074349
v 0.516620 -0.884393 -0.000131
v 0.493886 -0.880169 -0.000131
v -0.274546 0.419508 0.880016
v -0.286836 0.438633 0.884317
v -0.346403 0.394042 0.884317
v -0.331516 0.376861 0.880016
v -0.399018 0.341428 0.884317
v -0.381836 0.326540 0.880016
v -0.927109 -0.181336 -0.689230
v -0.927109 -0.224196 -0.739757
v -0.887839 -0.228119 -0.701033
v -0.887839 -0.170075 -0.634725
v 0.696131 -0.883014 0.228043
v 0.629823 -0.883014 0.169999
v 0.684329 -0.922284 0.181259
v 0.734855 -0.922284 0.224120
v 0.878186 -0.703620 0.228043
v 0.917467 -0.739095 0.224107
v 0.917467 -0.689125 0.181245
v 0.878186 -0.634620 0.169999
v 0.878202 -0.883014 -0.228130
v 0.880352 -0.921554 -0.223901
v 0.734855 -0.922284 -0.224207
v 0.696131 -0.883014 -0.228130
v -0.927109 0.224131 -0.739757
v -0.887839 0.228054 -0.701033
v -0.887839 0.228054 -0.883103
v -0.926378 0.223825 -0.885254
v 0.878202 -0.883014 0.228043
v 0.696131 -0.883014 0.228043
v 0.734855 -0.922284 0.224120
v 0.880352 -0.921554 0.223814
v 0.877176 0.830156 -0.021493
v 0.869474 0.837628 -0.013253
v 0.867860 0.568074 -0.012036
v 0.878968 0.567017 -0.020091
v -0.888528 0.830590 0.733431
v -0.888528 0.733475 0.830547
v -0.879973 0.734205 0.837585
v -0.879973 0.837628 0.734162
v -0.879974 -0.837661 0.734162
v -0.888528 -0.830623 0.733431
v -0.886858 -0.830189 0.021374
v -0.879156 -0.837661 0.013133
v 0.870291 0.734205 -0.837704
v 0.870291 0.837628 -0.734281
v 0.878846 0.830590 -0.733551
v 0.878846 0.733474 -0.830667
v 0.870291 0.837628 0.734162
v 0.878846 0.830590 0.733431
v 0.877176 0.830156 0.021374
v 0.869474 0.837628 0.013133
v 0.892886 -0.438691 -0.281938
v 0.892886 -0.474351 -0.216632
v 0.892886 -0.480008 -0.308490
v 0.892886 -0.394100 -0.341504
v 0.892886 -0.431217 -0.373667
v 0.892886 -0.341486 -0.394119
v 0.892886 -0.373648 -0.431236
v 0.892886 -0.281919 -0.438710
v 0.892886 -0.308472 -0.480026
v 0.892886 -0.237015 -0.519044
v 0.892886 -0.216613 -0.474370
v 0.892886 -0.146896 -0.500373
v 0.892886 -0.160733 -0.547497
v 0.892886 -0.081179 -0.564800
v 0.892886 -0.074189 -0.516189
v 0.892886 0.000030 -0.521496
v 0.892886 0.000030 -0.570613
v 0.892886 0.081237 -0.564800
v 0.892886 0.074248 -0.516189
v 0.892886 0.146956 -0.500373
v 0.892886 0.160793 -0.547497
v 0.892886 0.237074 -0.519044
v 0.892886 0.216672 -0.474370
v 0.892886 0.281978 -0.438710
v 0.892886 0.308531 -0.480026
v 0.892886 0.373707 -0.431236
v 0.892886 0.341545 -0.394119
v 0.892886 0.431277 -0.373667
v 0.892886 0.394160 -0.341504
v 0.892886 0.480067 -0.308490
v 0.892886 0.438751 -0.281938
v 0.892886 0.519085 -0.237034
v 0.892886 0.474410 -0.216632
v 0.892886 0.500413 -0.146915
v 0.892886 0.547538 -0.160752
v 0.892886 0.564841 -0.081197
v 0.892886 0.516230 -0.074207
v 0.892886 0.521536 0.000011
v 0.892886 0.570653 0.000011
v 0.892886 0.564841 0.081219
v 0.892886 0.516230 0.074230
v 0.892886 0.500413 0.146937
v 0.892886 0.547538 0.160774
v 0.892886 0.519085 0.237056
v 0.892886 0.474410 0.216654
v 0.892886 0.438751 0.281960
v 0.892886 0.480067 0.308513
v 0.892886 0.394160 0.341527
v 0.892886 0.431277 0.373688
v 0.892886 0.341545 0.394141
v 0.892886 0.373707 0.431258
v 0.892886 0.281978 0.438732
v 0.892886 0.308531 0.480049
v 0.892886 0.216672 0.474392
v 0.892886 0.237074 0.519067
v 0.892886 0.146956 0.500395
v 0.892886 0.160793 0.547520
v 0.892886 0.081237 0.564824
v 0.892886 0.074248 0.516212
v 0.892886 0.000030 0.570631
v 0.892886 0.000030 0.521519
v 0.892886 -0.074189 0.516212
v 0.892886 -0.081179 0.564824
v 0.892886 -0.146896 0.500395
v 0.892886 -0.160733 0.547520
v 0.892886 -0.237015 0.519067
v 0.892886 -0.216613 0.474392
v 0.892886 -0.308472 0.480049
v 0.892886 -0.281919 0.438732
v 0.892886 -0.373648 0.431258
v 0.892886 -0.341486 0.394141
v 0.892886 -0.431217 0.373688
v 0.892886 -0.394100 0.341527
v 0.892886 -0.480008 0.308513
v 0.892886 -0.438691 0.281960
v 0.892886 -0.474351 0.216654
v 0.892886 -0.519027 0.237056
v 0.892886 -0.500354 0.146937
v 0.892886 -0.547479 0.160774
v 0.892886 -0.564783 0.081219
v 0.892886 -0.516172 0.074230
v 0.892886 -0.570590 0.000011
v 0.892886 -0.521478 0.000011
v 0.892886 -0.516172 -0.074207
v 0.892886 -0.564783 -0.081197
v 0.892886 -0.500354 -0.146915
v 0.892886 -0.547479 -0.160752
v 0.892886 -0.519027 -0.237034
v -0.381836 0.326540 0.880016
v -0.399018 0.341428 0.884317
v -0.443609 0.281861 0.884317
v -0.424483 0.269570 0.880016
v -0.479268 0.216555 0.884317
v -0.458589 0.207111 0.880016
v 0.917661 -0.884245 -0.000060
v 0.917661 -0.884245 0.223815
v 0.880352 -0.921554 0.223814
v 0.880352 -0.921554 -0.000060
v 0.880352 -0.921554 -0.223901
v 0.917661 -0.884245 -0.223902
v -0.228715 -0.885210 0.921477
v -0.228716 -0.922519 0.884168
v -0.004842 -0.922519 0.884168
v -0.004842 -0.885210 0.921477
v 0.218999 -0.885210 0.921477
v 0.219001 -0.922519 0.884168
v 0.863401 0.308531 0.480049
v 0.863401 0.237074 0.519067
v 0.892886 0.237074 0.519067
v 0.892886 0.308531 0.480049
v 0.863401 0.373707 0.431258
v 0.892886 0.373707 0.431258
v 0.863401 0.431277 0.373688
v 0.892886 0.431277 0.373688
v 0.863401 0.480067 0.308513
v 0.892886 0.480067 0.308513
v 0.863401 0.519085 0.237056
v 0.892886 0.519085 0.237056
v 0.863401 0.547538 0.160774
v 0.892886 0.547538 0.160774
v 0.863401 0.564841 0.081219
v 0.892886 0.564841 0.081219
v 0.863401 0.570654 0.000011
v 0.892886 0.570653 0.000011
v 0.863401 -0.373648 0.431258
v 0.863401 -0.431217 0.373688
v 0.892886 -0.431217 0.373688
v 0.892886 -0.373648 0.431258
v 0.863401 -0.308472 0.480049
v 0.892886 -0.308472 0.480049
v 0.863401 -0.237015 0.519067
v 0.892886 -0.237015 0.519067
v 0.863401 -0.160733 0.547520
v 0.892886 -0.160733 0.547520
v 0.863401 -0.081179 0.564824
v 0.892886 -0.081179 0.564824
v 0.863401 0.000030 0.570631
v 0.892886 0.000030 0.570631
v 0.863401 0.081237 0.564824
v 0.892886 0.081237 0.564824
v 0.863401 0.160793 0.547520
v 0.892886 0.160793 0.547520
v 0.863401 -0.519027 -0.237034
v 0.863401 -0.480008 -0.308490
v 0.892886 -0.480008 -0.308490
v 0.892886 -0.519027 -0.237034
v 0.863401 -0.547479 -0.160752
v 0.892886 -0.547479 -0.160752
v 0.863401 -0.564783 -0.081197
v 0.892886 -0.564783 -0.081197
v 0.863401 -0.570590 0.000011
v 0.892886 -0.570590 0.000011
v 0.863401 -0.564783 0.081219
v 0.892886 -0.564783 0.081219
v 0.863401 -0.547479 0.160774
v 0.892886 -0.547479 0.160774
v 0.863401 -0.519027 0.237056
v 0.892886 -0.519027 0.237056
v 0.863401 -0.480008 0.308513
v 0.892886 -0.480008 0.308513
v 0.863401 0.081237 -0.564800
v 0.863401 0.160793 -0.547497
v 0.892886 0.160793 -0.547497
v 0.892886 0.081237 -0.564800
v 0.863401 0.000030 -0.570613
v 0.892886 0.000030 -0.570613
v 0.863401 -0.081179 -0.564800
v 0.892886 -0.081179 -0.564800
v 0.863401 -0.160733 -0.547497
v 0.892886 -0.160733 -0.547497
v 0.863401 -0.237015 -0.519044
v 0.892886 -0.237015 -0.519044
v 0.863401 -0.308472 -0.480026
v 0.892886 -0.308472 -0.480026
v 0.863401 -0.373648 -0.431236
v 0.892886 -0.373648 -0.431236
v 0.863401 -0.431217 -0.373667
v 0.892886 -0.431217 -0.373667
v 0.863401 0.564841 -0.081197
v 0.863401 0.570654 0.000011
v 0.892886 0.570653 0.000011
v 0.892886 0.564841 -0.081197
v 0.863401 0.547538 -0.160752
v 0.892886 0.547538 -0.160752
v 0.863401 0.519085 -0.237034
v 0.892886 0.519085 -0.237034
v 0.863401 0.480067 -0.308490
v 0.892886 0.480067 -0.308490
v 0.863401 0.431277 -0.373667
v 0.892886 0.431277 -0.373667
v 0.863401 0.373707 -0.431236
v 0.892886 0.373707 -0.431236
v 0.863401 0.308531 -0.480026
v 0.892886 0.308531 -0.480026
v 0.863401 0.237074 -0.519044
v 0.892886 0.237074 -0.519044
v 0.870291 -0.734238 0.837585
v 0.878845 -0.733508 0.830547
v 0.877175 -0.021450 0.830113
v 0.869474 -0.013210 0.837585
v 0.874831 0.453731 0.207210
v 0.874831 0.478600 0.140532
v 0.879535 0.500413 0.146937
v 0.879535 0.474410 0.216654
v 0.879535 0.438751 0.281960
v 0.874831 0.419625 0.269669
v 0.965547 -0.970405 1.010952
v 0.965547 -1.011039 0.970329
v 1.006125 -0.970405 0.970329
v 0.917467 -0.689125 -0.181365
v 0.917467 -0.739095 -0.224195
v 0.878186 -0.703620 -0.228130
v 0.878186 -0.634620 -0.170118
v 0.874831 0.493727 0.070994
v 0.874831 0.498804 0.000011
v 0.879535 0.521537 0.000011
v 0.879535 0.516230 0.074230
v 0.874831 0.478600 0.140532
v 0.879535 0.500413 0.146937
v -0.887839 0.228054 -0.883103
v -0.708444 0.228053 -0.883088
v -0.743920 0.224118 -0.922368
v -0.889070 0.223826 -0.922563
v -0.727674 -0.420127 -1.011072
v -0.975230 -0.970405 -1.011082
v -0.975230 -0.420093 -1.011077
v -0.667474 -0.509894 -1.011072
v -0.596211 -0.591325 -1.011072
v -0.514780 -0.662588 -1.011072
v -0.425013 -0.722787 -1.011072
v -0.424979 -0.970405 -1.011077
v -0.458589 -0.207286 0.880016
v -0.479268 -0.216730 0.884317
v -0.443609 -0.282036 0.884317
v -0.424483 -0.269745 0.880016
v -0.399018 -0.341603 0.884317
v -0.381836 -0.326715 0.880016
v -0.498585 -0.071070 0.880016
v -0.521088 -0.074306 0.884317
v -0.505271 -0.147013 0.884317
v -0.483458 -0.140608 0.880016
v -0.458589 -0.207286 0.880016
v -0.479268 -0.216730 0.884317
v -0.887839 -0.228119 0.700913
v -0.927109 -0.224196 0.739637
v -0.927109 -0.181336 0.689110
v -0.887839 -0.170075 0.634605
v -0.927109 0.181302 0.689110
v -0.927109 0.224131 0.739637
v -0.887839 0.228054 0.700913
v -0.887839 0.170042 0.634605
v 0.880209 0.276810 -0.081259
v 0.880209 0.285558 -0.041042
v 0.880209 0.119862 -0.262385
v 0.880209 0.262426 -0.119822
v 0.880209 0.242701 -0.155945
v 0.880209 0.218037 -0.188893
v 0.880209 0.188934 -0.217996
v 0.880209 0.155986 -0.242661
v 0.880209 -0.188875 0.218018
v 0.880209 -0.217977 0.188915
v 0.880209 -0.155926 0.242683
v 0.880209 -0.119803 0.262408
v 0.880209 -0.081240 0.276791
v 0.880209 -0.041023 0.285540
v 0.880209 0.000030 0.288476
v 0.880209 0.041082 0.285540
v 0.880209 0.081299 0.276791
v 0.880209 0.119862 0.262408
v 0.880209 0.155986 0.242683
v 0.880209 0.188934 0.218018
v 0.880209 0.218037 0.188915
v 0.880209 0.242701 0.155967
v 0.880209 0.262426 0.119843
v 0.880209 0.276810 0.081281
v 0.880209 0.285558 0.041064
v 0.880209 0.288494 0.000011
v 0.880209 0.041082 -0.285517
v 0.880209 0.081299 -0.276769
v 0.880209 0.000030 -0.288454
v 0.880209 -0.041023 -0.285517
v 0.880209 -0.081240 -0.276769
v 0.880209 -0.119803 -0.262385
v 0.880209 -0.155926 -0.242661
v 0.880209 -0.188875 -0.217996
v 0.880209 -0.217977 -0.188893
v 0.880209 -0.242642 -0.155945
v 0.880209 -0.262367 -0.119822
v 0.880209 -0.276750 -0.081259
v 0.880209 -0.285499 -0.041042
v 0.880209 -0.288435 0.000011
v 0.880209 -0.285499 0.041064
v 0.880209 -0.276750 0.081281
v 0.880209 -0.262367 0.119843
v 0.880209 -0.242642 0.155967
v -0.498585 0.070895 0.880016
v -0.521088 0.074131 0.884317
v -0.526395 -0.000087 0.884317
v -0.503662 -0.000087 0.880016
v -0.498585 -0.071070 0.880016
v -0.521088 -0.074306 0.884317
v -1.015854 -0.970405 -0.970449
v -0.975230 -1.010983 -0.970449
v -0.975230 -1.010977 -0.420198
v -1.015854 -0.970405 -0.420198
v -1.015854 -0.970405 -0.970449
v -1.015854 -0.970405 -0.420198
v -1.015854 -0.722787 -0.420231
v -1.015854 -0.662588 -0.509999
v -1.015854 -0.591325 -0.591430
v -1.015854 -0.509894 -0.662692
v -1.015854 -0.420127 -0.722892
v -1.015853 -0.420093 -0.970449
v -0.458589 0.207111 0.880016
v -0.479268 0.216555 0.884317
v -0.505271 0.146839 0.884317
v -0.483458 0.140433 0.880016
v -0.498585 0.070895 0.880016
v -0.521088 0.074131 0.884317
v 0.874831 -0.493668 0.070994
v 0.879535 -0.516172 0.074230
v 0.879535 -0.521478 0.000011
v 0.874831 -0.498744 0.000011
v 0.873565 -0.284601 0.083586
v 0.873565 -0.293598 0.042228
v 0.880209 -0.276750 0.081281
v 0.880209 -0.262367 0.119843
v 0.873565 -0.269810 0.123243
v 0.880209 -0.242642 0.155967
v 0.873565 -0.249526 0.160391
v 0.880209 -0.217977 0.188915
v 0.873565 -0.224161 0.194274
v 0.880209 -0.188875 0.218018
v 0.873565 -0.194233 0.224202
v 0.880209 -0.155926 0.242683
v 0.873565 -0.160350 0.249567
v 0.880209 -0.119803 0.262408
v 0.873565 -0.123202 0.269851
v 0.880209 -0.081240 0.276791
v 0.873565 -0.083546 0.284642
v 0.873565 -0.042188 0.293639
v 0.880209 -0.041023 0.285540
v 0.873565 0.000030 0.296658
v 0.880209 0.000030 0.288476
v 0.880209 0.041082 0.285540
v 0.873565 0.042247 0.293639
v 0.880209 0.081299 0.276791
v 0.873565 0.083605 0.284642
v 0.880209 0.119862 0.262408
v 0.873565 0.123261 0.269851
v 0.880209 0.155986 0.242683
v 0.873565 0.160409 0.249567
v 0.880209 0.188934 0.218018
v 0.873565 0.194292 0.224202
v 0.873565 0.224221 0.194274
v 0.880209 0.218037 0.188915
v 0.873565 0.249585 0.160391
v 0.880209 0.242701 0.155967
v 0.873565 0.269869 0.123243
v 0.880209 0.262426 0.119843
v 0.873565 0.284661 0.083586
v 0.880209 0.276810 0.081281
v 0.873565 0.293658 0.042228
v 0.880209 0.285558 0.041064
v 0.873565 0.296677 0.000011
v 0.880209 0.288494 0.000011
v 0.880209 0.285558 -0.041042
v 0.873565 0.293658 -0.042206
v 0.880209 0.276810 -0.081259
v 0.873565 0.284661 -0.083564
v 0.873565 0.269869 -0.123220
v 0.880209 0.262426 -0.119822
v 0.873565 0.249585 -0.160369
v 0.880209 0.242701 -0.155945
v 0.873565 0.224221 -0.194251
v 0.880209 0.218037 -0.188893
v 0.873565 0.194292 -0.224180
v 0.880209 0.188934 -0.217996
v 0.873565 0.160409 -0.249545
v 0.880209 0.155986 -0.242661
v 0.873565 0.123261 -0.269829
v 0.880209 0.119862 -0.262385
v 0.873565 0.083605 -0.284620
v 0.880209 0.081299 -0.276769
v 0.873565 0.042247 -0.293617
v 0.880209 0.041082 -0.285517
v 0.873565 0.000030 -0.296636
v 0.880209 0.000030 -0.288454
v 0.880209 -0.041023 -0.285517
v 0.873565 -0.042188 -0.293617
v 0.880209 -0.081240 -0.276769
v 0.873565 -0.083546 -0.284620
v 0.873565 -0.123202 -0.269829
v 0.880209 -0.119803 -0.262385
v 0.873565 -0.160350 -0.249545
v 0.880209 -0.155926 -0.242661
v 0.873565 -0.194233 -0.224180
v 0.880209 -0.188875 -0.217996
v 0.873565 -0.224161 -0.194251
v 0.880209 -0.217977 -0.188893
v 0.873565 -0.249526 -0.160369
v 0.880209 -0.242642 -0.155945
v 0.880209 -0.262367 -0.119822
v 0.873565 -0.269810 -0.123220
v 0.880209 -0.276750 -0.081259
v 0.873565 -0.284601 -0.083564
v 0.873565 -0.293598 -0.042206
v 0.880209 -0.285499 -0.041042
v 0.873565 -0.296618 0.000011
v 0.880209 -0.288435 0.000011
v 0.880209 -0.285499 0.041064
v -0.526119 -0.883014 -0.400050
v -0.573867 -0.883014 -0.328588
v -0.723384 -1.008838 -0.414909
v -0.723174 -1.008306 -0.413747
v -0.594138 -0.883014 -0.290668
v -0.418528 -1.008306 -0.718393
v -0.295449 -0.883014 -0.589356
v -0.333369 -0.883014 -0.569086
v -0.419691 -1.008838 -0.718602
v -0.404831 -0.883014 -0.521337
v -0.514781 -1.010998 -0.662692
v -0.469450 -0.883014 -0.464668
v -0.596196 -1.010988 -0.591527
v -0.667474 -1.011008 -0.510005
v -0.727674 -1.010998 -0.420232
v -0.425013 -1.010998 -0.722892
v 0.878202 -0.883014 -0.228130
v 0.878186 -0.703620 -0.228130
v 0.917467 -0.739095 -0.224195
v 0.917661 -0.884245 -0.223902
v 0.874831 -0.453671 0.207210
v 0.874831 -0.419566 0.269669
v 0.879535 -0.438691 0.281960
v 0.879535 -0.474351 0.216654
v 0.874831 -0.478541 0.140532
v 0.879535 -0.500354 0.146937
v 0.874831 -0.493668 0.070994
v 0.879535 -0.516172 0.074230
v -0.573867 -0.328483 -0.883088
v -0.727674 -0.420127 -1.011072
v -0.594138 -0.290563 -0.883088
v -0.526119 -0.399945 -0.883088
v -0.667474 -0.509894 -1.011072
v -0.469450 -0.464563 -0.883088
v -0.596211 -0.591325 -1.011072
v -0.514780 -0.662588 -1.011072
v -0.404831 -0.521233 -0.883088
v -0.425013 -0.722787 -1.011072
v -0.333369 -0.568981 -0.883088
v -0.295449 -0.589252 -0.883088
v -0.888651 0.550148 0.147470
v -0.888651 0.493242 0.284853
v -0.888651 0.402717 0.402827
v -0.888651 0.566905 0.020170
v -0.886858 0.830156 0.021374
v -0.888528 0.830590 0.733431
v -0.888528 0.733475 0.830547
v -0.886858 0.021417 0.830113
v -0.888651 0.020060 0.567015
v -0.888651 0.147360 0.550258
v -0.888651 0.284744 0.493352
v 0.917467 -0.739095 0.224107
v 0.878186 -0.703620 0.228043
v 0.878202 -0.883014 0.228043
v 0.917661 -0.884245 0.223815
v 0.874535 0.271111 0.421225
v 0.874535 0.208410 0.455462
v 0.874535 0.160059 0.249688
v 0.874535 0.193959 0.224311
v 0.874535 0.328300 0.378414
v 0.874535 0.223901 0.194368
v 0.874535 0.378815 0.327898
v 0.874535 0.249279 0.160469
v 0.874535 0.421627 0.270709
v 0.874535 0.269573 0.123303
v 0.874535 0.455864 0.208008
v 0.874535 0.284371 0.083627
v 0.874535 0.480829 0.141074
v 0.874535 0.293372 0.042249
v 0.874535 0.496015 0.071268
v 0.874535 0.296393 0.000011
v 0.874535 0.501111 0.000011
v 0.874535 0.496015 -0.071246
v 0.874535 0.293372 -0.042227
v 0.874535 0.480829 -0.141052
v 0.874535 0.284371 -0.083605
v 0.874535 0.455864 -0.207986
v 0.874535 0.269573 -0.123281
v 0.874535 0.421627 -0.270687
v 0.874535 0.249279 -0.160447
v 0.874535 0.378815 -0.327876
v 0.874535 0.223901 -0.194346
v 0.874535 0.328300 -0.378391
v 0.874535 0.193959 -0.224289
v 0.874535 0.271111 -0.421203
v 0.874535 0.160059 -0.249666
v 0.874535 0.208410 -0.455440
v 0.874535 0.122893 -0.269960
v 0.874535 0.141476 -0.480405
v 0.874535 0.083217 -0.284759
v 0.874535 0.071669 -0.495591
v 0.874535 0.041839 -0.293760
v 0.874535 0.000413 -0.500687
v 0.874535 -0.000399 -0.296781
v 0.874535 -0.070844 -0.495591
v 0.874535 -0.042636 -0.293760
v 0.874535 -0.140650 -0.480405
v 0.874535 -0.084015 -0.284759
v 0.874535 -0.207585 -0.455440
v 0.874535 -0.123690 -0.269960
v 0.874535 -0.270285 -0.421203
v 0.874535 -0.160857 -0.249666
v 0.874535 -0.327475 -0.378391
v 0.874535 -0.194756 -0.224289
v 0.874535 -0.377990 -0.327876
v 0.874535 -0.224699 -0.194346
v 0.874535 -0.420801 -0.270687
v 0.874535 -0.250076 -0.160447
v 0.874535 -0.455038 -0.207986
v 0.874535 -0.270370 -0.123281
v 0.874535 -0.480004 -0.141052
v 0.874535 -0.285168 -0.083605
v 0.874535 -0.495189 -0.071246
v 0.874535 -0.294170 -0.042227
v 0.874535 -0.500285 0.000011
v 0.874535 -0.297191 0.000011
v 0.874535 -0.294170 0.042249
v 0.874535 -0.495189 0.071268
v 0.874535 -0.285168 0.083627
v 0.874535 -0.480004 0.141074
v 0.874535 -0.270370 0.123303
v 0.874535 -0.455038 0.208008
v 0.874535 -0.250076 0.160469
v 0.874535 -0.420801 0.270709
v 0.874535 -0.224699 0.194368
v 0.874535 -0.377990 0.327898
v 0.874535 -0.194756 0.224311
v 0.874535 -0.327475 0.378414
v 0.874535 -0.160857 0.249688
v 0.874535 -0.270285 0.421225
v 0.874535 -0.123690 0.269983
v 0.874535 -0.207585 0.455462
v 0.874535 -0.084015 0.284781
v 0.874535 -0.140650 0.480428
v 0.874535 -0.042636 0.293782
v 0.874535 -0.070844 0.495613
v 0.874535 -0.000399 0.296803
v 0.874535 0.000413 0.500709
v 0.874535 0.041839 0.293782
v 0.874535 0.071669 0.495613
v 0.874535 0.083217 0.284781
v 0.874535 0.141476 0.480428
v 0.874535 0.122893 0.269983
v 0.874831 -0.326598 -0.376937
v 0.874831 -0.376919 -0.326616
v 0.879535 -0.394100 -0.341504
v 0.879535 -0.341486 -0.394119
v 0.879535 -0.281919 -0.438710
v 0.874831 -0.269628 -0.419584
v 0.874831 -0.207169 -0.453690
v 0.879535 -0.216613 -0.474370
v 0.917467 -0.689125 0.181245
v 0.917467 -0.739095 0.224107
v 0.917661 -0.884245 0.223815
v 0.917661 -0.884245 -0.000060
v 0.917467 -0.707256 0.091244
v 0.917467 -0.713692 -0.000060
v 0.917467 -0.707256 -0.091363
v 0.917467 -0.689125 -0.181365
v 0.917661 -0.884245 -0.223902
v 0.917467 -0.739095 -0.224195
v 0.285703 -0.883060 0.882973
v 0.415235 -1.011034 0.970329
v 0.415234 -0.970405 1.010952
v 0.684329 -0.922284 -0.181378
v 0.734855 -0.922284 -0.224207
v 0.880352 -0.921554 -0.223901
v 0.880352 -0.921554 -0.000060
v 0.702465 -0.922279 -0.091368
v 0.708895 -0.922279 -0.000060
v 0.702465 -0.922279 0.091248
v 0.684329 -0.922284 0.181259
v 0.880352 -0.921554 0.223814
v 0.734855 -0.922284 0.224120
v 0.965547 -0.420155 1.010952
v 1.006120 -0.420155 0.970329
v 0.878074 -0.290626 0.882973
v 0.629823 -0.883014 -0.170118
v 0.684329 -0.922284 -0.181378
v 0.646591 -0.883014 -0.085823
v 0.702465 -0.922279 -0.091368
v 0.651366 -0.883014 -0.025925
v 0.708895 -0.922279 -0.000060
v 0.652239 -0.883101 -0.000060
v 0.651366 -0.883014 0.025805
v 0.702465 -0.922279 0.091248
v 0.646591 -0.883014 0.085703
v 0.684329 -0.922284 0.181259
v 0.629823 -0.883014 0.169999
v 0.878186 -0.651388 0.085703
v 0.878186 -0.634620 0.169999
v 0.917467 -0.689125 0.181245
v 0.917467 -0.707256 0.091244
v 0.878186 -0.656163 0.025805
v 0.917467 -0.713692 -0.000060
v 0.878273 -0.656970 -0.000060
v 0.878186 -0.656163 -0.025925
v 0.917467 -0.707256 -0.091363
v 0.878186 -0.651388 -0.085823
v 0.917467 -0.689125 -0.181365
v 0.878186 -0.634620 -0.170118
v -0.927150 -0.689125 -0.181365
v -0.887869 -0.634620 -0.170118
v -0.887869 -0.703620 -0.228130
v -0.927150 -0.739095 -0.224195
v -0.744538 -0.922284 0.224120
v -0.705814 -0.883014 0.228043
v -0.887885 -0.883014 0.228043
v -0.890035 -0.921554 0.223814
v -0.887885 -0.883014 -0.228130
v -0.705814 -0.883014 -0.228130
v -0.744538 -0.922284 -0.224207
v -0.890035 -0.921554 -0.223901
v -0.887869 -0.703620 0.228043
v -0.887869 -0.634620 0.169999
v -0.927150 -0.689125 0.181245
v -0.927150 -0.739095 0.224107
v -0.705814 -0.883014 0.228043
v -0.744538 -0.922284 0.224120
v -0.694012 -0.922284 0.181259
v -0.639506 -0.883014 0.169999
v 0.874831 -0.493668 -0.070972
v 0.874831 -0.498744 0.000011
v 0.879535 -0.521478 0.000011
v 0.879535 -0.516172 -0.074207
v 0.879535 -0.500354 -0.146915
v 0.874831 -0.478541 -0.140510
v 0.874831 -0.453671 -0.207187
v 0.879535 -0.474351 -0.216632
v 0.155492 0.879084 0.249566
v 0.189375 0.879084 0.224202
v 0.151068 0.885034 0.242683
v 0.118344 0.879084 0.269851
v 0.114945 0.885034 0.262408
v 0.078688 0.879084 0.284642
v 0.076382 0.885034 0.276791
v 0.037330 0.879084 0.293639
v 0.036165 0.885034 0.285540
v -0.004887 0.879084 0.296658
v -0.004887 0.885034 0.288475
v -0.045940 0.885034 0.285540
v -0.047105 0.879084 0.293639
v -0.088269 0.879222 0.284711
v -0.086157 0.885034 0.276791
v -0.127935 0.879222 0.269917
v -0.124720 0.885034 0.262408
v -0.165092 0.879222 0.249627
v -0.160843 0.885034 0.242683
v -0.198983 0.879222 0.224257
v -0.193792 0.885034 0.218018
v -0.228919 0.879222 0.194321
v -0.222895 0.885034 0.188915
v -0.254290 0.879222 0.160430
v -0.247559 0.885034 0.155967
v -0.274579 0.879222 0.123273
v -0.267284 0.885034 0.119843
v -0.289373 0.879222 0.083607
v -0.281667 0.885034 0.081281
v -0.298373 0.879222 0.042239
v -0.290416 0.885034 0.041064
v -0.301393 0.879222 0.000011
v -0.293352 0.885034 0.000011
v -0.290416 0.885034 -0.041042
v -0.298373 0.879222 -0.042217
v -0.281667 0.885034 -0.081259
v -0.289373 0.879222 -0.083585
v -0.267284 0.885034 -0.119822
v -0.274579 0.879222 -0.123251
v -0.247559 0.885034 -0.155945
v -0.254290 0.879222 -0.160408
v -0.222895 0.885034 -0.188893
v -0.228919 0.879222 -0.194299
v -0.193792 0.885034 -0.217996
v -0.198983 0.879222 -0.224235
v -0.160843 0.885034 -0.242661
v -0.165092 0.879222 -0.249606
v -0.124720 0.885034 -0.262386
v -0.127935 0.879222 -0.269895
v -0.086157 0.885034 -0.276769
v -0.088269 0.879222 -0.284689
v -0.045940 0.885034 -0.285518
v -0.047105 0.879084 -0.293617
v -0.004887 0.879084 -0.296636
v -0.004887 0.885034 -0.288454
v 0.037330 0.879084 -0.293617
v 0.036165 0.885034 -0.285518
v 0.076382 0.885034 -0.276769
v 0.078688 0.879084 -0.284620
v 0.118344 0.879084 -0.269829
v 0.114945 0.885034 -0.262386
v 0.155492 0.879084 -0.249545
v 0.151068 0.885034 -0.242661
v 0.189375 0.879084 -0.224180
v 0.184017 0.885034 -0.217996
v 0.219303 0.879084 -0.194251
v 0.213119 0.885034 -0.188893
v 0.244668 0.879084 -0.160369
v 0.237785 0.885034 -0.155945
v 0.257509 0.885034 -0.119822
v 0.264953 0.879084 -0.123221
v 0.271892 0.885034 -0.081259
v 0.279743 0.879084 -0.083564
v 0.288740 0.879084 -0.042206
v 0.280641 0.885034 -0.041042
v 0.291760 0.879084 0.000011
v 0.283577 0.885034 0.000011
v 0.280641 0.885034 0.041064
v 0.288740 0.879084 0.042228
v 0.271892 0.885034 0.081281
v 0.279743 0.879084 0.083586
v 0.257509 0.885034 0.119843
v 0.264953 0.879084 0.123243
v 0.237785 0.885034 0.155967
v 0.244668 0.879084 0.160391
v 0.213119 0.885034 0.188915
v 0.219303 0.879084 0.194274
v 0.184017 0.885034 0.218018
v 0.244667 -0.878729 -0.160511
v 0.264952 -0.878729 -0.123363
v 0.237784 -0.885067 -0.156087
v 0.213119 -0.885067 -0.189035
v 0.219303 -0.878729 -0.194393
v 0.184017 -0.885067 -0.218138
v 0.189375 -0.878729 -0.224322
v 0.151068 -0.885067 -0.242803
v 0.155492 -0.878729 -0.249686
v 0.118344 -0.878729 -0.269970
v 0.114945 -0.885067 -0.262528
v 0.078687 -0.878729 -0.284762
v 0.076382 -0.885067 -0.276911
v 0.037330 -0.878729 -0.293759
v 0.036165 -0.885067 -0.285660
v -0.004888 -0.878729 -0.296778
v -0.004888 -0.885067 -0.288595
v -0.045941 -0.885067 -0.285660
v -0.047105 -0.878729 -0.293759
v -0.086158 -0.885067 -0.276911
v -0.088463 -0.878729 -0.284762
v -0.124720 -0.885067 -0.262528
v -0.128120 -0.878729 -0.269970
v -0.160844 -0.885067 -0.242803
v -0.165268 -0.878729 -0.249686
v -0.193792 -0.885067 -0.218138
v -0.199151 -0.878729 -0.224322
v -0.229079 -0.878729 -0.194393
v -0.222895 -0.885067 -0.189035
v -0.254443 -0.878729 -0.160511
v -0.247560 -0.885067 -0.156087
v -0.274727 -0.878729 -0.123363
v -0.267285 -0.885067 -0.119963
v -0.289519 -0.878729 -0.083706
v -0.281668 -0.885067 -0.081400
v -0.298516 -0.878729 -0.042348
v -0.290417 -0.885067 -0.041184
v -0.301535 -0.878729 -0.000131
v -0.293352 -0.885067 -0.000131
v -0.290417 -0.885067 0.040922
v -0.298516 -0.878729 0.042087
v -0.281668 -0.885067 0.081139
v -0.289519 -0.878729 0.083445
v -0.274727 -0.878729 0.123101
v -0.267285 -0.885067 0.119702
v -0.254443 -0.878729 0.160249
v -0.247560 -0.885067 0.155825
v -0.229079 -0.878729 0.194132
v -0.222895 -0.885067 0.188774
v -0.199151 -0.878729 0.224061
v -0.193792 -0.885067 0.217877
v -0.165268 -0.878729 0.249425
v -0.160844 -0.885067 0.242541
v -0.128120 -0.878729 0.269709
v -0.124720 -0.885067 0.262266
v -0.088463 -0.878729 0.284500
v -0.086158 -0.885067 0.276649
v -0.047105 -0.878729 0.293497
v -0.045941 -0.885067 0.285398
v -0.004888 -0.878729 0.296516
v -0.004888 -0.885067 0.288334
v 0.037329 -0.878729 0.293497
v 0.036165 -0.885067 0.285398
v 0.076382 -0.885067 0.276649
v 0.078687 -0.878729 0.284500
v 0.118344 -0.878729 0.269709
v 0.114945 -0.885067 0.262266
v 0.155492 -0.878729 0.249425
v 0.151068 -0.885067 0.242541
v 0.189375 -0.878729 0.224061
v 0.184017 -0.885067 0.217877
v 0.219303 -0.878729 0.194132
v 0.213119 -0.885067 0.188774
v 0.244667 -0.878729 0.160249
v 0.237784 -0.885067 0.155825
v 0.257509 -0.885067 0.119702
v 0.264952 -0.878729 0.123101
v 0.271892 -0.885067 0.081139
v 0.279743 -0.878729 0.083445
v 0.288740 -0.878729 0.042087
v 0.280641 -0.885067 0.040922
v 0.291759 -0.878729 -0.000131
v 0.283577 -0.885067 -0.000131
v 0.280641 -0.885067 -0.041183
v 0.288740 -0.878729 -0.042348
v 0.271892 -0.885067 -0.081400
v 0.279743 -0.878729 -0.083706
v 0.257509 -0.885067 -0.119963
v 0.965547 -1.011034 0.420078
v 0.878156 -0.883060 0.290549
v 1.006140 -0.970405 0.420078
v -0.281667 0.885034 -0.081259
v -0.290416 0.885034 -0.041042
v -0.124720 0.885034 -0.262386
v -0.267284 0.885034 -0.119822
v -0.247559 0.885034 -0.155945
v -0.222895 0.885034 -0.188893
v -0.193792 0.885034 -0.217996
v -0.160843 0.885034 -0.242661
v 0.184017 0.885034 0.218018
v 0.213119 0.885034 0.188915
v 0.151068 0.885034 0.242683
v 0.114945 0.885034 0.262408
v 0.076382 0.885034 0.276791
v 0.036165 0.885034 0.285540
v -0.004887 0.885034 0.288475
v -0.045940 0.885034 0.285540
v -0.086157 0.885034 0.276791
v -0.124720 0.885034 0.262408
v -0.160843 0.885034 0.242683
v -0.193792 0.885034 0.218018
v -0.222895 0.885034 0.188915
v -0.247559 0.885034 0.155967
v -0.267284 0.885034 0.119843
v -0.281667 0.885034 0.081281
v -0.290416 0.885034 0.041064
v -0.293352 0.885034 0.000011
v -0.045940 0.885034 -0.285518
v -0.086157 0.885034 -0.276769
v -0.004887 0.885034 -0.288454
v 0.036165 0.885034 -0.285518
v 0.076382 0.885034 -0.276769
v 0.114945 0.885034 -0.262386
v 0.151068 0.885034 -0.242661
v 0.184017 0.885034 -0.217996
v 0.213119 0.885034 -0.188893
v 0.237785 0.885034 -0.155945
v 0.257509 0.885034 -0.119822
v 0.271892 0.885034 -0.081259
v 0.280641 0.885034 -0.041042
v 0.283577 0.885034 0.000011
v 0.280641 0.885034 0.041064
v 0.271892 0.885034 0.081281
v 0.257509 0.885034 0.119843
v 0.237785 0.885034 0.155967
v 0.488810 -0.071071 0.880016
v 0.511313 -0.074306 0.884317
v 0.516620 -0.000088 0.884317
v 0.493886 -0.000088 0.880016
v 0.488810 0.070895 0.880016
v 0.511313 0.074131 0.884317
v -0.079106 0.897710 0.516212
v -0.151814 0.897710 0.500395
v -0.086095 0.897710 0.564824
v -0.004888 0.897710 0.570631
v -0.004888 0.897710 0.521519
v 0.069331 0.897710 0.516212
v 0.076321 0.897710 0.564824
v 0.142038 0.897710 0.500395
v 0.155875 0.897710 0.547520
v 0.232157 0.897710 0.519067
v 0.211755 0.897710 0.474392
v 0.303614 0.897710 0.480049
v 0.277061 0.897710 0.438732
v 0.368790 0.897710 0.431258
v 0.336628 0.897710 0.394141
v 0.426359 0.897710 0.373688
v 0.389242 0.897710 0.341527
v 0.475150 0.897710 0.308513
v 0.433833 0.897710 0.281960
v 0.469493 0.897710 0.216653
v 0.514169 0.897710 0.237056
v 0.495496 0.897710 0.146937
v 0.542622 0.897710 0.160774
v 0.559925 0.897710 0.081219
v 0.511314 0.897710 0.074230
v 0.565732 0.897710 0.000011
v 0.516620 0.897710 0.000011
v 0.511314 0.897710 -0.074207
v 0.559925 0.897710 -0.081197
v 0.495496 0.897710 -0.146915
v 0.542622 0.897710 -0.160752
v 0.514169 0.897710 -0.237034
v 0.469493 0.897710 -0.216632
v 0.475150 0.897710 -0.308490
v 0.433833 0.897710 -0.281938
v 0.389243 0.897710 -0.341504
v 0.426359 0.897710 -0.373667
v 0.336628 0.897710 -0.394119
v 0.368790 0.897710 -0.431236
v 0.303614 0.897710 -0.480026
v 0.277061 0.897710 -0.438710
v 0.232158 0.897710 -0.519044
v 0.211755 0.897710 -0.474370
v 0.142038 0.897710 -0.500373
v 0.155875 0.897710 -0.547497
v 0.076321 0.897710 -0.564801
v 0.069331 0.897710 -0.516189
v -0.004887 0.897710 -0.521496
v -0.004887 0.897710 -0.570613
v -0.086095 0.897710 -0.564801
v -0.079106 0.897710 -0.516189
v -0.151814 0.897710 -0.500373
v -0.165650 0.897710 -0.547497
v -0.241932 0.897710 -0.519044
v -0.221530 0.897710 -0.474370
v -0.286836 0.897710 -0.438710
v -0.313389 0.897710 -0.480026
v -0.378565 0.897710 -0.431236
v -0.346403 0.897710 -0.394119
v -0.436134 0.897710 -0.373667
v -0.399017 0.897710 -0.341504
v -0.443608 0.897710 -0.281938
v -0.484925 0.897710 -0.308490
v -0.479268 0.897710 -0.216632
v -0.523943 0.897710 -0.237034
v -0.505271 0.897710 -0.146915
v -0.552396 0.897710 -0.160752
v -0.569699 0.897710 -0.081197
v -0.521088 0.897710 -0.074207
v -0.526394 0.897710 0.000011
v -0.575511 0.897710 0.000011
v -0.569699 0.897710 0.081219
v -0.521088 0.897710 0.074229
v -0.505271 0.897710 0.146937
v -0.552396 0.897710 0.160774
v -0.523943 0.897710 0.237056
v -0.479268 0.897710 0.216653
v -0.443608 0.897710 0.281960
v -0.484925 0.897710 0.308512
v -0.436134 0.897710 0.373688
v -0.399017 0.897710 0.341527
v -0.346403 0.897710 0.394141
v -0.378565 0.897710 0.431258
v -0.286836 0.897710 0.438732
v -0.313389 0.897710 0.480049
v -0.221530 0.897710 0.474392
v -0.241932 0.897710 0.519067
v -0.165650 0.897710 0.547520
v 0.372061 0.326540 0.880016
v 0.389242 0.341428 0.884317
v 0.336628 0.394042 0.884317
v 0.321740 0.376861 0.880016
v 0.277061 0.438633 0.884317
v 0.264770 0.419508 0.880016
v 0.202311 0.453614 0.880016
v 0.211754 0.474294 0.884317
v 0.414708 0.881301 -0.269647
v 0.448814 0.881301 -0.207187
v 0.469493 0.884360 -0.216632
v 0.433833 0.884360 -0.281938
v 0.372061 0.881301 -0.326617
v 0.389243 0.884360 -0.341504
v 0.336628 0.884360 -0.394119
v 0.321740 0.881301 -0.376937
v 0.878156 -0.228119 0.882984
v 0.916696 -0.223890 0.885134
v 0.879387 -0.223892 0.922443
v -0.313389 0.868226 0.480049
v -0.241932 0.868226 0.519067
v -0.241932 0.897710 0.519067
v -0.313389 0.897710 0.480049
v -0.378565 0.868226 0.431258
v -0.378565 0.897710 0.431258
v -0.436134 0.868226 0.373688
v -0.436134 0.897710 0.373688
v -0.484925 0.868226 0.308512
v -0.484925 0.897710 0.308512
v -0.523943 0.868226 0.237056
v -0.523943 0.897710 0.237056
v -0.552396 0.868226 0.160774
v -0.552396 0.897710 0.160774
v -0.569699 0.868226 0.081219
v -0.569699 0.897710 0.081219
v -0.575511 0.868226 0.000011
v -0.575511 0.897710 0.000011
v 0.368790 0.868226 0.431258
v 0.426359 0.868226 0.373688
v 0.426359 0.897710 0.373688
v 0.368790 0.897710 0.431258
v 0.303614 0.868226 0.480049
v 0.303614 0.897710 0.480049
v 0.232157 0.868226 0.519067
v 0.232157 0.897710 0.519067
v 0.155875 0.868226 0.547520
v 0.155875 0.897710 0.547520
v 0.076321 0.868226 0.564824
v 0.076321 0.897710 0.564824
v -0.004888 0.868226 0.570631
v -0.004888 0.897710 0.570631
v -0.086095 0.868226 0.564824
v -0.086095 0.897710 0.564824
v -0.165650 0.868226 0.547520
v -0.165650 0.897710 0.547520
v 0.514169 0.868226 -0.237034
v 0.475150 0.868226 -0.308490
v 0.475150 0.897710 -0.308490
v 0.514169 0.897710 -0.237034
v 0.542622 0.868226 -0.160752
v 0.542622 0.897710 -0.160752
v 0.559925 0.868226 -0.081197
v 0.559925 0.897710 -0.081197
v 0.565732 0.868226 0.000011
v 0.565732 0.897710 0.000011
v 0.559925 0.868226 0.081219
v 0.559925 0.897710 0.081219
v 0.542622 0.868226 0.160774
v 0.542622 0.897710 0.160774
v 0.514169 0.868226 0.237056
v 0.514169 0.897710 0.237056
v 0.475150 0.868226 0.308513
v 0.475150 0.897710 0.308513
v -0.086095 0.868226 -0.564801
v -0.165650 0.868226 -0.547497
v -0.165650 0.897710 -0.547497
v -0.086095 0.897710 -0.564801
v -0.004887 0.868226 -0.570613
v -0.004887 0.897710 -0.570613
v 0.076321 0.868226 -0.564801
v 0.076321 0.897710 -0.564801
v 0.155875 0.868226 -0.547497
v 0.155875 0.897710 -0.547497
v 0.232158 0.868226 -0.519044
v 0.232158 0.897710 -0.519044
v 0.303614 0.868226 -0.480026
v 0.303614 0.897710 -0.480026
v 0.368790 0.868226 -0.431236
v 0.368790 0.897710 -0.431236
v 0.426359 0.868226 -0.373667
v 0.426359 0.897710 -0.373667
v -0.569699 0.868226 -0.081197
v -0.575511 0.868226 0.000011
v -0.575511 0.897710 0.000011
v -0.569699 0.897710 -0.081197
v -0.552396 0.868226 -0.160752
v -0.552396 0.897710 -0.160752
v -0.523943 0.868226 -0.237034
v -0.523943 0.897710 -0.237034
v -0.484925 0.868226 -0.308490
v -0.484925 0.897710 -0.308490
v -0.436134 0.868226 -0.373667
v -0.436134 0.897710 -0.373667
v -0.378565 0.868226 -0.431236
v -0.378565 0.897710 -0.431236
v -0.313389 0.868226 -0.480026
v -0.313389 0.897710 -0.480026
v -0.241932 0.868226 -0.519044
v -0.241932 0.897710 -0.519044
v -0.927109 0.689154 -0.181379
v -0.927109 0.739680 -0.224207
v -0.887839 0.700956 -0.228130
v -0.887839 0.634648 -0.170118
v -0.887839 0.700956 0.228043
v -0.927109 0.739680 0.224120
v -0.927109 0.689154 0.181259
v -0.887839 0.634648 0.169999
v -0.708444 0.883012 0.228043
v -0.639445 0.883012 0.169999
v -0.693950 0.922292 0.181245
v -0.743920 0.922292 0.224107
v -0.887839 0.883027 -0.228130
v -0.887839 0.700956 -0.228130
v -0.927109 0.739680 -0.224207
v -0.926378 0.885177 -0.223901
v -0.927109 0.739680 0.224120
v -0.887839 0.700956 0.228043
v -0.887839 0.883027 0.228043
v -0.926378 0.885177 0.223814
v -0.693950 0.922292 -0.181365
v -0.639445 0.883012 -0.170118
v -0.708444 0.883012 -0.228130
v -0.743920 0.922292 -0.224195
v 0.917426 0.689153 -0.181378
v 0.878156 0.634648 -0.170118
v 0.878156 0.700956 -0.228130
v 0.917426 0.739680 -0.224207
v -0.975230 1.010996 -0.970449
v -1.015807 0.970372 -0.970449
v -1.015802 0.970372 -0.420198
v -0.975230 1.010996 -0.420198
v 0.176477 0.922251 0.689110
v 0.219306 0.922251 0.739637
v 0.223229 0.882981 0.700913
v 0.165218 0.882981 0.634605
v -0.232944 0.882981 0.700913
v -0.229021 0.922251 0.739637
v -0.186160 0.922251 0.689110
v -0.174900 0.882981 0.634605
v 0.415269 1.010996 0.722772
v 0.285705 0.883012 0.589237
v 0.285703 0.883017 0.882984
v 0.415235 1.010996 0.970329
v 0.285703 0.883017 0.882984
v 0.285705 0.589280 0.882968
v 0.415269 0.722816 1.010952
v 0.415235 0.970372 1.010957
v 0.878075 0.883017 0.290549
v 0.584394 0.883011 0.290548
v 0.717930 1.010996 0.420111
v 0.965547 1.010996 0.420078
v 0.415269 0.722816 -1.011072
v 0.285705 0.589280 -0.883088
v 0.285704 0.883017 -0.883103
v 0.415235 0.970372 -1.011077
v 0.878156 0.700956 0.228043
v 0.878156 0.634648 0.169999
v 0.917426 0.689153 0.181259
v 0.917426 0.739680 0.224120
v -0.295386 0.883017 -0.883103
v -0.295388 0.589280 -0.883088
v -0.424951 0.722816 -1.011072
v -0.424917 0.970372 -1.011077
v 0.698762 0.883011 0.228043
v 0.734238 0.922292 0.224107
v 0.684268 0.922292 0.181245
v 0.629762 0.883011 0.169999
v 0.878156 0.883027 -0.228130
v 0.916696 0.885177 -0.223901
v 0.917426 0.739680 -0.224207
v 0.878156 0.700956 -0.228130
v -0.424951 1.010996 -0.722892
v -0.295388 0.883012 -0.589356
v -0.295386 0.883017 -0.883103
v -0.424917 1.010996 -0.970449
v 0.717930 1.010996 -0.420231
v 0.584394 0.883011 -0.290668
v 0.878075 0.883017 -0.290669
v 0.965548 1.010996 -0.420198
v 0.965547 1.010996 0.970329
v 1.006125 0.970372 0.970329
v 1.006120 0.970372 0.420078
v 0.965547 1.010996 0.420078
v 0.878156 0.290592 -0.883103
v 1.006140 0.420121 -0.970448
v 1.006140 0.420155 -0.722892
v 0.878156 0.290591 -0.589356
v 0.223229 0.703587 -0.883088
v 0.165218 0.634587 -0.883088
v 0.176464 0.689092 -0.922368
v 0.219294 0.739062 -0.922368
v 0.878156 0.883027 0.228043
v 0.878156 0.700956 0.228043
v 0.917426 0.739680 0.224120
v 0.916696 0.885177 0.223814
v -0.232944 0.882981 -0.883103
v -0.232944 0.882981 -0.701033
v -0.229021 0.922251 -0.739756
v -0.228715 0.921521 -0.885253
v 0.717930 0.420154 -1.011072
v 0.965547 0.420121 -1.011077
v 0.878156 0.290592 -0.883103
v 0.584394 0.290591 -0.883088
v 1.006140 0.722816 -0.420231
v 1.006120 0.970372 -0.420198
v 0.878075 0.883017 -0.290669
v 0.878156 0.589280 -0.290668
v 0.965548 1.010996 -0.970448
v 0.965548 0.970372 -1.011082
v 0.415235 0.970372 -1.011077
v 0.415235 1.010996 -0.970448
v 0.219306 0.922251 -0.739756
v 0.223229 0.882981 -0.701033
v 0.223229 0.882981 -0.883103
v 0.219000 0.921521 -0.885253
v -0.186146 0.689092 -0.922368
v -0.174900 0.634587 -0.883088
v -0.232944 0.703587 -0.883088
v -0.229008 0.739062 -0.922368
v -0.186160 0.922251 -0.689230
v -0.229021 0.922251 -0.739756
v -0.232944 0.882981 -0.701033
v -0.174900 0.882981 -0.634725
v 0.223229 0.882981 -0.701033
v 0.219306 0.922251 -0.739756
v 0.176478 0.922251 -0.689230
v 0.165218 0.882981 -0.634725
v 0.878156 0.569009 -0.328587
v 1.006140 0.722816 -0.420231
v 0.878156 0.589280 -0.290668
v 0.878156 0.521261 -0.400050
v 1.006150 0.662616 -0.510005
v 0.878156 0.464592 -0.464668
v 1.006130 0.591338 -0.591527
v 1.006140 0.509922 -0.662692
v 0.878156 0.399973 -0.521337
v 1.006140 0.420155 -0.722892
v 0.878156 0.328511 -0.569085
v 0.878156 0.290591 -0.589356
v 0.879387 0.223825 0.922443
v 0.916696 0.223824 0.885134
v 0.878156 0.228053 0.882984
v 1.006120 0.970372 -0.420198
v 1.006125 0.970372 -0.970448
v 0.965548 1.010996 -0.970448
v 0.965548 1.010996 -0.420198
v 1.006125 0.970372 0.970329
v 0.965547 0.970372 1.010963
v 0.965547 0.420121 1.010957
v 1.006140 0.420121 0.970329
v 0.879387 0.922486 -0.000060
v 0.879387 0.922486 0.223815
v 0.916696 0.885177 0.223814
v 0.916696 0.885177 -0.000060
v 0.916696 0.885177 -0.223901
v 0.879387 0.922486 -0.223902
v 0.488810 0.070895 0.880016
v 0.511313 0.074131 0.884317
v 0.495496 0.146838 0.884317
v 0.473683 0.140433 0.880016
v 0.448813 0.207111 0.880016
v 0.469493 0.216555 0.884317
v 0.223229 0.882981 -0.883103
v 0.223229 0.703587 -0.883088
v 0.219294 0.739062 -0.922368
v 0.219001 0.884212 -0.922562
v -1.015802 0.970372 0.420078
v -1.015807 0.970372 0.970329
v -0.975230 1.010996 0.970329
v -0.975230 1.010996 0.420078
v -0.975230 1.010996 0.970329
v -0.975230 0.970372 1.010962
v -0.424917 0.970372 1.010957
v -0.424917 1.010996 0.970329
v -0.727612 0.420155 1.010952
v -0.975230 0.420121 1.010957
v -0.887839 0.290592 0.882984
v -0.594077 0.290591 0.882968
v 0.415235 0.970372 1.010957
v 0.965547 0.970372 1.010963
v 0.965547 1.010996 0.970329
v 0.415235 1.010996 0.970329
v -0.975230 0.420121 1.010957
v -0.975230 0.970372 1.010962
v -1.015807 0.970372 0.970329
v -1.015823 0.420121 0.970329
v 0.415269 0.722816 1.010952
v 0.285705 0.589280 0.882968
v 0.323625 0.569009 0.882968
v 0.395087 0.521261 0.882968
v 0.505037 0.662616 1.010952
v 0.459706 0.464592 0.882968
v 0.586467 0.591353 1.010952
v 0.657730 0.509922 1.010952
v 0.516375 0.399973 0.882968
v 0.717930 0.420154 1.010952
v 0.564123 0.328511 0.882968
v 0.584394 0.290591 0.882968
v 0.415269 -1.011029 0.722772
v 0.965547 -1.011039 0.970329
v 0.415235 -1.011034 0.970329
v 0.505036 -1.011029 0.662573
v 0.586467 -1.011029 0.591310
v 0.657730 -1.011029 0.509879
v 0.717929 -1.011029 0.420111
v 0.965547 -1.011034 0.420078
v 0.965547 -0.970405 1.010952
v 0.415269 -0.722849 1.010952
v 0.415234 -0.970405 1.010952
v 0.505036 -0.662649 1.010952
v 0.586467 -0.591387 1.010952
v 0.657730 -0.509955 1.010952
v 0.717930 -0.420188 1.010952
v 0.965547 -0.420155 1.010952
v 0.717930 0.420154 1.010952
v 0.584394 0.290591 0.882968
v 0.878156 0.290592 0.882984
v 0.965547 0.420121 1.010957
v 1.006140 0.722816 0.420112
v 0.878156 0.589280 0.290548
v 0.878075 0.883017 0.290549
v 1.006120 0.970372 0.420078
v 0.564123 0.883011 0.328468
v 0.717930 1.010996 0.420111
v 0.584394 0.883011 0.290548
v 0.516375 0.883011 0.399930
v 0.657730 1.010996 0.509879
v 0.459706 0.883011 0.464548
v 0.586468 1.010996 0.591310
v 0.505037 1.010996 0.662573
v 0.395087 0.883012 0.521218
v 0.415269 1.010996 0.722772
v 0.323625 0.883012 0.568966
v 0.285705 0.883012 0.589237
v -0.228715 -0.885210 0.921477
v -0.232944 -0.883060 0.882938
v -0.228716 -0.922519 0.884168
v 1.006140 0.420155 0.722772
v 1.006140 0.420121 0.970329
v 0.878156 0.290592 0.882984
v 0.878156 0.290591 0.589237
v 1.006120 0.970372 -0.420198
v 1.006140 0.722816 -0.420231
v 1.006125 0.970372 -0.970448
v 1.006150 0.662616 -0.510005
v 1.006130 0.591338 -0.591527
v 1.006140 0.509922 -0.662692
v 1.006140 0.420155 -0.722892
v 1.006140 0.420121 -0.970448
v 0.218999 -0.885210 0.921477
v 0.219001 -0.922519 0.884168
v 0.223228 -0.883060 0.882938
v -0.333308 0.569009 -0.883088
v -0.424951 0.722816 -1.011072
v -0.295388 0.589280 -0.883088
v -0.404770 0.521261 -0.883088
v -0.514719 0.662616 -1.011072
v -0.469388 0.464592 -0.883088
v -0.596150 0.591354 -1.011072
v -0.667412 0.509922 -1.011072
v -0.526057 0.399974 -0.883088
v -0.727612 0.420155 -1.011072
v -0.573806 0.328511 -0.883088
v -0.594077 0.290591 -0.883088
v -0.152326 0.550301 -0.883869
v -0.289709 0.493395 -0.883869
v -0.407683 0.402870 -0.883870
v -0.025026 0.567058 -0.883869
v -0.026275 0.830156 -0.882077
v -0.738332 0.830590 -0.883747
v -0.835448 0.733475 -0.883747
v -0.835014 0.021417 -0.882077
v -0.571875 0.020213 -0.883870
v -0.555113 0.147513 -0.883870
v -0.498207 0.284897 -0.883870
v -0.887839 0.589280 -0.290668
v -1.013131 0.718316 -0.413747
v -0.887839 0.569009 -0.328588
v -1.013662 0.718526 -0.414909
v -0.887839 0.521261 -0.400050
v -1.015833 0.662616 -0.510005
v -0.887839 0.464592 -0.464668
v -1.015813 0.591338 -0.591527
v -1.015823 0.509923 -0.662692
v -0.887839 0.399974 -0.521337
v -1.013662 0.414833 -0.718602
v -0.887839 0.328511 -0.569086
v -1.013131 0.413670 -0.718393
v -0.887839 0.290591 -0.589356
v -1.015823 0.722816 -0.420232
v -1.015823 0.420155 -0.722892
v -0.424483 0.269712 -0.880754
v -0.443609 0.282003 -0.884436
v -0.399018 0.341570 -0.884436
v -0.381836 0.326682 -0.880754
v -0.346403 0.394184 -0.884436
v -0.331515 0.377003 -0.880754
v -0.274545 0.419650 -0.880754
v -0.286836 0.438775 -0.884436
v -0.424917 0.970372 -1.011077
v -0.975230 0.970372 -1.011082
v -0.975230 1.010996 -0.970449
v -0.424917 1.010996 -0.970449
v 0.285704 0.883017 -0.883103
v 0.285706 0.883012 -0.589356
v 0.415269 1.010996 -0.722892
v 0.415235 1.010996 -0.970448
v 0.684268 0.922292 -0.181365
v 0.734238 0.922292 -0.224195
v 0.698762 0.883011 -0.228130
v 0.629762 0.883011 -0.170118
v -0.887757 0.883017 -0.290669
v -0.594076 0.883012 -0.290668
v -0.727612 1.010996 -0.420231
v -0.975230 1.010996 -0.420198
v -0.887839 0.290592 -0.883103
v -0.975230 0.420121 -1.011077
v -0.727612 0.420155 -1.011072
v -0.594077 0.290591 -0.883088
v 1.006125 0.970372 0.970329
v 1.006140 0.420121 0.970329
v 1.006140 0.420155 0.722772
v 1.006140 0.509922 0.662573
v 1.006130 0.591338 0.591407
v 1.006150 0.662616 0.509885
v 1.006140 0.722816 0.420112
v 1.006120 0.970372 0.420078
v 0.545323 0.147513 -0.883869
v 0.488417 0.284897 -0.883869
v 0.397893 0.402870 -0.883869
v 0.562080 0.020213 -0.883869
v 0.825331 0.021417 -0.882077
v 0.825766 0.733474 -0.883747
v 0.728650 0.830590 -0.883747
v 0.016593 0.830156 -0.882077
v 0.015235 0.567058 -0.883869
v 0.142535 0.550301 -0.883869
v 0.279919 0.493395 -0.883869
v 0.564123 0.328511 -0.883088
v 0.717930 0.420154 -1.011072
v 0.584394 0.290591 -0.883088
v 0.516375 0.399973 -0.883088
v 0.657730 0.509922 -1.011072
v 0.459706 0.464592 -0.883088
v 0.586468 0.591353 -1.011072
v 0.505037 0.662616 -1.011072
v 0.395087 0.521261 -0.883088
v 0.415269 0.722816 -1.011072
v 0.323625 0.569009 -0.883088
v 0.285705 0.589280 -0.883088
v 0.142535 -0.550135 -0.883869
v 0.279919 -0.493230 -0.883869
v 0.397893 -0.402705 -0.883869
v 0.015235 -0.566897 -0.883869
v 0.016592 -0.830189 -0.882077
v 0.728650 -0.830623 -0.883747
v 0.825765 -0.733508 -0.883747
v 0.825331 -0.021450 -0.882077
v 0.562080 -0.020048 -0.883869
v 0.545323 -0.147348 -0.883869
v 0.488417 -0.284732 -0.883869
v -1.015823 0.722816 0.420112
v -1.015802 0.970372 0.420078
v -0.887757 0.883017 0.290549
v -0.887839 0.589280 0.290548
v -1.015823 0.420155 0.722772
v -0.887839 0.290591 0.589237
v -0.887839 0.290592 0.882984
v -1.015823 0.420121 0.970329
v -0.887757 0.883017 0.290549
v -0.975230 1.010996 0.420078
v -0.727612 1.010996 0.420111
v -0.594076 0.883012 0.290548
v -0.975230 1.010996 0.970329
v -0.424917 1.010996 0.970329
v -0.424951 1.010996 0.722772
v -0.514719 1.010996 0.662573
v -0.596150 1.010996 0.591310
v -0.667412 1.010996 0.509879
v -0.727612 1.010996 0.420111
v -0.975230 1.010996 0.420078
v 0.415235 -0.970405 -1.011072
v 0.415235 -1.011034 -0.970448
v 0.285703 -0.883060 -0.883093
v -0.333308 0.883012 0.568966
v -0.424951 1.010996 0.722772
v -0.295388 0.883012 0.589237
v -0.404769 0.883012 0.521218
v -0.514719 1.010996 0.662573
v -0.469388 0.883012 0.464548
v -0.596150 1.010996 0.591310
v -0.667412 1.010996 0.509879
v -0.526057 0.883012 0.399930
v -0.727612 1.010996 0.420111
v -0.573805 0.883012 0.328468
v -0.594076 0.883012 0.290548
v 0.142535 -0.883826 0.550059
v 0.279918 -0.883826 0.493153
v 0.397892 -0.883826 0.402629
v 0.015235 -0.883826 0.566821
v 0.016592 -0.882033 0.830113
v 0.728650 -0.883704 0.830547
v 0.825765 -0.883704 0.733431
v 0.825331 -0.882033 0.021374
v 0.562080 -0.883826 0.019972
v 0.545323 -0.883826 0.147272
v 0.488417 -0.883826 0.284655
v -0.424952 0.722816 1.010952
v -0.295388 0.589280 0.882968
v -0.295386 0.883017 0.882984
v -0.424917 0.970372 1.010957
v -0.727612 0.420155 1.010952
v -0.975230 0.970372 1.010962
v -0.975230 0.420121 1.010957
v -0.667412 0.509922 1.010952
v -0.596150 0.591354 1.010952
v -0.514719 0.662616 1.010952
v -0.424952 0.722816 1.010952
v -0.424917 0.970372 1.010957
v 1.006140 -0.970405 -0.420198
v 0.878156 -0.883060 -0.290668
v 0.965547 -1.011034 -0.420198
v -1.015802 0.970372 0.420078
v -1.015823 0.722816 0.420112
v -1.015807 0.970372 0.970329
v -1.015833 0.662616 0.509885
v -1.015813 0.591338 0.591407
v -1.015823 0.509923 0.662573
v -1.015823 0.420155 0.722772
v -1.015823 0.420121 0.970329
v -0.228715 -0.885210 -0.921597
v -0.228716 -0.922519 -0.884288
v -0.232944 -0.883060 -0.883057
v -0.295386 0.883017 0.882984
v -0.295388 0.883012 0.589237
v -0.424951 1.010996 0.722772
v -0.424917 1.010996 0.970329
v 0.965547 0.420121 -1.011077
v 0.965548 0.970372 -1.011082
v 1.006125 0.970372 -0.970448
v 1.006140 0.420121 -0.970448
v -1.015807 0.970372 -0.970449
v -0.975230 0.970372 -1.011082
v -0.975230 0.420121 -1.011077
v -1.015823 0.420121 -0.970449
v 0.717930 0.420154 -1.011072
v 0.965548 0.970372 -1.011082
v 0.965547 0.420121 -1.011077
v 0.657730 0.509922 -1.011072
v 0.586468 0.591353 -1.011072
v 0.505037 0.662616 -1.011072
v 0.415269 0.722816 -1.011072
v 0.415235 0.970372 -1.011077
v 0.965547 -0.970405 -1.011072
v 1.006125 -0.970405 -0.970448
v 0.965547 -1.011039 -0.970448
v -0.743920 0.922292 0.224107
v -0.889069 0.922486 0.223815
v -0.887839 0.883027 0.228043
v -0.708444 0.883012 0.228043
v 0.878156 0.883027 -0.228130
v 0.698762 0.883011 -0.228130
v 0.734238 0.922292 -0.224195
v 0.879387 0.922486 -0.223902
v -0.232944 0.882981 -0.883103
v -0.228716 0.884212 -0.922562
v -0.229008 0.739062 -0.922368
v -0.232944 0.703587 -0.883088
v 0.223229 0.882981 0.882984
v 0.219001 0.884212 0.922443
v 0.219294 0.739062 0.922248
v 0.223229 0.703587 0.882968
v -0.090604 0.651354 -0.883088
v -0.174900 0.634587 -0.883088
v -0.186146 0.689092 -0.922368
v -0.096144 0.707223 -0.922368
v -0.030706 0.656130 -0.883088
v -0.004841 0.713658 -0.922368
v -0.004841 0.656936 -0.883175
v 0.021024 0.656130 -0.883088
v 0.086462 0.707223 -0.922368
v 0.080922 0.651354 -0.883088
v 0.176464 0.689092 -0.922368
v 0.165218 0.634587 -0.883088
v -0.229008 0.739062 0.922248
v -0.228716 0.884212 0.922443
v -0.232944 0.882981 0.882984
v -0.232944 0.703587 0.882968
v -0.090604 0.882981 0.651372
v -0.174900 0.882981 0.634605
v -0.186160 0.922251 0.689110
v -0.096149 0.922246 0.707246
v -0.030706 0.882981 0.656148
v -0.004841 0.922246 0.713676
v -0.004841 0.883068 0.657021
v 0.021024 0.882981 0.656148
v 0.086467 0.922246 0.707246
v 0.080922 0.882981 0.651372
v 0.176477 0.922251 0.689110
v 0.165218 0.882981 0.634605
v 0.219001 -0.922519 -0.884288
v 0.219000 -0.885210 -0.921597
v 0.223229 -0.883060 -0.883057
v 0.080922 0.651354 0.882968
v 0.165218 0.634587 0.882968
v 0.176464 0.689092 0.922248
v 0.086462 0.707223 0.922248
v 0.021024 0.656130 0.882968
v -0.004841 0.713658 0.922248
v -0.004841 0.656936 0.883055
v -0.030706 0.656130 0.882968
v -0.096145 0.707223 0.922248
v -0.090604 0.651354 0.882968
v -0.186146 0.689092 0.922248
v -0.174900 0.634587 0.882968
v 0.965547 -0.420155 -1.011072
v 0.878075 -0.290626 -0.883093
v 1.006120 -0.420155 -0.970448
v -0.186146 0.689092 0.922248
v -0.229008 0.739062 0.922248
v -0.232944 0.703587 0.882968
v -0.174900 0.634587 0.882968
v 0.223229 0.882981 0.882984
v 0.223229 0.882981 0.700913
v 0.219306 0.922251 0.739637
v 0.219000 0.921521 0.885134
v -0.232944 0.882981 0.882984
v -0.228715 0.921521 0.885134
v -0.229021 0.922251 0.739637
v -0.232944 0.882981 0.700913
v 0.176464 0.689092 0.922248
v 0.165218 0.634587 0.882968
v 0.223229 0.703587 0.882968
v 0.219294 0.739062 0.922248
v -0.424951 0.722816 -1.011072
v -0.975230 0.970372 -1.011082
v -0.424917 0.970372 -1.011077
v -0.514719 0.662616 -1.011072
v -0.596150 0.591354 -1.011072
v -0.667412 0.509922 -1.011072
v -0.727612 0.420155 -1.011072
v -0.975230 0.420121 -1.011077
v -0.145409 -0.478516 -0.880754
v -0.151814 -0.500329 -0.884436
v -0.221530 -0.474327 -0.884436
v -0.212086 -0.453647 -0.880754
v -0.286836 -0.438666 -0.884436
v -0.274545 -0.419541 -0.880754
v -0.975230 1.010996 -0.970449
v -0.975230 1.010996 -0.420198
v -0.727612 1.010996 -0.420231
v -0.667412 1.010996 -0.509999
v -0.596150 1.010996 -0.591430
v -0.514719 1.010996 -0.662692
v -0.424951 1.010996 -0.722892
v -0.424917 1.010996 -0.970449
v -0.424483 -0.880169 0.269527
v -0.443609 -0.884393 0.281818
v -0.479269 -0.884393 0.216512
v -0.458589 -0.880169 0.207068
v -0.505271 -0.884393 0.146795
v -0.483458 -0.880169 0.140390
v -0.274545 -0.419541 -0.880754
v -0.286836 -0.438666 -0.884436
v -0.346403 -0.394076 -0.884436
v -0.331515 -0.376894 -0.880754
v -0.399018 -0.341461 -0.884436
v -0.381836 -0.326573 -0.880754
v -0.443609 -0.281895 -0.884436
v -0.424483 -0.269603 -0.880754
v 0.869903 -0.023120 0.022003
v 0.869903 -0.834163 0.022003
v 0.869903 -0.834163 -0.024204
v 0.869903 -0.023120 -0.024204
v 0.869903 0.023087 -0.024204
v 0.869903 0.023087 -0.835176
v 0.869903 -0.023120 -0.835176
v 0.869903 0.834129 -0.024204
v 0.869903 0.834129 0.022003
v 0.869903 0.023087 0.022003
v 0.869903 -0.023120 0.832978
v 0.869903 0.023087 0.832978
v -0.498585 0.071037 -0.880754
v -0.521088 0.074273 -0.884436
v -0.505271 0.146981 -0.884436
v -0.483458 0.140575 -0.880754
v -0.458589 0.207253 -0.880754
v -0.479268 0.216697 -0.884436
v -0.879585 -0.023120 0.832978
v -0.879586 -0.834162 0.832978
v -0.879585 -0.023119 0.883055
v -0.879585 0.023086 0.883055
v -0.879585 0.023087 0.832978
v -0.879585 0.834130 0.832978
v -0.879585 0.884212 0.883055
v -0.879585 0.884212 0.022003
v -0.879585 0.834130 0.022003
v -0.879585 0.884212 -0.024205
v -0.879585 0.834130 -0.024205
v -0.879585 0.834130 -0.835176
v -0.879585 0.884212 -0.885254
v -0.879585 0.023086 -0.885254
v -0.879585 0.023087 -0.835176
v -0.879585 -0.023119 -0.885254
v -0.879585 -0.023120 -0.835176
v -0.879585 -0.834162 -0.835176
v -0.879585 -0.884245 -0.885254
v -0.879585 -0.884245 -0.024200
v -0.879585 -0.834162 -0.024205
v -0.879585 -0.884245 0.021999
v -0.879585 -0.834162 0.022003
v -0.879586 -0.884245 0.883055
v -0.498585 -0.070928 -0.880754
v -0.521088 -0.074164 -0.884436
v -0.526394 0.000054 -0.884436
v -0.503662 0.000054 -0.880754
v -0.498585 0.071037 -0.880754
v -0.521088 0.074273 -0.884436
v -0.027945 0.833021 -0.874804
v 0.018263 0.833021 -0.874804
v -0.027945 0.022046 -0.874804
v 0.018262 0.022046 -0.874804
v 0.018262 -0.024161 -0.874804
v 0.829305 -0.024163 -0.874804
v 0.829305 0.022048 -0.874804
v 0.018262 -0.835133 -0.874804
v -0.027945 -0.835133 -0.874804
v -0.027945 -0.024161 -0.874804
v -0.838987 0.022048 -0.874804
v -0.838987 -0.024163 -0.874804
v -0.458589 -0.207144 -0.880754
v -0.479268 -0.216588 -0.884436
v -0.505271 -0.146872 -0.884436
v -0.483458 -0.140466 -0.880754
v -0.498585 -0.070928 -0.880754
v -0.521088 -0.074164 -0.884436
v 0.869903 0.834129 -0.024204
v 0.869903 0.834129 -0.835176
v 0.869903 0.884212 -0.024204
v 0.869903 0.884212 0.022003
v 0.869903 0.834129 0.022003
v 0.869903 0.834129 0.832978
v 0.869903 0.884212 0.883055
v 0.869903 0.023086 0.883055
v 0.869903 0.023087 0.832978
v 0.869903 -0.023119 0.883055
v 0.869903 -0.023120 0.832978
v 0.869903 -0.834163 0.832978
v 0.869903 -0.884245 0.883055
v 0.869903 -0.884245 0.021999
v 0.869903 -0.834163 0.022003
v 0.869903 -0.834163 -0.024204
v 0.869903 -0.884245 -0.024200
v 0.869903 -0.834163 -0.835176
v 0.869903 -0.884245 -0.885253
v 0.869903 -0.023119 -0.885253
v 0.869903 -0.023120 -0.835176
v 0.869903 0.023086 -0.885253
v 0.869903 0.023087 -0.835176
v 0.869903 0.884212 -0.885253
v -0.274546 -0.880169 0.419465
v -0.286836 -0.884393 0.438590
v -0.346403 -0.884393 0.393999
v -0.331516 -0.880169 0.376818
v -0.399018 -0.884393 0.341385
v -0.381837 -0.880169 0.326497
v -0.443609 -0.884393 0.281818
v -0.424483 -0.880169 0.269527
v 0.717930 -0.420188 -1.011072
v 0.564123 -0.328544 -0.883088
v 0.584394 -0.290625 -0.883088
v 0.516375 -0.400007 -0.883088
v 0.657730 -0.509955 -1.011072
v 0.459706 -0.464625 -0.883088
v 0.586468 -0.591387 -1.011072
v 0.505036 -0.662649 -1.011072
v 0.395087 -0.521294 -0.883088
v 0.415269 -0.722849 -1.011072
v 0.323625 -0.569042 -0.883088
v 0.285705 -0.589313 -0.883088
v -0.027945 -0.833054 0.874684
v 0.018262 -0.833054 0.874684
v -0.027945 -0.022079 0.874684
v 0.018262 -0.022079 0.874684
v 0.018262 0.024128 0.874684
v 0.829305 0.024130 0.874684
v 0.829305 -0.022081 0.874684
v 0.018263 0.835100 0.874684
v -0.027945 0.835100 0.874684
v -0.027945 0.024128 0.874684
v -0.838987 -0.022081 0.874684
v -0.838987 0.024130 0.874684
v 0.488810 0.071037 -0.880754
v 0.511314 0.074273 -0.884436
v 0.516620 0.000054 -0.884436
v 0.493886 0.000054 -0.880754
v 0.488810 -0.070929 -0.880754
v 0.511314 -0.074164 -0.884436
v -0.027945 -0.874761 -0.833098
v 0.018262 -0.874761 -0.833098
v -0.027945 -0.874761 -0.022123
v 0.018262 -0.874761 -0.022123
v 0.018262 -0.874761 0.024085
v 0.829304 -0.874761 0.024092
v 0.829304 -0.874761 -0.022130
v 0.018262 -0.874761 0.835057
v -0.027945 -0.874761 0.835057
v -0.027945 -0.874761 0.024085
v -0.838987 -0.874760 -0.022130
v -0.838987 -0.874760 0.024092
v 0.878156 0.228086 -0.883103
v 0.916696 0.223857 -0.885253
v 0.879387 0.223858 -0.922562
v 0.640475 0.454286 -0.090426
v 0.640475 0.427927 -0.177320
v 0.640475 0.470845 -0.093720
v 0.640475 0.480070 -0.000060
v 0.640475 0.463186 -0.000060
v 0.640475 0.454286 0.090306
v 0.640475 0.470845 0.093601
v 0.640475 0.427927 0.177200
v 0.640475 0.443526 0.183661
v 0.640475 0.385122 0.257282
v 0.640475 0.399161 0.266662
v 0.640475 0.327517 0.327474
v 0.640475 0.339456 0.339413
v 0.640475 0.266705 0.399118
v 0.640475 0.257325 0.385079
v 0.640475 0.183704 0.443483
v 0.640475 0.177243 0.427884
v 0.640475 0.093644 0.470802
v 0.640475 0.090349 0.454242
v 0.640475 -0.000017 0.480027
v 0.640475 -0.000017 0.463143
v 0.640475 -0.090383 0.454242
v 0.640475 -0.093677 0.470802
v 0.640475 -0.177277 0.427884
v 0.640475 -0.183738 0.443483
v 0.640475 -0.257358 0.385079
v 0.640475 -0.266739 0.399118
v 0.640475 -0.327550 0.327474
v 0.640475 -0.339489 0.339413
v 0.640475 -0.399194 0.266662
v 0.640475 -0.385156 0.257282
v 0.640475 -0.443559 0.183661
v 0.640475 -0.427960 0.177200
v 0.640475 -0.470879 0.093601
v 0.640475 -0.454319 0.090306
v 0.640475 -0.480104 -0.000060
v 0.640475 -0.463219 -0.000060
v 0.640475 -0.454319 -0.090426
v 0.640475 -0.470879 -0.093720
v 0.640475 -0.427960 -0.177320
v 0.640475 -0.443559 -0.183781
v 0.640475 -0.385156 -0.257401
v 0.640475 -0.399194 -0.266782
v 0.640475 -0.327550 -0.327594
v 0.640475 -0.339489 -0.339532
v 0.640475 -0.266739 -0.399237
v 0.640475 -0.257358 -0.385199
v 0.640475 -0.183738 -0.443603
v 0.640475 -0.177277 -0.428003
v 0.640475 -0.093677 -0.470922
v 0.640475 -0.090383 -0.454362
v 0.640475 -0.000017 -0.480147
v 0.640475 -0.000017 -0.463263
v 0.640475 0.090349 -0.454362
v 0.640475 0.093644 -0.470922
v 0.640475 0.177243 -0.428003
v 0.640475 0.183704 -0.443603
v 0.640475 0.257325 -0.385199
v 0.640475 0.266705 -0.399237
v 0.640475 0.327517 -0.327594
v 0.640475 0.339456 -0.339532
v 0.640475 0.399161 -0.266782
v 0.640475 0.385122 -0.257401
v 0.640475 0.443526 -0.183781
v 0.640475 -0.266739 0.399118
v 0.640475 -0.183738 0.443483
v 0.538329 -0.266739 0.399118
v 0.538329 -0.339489 0.339413
v 0.640475 -0.339489 0.339413
v 0.538329 -0.399194 0.266662
v 0.640475 -0.399194 0.266662
v 0.538329 -0.443559 0.183661
v 0.640475 -0.443559 0.183661
v 0.538329 -0.470879 0.093601
v 0.640475 -0.470879 0.093601
v 0.538329 -0.480104 -0.000060
v 0.640475 0.443526 0.183661
v 0.640475 0.470845 0.093601
v 0.538329 0.443526 0.183661
v 0.538329 0.399161 0.266662
v 0.640475 0.399161 0.266662
v 0.538329 0.339456 0.339413
v 0.640475 0.339456 0.339413
v 0.538329 0.266705 0.399118
v 0.640475 0.266705 0.399118
v 0.538329 0.183704 0.443483
v 0.640475 0.183704 0.443483
v 0.538329 0.093644 0.470802
v 0.640475 0.093644 0.470802
v 0.538329 -0.000017 0.480027
v 0.640475 -0.000017 0.480027
v 0.538329 -0.093677 0.470802
v 0.640475 -0.093677 0.470802
v 0.538329 -0.183738 0.443483
v 0.640475 0.093644 -0.470922
v 0.640475 -0.000017 -0.480147
v 0.538329 0.093644 -0.470922
v 0.538329 0.183704 -0.443603
v 0.640475 0.183704 -0.443603
v 0.538329 0.266705 -0.399237
v 0.640475 0.266705 -0.399237
v 0.538329 0.339456 -0.339532
v 0.640475 0.339456 -0.339532
v 0.538329 0.399161 -0.266782
v 0.640475 0.399161 -0.266782
v 0.538329 0.443526 -0.183781
v 0.640475 0.443526 -0.183781
v 0.538329 0.470846 -0.093720
v 0.640475 0.470845 -0.093720
v 0.538329 0.480070 -0.000060
v 0.640475 0.480070 -0.000060
v 0.538329 0.470846 0.093601
v 0.640475 -0.480104 -0.000060
v 0.538329 -0.470879 -0.093720
v 0.640475 -0.470879 -0.093720
v 0.538329 -0.443559 -0.183781
v 0.640475 -0.443559 -0.183781
v 0.538329 -0.399194 -0.266782
v 0.640475 -0.399194 -0.266782
v 0.538329 -0.339489 -0.339532
v 0.640475 -0.339489 -0.339532
v 0.538329 -0.266739 -0.399237
v 0.640475 -0.266739 -0.399237
v 0.538329 -0.183738 -0.443603
v 0.640475 -0.183738 -0.443603
v 0.538329 -0.093677 -0.470922
v 0.640475 -0.093677 -0.470922
v 0.538329 -0.000017 -0.480147
v 0.589402 -0.587357 0.039266
v 0.589402 -0.435734 0.039266
v 0.561594 -0.435734 0.027748
v 0.561594 -0.587357 0.027748
v 0.561594 -0.587357 0.027748
v 0.561594 -0.435734 0.027748
v 0.550076 -0.435734 -0.000060
v 0.550076 -0.587357 -0.000060
v 0.550076 -0.587357 -0.000060
v 0.550076 -0.435734 -0.000060
v 0.561594 -0.435734 -0.027868
v 0.561594 -0.587357 -0.027868
v 0.561594 -0.587357 -0.027868
v 0.561594 -0.435734 -0.027868
v 0.589402 -0.435734 -0.039386
v 0.589402 -0.587357 -0.039386
v 0.589402 -0.587357 -0.039386
v 0.589402 -0.435734 -0.039386
v 0.617210 -0.435734 -0.027868
v 0.617210 -0.587357 -0.027868
v 0.617210 -0.587357 -0.027868
v 0.617210 -0.435734 -0.027868
v 0.628728 -0.435734 -0.000060
v 0.628728 -0.587357 -0.000060
v 0.628728 -0.587357 -0.000060
v 0.628728 -0.435734 -0.000060
v 0.617210 -0.435734 0.027748
v 0.617210 -0.587357 0.027748
v 0.617210 -0.587357 0.027748
v 0.617210 -0.435734 0.027748
v 0.589402 -0.435734 0.039266
v 0.589402 -0.587357 0.039266
v 0.544713 -0.485211 0.091971
v 0.544713 -0.485211 -0.092090
v 0.544713 -0.542668 -0.092090
v 0.544713 -0.542668 0.091971
v 0.633722 -0.561821 0.091971
v 0.633722 -0.542668 0.091971
v 0.589402 -0.542668 0.102086
v 0.589402 -0.561821 0.102086
v -0.381921 0.231002 -0.095751
v -0.381976 0.238823 -0.098990
v -0.381921 0.176797 -0.176873
v -0.381921 0.250036 -0.000060
v -0.381976 0.258502 -0.000060
v -0.380097 -0.243758 -0.101021
v -0.380097 -0.263841 -0.000060
v -0.381976 -0.238856 -0.098990
v -0.381976 -0.182817 -0.182860
v -0.380097 -0.186568 -0.186611
v -0.380097 -0.100978 -0.243802
v -0.381976 -0.098947 -0.238900
v -0.380097 -0.000017 -0.263884
v -0.381976 -0.000017 -0.258578
v -0.381976 0.098914 -0.238900
v -0.381921 -0.000017 -0.250112
v -0.381921 0.095675 -0.231078
v -0.381976 0.182784 -0.182860
v -0.380097 0.243725 -0.101021
v -0.380097 0.263808 -0.000060
v -0.381976 0.238823 0.098871
v -0.380097 0.100945 -0.243802
v -0.380097 0.186535 -0.186611
v -0.381921 -0.250069 -0.000060
v -0.381921 -0.231035 -0.095751
v -0.381921 -0.176830 -0.176873
v -0.381921 -0.095708 -0.231078
v -0.381921 -0.231035 0.095631
v -0.381976 -0.238856 0.098871
v -0.381921 -0.176830 0.176754
v -0.381976 -0.258535 -0.000060
v -0.381921 0.231002 0.095631
v -0.381921 0.176797 0.176754
v -0.381976 0.182784 0.182740
v -0.381976 0.098914 0.238780
v -0.380097 0.100945 0.243682
v -0.380097 -0.000017 0.263764
v -0.381976 -0.000017 0.258458
v -0.381976 -0.098947 0.238780
v -0.381921 -0.000017 0.249992
v -0.381921 -0.095708 0.230958
v -0.381976 -0.182817 0.182740
v -0.380097 -0.243758 0.100901
v -0.381921 0.095675 0.230958
v -0.380097 -0.100978 0.243682
v -0.380097 -0.186568 0.186492
v -0.380097 0.243725 0.100901
v -0.380097 0.186535 0.186492
v 0.879387 -0.223859 -0.922562
v 0.916696 -0.223858 -0.885253
v 0.878156 -0.228087 -0.883103
v -0.391717 0.094357 0.227777
v -0.391717 -0.000017 0.246549
v -0.388816 0.095172 0.229747
v -0.388816 0.175870 0.175827
v -0.391717 0.174362 0.174319
v -0.391717 0.227821 0.094313
v -0.388816 0.229790 0.095129
v -0.391717 0.246593 -0.000060
v -0.388816 0.248725 -0.000060
v -0.388816 -0.248758 -0.000060
v -0.391717 -0.246626 -0.000060
v -0.388816 -0.229823 -0.095249
v -0.388816 -0.229823 0.095129
v -0.391717 -0.227854 0.094313
v -0.388816 -0.175903 0.175827
v -0.391717 -0.174395 0.174319
v -0.391717 -0.094390 0.227777
v -0.388816 -0.095206 0.229747
v -0.388816 -0.000017 0.248681
v -0.381921 -0.000017 0.249992
v -0.381921 0.095675 0.230958
v -0.381921 0.176797 0.176754
v -0.381921 0.231002 0.095631
v -0.381921 0.250036 -0.000060
v -0.381921 -0.250069 -0.000060
v -0.381921 -0.231035 0.095631
v -0.381921 -0.176830 0.176754
v -0.381921 -0.095708 0.230958
v -0.388816 0.229790 -0.095249
v -0.391717 0.227821 -0.094433
v -0.388816 0.175870 -0.175946
v -0.391717 0.174362 -0.174439
v -0.391717 0.094357 -0.227897
v -0.388816 0.095172 -0.229867
v -0.391717 -0.000017 -0.246669
v -0.388816 -0.000017 -0.248801
v -0.388816 -0.095206 -0.229867
v -0.381921 -0.000017 -0.250112
v -0.381921 -0.095708 -0.231078
v -0.388816 -0.175903 -0.175946
v -0.381921 -0.176830 -0.176873
v -0.381921 -0.231035 -0.095751
v -0.381921 0.231002 -0.095751
v -0.381921 0.176797 -0.176873
v -0.381921 0.095675 -0.231078
v -0.391717 -0.094390 -0.227897
v -0.391717 -0.174395 -0.174439
v -0.391717 -0.227854 -0.094433
v -0.464499 -0.025553 -0.000060
v -0.502804 -0.025553 -0.000060
v -0.502804 -0.018074 -0.018117
v -0.464499 -0.018074 -0.018117
v -0.464499 -0.018074 -0.018117
v -0.502804 -0.018074 -0.018117
v -0.502804 -0.000017 -0.025596
v -0.464499 -0.000017 -0.025596
v -0.464499 -0.000017 -0.025596
v -0.502804 -0.000017 -0.025596
v -0.502804 0.018041 -0.018117
v -0.464499 0.018041 -0.018117
v -0.464499 0.018041 -0.018117
v -0.502804 0.018041 -0.018117
v -0.502804 0.025520 -0.000060
v -0.464499 0.025520 -0.000060
v -0.464499 0.025520 -0.000060
v -0.502804 0.025520 -0.000060
v -0.502804 0.018041 0.017997
v -0.464499 0.018041 0.017997
v -0.464499 0.018041 0.017997
v -0.502804 0.018041 0.017997
v -0.502804 -0.000017 0.025477
v -0.464499 -0.000017 0.025477
v -0.464499 -0.000017 0.025477
v -0.502804 -0.000017 0.025477
v -0.502804 -0.018074 0.017997
v -0.464499 -0.018074 0.017997
v -0.464499 -0.018074 0.017997
v -0.502804 -0.018074 0.017997
v -0.502804 -0.025553 -0.000060
v -0.464499 -0.025553 -0.000060
v -0.395628 -0.129355 0.223960
v -0.393024 -0.121550 0.232923
v -0.386435 -0.119328 0.229074
v -0.389038 -0.127132 0.220111
v -0.393024 -0.121550 0.232923
v -0.386738 -0.122177 0.243322
v -0.380149 -0.119955 0.239472
v -0.386435 -0.119328 0.229074
v -0.380149 -0.119955 0.239472
v -0.386738 -0.122177 0.243322
v -0.380453 -0.130869 0.249064
v -0.373863 -0.128647 0.245215
v -0.373863 -0.128647 0.245215
v -0.380453 -0.130869 0.249064
v -0.377850 -0.142533 0.246787
v -0.371260 -0.140311 0.242937
v -0.371260 -0.140311 0.242937
v -0.377850 -0.142533 0.246787
v -0.380453 -0.150338 0.237823
v -0.373864 -0.148116 0.233974
v -0.380453 -0.150338 0.237823
v -0.386739 -0.149711 0.227425
v -0.380149 -0.147489 0.223576
v -0.373864 -0.148116 0.233974
v -0.386739 -0.149711 0.227425
v -0.393024 -0.141019 0.221683
v -0.386435 -0.138797 0.217834
v -0.380149 -0.147489 0.223576
v -0.386435 -0.138797 0.217834
v -0.393024 -0.141019 0.221683
v -0.395628 -0.129355 0.223960
v -0.389038 -0.127132 0.220111
v -0.399299 -0.093878 0.202255
v -0.407124 -0.096517 0.206825
v -0.370953 -0.123330 0.253267
v -0.363128 -0.120691 0.248696
v -0.401214 -0.123910 0.181638
v -0.409039 -0.126549 0.186208
v -0.409039 -0.098064 0.202654
v -0.401214 -0.095425 0.198083
v -0.370953 -0.157747 0.233396
v -0.407124 -0.130934 0.186955
v -0.399299 -0.128295 0.182384
v -0.363128 -0.155108 0.228826
v -0.369038 -0.127716 0.254013
v -0.369038 -0.156201 0.237568
v -0.361212 -0.153562 0.232997
v -0.361212 -0.125077 0.249443
v -0.370953 -0.123330 0.253267
v -0.369038 -0.127716 0.254013
v -0.361212 -0.125077 0.249443
v -0.363128 -0.120691 0.248696
v -0.361212 -0.153562 0.232997
v -0.369038 -0.156201 0.237568
v -0.370953 -0.157747 0.233396
v -0.363128 -0.155108 0.228826
v -0.399299 -0.128295 0.182384
v -0.407124 -0.130934 0.186955
v -0.409039 -0.126549 0.186208
v -0.401214 -0.123910 0.181638
v -0.409039 -0.098064 0.202654
v -0.407124 -0.096517 0.206825
v -0.399299 -0.093878 0.202255
v -0.401214 -0.095425 0.198083
v -0.395628 -0.224036 0.129278
v -0.393024 -0.221759 0.140943
v -0.386435 -0.217910 0.138720
v -0.389038 -0.220187 0.127056
v -0.386435 -0.217910 0.138720
v -0.393024 -0.221759 0.140943
v -0.386738 -0.227502 0.149634
v -0.380149 -0.223652 0.147412
v -0.380149 -0.223652 0.147412
v -0.386738 -0.227502 0.149634
v -0.380453 -0.237900 0.150261
v -0.373863 -0.234051 0.148039
v -0.380453 -0.237900 0.150261
v -0.377850 -0.246863 0.142457
v -0.371260 -0.243014 0.140235
v -0.373863 -0.234051 0.148039
v -0.377850 -0.246863 0.142457
v -0.380453 -0.249140 0.130792
v -0.373864 -0.245291 0.128570
v -0.371260 -0.243014 0.140235
v -0.380453 -0.249140 0.130792
v -0.386739 -0.243398 0.122101
v -0.380149 -0.239549 0.119879
v -0.373864 -0.245291 0.128570
v -0.380149 -0.239549 0.119879
v -0.386739 -0.243398 0.122101
v -0.393024 -0.233000 0.121474
v -0.386435 -0.229150 0.119251
v -0.386435 -0.229150 0.119251
v -0.393024 -0.233000 0.121474
v -0.395628 -0.224036 0.129278
v -0.389038 -0.220187 0.127056
v -0.399299 -0.182461 0.128219
v -0.407124 -0.187031 0.130858
v -0.370953 -0.233473 0.157671
v -0.363128 -0.228902 0.155032
v -0.409039 -0.202731 0.097987
v -0.409039 -0.186285 0.126472
v -0.401214 -0.181714 0.123833
v -0.401214 -0.198160 0.095348
v -0.370953 -0.253344 0.123254
v -0.407124 -0.206902 0.096441
v -0.399299 -0.202331 0.093802
v -0.363128 -0.248773 0.120615
v -0.361212 -0.233073 0.153485
v -0.369038 -0.237644 0.156125
v -0.369038 -0.254090 0.127640
v -0.361212 -0.249519 0.125001
v -0.370953 -0.233473 0.157671
v -0.369038 -0.237644 0.156125
v -0.361212 -0.233073 0.153485
v -0.363128 -0.228902 0.155032
v -0.361212 -0.249519 0.125001
v -0.369038 -0.254090 0.127640
v -0.370953 -0.253344 0.123254
v -0.363128 -0.248773 0.120615
v -0.399299 -0.202331 0.093802
v -0.407124 -0.206902 0.096441
v -0.409039 -0.202731 0.097987
v -0.401214 -0.198160 0.095348
v -0.409039 -0.186285 0.126472
v -0.407124 -0.187031 0.130858
v -0.399299 -0.182461 0.128219
v -0.401214 -0.181714 0.123833
v -0.395628 -0.258693 -0.000060
v -0.393024 -0.262553 0.011181
v -0.386435 -0.258108 0.011181
v -0.389038 -0.254248 -0.000060
v -0.393024 -0.262553 0.011181
v -0.386738 -0.271871 0.015837
v -0.380149 -0.267427 0.015837
v -0.386435 -0.258108 0.011181
v -0.386738 -0.271871 0.015837
v -0.380453 -0.281190 0.011181
v -0.373863 -0.276746 0.011181
v -0.380149 -0.267427 0.015837
v -0.380453 -0.281190 0.011181
v -0.377850 -0.285050 -0.000060
v -0.371260 -0.280605 -0.000060
v -0.373863 -0.276746 0.011181
v -0.371260 -0.280605 -0.000060
v -0.377850 -0.285050 -0.000060
v -0.380453 -0.281190 -0.011300
v -0.373864 -0.276746 -0.011300
v -0.380453 -0.281190 -0.011300
v -0.386739 -0.271871 -0.015956
v -0.380149 -0.267427 -0.015956
v -0.373864 -0.276746 -0.011300
v -0.386739 -0.271871 -0.015956
v -0.393024 -0.262553 -0.011300
v -0.386435 -0.258108 -0.011300
v -0.380149 -0.267427 -0.015956
v -0.386435 -0.258108 -0.011300
v -0.393024 -0.262553 -0.011300
v -0.395628 -0.258693 -0.000060
v -0.389038 -0.254248 -0.000060
v -0.407124 -0.227435 0.019811
v -0.370953 -0.281061 0.019811
v -0.363128 -0.275783 0.019811
v -0.399299 -0.222157 0.019811
v -0.401214 -0.219318 -0.016506
v -0.409039 -0.224596 -0.016506
v -0.409039 -0.224596 0.016386
v -0.401214 -0.219318 0.016386
v -0.363128 -0.275783 -0.019931
v -0.370953 -0.281061 -0.019931
v -0.407124 -0.227435 -0.019931
v -0.399299 -0.222157 -0.019931
v -0.361212 -0.278622 0.016386
v -0.369038 -0.283900 0.016386
v -0.369038 -0.283900 -0.016506
v -0.361212 -0.278622 -0.016506
v -0.363128 -0.275783 0.019811
v -0.370953 -0.281061 0.019811
v -0.369038 -0.283900 0.016386
v -0.361212 -0.278622 0.016386
v -0.369038 -0.283900 -0.016506
v -0.370953 -0.281061 -0.019931
v -0.363128 -0.275783 -0.019931
v -0.361212 -0.278622 -0.016506
v -0.399299 -0.222157 -0.019931
v -0.407124 -0.227435 -0.019931
v -0.409039 -0.224596 -0.016506
v -0.401214 -0.219318 -0.016506
v -0.409039 -0.224596 0.016386
v -0.407124 -0.227435 0.019811
v -0.399299 -0.222157 0.019811
v -0.401214 -0.219318 0.016386
v -0.477267 -0.043899 -0.043943
v -0.477267 -0.044968 -0.045011
v -0.477267 -0.058749 -0.024387
v -0.477267 -0.057352 -0.023809
v -0.476123 -0.042805 -0.042849
v -0.476123 -0.023174 -0.055966
v -0.476123 -0.055923 -0.023217
v -0.477267 -0.062076 -0.000060
v -0.477267 -0.063588 -0.000060
v -0.477267 -0.058749 0.024268
v -0.476095 -0.060075 0.024817
v -0.476095 -0.045984 0.045907
v -0.477267 -0.044968 0.044892
v -0.476123 -0.060529 -0.000060
v -0.476123 -0.000017 -0.060572
v -0.477267 -0.000017 -0.062119
v -0.464499 -0.000017 -0.047904
v -0.464499 -0.018326 -0.044262
v -0.464499 -0.033847 -0.033891
v -0.464499 -0.044218 -0.018369
v -0.464499 -0.047860 -0.000060
v -0.476123 -0.055923 0.023097
v -0.477267 -0.057352 0.023689
v -0.477267 -0.043899 0.043823
v -0.477267 -0.024344 0.058672
v -0.476095 -0.024894 0.059999
v -0.476123 -0.042805 0.042729
v -0.476095 -0.000017 0.064947
v -0.477267 -0.000017 0.063511
v -0.464499 -0.027732 0.066851
v -0.464499 -0.000017 0.072365
v -0.464499 0.027699 0.066851
v -0.464499 -0.044218 0.018249
v -0.464499 -0.033847 0.033771
v -0.464499 -0.018326 0.044142
v -0.476123 -0.023174 0.055846
v -0.477267 -0.023766 0.057276
v -0.477267 -0.000017 0.062000
v -0.477267 0.024311 0.058672
v -0.476095 0.024861 0.059999
v -0.476095 0.045950 0.045907
v -0.477267 0.044935 0.044892
v -0.477267 0.058715 0.024268
v -0.477267 0.043866 0.043823
v -0.477267 0.057319 0.023689
v -0.476123 0.055890 0.023097
v -0.476123 -0.000017 0.060453
v -0.477267 0.062043 -0.000060
v -0.477267 0.023733 0.057276
v -0.476123 0.023141 0.055846
v -0.464499 -0.000017 0.047784
v -0.476123 0.060496 -0.000060
v -0.464499 0.047827 -0.000060
v -0.464499 0.044185 0.018249
v -0.476123 0.042772 0.042729
v -0.464499 0.018293 0.044142
v -0.464499 0.033814 0.033771
v -0.477267 0.057319 -0.023809
v -0.476123 0.055890 -0.023217
v -0.464499 0.044185 -0.018369
v -0.476123 0.042772 -0.042849
v -0.464499 0.033814 -0.033891
v -0.464499 0.018293 -0.044262
v -0.476123 0.023141 -0.055966
v -0.477267 0.043866 -0.043943
v -0.477267 0.058715 -0.024387
v -0.477267 0.063555 -0.000060
v -0.476095 0.060042 0.024817
v -0.477267 0.044935 -0.045011
v -0.464499 0.051195 0.051152
v -0.464499 0.066895 0.027656
v -0.476095 0.064991 -0.000060
v -0.476095 0.060042 -0.024937
v -0.476095 0.045950 -0.046027
v -0.477267 0.024311 -0.058792
v -0.477267 0.023733 -0.057396
v -0.464499 0.051195 -0.051272
v -0.464499 0.027699 -0.066971
v -0.464499 0.066895 -0.027776
v -0.464499 0.072408 -0.000060
v -0.476095 -0.024894 -0.060119
v -0.476095 -0.000017 -0.065067
v -0.464499 -0.027732 -0.066971
v -0.464499 -0.000017 -0.072485
v -0.476095 0.024861 -0.060119
v -0.477267 -0.000017 -0.063631
v -0.464499 -0.051229 0.051152
v -0.464499 -0.066928 0.027656
v -0.476095 -0.065024 -0.000060
v -0.476095 -0.060075 -0.024937
v -0.476095 -0.045984 -0.046027
v -0.477267 -0.024344 -0.058792
v -0.477267 -0.023766 -0.057396
v -0.464499 -0.072441 -0.000060
v -0.464499 -0.066928 -0.027776
v -0.464499 -0.051229 -0.051272
v -0.926379 -0.223890 0.885134
v -0.889070 -0.223891 0.922443
v -0.889070 -0.000016 0.922443
v -0.926379 -0.000016 0.885134
v -0.926379 0.223825 0.885134
v -0.889070 0.223826 0.922443
v -0.438963 0.081676 0.033778
v -0.438963 0.062508 0.062465
v -0.452484 0.082612 0.034166
v -0.452484 0.089420 -0.000060
v -0.438963 0.088406 -0.000060
v -0.438963 0.081676 -0.033898
v -0.452484 0.082612 -0.034286
v -0.438963 0.062508 -0.062585
v -0.452484 0.063224 -0.063301
v -0.438963 0.033821 -0.081752
v -0.452484 0.034209 -0.082688
v -0.452484 -0.000017 -0.089496
v -0.438963 -0.000017 -0.088483
v -0.452484 -0.034242 -0.082688
v -0.438963 -0.033855 -0.081752
v -0.452484 -0.063257 -0.063301
v -0.438963 -0.062541 -0.062585
v -0.452484 -0.082645 -0.034286
v -0.438963 -0.081709 -0.033898
v -0.452484 -0.089453 -0.000060
v -0.438963 -0.088439 -0.000060
v -0.438963 -0.081709 0.033778
v -0.452484 -0.082645 0.034166
v -0.438963 -0.062541 0.062465
v -0.452484 -0.063257 0.063181
v -0.438963 -0.033855 0.081633
v -0.452484 -0.034242 0.082569
v -0.452484 -0.000017 0.089376
v -0.438963 -0.000017 0.088363
v -0.452484 0.034209 0.082569
v -0.438963 0.033821 0.081633
v -0.452484 0.063224 0.063181
v -0.391717 -0.000017 -0.246669
v -0.391717 -0.094390 -0.227897
v -0.429510 -0.067332 -0.162573
v -0.391717 -0.174395 -0.174439
v -0.429510 -0.124399 -0.124442
v -0.429510 -0.162530 -0.067375
v -0.391717 -0.227854 -0.094433
v -0.429510 0.124366 -0.124442
v -0.429510 0.162497 -0.067375
v -0.391717 0.174362 -0.174439
v -0.429510 0.067299 -0.162573
v -0.391717 0.094357 -0.227897
v -0.429510 -0.000017 -0.175963
v -0.454740 -0.035503 -0.085731
v -0.454740 -0.065586 -0.065630
v -0.454740 -0.085688 -0.035546
v -0.429510 -0.175920 -0.000060
v -0.391717 -0.246626 -0.000060
v -0.391717 -0.227854 0.094313
v -0.429510 -0.162530 0.067255
v -0.391717 -0.174395 0.174319
v -0.429510 -0.124399 0.124322
v -0.429510 -0.067332 0.162454
v -0.391717 -0.094390 0.227777
v -0.391717 -0.000017 0.246549
v -0.454740 -0.092746 -0.000060
v -0.454740 -0.085688 0.035426
v -0.454740 0.065553 -0.065630
v -0.454740 0.085654 -0.035546
v -0.454740 0.035469 -0.085731
v -0.454740 -0.000017 -0.092789
v -0.454740 -0.065586 0.065510
v -0.454740 -0.035503 0.085611
v -0.429510 -0.000017 0.175843
v -0.429510 0.067299 0.162454
v -0.391717 0.094357 0.227777
v -0.391717 0.174362 0.174319
v -0.429510 0.124366 0.124322
v -0.429510 0.162497 0.067255
v -0.454740 0.085654 0.035426
v -0.429510 0.175887 -0.000060
v -0.454740 0.092713 -0.000060
v -0.391717 0.227821 -0.094433
v -0.391717 0.246593 -0.000060
v -0.391717 0.227821 0.094313
v -0.454740 -0.000017 0.092669
v -0.454740 0.035469 0.085611
v -0.454740 0.065553 0.065510
v -0.260213 -0.146275 0.353039
v -0.329868 -0.124399 0.300226
v -0.329868 -0.229845 0.229769
v -0.260213 -0.270267 0.270190
v -0.329868 -0.229845 0.229769
v -0.329868 -0.300302 0.124322
v -0.260213 -0.353115 0.146199
v -0.260213 -0.270267 0.270190
v 0.377350 -0.000017 -0.255432
v 0.377350 0.097710 -0.235993
v 0.419827 0.067299 -0.162573
v 0.419827 -0.000017 -0.175963
v 0.445985 -0.000017 -0.089734
v 0.445985 0.034300 -0.082909
v 0.419827 0.124366 -0.124442
v 0.377350 0.180559 -0.180635
v 0.320186 0.124366 -0.300346
v 0.320186 -0.000017 -0.325087
v 0.320186 -0.124399 -0.300346
v 0.250531 -0.000017 -0.382251
v 0.250531 -0.146275 -0.353159
v 0.171062 -0.162530 -0.392402
v 0.171062 -0.300302 -0.300346
v 0.250531 -0.270267 -0.270310
v 0.320186 0.229812 -0.229889
v 0.250531 0.146242 -0.353159
v 0.250531 0.270234 -0.270310
v 0.320186 -0.229846 -0.229889
v 0.250531 -0.353116 -0.146318
v 0.171062 -0.392359 -0.162573
v 0.084834 -0.318798 -0.318842
v 0.084834 -0.172540 -0.416569
v 0.171062 -0.000017 -0.424729
v 0.171062 0.162497 -0.392402
v 0.171062 0.300269 -0.300346
v 0.250531 0.353082 -0.146318
v 0.320186 0.300269 -0.124442
v 0.419827 -0.067332 -0.162573
v 0.377350 -0.097743 -0.235993
v 0.377350 -0.180592 -0.180635
v 0.320186 -0.300302 -0.124442
v 0.250531 -0.382208 -0.000060
v 0.171062 -0.424685 -0.000060
v 0.084834 -0.416525 -0.172583
v -0.004841 -0.325044 -0.325087
v -0.004841 -0.175920 -0.424729
v -0.004841 -0.000017 -0.459718
v -0.094516 -0.172540 -0.416569
v -0.094516 -0.000017 -0.450886
v -0.004841 -0.424685 -0.175963
v 0.320186 -0.325044 -0.000060
v 0.171062 -0.392359 0.162454
v -0.094516 0.172507 -0.416569
v -0.004841 0.175887 -0.424729
v -0.094516 -0.318798 -0.318842
v -0.180745 -0.162530 -0.392402
v -0.094516 -0.416525 -0.172583
v -0.004841 -0.459674 -0.000060
v 0.084834 -0.450842 -0.000060
v 0.084834 -0.416525 0.172463
v 0.084834 -0.318798 0.318722
v 0.171062 -0.300302 0.300226
v 0.171062 -0.162530 0.392283
v 0.250531 -0.146275 0.353039
v 0.250531 -0.000017 0.382132
v 0.320186 -0.124399 0.300226
v 0.320186 -0.000017 0.324967
v 0.377350 -0.000017 0.255312
v -0.004841 -0.424685 0.175844
v 0.320186 0.124366 0.300226
v 0.084833 -0.172540 0.416449
v 0.171062 -0.000017 0.424608
v 0.084833 -0.000017 0.450766
v -0.004841 -0.175920 0.424608
v -0.004841 -0.325044 0.324967
v -0.004841 -0.000017 0.459598
v 0.084833 0.172507 0.416449
v 0.171062 0.162497 0.392283
v 0.250531 0.146242 0.353039
v 0.320186 0.229812 0.229769
v 0.377350 0.180559 0.180516
v 0.320186 0.300269 0.124323
v 0.377350 0.235917 0.097667
v 0.377350 0.255355 -0.000060
v 0.320186 0.325010 -0.000060
v 0.250531 0.382175 -0.000060
v 0.250531 0.353082 0.146199
v 0.250531 0.270234 0.270190
v 0.171062 0.300269 0.300226
v 0.084834 0.318765 0.318722
v -0.004841 0.175887 0.424608
v -0.094516 0.172507 0.416449
v -0.094516 -0.000017 0.450766
v 0.171062 0.392326 0.162454
v -0.094516 -0.172540 0.416449
v -0.180745 -0.000017 0.424608
v -0.180745 0.162497 0.392283
v -0.094516 0.318765 0.318722
v -0.004841 0.325011 0.324967
v 0.084834 0.416492 0.172463
v 0.171062 0.424652 -0.000060
v 0.171062 0.392326 -0.162573
v 0.084834 0.416492 -0.172583
v 0.084834 0.318765 -0.318842
v -0.094516 0.416492 0.172463
v -0.004841 0.459641 -0.000060
v -0.094516 0.450809 -0.000060
v -0.004841 0.424652 0.175844
v 0.084834 0.450809 -0.000060
v -0.094516 -0.318798 0.318722
v -0.094516 -0.416525 0.172463
v -0.180745 -0.162530 0.392283
v -0.260213 -0.000017 0.382132
v -0.260213 0.146242 0.353039
v -0.180745 0.300269 0.300226
v -0.180745 0.392326 0.162454
v -0.180745 0.424652 -0.000060
v -0.094516 0.416492 -0.172583
v -0.004841 0.424652 -0.175963
v -0.004841 0.325011 -0.325087
v 0.084834 0.172507 -0.416569
v -0.180745 0.392326 -0.162573
v -0.260213 0.382175 -0.000060
v -0.260213 0.353082 0.146199
v -0.260213 0.270234 0.270190
v -0.329868 0.229812 0.229769
v -0.329868 0.124366 0.300226
v -0.329868 -0.000017 0.324967
v -0.329868 0.325011 -0.000060
v -0.329868 0.300269 0.124322
v -0.180745 -0.000017 -0.424729
v -0.180745 0.162497 -0.392402
v -0.094516 0.318765 -0.318842
v -0.180745 0.300269 -0.300346
v -0.260213 0.353082 -0.146318
v -0.329868 0.300269 -0.124442
v -0.380097 0.263808 -0.000060
v -0.380097 0.243725 0.100901
v -0.380097 0.186535 0.186492
v -0.380097 0.100945 0.243682
v -0.380097 -0.000017 0.263764
v -0.380097 0.243725 -0.101021
v -0.329868 0.229812 -0.229889
v -0.260213 0.270234 -0.270310
v -0.260213 0.146242 -0.353159
v -0.260213 -0.000017 -0.382252
v -0.329868 -0.000017 -0.325087
v -0.329868 0.124366 -0.300346
v -0.380097 -0.100978 0.243682
v -0.329868 -0.124399 0.300226
v -0.380097 0.186535 -0.186611
v -0.380097 0.100945 -0.243802
v -0.380097 -0.000017 -0.263884
v -0.329868 -0.124399 -0.300346
v -0.260213 -0.146275 -0.353159
v -0.180745 -0.300302 -0.300346
v -0.180745 -0.392359 -0.162573
v -0.180745 -0.424685 -0.000060
v -0.260213 -0.382208 -0.000060
v -0.180745 -0.392359 0.162454
v -0.260213 -0.353115 0.146199
v -0.180745 -0.300302 0.300226
v -0.260213 -0.270267 0.270190
v -0.260213 -0.146275 0.353039
v -0.329868 -0.300302 0.124322
v -0.329868 -0.325044 -0.000060
v -0.380097 -0.100978 -0.243802
v -0.329868 -0.229845 -0.229889
v -0.260213 -0.270267 -0.270310
v -0.260213 -0.353115 -0.146318
v -0.329868 -0.300302 -0.124442
v -0.380097 -0.263841 -0.000060
v -0.380097 -0.243758 0.100901
v -0.380097 -0.186568 -0.186611
v -0.380097 -0.243758 -0.101021
v -0.094516 -0.450842 -0.000060
v 0.445985 0.063393 0.063350
v 0.419827 0.124366 0.124323
v 0.445985 0.034300 0.082789
v 0.419827 0.067299 0.162454
v 0.419827 -0.000017 0.175844
v 0.419827 -0.067332 0.162454
v 0.377350 -0.097743 0.235873
v 0.377350 0.097710 0.235873
v 0.250531 -0.353116 0.146199
v 0.250531 -0.270267 0.270190
v 0.320186 -0.229846 0.229769
v 0.377350 -0.180592 0.180516
v 0.419827 -0.124399 0.124323
v 0.445985 -0.034334 0.082789
v 0.445985 -0.000017 0.089615
v 0.454816 -0.000017 -0.000060
v 0.445985 0.082832 0.034257
v 0.419827 0.162497 0.067256
v 0.445985 0.089658 -0.000060
v 0.445985 -0.063426 0.063350
v 0.419827 -0.162530 0.067256
v 0.445985 -0.082865 0.034257
v 0.419827 0.175887 -0.000060
v 0.445985 0.082832 -0.034377
v 0.445985 0.063393 -0.063470
v 0.445985 -0.063426 -0.063470
v 0.445985 -0.034334 -0.082909
v 0.419827 0.162497 -0.067375
v 0.377350 0.235917 -0.097787
v 0.419827 -0.175920 -0.000060
v 0.445985 -0.089691 -0.000060
v 0.445985 -0.082865 -0.034377
v 0.419827 -0.124399 -0.124442
v 0.377350 -0.235950 -0.097787
v 0.377350 -0.255389 -0.000060
v 0.320186 -0.300302 0.124323
v 0.377350 -0.235950 0.097667
v 0.419827 -0.162530 -0.067375
v -0.604950 0.030044 0.436855
v -0.579414 0.030044 0.436855
v -0.579414 -0.030077 0.436855
v -0.604950 -0.030077 0.436855
v -0.770938 -0.045438 0.523439
v -0.770938 -0.045438 0.548976
v -0.770938 0.045405 0.548976
v -0.770938 0.045405 0.523439
v -0.770938 -0.045438 0.523439
v -0.770938 0.045405 0.523439
v -0.604950 0.045405 0.523439
v -0.604950 -0.045438 0.523439
v -0.579414 0.045405 0.456805
v -0.579414 0.045405 0.523439
v -0.579414 -0.030077 0.436855
v -0.579414 0.030044 0.436855
v -0.579414 0.045405 0.548976
v -0.579414 -0.045438 0.548976
v -0.579414 -0.045438 0.523439
v -0.579414 -0.045438 0.456805
v -0.604950 -0.025553 0.472366
v -0.630487 -0.025553 0.472366
v -0.630487 -0.012785 0.450251
v -0.604950 -0.012785 0.450251
v -0.604950 -0.012785 0.450251
v -0.630487 -0.012785 0.450251
v -0.630487 0.012752 0.450251
v -0.604950 0.012752 0.450251
v -0.604950 0.012752 0.450251
v -0.630487 0.012752 0.450251
v -0.630487 0.025520 0.472366
v -0.604950 0.025520 0.472366
v -0.604950 0.025520 0.472366
v -0.630487 0.025520 0.472366
v -0.630487 0.012752 0.494481
v -0.604950 0.012752 0.494481
v -0.604950 0.012752 0.494481
v -0.630487 0.012752 0.494481
v -0.630487 -0.012785 0.494481
v -0.604950 -0.012785 0.494481
v -0.604950 -0.012785 0.494481
v -0.630487 -0.012785 0.494481
v -0.630487 -0.025553 0.472366
v -0.604950 -0.025553 0.472366
v -0.604950 0.416344 0.135740
v -0.579413 0.416344 0.135740
v -0.579413 0.393823 0.191482
v -0.604950 0.393823 0.191482
v -0.770938 0.492025 0.247727
v -0.770938 0.526057 0.163498
v -0.770938 0.502379 0.153932
v -0.770938 0.468348 0.238161
v -0.770938 0.468348 0.238161
v -0.770938 0.502379 0.153932
v -0.604950 0.502379 0.153932
v -0.604950 0.468348 0.238161
v -0.579413 0.440596 0.128970
v -0.579413 0.502379 0.153932
v -0.579413 0.393823 0.191482
v -0.579413 0.416344 0.135740
v -0.579413 0.526057 0.163498
v -0.579413 0.492025 0.247727
v -0.579413 0.468348 0.238161
v -0.579413 0.406566 0.213199
v -0.604950 0.428443 0.200591
v -0.630486 0.428443 0.200591
v -0.630486 0.412721 0.180468
v -0.604950 0.412721 0.180468
v -0.604950 0.412721 0.180468
v -0.630486 0.412721 0.180468
v -0.630486 0.422287 0.156791
v -0.604950 0.422287 0.156791
v -0.604950 0.422287 0.156791
v -0.630486 0.422287 0.156791
v -0.630486 0.447575 0.153237
v -0.604950 0.447575 0.153237
v -0.604950 0.447575 0.153237
v -0.630486 0.447575 0.153237
v -0.630486 0.463297 0.173360
v -0.604950 0.463297 0.173360
v -0.604950 0.463297 0.173360
v -0.630486 0.463297 0.173360
v -0.630486 0.453731 0.197037
v -0.604950 0.453731 0.197037
v -0.604950 0.453731 0.197037
v -0.630486 0.453731 0.197037
v -0.630486 0.428443 0.200591
v -0.604950 0.428443 0.200591
v -0.604950 0.392136 -0.195031
v -0.579413 0.392136 -0.195031
v -0.579413 0.415143 -0.139488
v -0.604950 0.415143 -0.139488
v -0.770938 0.524606 -0.168202
v -0.770938 0.489844 -0.252131
v -0.770938 0.466252 -0.242359
v -0.770938 0.501016 -0.158430
v -0.770938 0.501016 -0.158430
v -0.770938 0.466252 -0.242359
v -0.604950 0.466252 -0.242359
v -0.604950 0.501016 -0.158430
v -0.579413 0.466252 -0.242359
v -0.579413 0.489844 -0.252131
v -0.579413 0.524606 -0.168202
v -0.579413 0.501016 -0.158430
v -0.579413 0.392136 -0.195031
v -0.579413 0.439454 -0.132930
v -0.579413 0.415143 -0.139488
v -0.579413 0.404689 -0.216859
v -0.604950 0.446221 -0.157257
v -0.630486 0.446221 -0.157257
v -0.630486 0.420903 -0.160590
v -0.604950 0.420903 -0.160590
v -0.604950 0.420903 -0.160590
v -0.630486 0.420903 -0.160590
v -0.630486 0.411130 -0.184182
v -0.604950 0.411130 -0.184182
v -0.604950 0.411130 -0.184182
v -0.630486 0.411130 -0.184182
v -0.630486 0.426676 -0.204442
v -0.604950 0.426676 -0.204442
v -0.604950 0.426676 -0.204442
v -0.630486 0.426676 -0.204442
v -0.630486 0.451994 -0.201109
v -0.604950 0.451994 -0.201109
v -0.604950 0.451994 -0.201109
v -0.630486 0.451994 -0.201109
v -0.630486 0.461766 -0.177516
v -0.604950 0.461766 -0.177516
v -0.604950 0.461766 -0.177516
v -0.630486 0.461766 -0.177516
v -0.630486 0.446221 -0.157257
v -0.604950 0.446221 -0.157257
v -0.604950 -0.030076 -0.436974
v -0.579413 -0.030076 -0.436974
v -0.579413 0.030044 -0.436974
v -0.604950 0.030044 -0.436974
v -0.770938 0.045405 -0.523559
v -0.770938 0.045405 -0.549096
v -0.770938 -0.045438 -0.549096
v -0.770938 -0.045438 -0.523559
v -0.770938 0.045405 -0.523559
v -0.770938 -0.045438 -0.523559
v -0.604950 -0.045438 -0.523559
v -0.604950 0.045405 -0.523559
v -0.579413 -0.045438 -0.523559
v -0.579413 -0.045438 -0.549096
v -0.579413 0.045405 -0.549096
v -0.579413 0.045405 -0.523559
v -0.579413 -0.030076 -0.436974
v -0.579413 0.045405 -0.456924
v -0.579413 0.030044 -0.436974
v -0.579413 -0.045438 -0.456924
v -0.604950 -0.428476 -0.200711
v -0.630487 -0.428476 -0.200711
v -0.630487 -0.412754 -0.180588
v -0.604950 -0.412754 -0.180588
v -0.604950 -0.412754 -0.180588
v -0.630487 -0.412754 -0.180588
v -0.630487 -0.422320 -0.156911
v -0.604950 -0.422320 -0.156911
v -0.604950 -0.422320 -0.156911
v -0.630487 -0.422320 -0.156911
v -0.630487 -0.447608 -0.153357
v -0.604950 -0.447608 -0.153357
v -0.604950 -0.447608 -0.153357
v -0.630487 -0.447608 -0.153357
v -0.630487 -0.463330 -0.173480
v -0.604950 -0.463330 -0.173480
v -0.604950 -0.463330 -0.173480
v -0.630487 -0.463330 -0.173480
v -0.630487 -0.453764 -0.197157
v -0.604950 -0.453764 -0.197157
v -0.604950 -0.453764 -0.197157
v -0.630487 -0.453764 -0.197157
v -0.630487 -0.428476 -0.200711
v -0.604950 -0.428476 -0.200711
v -0.604950 -0.446254 0.157137
v -0.630487 -0.446254 0.157137
v -0.630487 -0.420936 0.160470
v -0.604950 -0.420936 0.160470
v -0.604950 -0.420936 0.160470
v -0.630487 -0.420936 0.160470
v -0.630487 -0.411163 0.184063
v -0.604950 -0.411163 0.184063
v -0.604950 -0.411163 0.184063
v -0.630487 -0.411163 0.184063
v -0.630487 -0.426709 0.204322
v -0.604950 -0.426709 0.204322
v -0.604950 -0.426709 0.204322
v -0.630487 -0.426709 0.204322
v -0.630487 -0.452027 0.200989
v -0.604950 -0.452027 0.200989
v -0.604950 -0.452027 0.200989
v -0.630487 -0.452027 0.200989
v -0.630487 -0.461799 0.177397
v -0.604950 -0.461799 0.177397
v -0.604950 -0.461799 0.177397
v -0.630487 -0.461799 0.177397
v -0.630487 -0.446254 0.157137
v -0.604950 -0.446254 0.157137
v -0.604950 -0.392169 0.194912
v -0.579413 -0.392169 0.194912
v -0.579413 -0.415176 0.139368
v -0.604950 -0.415176 0.139368
v -0.770938 -0.524639 0.168082
v -0.770938 -0.489877 0.252011
v -0.770938 -0.466285 0.242238
v -0.770938 -0.501049 0.158310
v -0.770938 -0.501049 0.158310
v -0.770938 -0.466285 0.242238
v -0.604950 -0.466285 0.242238
v -0.604950 -0.501049 0.158310
v -0.579413 -0.404722 0.216739
v -0.579413 -0.466285 0.242238
v -0.579413 -0.415176 0.139368
v -0.579413 -0.392169 0.194912
v -0.579413 -0.489877 0.252011
v -0.579413 -0.524639 0.168082
v -0.579413 -0.501049 0.158310
v -0.579413 -0.439487 0.132810
v -0.579413 -0.301240 0.124711
v -0.579413 -0.271110 0.181079
v -0.528340 -0.301240 0.124711
v -0.528340 -0.319793 0.063548
v -0.579413 -0.319793 0.063548
v -0.528340 -0.326058 -0.000060
v -0.579413 -0.326058 -0.000060
v -0.528340 -0.319793 -0.063667
v -0.579413 -0.319793 -0.063667
v -0.528340 -0.301240 -0.124830
v -0.579413 -0.301240 -0.124830
v -0.528340 -0.271110 -0.181199
v -0.579413 0.181122 0.271034
v -0.579413 0.230530 0.230487
v -0.528340 0.181122 0.271034
v -0.528340 0.124754 0.301164
v -0.579413 0.124754 0.301164
v -0.528340 0.063591 0.319717
v -0.579413 0.063591 0.319717
v -0.528340 -0.000017 0.325982
v -0.579413 -0.000016 0.325982
v -0.528340 -0.063624 0.319717
v -0.579413 -0.063624 0.319717
v -0.528340 -0.124787 0.301164
v -0.579413 -0.124787 0.301164
v -0.528340 -0.181155 0.271034
v -0.579413 -0.181155 0.271034
v -0.528340 -0.230563 0.230487
v -0.579413 -0.230563 0.230487
v -0.528340 -0.271110 0.181079
v -0.579413 0.230530 -0.230606
v -0.579413 0.181122 -0.271154
v -0.528340 0.230530 -0.230606
v -0.528340 0.271077 -0.181199
v -0.579413 0.271077 -0.181199
v -0.528340 0.301207 -0.124830
v -0.579413 0.301207 -0.124830
v -0.528340 0.319760 -0.063667
v -0.579413 0.319760 -0.063667
v -0.528340 0.326025 -0.000060
v -0.579413 0.326025 -0.000060
v -0.528340 0.319760 0.063548
v -0.579413 0.319760 0.063548
v -0.528340 0.301207 0.124711
v -0.579413 0.301207 0.124711
v -0.528340 0.271077 0.181079
v -0.579413 0.271077 0.181079
v -0.528340 0.230530 0.230487
v -0.579413 -0.271110 -0.181199
v -0.528340 -0.230563 -0.230606
v -0.579413 -0.230563 -0.230606
v -0.528340 -0.181155 -0.271154
v -0.579413 -0.181155 -0.271154
v -0.528340 -0.124787 -0.301283
v -0.579413 -0.124787 -0.301283
v -0.528340 -0.063624 -0.319837
v -0.579413 -0.063624 -0.319837
v -0.528340 -0.000017 -0.326102
v -0.579413 -0.000016 -0.326102
v -0.528340 0.063591 -0.319837
v -0.579413 0.063591 -0.319837
v -0.528340 0.124754 -0.301283
v -0.579413 0.124754 -0.301283
v -0.528340 0.181122 -0.271154
v -0.528340 0.318974 0.369040
v -0.528340 0.282293 0.369040
v -0.579413 0.318974 0.369040
v -0.579413 0.350742 0.350698
v -0.528340 0.350742 0.350698
v -0.579413 0.369083 0.318931
v -0.528340 0.369083 0.318931
v -0.579413 0.369083 0.282249
v -0.528340 0.369083 0.282249
v -0.579413 0.350742 0.250482
v -0.528340 0.350742 0.250482
v -0.579413 0.318974 0.232141
v -0.528340 0.318974 0.232141
v -0.579413 0.282293 0.232141
v -0.528340 0.282293 0.232141
v -0.579413 0.250525 0.250482
v -0.528340 0.250525 0.250482
v -0.579413 0.232184 0.282249
v -0.528340 0.232184 0.282249
v -0.579413 0.232184 0.318931
v -0.528340 0.232184 0.318931
v -0.579413 0.250525 0.350699
v -0.528340 0.250525 0.350699
v -0.579413 0.282293 0.369040
v -0.528340 -0.282326 0.369040
v -0.528340 -0.319008 0.369040
v -0.579413 -0.282326 0.369040
v -0.579413 -0.250558 0.350698
v -0.528340 -0.250558 0.350698
v -0.579413 -0.232217 0.318931
v -0.528340 -0.232217 0.318931
v -0.579413 -0.232217 0.282249
v -0.528340 -0.232217 0.282249
v -0.579413 -0.250558 0.250482
v -0.528340 -0.250558 0.250482
v -0.579413 -0.282326 0.232141
v -0.528340 -0.282326 0.232141
v -0.579413 -0.319008 0.232141
v -0.528340 -0.319008 0.232141
v -0.579413 -0.350775 0.250482
v -0.528340 -0.350775 0.250482
v -0.579413 -0.369116 0.282249
v -0.528340 -0.369116 0.282249
v -0.579413 -0.369116 0.318931
v -0.528340 -0.369116 0.318931
v -0.579413 -0.350775 0.350698
v -0.528340 -0.350775 0.350698
v -0.579413 -0.319008 0.369040
v -0.528340 0.460599 -0.061430
v -0.528340 0.486537 -0.035492
v -0.579413 0.460599 -0.061430
v -0.579413 0.425167 -0.070924
v -0.528340 0.425167 -0.070924
v -0.579413 0.389735 -0.061430
v -0.528340 0.389735 -0.061430
v -0.579413 0.363797 -0.035492
v -0.528340 0.363797 -0.035492
v -0.579413 0.354303 -0.000060
v -0.528340 0.354303 -0.000060
v -0.579413 0.363797 0.035372
v -0.528340 0.363797 0.035372
v -0.579413 0.389735 0.061310
v -0.528340 0.389735 0.061310
v -0.579413 0.425167 0.070804
v -0.528340 0.425167 0.070804
v -0.579413 0.460599 0.061310
v -0.528340 0.460599 0.061310
v -0.579413 0.486537 0.035372
v -0.528340 0.486537 0.035372
v -0.579413 0.496031 -0.000060
v -0.528340 0.496031 -0.000060
v -0.579413 0.486537 -0.035492
v -0.528340 -0.369116 -0.282369
v -0.528340 -0.369116 -0.319051
v -0.579413 -0.369116 -0.282369
v -0.579413 -0.350775 -0.250601
v -0.528340 -0.350775 -0.250601
v -0.579413 -0.319008 -0.232261
v -0.528340 -0.319008 -0.232261
v -0.579413 -0.282326 -0.232261
v -0.528340 -0.282326 -0.232261
v -0.579413 -0.250558 -0.250601
v -0.528340 -0.250558 -0.250601
v -0.579413 -0.232217 -0.282369
v -0.528340 -0.232217 -0.282369
v -0.579413 -0.232217 -0.319051
v -0.528340 -0.232217 -0.319051
v -0.579413 -0.250558 -0.350818
v -0.528340 -0.250558 -0.350818
v -0.579413 -0.282326 -0.369159
v -0.528340 -0.282326 -0.369159
v -0.579413 -0.319008 -0.369159
v -0.528340 -0.319008 -0.369159
v -0.579413 -0.350775 -0.350818
v -0.528340 -0.350775 -0.350818
v -0.579413 -0.369116 -0.319051
v -0.528340 0.250525 -0.250601
v -0.528340 0.232184 -0.282369
v -0.579413 0.250525 -0.250601
v -0.579413 0.282293 -0.232261
v -0.528340 0.282293 -0.232261
v -0.579413 0.318975 -0.232261
v -0.528340 0.318975 -0.232261
v -0.579413 0.350742 -0.250601
v -0.528340 0.350742 -0.250601
v -0.579413 0.369083 -0.282369
v -0.528340 0.369083 -0.282369
v -0.579413 0.369083 -0.319051
v -0.528340 0.369083 -0.319051
v -0.579413 0.350742 -0.350818
v -0.528340 0.350742 -0.350818
v -0.579413 0.318975 -0.369159
v -0.528340 0.318975 -0.369159
v -0.579413 0.282293 -0.369159
v -0.528340 0.282293 -0.369159
v -0.579413 0.250525 -0.350818
v -0.528340 0.250525 -0.350818
v -0.579413 0.232184 -0.319051
v -0.528340 0.232184 -0.319051
v -0.579413 0.232184 -0.282369
v -0.579413 -0.425200 -0.070924
v -0.579413 -0.460632 -0.061430
v -0.528340 -0.425200 -0.070924
v -0.528340 -0.389768 -0.061430
v -0.579413 -0.389768 -0.061430
v -0.528340 -0.363830 -0.035492
v -0.579413 -0.363830 -0.035492
v -0.528340 -0.354336 -0.000060
v -0.579413 -0.354336 -0.000060
v -0.528340 -0.363830 0.035372
v -0.579413 -0.363830 0.035372
v -0.528340 -0.389768 0.061310
v -0.579413 -0.389768 0.061310
v -0.528340 -0.425200 0.070804
v -0.579413 -0.425200 0.070804
v -0.528340 -0.460632 0.061310
v -0.579413 -0.460632 0.061310
v -0.528340 -0.486570 0.035372
v -0.579413 -0.486570 0.035372
v -0.528340 -0.496064 -0.000060
v -0.579413 -0.496064 -0.000060
v -0.528340 -0.486570 -0.035492
v -0.579413 -0.486570 -0.035492
v -0.528340 -0.460632 -0.061430
v -0.528340 0.318975 -0.369159
v -0.528340 0.282293 -0.369159
v -0.528340 0.250525 -0.350818
v -0.528340 0.350742 -0.350818
v -0.528340 0.232184 -0.319051
v -0.528340 0.232184 -0.282369
v -0.528340 0.250525 -0.250601
v -0.528340 0.230530 -0.230606
v -0.528340 0.181122 -0.271154
v -0.528340 0.288696 -0.432148
v -0.528340 0.367445 -0.367521
v -0.528340 0.350742 -0.250601
v -0.528340 0.369083 -0.319051
v -0.528340 0.369083 -0.282369
v -0.528340 0.282293 -0.232261
v -0.528340 0.318975 -0.232261
v -0.528340 0.271077 -0.181199
v -0.528340 0.432072 -0.288772
v -0.528340 0.480094 -0.198928
v -0.528340 0.301207 -0.124830
v -0.528340 0.509667 -0.101442
v -0.528340 0.319760 -0.063667
v -0.528340 0.425167 -0.070924
v -0.528340 0.519652 -0.000060
v -0.528340 0.496031 -0.000060
v -0.528340 0.425167 0.070804
v -0.528340 0.486537 0.035372
v -0.528340 0.460599 0.061310
v -0.528340 0.509667 0.101322
v -0.528340 0.326025 -0.000060
v -0.528340 0.486537 -0.035492
v -0.528340 0.460599 -0.061430
v -0.528340 0.363797 0.035372
v -0.528340 0.389735 0.061310
v -0.528340 0.354303 -0.000060
v -0.528340 0.432072 0.288653
v -0.528340 0.367445 0.367401
v -0.528340 0.350742 0.250482
v -0.528340 0.271077 0.181079
v -0.528340 0.480094 0.198808
v -0.528340 0.301207 0.124711
v -0.528340 0.319760 0.063548
v -0.528340 0.363797 -0.035492
v -0.528340 0.389735 -0.061430
v -0.528340 0.318974 0.232141
v -0.528340 0.282293 0.232141
v -0.528340 0.250525 0.250482
v -0.528340 0.230530 0.230487
v -0.528340 0.232184 0.282249
v -0.528340 0.232184 0.318931
v -0.528340 0.250525 0.350699
v -0.528340 0.181122 0.271034
v -0.528340 0.318974 0.369040
v -0.528340 0.350742 0.350698
v -0.528340 0.282293 0.369040
v -0.528340 -0.288729 0.432029
v -0.528340 -0.367478 0.367401
v -0.528340 -0.250558 0.350698
v -0.528340 -0.181155 0.271034
v -0.528340 -0.198885 0.480051
v -0.528340 -0.124787 0.301164
v -0.528340 -0.101399 0.509623
v -0.528340 -0.063624 0.319717
v -0.528340 -0.000017 0.325982
v -0.528340 -0.000017 0.519609
v -0.528340 0.101366 0.509623
v -0.528340 0.063591 0.319717
v -0.528340 0.124754 0.301164
v -0.528340 0.198852 0.480051
v -0.528340 0.288696 0.432029
v -0.528340 0.369083 0.318931
v -0.528340 0.369083 0.282249
v -0.926378 -0.223890 -0.885254
v -0.889070 -0.223891 -0.922563
v -0.887839 -0.228119 -0.883103
v -0.528340 -0.369116 0.318931
v -0.528340 -0.350775 0.350698
v -0.528340 -0.350775 0.250482
v -0.528340 -0.369116 0.282249
v -0.528340 -0.282326 0.232141
v -0.528340 -0.319008 0.232141
v -0.528340 -0.250558 0.250482
v -0.528340 -0.230563 0.230487
v -0.528340 -0.271110 0.181079
v -0.528340 -0.232217 0.318931
v -0.528340 -0.232217 0.282249
v -0.528340 -0.319008 0.369040
v -0.528340 -0.282326 0.369040
v -0.528340 -0.432105 0.288653
v -0.528340 -0.480128 0.198808
v -0.528340 -0.301240 0.124711
v -0.528340 -0.509700 0.101322
v -0.528340 -0.319793 0.063548
v -0.528340 -0.425200 0.070804
v -0.528340 -0.519685 -0.000060
v -0.528340 -0.496064 -0.000060
v -0.528340 -0.425200 -0.070924
v -0.528340 -0.486570 -0.035492
v -0.528340 -0.460632 -0.061430
v -0.528340 -0.509700 -0.101442
v -0.528340 -0.326058 -0.000060
v -0.528340 -0.486570 0.035372
v -0.528340 -0.460632 0.061310
v -0.528340 -0.363830 -0.035492
v -0.528340 -0.389768 -0.061430
v -0.528340 -0.354336 -0.000060
v -0.528340 -0.432105 -0.288772
v -0.528340 -0.367478 -0.367521
v -0.528340 -0.350775 -0.250601
v -0.528340 -0.271110 -0.181199
v -0.528340 -0.480128 -0.198928
v -0.528340 -0.301240 -0.124830
v -0.528340 -0.319793 -0.063667
v -0.528340 -0.363830 0.035372
v -0.528340 -0.389768 0.061310
v -0.528340 -0.319008 -0.232261
v -0.528340 -0.282326 -0.232261
v -0.528340 -0.250558 -0.250601
v -0.528340 -0.230563 -0.230606
v -0.528340 -0.232217 -0.282369
v -0.528340 -0.232217 -0.319051
v -0.528340 -0.250558 -0.350818
v -0.528340 -0.181155 -0.271154
v -0.528340 -0.319008 -0.369159
v -0.528340 -0.350775 -0.350818
v -0.528340 -0.282326 -0.369159
v -0.528340 -0.369116 -0.319051
v -0.528340 -0.369116 -0.282369
v -0.528340 -0.288729 -0.432148
v -0.528340 -0.198885 -0.480171
v -0.528340 -0.124787 -0.301283
v -0.528340 -0.101399 -0.509743
v -0.528340 -0.063624 -0.319837
v -0.528340 -0.000017 -0.326102
v -0.528340 -0.000017 -0.519729
v -0.528340 0.101366 -0.509743
v -0.528340 0.063591 -0.319837
v -0.528340 0.124754 -0.301283
v -0.528340 0.198852 -0.480171
v -0.888651 0.147360 -0.550178
v -0.888651 0.284744 -0.493273
v -0.888651 0.402717 -0.402749
v -0.888651 0.020060 -0.566940
v -0.886858 0.021417 -0.830233
v -0.888528 0.733475 -0.830667
v -0.888528 0.830590 -0.733551
v -0.886858 0.830156 -0.021494
v -0.888651 0.566905 -0.020091
v -0.888651 0.550148 -0.147391
v -0.888651 0.493242 -0.284775
v -0.579413 0.318974 0.369040
v -0.579413 0.282293 0.369040
v -0.579413 0.250525 0.350699
v -0.579413 0.350742 0.350698
v -0.579413 0.232184 0.318931
v -0.579413 0.232184 0.282249
v -0.579413 0.250525 0.250482
v -0.579413 0.230530 0.230487
v -0.579413 0.181122 0.271034
v -0.579414 0.288696 0.432029
v -0.579413 0.367445 0.367401
v -0.579413 0.350742 0.250482
v -0.579413 0.369083 0.318931
v -0.579413 0.369083 0.282249
v -0.579413 0.282293 0.232141
v -0.579413 0.318974 0.232141
v -0.579413 0.271077 0.181079
v -0.579413 0.432072 0.288653
v -0.579413 0.480094 0.198808
v -0.579413 0.301207 0.124711
v -0.579413 0.509667 0.101322
v -0.579413 0.319760 0.063548
v -0.579413 0.425167 0.070804
v -0.579413 0.519652 -0.000060
v -0.579413 0.496031 -0.000060
v -0.579413 0.425167 -0.070924
v -0.579413 0.486537 -0.035492
v -0.579413 0.460599 -0.061430
v -0.579413 0.509667 -0.101442
v -0.579413 0.326025 -0.000060
v -0.579413 0.486537 0.035372
v -0.579413 0.460599 0.061310
v -0.579413 0.363797 -0.035492
v -0.579413 0.389735 -0.061430
v -0.579413 0.354303 -0.000060
v -0.579413 0.432072 -0.288772
v -0.579413 0.367445 -0.367521
v -0.579413 0.350742 -0.250601
v -0.579413 0.271077 -0.181199
v -0.579413 0.480094 -0.198928
v -0.579413 0.301207 -0.124830
v -0.579413 0.319760 -0.063667
v -0.579413 0.363797 0.035372
v -0.579413 0.389735 0.061310
v -0.579413 0.318975 -0.232261
v -0.579413 0.282293 -0.232261
v -0.579413 0.250525 -0.250601
v -0.579413 0.230530 -0.230606
v -0.579413 0.232184 -0.282369
v -0.579413 0.232184 -0.319051
v -0.579413 0.250525 -0.350818
v -0.579413 0.181122 -0.271154
v -0.579413 0.318975 -0.369159
v -0.579413 0.350742 -0.350818
v -0.579413 0.282293 -0.369159
v -0.579413 -0.288729 -0.432148
v -0.579413 -0.367478 -0.367521
v -0.579413 -0.250558 -0.350818
v -0.579413 -0.181155 -0.271154
v -0.579413 -0.198885 -0.480171
v -0.579413 -0.124787 -0.301283
v -0.579413 -0.101399 -0.509743
v -0.579413 -0.063624 -0.319837
v -0.579413 -0.000016 -0.326102
v -0.579413 -0.000016 -0.519729
v -0.579413 0.101366 -0.509743
v -0.579413 0.063591 -0.319837
v -0.579413 0.124754 -0.301283
v -0.579413 0.198852 -0.480171
v -0.579413 0.288696 -0.432148
v -0.579413 0.369083 -0.319051
v -0.579413 0.369083 -0.282369
v 0.874831 -0.070953 0.493709
v 0.879535 -0.074189 0.516212
v 0.879535 -0.146896 0.500395
v 0.874831 -0.140491 0.478581
v 0.874831 -0.207169 0.453712
v 0.879535 -0.216613 0.474392
v -0.579413 -0.369116 -0.319051
v -0.579413 -0.350775 -0.350818
v -0.579413 -0.350775 -0.250601
v -0.579413 -0.369116 -0.282369
v -0.579413 -0.282326 -0.232261
v -0.579413 -0.319008 -0.232261
v -0.579413 -0.250558 -0.250601
v -0.579413 -0.230563 -0.230606
v -0.579413 -0.271110 -0.181199
v -0.579413 -0.232217 -0.319051
v -0.579413 -0.232217 -0.282369
v -0.579413 -0.319008 -0.369159
v -0.579413 -0.282326 -0.369159
v -0.579413 -0.432105 -0.288772
v -0.579413 -0.480128 -0.198928
v -0.579413 -0.301240 -0.124830
v -0.579413 -0.509700 -0.101442
v -0.579413 -0.319793 -0.063667
v -0.579413 -0.425200 -0.070924
v -0.579413 -0.519685 -0.000060
v -0.579413 -0.496064 -0.000060
v -0.579413 -0.425200 0.070804
v -0.579413 -0.486570 0.035372
v -0.579413 -0.460632 0.061310
v -0.579413 -0.509700 0.101322
v -0.579413 -0.326058 -0.000060
v -0.579413 -0.486570 -0.035492
v -0.579413 -0.460632 -0.061430
v -0.579413 -0.363830 0.035372
v -0.579413 -0.389768 0.061310
v -0.579413 -0.354336 -0.000060
v -0.579413 -0.432105 0.288653
v -0.579413 -0.367478 0.367401
v -0.579413 -0.350775 0.250482
v -0.579413 -0.271110 0.181079
v -0.579413 -0.480128 0.198808
v -0.579413 -0.301240 0.124711
v -0.579413 -0.319793 0.063548
v -0.579413 -0.363830 -0.035492
v -0.579413 -0.389768 -0.061430
v -0.579413 -0.319008 0.232141
v -0.579413 -0.282326 0.232141
v -0.579413 -0.250558 0.250482
v -0.579413 -0.230563 0.230487
v -0.579413 -0.232217 0.282249
v -0.579413 -0.232217 0.318931
v -0.579413 -0.250558 0.350698
v -0.579413 -0.181155 0.271034
v -0.579413 -0.319008 0.369040
v -0.579413 -0.350775 0.350698
v -0.579413 -0.282326 0.369040
v -0.579413 -0.369116 0.318931
v -0.579413 -0.369116 0.282249
v -0.579414 -0.288729 0.432029
v -0.579414 -0.198885 0.480051
v -0.579413 -0.124787 0.301164
v -0.579414 -0.101399 0.509623
v -0.579413 -0.063624 0.319717
v -0.579413 -0.000016 0.325982
v -0.579414 -0.000016 0.519609
v -0.579414 0.101366 0.509623
v -0.579413 0.063591 0.319717
v -0.579413 0.124754 0.301164
v -0.579414 0.198852 0.480051
v 0.874831 0.071013 0.493709
v 0.879535 0.074248 0.516212
v 0.879535 0.000030 0.521519
v 0.874831 0.000030 0.498785
v 0.874831 -0.070953 0.493709
v 0.879535 -0.074189 0.516212
v -0.743920 -0.224183 0.922248
v -0.889070 -0.223891 0.922443
v -0.887839 -0.228119 0.882984
v -0.708445 -0.228119 0.882968
v -0.887839 -0.085779 0.651372
v -0.887839 -0.170075 0.634605
v -0.927109 -0.181336 0.689110
v -0.927104 -0.091324 0.707246
v -0.887839 -0.025882 0.656148
v -0.927104 -0.000016 0.713676
v -0.887926 -0.000016 0.657021
v -0.887839 0.025849 0.656148
v -0.927104 0.091292 0.707246
v -0.887839 0.085747 0.651372
v -0.927109 0.181302 0.689110
v -0.887839 0.170042 0.634605
v 0.874831 0.207228 0.453712
v 0.879535 0.216672 0.474392
v 0.879535 0.146956 0.500395
v 0.874831 0.140551 0.478581
v 0.874831 0.071013 0.493709
v 0.879535 0.074248 0.516212
v -0.693950 -0.181321 0.922248
v -0.743920 -0.224183 0.922248
v -0.708445 -0.228119 0.882968
v -0.639445 -0.170075 0.882968
v -0.887839 0.228054 0.882984
v -0.887839 0.228054 0.700913
v -0.927109 0.224131 0.739637
v -0.926379 0.223825 0.885134
v -0.887839 -0.228119 0.882984
v -0.926379 -0.223890 0.885134
v -0.927109 -0.224196 0.739637
v -0.887839 -0.228119 0.700913
v -0.693950 0.181288 0.922248
v -0.639445 0.170042 0.882968
v -0.708445 0.228053 0.882968
v -0.743920 0.224118 0.922248
v -0.835014 0.021417 0.881957
v -0.842486 0.013176 0.874255
v -0.572932 0.011960 0.872641
v -0.571875 0.020015 0.883750
v -0.026275 -0.882033 0.830113
v -0.018034 -0.874332 0.837585
v -0.739063 -0.875149 0.837585
v -0.738333 -0.883703 0.830547
v -0.026275 -0.882033 0.830113
v -0.025026 -0.883826 0.566821
v -0.016971 -0.872718 0.567878
v -0.018034 -0.874332 0.837585
v -0.026275 -0.882033 -0.830233
v -0.018034 -0.874332 -0.837704
v -0.016971 -0.872718 -0.568197
v -0.025026 -0.883826 -0.567135
v -0.739063 -0.837661 0.875072
v -0.018034 -0.837661 0.874255
v -0.026275 -0.830189 0.881957
v -0.738333 -0.830623 0.883627
v 0.832803 -0.734238 0.875072
v 0.832803 -0.013210 0.874255
v 0.825331 -0.021450 0.881957
v 0.825765 -0.733508 0.883627
v 0.729380 0.837628 0.875072
v 0.008352 0.837628 0.874255
v 0.016592 0.830156 0.881957
v 0.728650 0.830590 0.883627
v 0.832803 0.734205 0.875072
v 0.825766 0.733474 0.883627
v 0.825331 0.021417 0.881957
v 0.832803 0.013176 0.874255
v 0.825331 0.021417 0.881957
v 0.562080 0.020015 0.883750
v 0.563143 0.011960 0.872641
v 0.832803 0.013176 0.874255
v -0.145409 0.478483 0.880016
v -0.075871 0.493610 0.880016
v -0.079106 0.516113 0.884317
v -0.151814 0.500296 0.884317
v 0.135633 0.478483 0.880016
v 0.202311 0.453614 0.880016
v 0.211754 0.474294 0.884317
v 0.142038 0.500296 0.884317
v 0.069331 0.516113 0.884317
v 0.066095 0.493610 0.880016
v 0.878968 0.550255 -0.147391
v 0.878968 0.493349 -0.284775
v 0.878968 0.402825 -0.402749
v 0.878968 0.567017 -0.020091
v 0.877176 0.830156 -0.021493
v 0.878846 0.830590 -0.733551
v 0.878846 0.733474 -0.830667
v 0.877176 0.021417 -0.830232
v 0.878968 0.020168 -0.566940
v 0.878968 0.147468 -0.550178
v 0.878968 0.284851 -0.493273
v 0.016592 0.830156 0.881957
v 0.008352 0.837628 0.874255
v 0.007180 0.567921 0.872641
v 0.015235 0.566864 0.883750
v -0.026275 0.830156 0.881957
v -0.018034 0.837628 0.874255
v -0.739063 0.837628 0.875072
v -0.738332 0.830590 0.883627
v -0.026275 0.830156 0.881957
v -0.025026 0.566864 0.883750
v -0.016971 0.567921 0.872641
v -0.018034 0.837628 0.874255
v -0.887874 -0.290561 -0.883103
v -0.594138 -0.290563 -0.883088
v -0.727674 -0.420127 -1.011072
v -0.975230 -0.420093 -1.011077
v -0.739063 -0.875149 -0.837705
v -0.018034 -0.874332 -0.837704
v -0.026275 -0.882033 -0.830233
v -0.738333 -0.883703 -0.830667
v 0.372061 -0.326715 0.880016
v 0.321740 -0.377036 0.880016
v 0.336628 -0.394217 0.884317
v 0.389242 -0.341603 0.884317
v 0.414708 -0.269745 0.880016
v 0.433833 -0.282036 0.884317
v -0.075871 -0.493785 0.880016
v -0.145409 -0.478658 0.880016
v -0.151814 -0.500471 0.884317
v -0.079106 -0.516289 0.884317
v -0.889070 -0.000016 -0.922563
v -0.889070 -0.223891 -0.922563
v -0.926378 -0.223890 -0.885254
v -0.926378 -0.000016 -0.885254
v -0.926378 0.223825 -0.885254
v -0.889070 0.223826 -0.922563
v 0.016592 -0.830189 0.881957
v 0.015235 -0.567091 0.883750
v 0.007180 -0.568154 0.872641
v 0.008351 -0.837661 0.874255
v 0.825331 -0.021450 0.881957
v 0.832803 -0.013210 0.874255
v 0.563143 -0.012191 0.872641
v 0.562080 -0.020246 0.883750
v -0.835014 -0.021450 0.881957
v -0.571875 -0.020246 0.883750
v -0.572932 -0.012191 0.872641
v -0.842486 -0.013209 0.874255
v -0.026275 -0.830189 0.881957
v -0.018034 -0.837661 0.874255
v -0.016971 -0.568154 0.872641
v -0.025026 -0.567091 0.883750
v 0.832803 -0.875149 -0.734281
v 0.832803 -0.874332 -0.013253
v 0.825331 -0.882033 -0.021493
v 0.825765 -0.883704 -0.733551
v 0.729380 -0.875149 0.837585
v 0.008351 -0.874332 0.837585
v 0.016592 -0.882033 0.830113
v 0.728650 -0.883704 0.830547
v 0.825765 -0.733508 0.883627
v 0.728650 -0.830623 0.883627
v 0.729380 -0.837661 0.875072
v 0.832803 -0.734238 0.875072
v -0.835448 -0.733508 0.883627
v -0.842486 -0.734238 0.875072
v -0.739063 -0.837661 0.875072
v -0.738333 -0.830623 0.883627
v -0.835014 0.021417 0.881957
v -0.835448 0.733475 0.883627
v -0.842486 0.734205 0.875072
v -0.842486 0.013176 0.874255
v 0.729380 0.837628 0.875072
v 0.728650 0.830590 0.883627
v 0.825766 0.733474 0.883627
v 0.832803 0.734205 0.875072
v -0.212086 -0.453789 0.880016
v -0.274546 -0.419683 0.880016
v -0.286836 -0.438808 0.884317
v -0.221530 -0.474468 0.884317
v -0.151814 -0.500471 0.884317
v -0.145409 -0.478658 0.880016
v 0.878968 0.147468 0.550258
v 0.878968 0.284851 0.493352
v 0.878968 0.402825 0.402827
v 0.878968 0.020168 0.567015
v 0.877175 0.021417 0.830113
v 0.878846 0.733474 0.830547
v 0.878846 0.830590 0.733431
v 0.877176 0.830156 0.021374
v 0.878968 0.567017 0.020170
v 0.878968 0.550255 0.147470
v 0.878968 0.493349 0.284853
v 0.832803 -0.875149 0.734162
v 0.825765 -0.883704 0.733431
v 0.825331 -0.882033 0.021374
v 0.832803 -0.874332 0.013133
v 0.414708 0.269570 0.880016
v 0.448813 0.207111 0.880016
v 0.469493 0.216555 0.884317
v 0.433833 0.281861 0.884317
v 0.372061 0.326540 0.880016
v 0.389242 0.341428 0.884317
v 0.825331 -0.882033 0.021374
v 0.562080 -0.883826 0.019972
v 0.563142 -0.872718 0.011917
v 0.832803 -0.874332 0.013133
v -0.739063 0.837628 0.875072
v -0.842486 0.734205 0.875072
v -0.835448 0.733475 0.883627
v -0.738332 0.830590 0.883627
v 0.414708 -0.880169 0.269527
v 0.448813 -0.880169 0.207068
v 0.469493 -0.884393 0.216512
v 0.433833 -0.884393 0.281818
v 0.372061 -0.880169 0.326497
v 0.389242 -0.884393 0.341385
v -0.842486 -0.734238 0.875072
v -0.835448 -0.733508 0.883627
v -0.835014 -0.021450 0.881957
v -0.842486 -0.013209 0.874255
v 0.917426 0.181302 0.689110
v 0.878156 0.170042 0.634605
v 0.878156 0.228053 0.700913
v 0.917426 0.224131 0.739637
v -0.229009 -0.922325 0.739019
v -0.228716 -0.922519 0.884168
v -0.232944 -0.883060 0.882938
v -0.232944 -0.883045 0.703543
v -0.090604 -0.651449 0.882938
v -0.174900 -0.634681 0.882938
v -0.186161 -0.689187 0.922208
v -0.096149 -0.707323 0.922203
v -0.030707 -0.656224 0.882938
v -0.004842 -0.713753 0.922203
v -0.004842 -0.657097 0.883024
v 0.021023 -0.656224 0.882938
v 0.086466 -0.707323 0.922203
v 0.080921 -0.651449 0.882938
v 0.176477 -0.689187 0.922208
v 0.165217 -0.634681 0.882938
v 0.874831 0.419625 0.269669
v 0.879535 0.438751 0.281960
v 0.879535 0.394160 0.341527
v 0.874831 0.376978 0.326639
v 0.879535 0.341545 0.394141
v 0.874831 0.326657 0.376960
v 0.878968 -0.550181 0.147470
v 0.878968 -0.493275 0.284853
v 0.878968 -0.402750 0.402827
v 0.878968 -0.566938 0.020170
v 0.877175 -0.830189 0.021374
v 0.878845 -0.830623 0.733431
v 0.878845 -0.733508 0.830547
v 0.877175 -0.021450 0.830113
v 0.878968 -0.020093 0.567015
v 0.878968 -0.147393 0.550258
v 0.878968 -0.284777 0.493352
v 0.080921 -0.883045 0.651311
v 0.165217 -0.883045 0.634544
v 0.176463 -0.922325 0.689049
v 0.086462 -0.922325 0.707180
v 0.021023 -0.883045 0.656086
v -0.004842 -0.922325 0.713615
v -0.004842 -0.883132 0.656893
v -0.030707 -0.883045 0.656086
v -0.096145 -0.922325 0.707180
v -0.090604 -0.883045 0.651311
v -0.186146 -0.922325 0.689049
v -0.174900 -0.883045 0.634544
v 0.874831 -0.140491 -0.478559
v 0.879535 -0.146896 -0.500373
v 0.879535 -0.074189 -0.516189
v 0.874831 -0.070953 -0.493686
v 0.879535 0.000030 -0.521496
v 0.874831 0.000030 -0.498763
v -0.186146 -0.922325 0.689049
v -0.229009 -0.922325 0.739019
v -0.232944 -0.883045 0.703543
v -0.174900 -0.883045 0.634544
v 0.223228 -0.883060 0.882938
v 0.223228 -0.700990 0.882938
v 0.219306 -0.739713 0.922208
v 0.218999 -0.885210 0.921477
v -0.232944 -0.883060 0.882938
v -0.228715 -0.885210 0.921477
v -0.229021 -0.739713 0.922208
v -0.232944 -0.700990 0.882938
v 0.176463 -0.922325 0.689049
v 0.165217 -0.883045 0.634544
v 0.223228 -0.883045 0.703543
v 0.219293 -0.922325 0.739019
v -0.425013 -0.722787 1.010952
v -0.975230 -0.970405 1.010962
v -0.424980 -0.970405 1.010957
v -0.514780 -0.662588 1.010952
v -0.596211 -0.591325 1.010952
v -0.667474 -0.509894 1.010952
v -0.727674 -0.420127 1.010952
v -0.975230 -0.420093 1.010957
v 0.878968 -0.147393 -0.550178
v 0.878968 -0.284777 -0.493273
v 0.878968 -0.402750 -0.402749
v 0.878968 -0.020093 -0.566940
v 0.877176 -0.021450 -0.830232
v 0.878845 -0.733508 -0.830667
v 0.878845 -0.830623 -0.733551
v 0.877175 -0.830189 -0.021493
v 0.878968 -0.566938 -0.020091
v 0.878968 -0.550181 -0.147391
v 0.878968 -0.493275 -0.284775
v -0.835014 -0.021450 -0.882077
v -0.842486 -0.013209 -0.874375
v -0.572932 -0.011993 -0.872761
v -0.571875 -0.020048 -0.883870
v -0.145409 -0.880169 0.478440
v -0.075871 -0.880169 0.493567
v -0.079106 -0.884393 0.516069
v -0.151814 -0.884393 0.500253
v -0.221530 -0.884393 0.474250
v -0.212086 -0.880169 0.453570
v -0.286836 -0.884393 0.438590
v -0.274546 -0.880169 0.419465
v 0.372061 -0.880169 0.326497
v 0.389242 -0.884393 0.341385
v 0.336628 -0.884393 0.393999
v 0.321740 -0.880169 0.376818
v 0.277061 -0.884393 0.438590
v 0.264770 -0.880169 0.419465
v 0.202311 -0.880169 0.453570
v 0.211754 -0.884393 0.474250
v -0.498585 -0.880169 0.070852
v -0.483458 -0.880169 0.140390
v -0.505271 -0.884393 0.146795
v -0.521088 -0.884393 0.074087
v -0.526395 -0.884393 -0.000131
v -0.503662 -0.880169 -0.000131
v -0.739063 0.837628 -0.875192
v -0.018034 0.837628 -0.874375
v -0.026275 0.830156 -0.882077
v -0.738332 0.830590 -0.883747
v 0.832804 0.734205 -0.875192
v 0.832803 0.013176 -0.874375
v 0.825331 0.021417 -0.882077
v 0.825766 0.733474 -0.883747
v 0.729380 -0.837661 -0.875192
v 0.008351 -0.837661 -0.874375
v 0.016592 -0.830189 -0.882077
v 0.728650 -0.830623 -0.883747
v 0.832803 -0.734238 -0.875192
v 0.825765 -0.733508 -0.883747
v 0.825331 -0.021450 -0.882077
v 0.832803 -0.013210 -0.874375
v 0.825331 -0.021450 -0.882077
v 0.562080 -0.020048 -0.883869
v 0.563143 -0.011993 -0.872761
v 0.832803 -0.013210 -0.874375
v -0.145409 -0.478516 -0.880754
v -0.075871 -0.493643 -0.880754
v -0.079106 -0.516146 -0.884436
v -0.151814 -0.500329 -0.884436
v 0.135633 -0.478516 -0.880754
v 0.142038 -0.500330 -0.884436
v 0.069331 -0.516146 -0.884436
v 0.066095 -0.493643 -0.880754
v 0.202311 -0.453647 -0.880754
v 0.264770 -0.419541 -0.880754
v 0.277061 -0.438666 -0.884436
v 0.211755 -0.474327 -0.884436
v 0.135633 -0.478516 -0.880754
v 0.142038 -0.500330 -0.884436
v 0.016592 -0.830189 -0.882077
v 0.008351 -0.837661 -0.874375
v 0.007180 -0.567954 -0.872761
v 0.015235 -0.566897 -0.883869
v -0.026275 -0.830189 -0.882077
v -0.018034 -0.837661 -0.874375
v -0.739063 -0.837661 -0.875192
v -0.738333 -0.830623 -0.883747
v -0.026275 -0.830189 -0.882077
v -0.025026 -0.566897 -0.883869
v -0.016971 -0.567954 -0.872761
v -0.018034 -0.837661 -0.874375
v -0.498585 -0.880169 -0.071114
v -0.503662 -0.880169 -0.000131
v -0.526395 -0.884393 -0.000131
v -0.521088 -0.884393 -0.074349
v -0.505271 -0.884393 -0.147057
v -0.483458 -0.880169 -0.140652
v -0.458589 -0.880169 -0.207329
v -0.483458 -0.880169 -0.140652
v -0.505271 -0.884393 -0.147057
v -0.479269 -0.884393 -0.216773
v -0.443609 -0.884393 -0.282079
v -0.424483 -0.880169 -0.269789
v -0.399018 -0.884393 -0.341646
v -0.381836 -0.880169 -0.326759
v 0.874831 0.140551 -0.478559
v 0.879535 0.146956 -0.500373
v 0.879535 0.216672 -0.474370
v 0.874831 0.207228 -0.453690
v 0.879535 0.281978 -0.438710
v 0.874831 0.269687 -0.419584
v 0.321740 0.377003 -0.880754
v 0.264770 0.419650 -0.880754
v 0.277061 0.438775 -0.884436
v 0.336628 0.394184 -0.884436
v 0.372061 0.326682 -0.880754
v 0.389242 0.341570 -0.884436
v 0.414708 0.269712 -0.880754
v 0.433833 0.282003 -0.884436
v 0.202311 0.453755 -0.880754
v 0.211755 0.474435 -0.884436
v 0.277061 0.438775 -0.884436
v 0.264770 0.419650 -0.880754
v -0.075871 0.493752 -0.880754
v -0.145409 0.478625 -0.880754
v -0.151814 0.500438 -0.884436
v -0.079106 0.516256 -0.884436
v 0.016593 0.830156 -0.882077
v 0.015235 0.567058 -0.883869
v 0.007180 0.568120 -0.872761
v 0.008352 0.837628 -0.874375
v 0.825331 0.021417 -0.882077
v 0.832803 0.013176 -0.874375
v 0.563143 0.012158 -0.872761
v 0.562080 0.020213 -0.883869
v -0.835014 0.021417 -0.882077
v -0.571875 0.020213 -0.883870
v -0.572932 0.012158 -0.872761
v -0.842486 0.013176 -0.874375
v -0.026275 0.830156 -0.882077
v -0.018034 0.837628 -0.874375
v -0.016971 0.568120 -0.872761
v -0.025026 0.567058 -0.883869
v 0.825766 0.733474 -0.883747
v 0.728650 0.830590 -0.883747
v 0.729381 0.837628 -0.875192
v 0.832804 0.734205 -0.875192
v -0.835448 0.733475 -0.883747
v -0.842486 0.734205 -0.875192
v -0.739063 0.837628 -0.875192
v -0.738332 0.830590 -0.883747
v -0.835014 -0.021450 -0.882077
v -0.835448 -0.733508 -0.883747
v -0.842486 -0.734238 -0.875192
v -0.842486 -0.013209 -0.874375
v 0.729380 -0.837661 -0.875192
v 0.728650 -0.830623 -0.883747
v 0.825765 -0.733508 -0.883747
v 0.832803 -0.734238 -0.875192
v 0.729380 -0.875149 -0.837704
v 0.832803 -0.875149 -0.734281
v 0.825765 -0.883704 -0.733551
v 0.728650 -0.883704 -0.830667
v 0.734237 0.224150 -0.922368
v 0.698762 0.228086 -0.883088
v 0.878156 0.228086 -0.883103
v 0.879387 0.223858 -0.922562
v -0.004841 -0.922519 -0.884288
v -0.228716 -0.922519 -0.884288
v -0.228715 -0.885210 -0.921597
v -0.004841 -0.885210 -0.921597
v 0.219000 -0.885210 -0.921597
v 0.219001 -0.922519 -0.884288
v 0.874831 0.269687 -0.419584
v 0.879535 0.281978 -0.438710
v 0.879535 0.341545 -0.394119
v 0.874831 0.326657 -0.376937
v 0.879535 0.394160 -0.341504
v 0.874831 0.376978 -0.326616
v 0.965547 -0.970405 -1.011072
v 0.415235 -0.970405 -1.011072
v 0.415269 -0.722849 -1.011072
v 0.505036 -0.662649 -1.011072
v 0.586468 -0.591387 -1.011072
v 0.657730 -0.509955 -1.011072
v 0.717930 -0.420188 -1.011072
v 0.965547 -0.420155 -1.011072
v 0.874831 0.376978 -0.326616
v 0.879535 0.394160 -0.341504
v 0.879535 0.438751 -0.281938
v 0.874831 0.419625 -0.269647
v 0.879535 0.474410 -0.216632
v 0.874831 0.453731 -0.207187
v 0.684267 0.181288 -0.922368
v 0.734237 0.224150 -0.922368
v 0.879387 0.223858 -0.922562
v 0.879387 -0.000017 -0.922562
v 0.702398 0.091287 -0.922368
v 0.708834 -0.000017 -0.922368
v 0.702398 -0.091320 -0.922368
v 0.684267 -0.181322 -0.922368
v 0.879387 -0.223859 -0.922562
v 0.734237 -0.224151 -0.922368
v 0.874831 0.453731 -0.207187
v 0.879535 0.474410 -0.216632
v 0.879535 0.500413 -0.146915
v 0.874831 0.478600 -0.140510
v 0.879535 0.516230 -0.074207
v 0.874831 0.493727 -0.070972
v 0.879535 0.521537 0.000011
v 0.874831 0.498804 0.000011
v -1.015854 -0.970405 -0.970449
v -0.975230 -0.970405 -1.011082
v -0.975230 -1.010983 -0.970449
v 0.917426 -0.181335 -0.689230
v 0.917426 -0.224164 -0.739756
v 0.916696 -0.223858 -0.885253
v 0.916696 -0.000017 -0.885253
v 0.917421 -0.091325 -0.707366
v 0.917421 -0.000017 -0.713796
v 0.917421 0.091291 -0.707366
v 0.917426 0.181302 -0.689230
v 0.916696 0.223857 -0.885253
v 0.917426 0.224163 -0.739756
v -0.693950 -0.181321 0.922248
v -0.639445 -0.170075 0.882968
v -0.656212 -0.085779 0.882968
v -0.712081 -0.091320 0.922248
v -0.660987 -0.025882 0.882968
v -0.718516 -0.000016 0.922248
v -0.661794 -0.000016 0.883055
v -0.660987 0.025849 0.882968
v -0.712081 0.091287 0.922248
v -0.656212 0.085746 0.882968
v -0.693950 0.181288 0.922248
v -0.639445 0.170042 0.882968
v 0.878156 -0.170075 -0.634725
v 0.917426 -0.181335 -0.689230
v 0.878156 -0.085780 -0.651492
v 0.917421 -0.091325 -0.707366
v 0.878156 -0.025882 -0.656267
v 0.917421 -0.000017 -0.713796
v 0.878243 -0.000017 -0.657141
v 0.878156 0.025848 -0.656267
v 0.917421 0.091291 -0.707366
v 0.878156 0.085746 -0.651492
v 0.917426 0.181302 -0.689230
v 0.878156 0.170042 -0.634725
v 0.646530 0.085746 -0.883088
v 0.629762 0.170042 -0.883088
v 0.684267 0.181288 -0.922368
v 0.702398 0.091287 -0.922368
v 0.651305 0.025848 -0.883088
v 0.708834 -0.000017 -0.922368
v 0.652112 -0.000017 -0.883175
v 0.651305 -0.025882 -0.883088
v 0.702398 -0.091320 -0.922368
v 0.646530 -0.085780 -0.883088
v 0.684267 -0.181322 -0.922368
v 0.629762 -0.170075 -0.883088
v -0.232944 -0.883060 -0.883057
v -0.228716 -0.922519 -0.884288
v -0.229008 -0.922325 -0.739138
v -0.232944 -0.883045 -0.703663
v -0.090604 -0.883045 -0.651431
v -0.174900 -0.883045 -0.634663
v -0.186146 -0.922325 -0.689169
v -0.096145 -0.922325 -0.707300
v -0.030706 -0.883045 -0.656206
v -0.004841 -0.922325 -0.713735
v -0.004841 -0.883132 -0.657013
v 0.021024 -0.883045 -0.656206
v 0.086462 -0.922325 -0.707300
v 0.080921 -0.883045 -0.651431
v 0.176463 -0.922325 -0.689169
v 0.165217 -0.883045 -0.634663
v -0.879974 -0.837661 0.734162
v -0.879974 -0.734238 0.837585
v -0.888528 -0.733508 0.830547
v -0.888528 -0.830623 0.733431
v -0.694012 -0.922284 -0.181379
v -0.744538 -0.922284 -0.224207
v -0.705814 -0.883014 -0.228130
v -0.639506 -0.883014 -0.170118
v -0.886858 -0.021450 -0.830233
v -0.888651 -0.020201 -0.566940
v -0.877542 -0.012146 -0.567998
v -0.879156 -0.013209 -0.837705
v -0.888528 -0.830623 -0.733551
v -0.888528 -0.733508 -0.830667
v -0.879973 -0.734238 -0.837705
v -0.879973 -0.837661 -0.734281
v -0.886858 -0.021450 -0.830233
v -0.879156 -0.013209 -0.837705
v -0.879973 -0.734238 -0.837705
v -0.888528 -0.733508 -0.830667
v 0.448814 0.881301 -0.207187
v 0.473683 0.881301 -0.140510
v 0.495496 0.884360 -0.146915
v 0.469493 0.884360 -0.216632
v 0.488810 0.881301 0.070994
v 0.473683 0.881301 0.140532
v 0.495496 0.884360 0.146937
v 0.511314 0.884360 0.074230
v 0.488810 -0.880169 0.070852
v 0.493886 -0.880169 -0.000131
v 0.516620 -0.884393 -0.000131
v 0.511313 -0.884393 0.074088
v 0.495496 -0.884393 0.146795
v 0.473683 -0.880169 0.140390
v 0.448813 -0.880169 0.207068
v 0.469493 -0.884393 0.216512
v -0.381836 0.881301 -0.326617
v -0.399017 0.884360 -0.341504
v -0.443608 0.884360 -0.281938
v -0.424483 0.881301 -0.269647
v -0.842486 -0.875149 -0.734281
v -0.835448 -0.883703 -0.733551
v -0.835014 -0.882033 -0.021494
v -0.842486 -0.874331 -0.013253
v 0.729380 0.875116 0.837585
v 0.728650 0.883670 0.830547
v 0.016592 0.882000 0.830113
v 0.008352 0.874299 0.837585
v -0.286836 0.884360 -0.438710
v -0.221530 0.884360 -0.474370
v -0.221530 0.897710 -0.474370
v -0.286836 0.897710 -0.438710
v -0.346403 0.884360 -0.394119
v -0.346403 0.897710 -0.394119
v -0.399017 0.884360 -0.341504
v -0.399017 0.897710 -0.341504
v -0.443608 0.884360 -0.281938
v -0.443608 0.897710 -0.281938
v -0.479268 0.884360 -0.216632
v -0.479268 0.897710 -0.216632
v -0.505271 0.884360 -0.146915
v -0.505271 0.897710 -0.146915
v -0.521088 0.884360 -0.074207
v -0.521088 0.897710 -0.074207
v -0.526394 0.884360 0.000011
v -0.526394 0.897710 0.000011
v 0.336628 0.884360 -0.394119
v 0.389243 0.884360 -0.341504
v 0.389243 0.897710 -0.341504
v 0.336628 0.897710 -0.394119
v 0.277061 0.884360 -0.438710
v 0.277061 0.897710 -0.438710
v 0.211755 0.884360 -0.474370
v 0.211755 0.897710 -0.474370
v 0.142038 0.884360 -0.500373
v 0.142038 0.897710 -0.500373
v 0.069331 0.884360 -0.516189
v 0.069331 0.897710 -0.516189
v -0.004887 0.884360 -0.521496
v -0.004887 0.897710 -0.521496
v -0.079106 0.884360 -0.516189
v -0.079106 0.897710 -0.516189
v -0.151814 0.884360 -0.500373
v -0.151814 0.897710 -0.500373
v 0.469493 0.884360 0.216653
v 0.433833 0.884360 0.281960
v 0.433833 0.897710 0.281960
v 0.469493 0.897710 0.216653
v 0.495496 0.884360 0.146937
v 0.495496 0.897710 0.146937
v 0.511314 0.884360 0.074230
v 0.511314 0.897710 0.074230
v 0.516620 0.884360 0.000011
v 0.516620 0.897710 0.000011
v 0.511314 0.884360 -0.074207
v 0.511314 0.897710 -0.074207
v 0.495496 0.884360 -0.146915
v 0.495496 0.897710 -0.146915
v 0.469493 0.884360 -0.216632
v 0.469493 0.897710 -0.216632
v 0.433833 0.884360 -0.281938
v 0.433833 0.897710 -0.281938
v -0.079106 0.884360 0.516212
v -0.151814 0.884360 0.500395
v -0.151814 0.897710 0.500395
v -0.079106 0.897710 0.516212
v -0.004888 0.884360 0.521519
v -0.004888 0.897710 0.521519
v 0.069331 0.884360 0.516212
v 0.069331 0.897710 0.516212
v 0.142038 0.884360 0.500395
v 0.142038 0.897710 0.500395
v 0.211755 0.884360 0.474392
v 0.211755 0.897710 0.474392
v 0.277061 0.884360 0.438732
v 0.277061 0.897710 0.438732
v 0.336628 0.884360 0.394141
v 0.336628 0.897710 0.394141
v 0.389242 0.884360 0.341527
v 0.389242 0.897710 0.341527
v -0.521088 0.884360 0.074229
v -0.526394 0.884360 0.000011
v -0.526394 0.897710 0.000011
v -0.521088 0.897710 0.074229
v -0.505271 0.884360 0.146937
v -0.505271 0.897710 0.146937
v -0.479268 0.884360 0.216653
v -0.479268 0.897710 0.216653
v -0.443608 0.884360 0.281960
v -0.443608 0.897710 0.281960
v -0.399017 0.884360 0.341527
v -0.399017 0.897710 0.341527
v -0.346403 0.884360 0.394141
v -0.346403 0.897710 0.394141
v -0.286836 0.884360 0.438732
v -0.286836 0.897710 0.438732
v -0.221530 0.884360 0.474392
v -0.221530 0.897710 0.474392
v -0.842486 0.875116 0.734162
v -0.835448 0.883671 0.733431
v -0.835014 0.882000 0.021374
v -0.842486 0.874299 0.013133
v 0.414708 -0.880169 -0.269789
v 0.372061 -0.880169 -0.326759
v 0.389242 -0.884393 -0.341646
v 0.433833 -0.884393 -0.282079
v 0.448813 -0.880169 -0.207329
v 0.469493 -0.884393 -0.216773
v -0.835014 0.882000 -0.021494
v -0.842486 0.874299 -0.013253
v -0.572932 0.872685 -0.012036
v -0.571875 0.883793 -0.020091
v -0.462455 -0.879393 -0.208920
v -0.428088 -0.879393 -0.271859
v -0.274431 -0.879393 -0.123422
v -0.289229 -0.879393 -0.083747
v -0.487516 -0.879393 -0.141731
v -0.298230 -0.879393 -0.042369
v -0.502759 -0.879393 -0.071659
v -0.301251 -0.879393 -0.000131
v -0.507875 -0.879393 -0.000131
v -0.502759 -0.879393 0.071397
v -0.298230 -0.879393 0.042107
v -0.487516 -0.879393 0.141469
v -0.289229 -0.879393 0.083485
v -0.462455 -0.879393 0.208658
v -0.274431 -0.879393 0.123161
v -0.428088 -0.879393 0.271597
v -0.254137 -0.879393 0.160327
v -0.385113 -0.879393 0.329004
v -0.228760 -0.879393 0.194227
v -0.334406 -0.879393 0.379712
v -0.198817 -0.879393 0.224169
v -0.276999 -0.879393 0.422686
v -0.164917 -0.879393 0.249547
v -0.214060 -0.879393 0.457053
v -0.127751 -0.879393 0.269840
v -0.146871 -0.879393 0.482114
v -0.088075 -0.879393 0.284639
v -0.076799 -0.879393 0.497357
v -0.046697 -0.879393 0.293640
v -0.005271 -0.879393 0.502473
v -0.004460 -0.879393 0.296661
v 0.066257 -0.879393 0.497357
v 0.037778 -0.879393 0.293640
v 0.136329 -0.879393 0.482114
v 0.079156 -0.879393 0.284639
v 0.203518 -0.879393 0.457053
v 0.118832 -0.879393 0.269840
v 0.266457 -0.879393 0.422686
v 0.155998 -0.879393 0.249547
v 0.323864 -0.879393 0.379712
v 0.189898 -0.879393 0.224169
v 0.374571 -0.879393 0.329005
v 0.219841 -0.879393 0.194227
v 0.417546 -0.879393 0.271597
v 0.245217 -0.879393 0.160327
v 0.451913 -0.879393 0.208659
v 0.265512 -0.879393 0.123161
v 0.476973 -0.879393 0.141469
v 0.280310 -0.879393 0.083485
v 0.492217 -0.879393 0.071397
v 0.289311 -0.879393 0.042107
v 0.497333 -0.879393 -0.000131
v 0.292332 -0.879393 -0.000131
v 0.289311 -0.879393 -0.042369
v 0.492217 -0.879393 -0.071659
v 0.280310 -0.879393 -0.083747
v 0.476973 -0.879393 -0.141730
v 0.265512 -0.879393 -0.123422
v 0.451913 -0.879393 -0.208920
v 0.245217 -0.879393 -0.160589
v 0.417546 -0.879393 -0.271859
v 0.219841 -0.879393 -0.194488
v 0.374571 -0.879393 -0.329266
v 0.189898 -0.879393 -0.224431
v 0.323864 -0.879393 -0.379973
v 0.155998 -0.879393 -0.249808
v 0.266457 -0.879393 -0.422948
v 0.118832 -0.879393 -0.270102
v 0.203518 -0.879393 -0.457315
v 0.079156 -0.879393 -0.284901
v 0.136329 -0.879393 -0.482375
v 0.037778 -0.879393 -0.293902
v 0.066257 -0.879393 -0.497618
v -0.004460 -0.879393 -0.296923
v -0.005271 -0.879393 -0.502734
v -0.046697 -0.879393 -0.293902
v -0.076799 -0.879393 -0.497618
v -0.088075 -0.879393 -0.284901
v -0.146871 -0.879393 -0.482375
v -0.127751 -0.879393 -0.270102
v -0.214060 -0.879393 -0.457315
v -0.164917 -0.879393 -0.249808
v -0.276999 -0.879393 -0.422948
v -0.198817 -0.879393 -0.224431
v -0.334406 -0.879393 -0.379973
v -0.228760 -0.879393 -0.194488
v -0.385113 -0.879393 -0.329266
v -0.254137 -0.879393 -0.160589
v -0.897183 -0.707256 -0.091363
v -0.927344 -0.884245 -0.000060
v -0.897183 -0.713691 -0.000060
v -0.739063 0.875116 0.837585
v -0.018034 0.874299 0.837585
v -0.026275 0.882000 0.830113
v -0.738332 0.883671 0.830547
v 0.832803 0.875116 0.734162
v 0.832804 0.874298 0.013133
v 0.825332 0.882000 0.021374
v 0.825766 0.883670 0.733431
v 0.729381 0.875116 -0.837704
v 0.008352 0.874299 -0.837704
v 0.016593 0.882000 -0.830233
v 0.728650 0.883670 -0.830667
v 0.832804 0.875116 -0.734281
v 0.825766 0.883670 -0.733551
v 0.825332 0.882000 -0.021493
v 0.832804 0.874298 -0.013253
v 0.825332 0.882000 -0.021493
v 0.562080 0.883793 -0.020091
v 0.563143 0.872684 -0.012036
v 0.832804 0.874298 -0.013253
v -0.075870 0.881301 -0.493686
v -0.004887 0.881301 -0.498764
v -0.004887 0.884360 -0.521496
v -0.079106 0.884360 -0.516189
v -0.145409 0.881301 -0.478560
v -0.151814 0.884360 -0.500373
v 0.016593 0.882000 -0.830233
v 0.008352 0.874299 -0.837704
v 0.007180 0.872685 -0.567998
v 0.015235 0.883793 -0.566940
v -0.026275 0.882000 -0.830233
v -0.018034 0.874299 -0.837704
v -0.739063 0.875116 -0.837705
v -0.738332 0.883671 -0.830667
v -0.026275 0.882000 -0.830233
v -0.025025 0.883793 -0.566940
v -0.016970 0.872685 -0.567998
v -0.018034 0.874299 -0.837704
v -0.708444 0.228053 -0.883088
v -0.639445 0.170042 -0.883088
v -0.693950 0.181288 -0.922368
v -0.743920 0.224118 -0.922368
v 0.729380 -0.875149 0.837585
v 0.728650 -0.883704 0.830547
v 0.825765 -0.883704 0.733431
v 0.832803 -0.875149 0.734162
v -0.286836 -0.884393 0.438590
v -0.221530 -0.884393 0.474250
v -0.221530 -0.897743 0.474250
v -0.286836 -0.897743 0.438590
v -0.346403 -0.884393 0.393999
v -0.346403 -0.897743 0.393999
v -0.399018 -0.884393 0.341385
v -0.399018 -0.897743 0.341385
v -0.443609 -0.884393 0.281818
v -0.443609 -0.897743 0.281818
v -0.479269 -0.884393 0.216512
v -0.479269 -0.897743 0.216512
v -0.505271 -0.884393 0.146795
v -0.505271 -0.897743 0.146795
v -0.521088 -0.884393 0.074087
v -0.521088 -0.897743 0.074087
v -0.526395 -0.884393 -0.000131
v -0.526395 -0.897743 -0.000131
v 0.336628 -0.884393 0.393999
v 0.389242 -0.884393 0.341385
v 0.389242 -0.897743 0.341385
v 0.336628 -0.897743 0.393999
v 0.277061 -0.884393 0.438590
v 0.277061 -0.897743 0.438590
v 0.211754 -0.884393 0.474250
v 0.211754 -0.897743 0.474250
v 0.142038 -0.884393 0.500253
v 0.142038 -0.897743 0.500253
v 0.069330 -0.884393 0.516069
v 0.069330 -0.897743 0.516069
v -0.004888 -0.884393 0.521376
v -0.004888 -0.897743 0.521376
v -0.079106 -0.884393 0.516069
v -0.079106 -0.897743 0.516069
v -0.151814 -0.884393 0.500253
v -0.151814 -0.897743 0.500253
v 0.469493 -0.884393 -0.216773
v 0.433833 -0.884393 -0.282079
v 0.433833 -0.897744 -0.282079
v 0.469493 -0.897744 -0.216773
v 0.495496 -0.884393 -0.147057
v 0.495496 -0.897744 -0.147057
v 0.511313 -0.884393 -0.074349
v 0.511313 -0.897744 -0.074349
v 0.516620 -0.884393 -0.000131
v 0.516620 -0.897744 -0.000131
v 0.511313 -0.884393 0.074088
v 0.511313 -0.897744 0.074088
v 0.495496 -0.884393 0.146795
v 0.495496 -0.897744 0.146795
v 0.469493 -0.884393 0.216512
v 0.469493 -0.897744 0.216512
v 0.433833 -0.884393 0.281818
v 0.433833 -0.897744 0.281818
v -0.079106 -0.884393 -0.516332
v -0.151814 -0.884393 -0.500514
v -0.151814 -0.897743 -0.500514
v -0.079106 -0.897743 -0.516332
v -0.004888 -0.884393 -0.521639
v -0.004888 -0.897743 -0.521639
v 0.069330 -0.884393 -0.516332
v 0.069330 -0.897743 -0.516332
v 0.142038 -0.884393 -0.500514
v 0.142038 -0.897743 -0.500514
v 0.211754 -0.884393 -0.474511
v 0.211754 -0.897743 -0.474511
v 0.277061 -0.884393 -0.438852
v 0.277061 -0.897743 -0.438852
v 0.336628 -0.884393 -0.394260
v 0.336628 -0.897743 -0.394260
v 0.389242 -0.884393 -0.341646
v 0.389242 -0.897743 -0.341646
v -0.521088 -0.884393 -0.074349
v -0.526395 -0.884393 -0.000131
v -0.526395 -0.897743 -0.000131
v -0.521088 -0.897743 -0.074349
v -0.505271 -0.884393 -0.147057
v -0.505271 -0.897743 -0.147057
v -0.479269 -0.884393 -0.216773
v -0.479269 -0.897743 -0.216773
v -0.443609 -0.884393 -0.282079
v -0.443609 -0.897743 -0.282079
v -0.399018 -0.884393 -0.341646
v -0.399018 -0.897743 -0.341646
v -0.346403 -0.884393 -0.394260
v -0.346403 -0.897743 -0.394260
v -0.286836 -0.884393 -0.438852
v -0.286836 -0.897743 -0.438852
v -0.221530 -0.884393 -0.474512
v -0.221530 -0.897743 -0.474512
v -0.835448 -0.883703 0.733431
v -0.738333 -0.883703 0.830547
v -0.739063 -0.875149 0.837585
v -0.842486 -0.875149 0.734162
v -0.835014 -0.882033 0.021374
v -0.842486 -0.874331 0.013133
v -0.572933 -0.872718 0.011916
v -0.571875 -0.883826 0.019971
v 0.448814 0.881301 0.207210
v 0.414708 0.881301 0.269669
v 0.433833 0.884360 0.281960
v 0.469493 0.884360 0.216653
v 0.473683 0.881301 0.140532
v 0.495496 0.884360 0.146937
v 0.372061 0.881301 0.326639
v 0.321740 0.881301 0.376960
v 0.336628 0.884360 0.394141
v 0.389242 0.884360 0.341527
v 0.414708 0.881301 0.269669
v 0.433833 0.884360 0.281960
v -1.015854 -0.420127 -0.722892
v -0.887869 -0.290563 -0.589356
v -0.887874 -0.290561 -0.883103
v -1.015853 -0.420093 -0.970449
v 0.016592 0.882000 0.830113
v 0.015235 0.883793 0.567015
v 0.007180 0.872685 0.568077
v 0.008352 0.874299 0.837585
v 0.825332 0.882000 0.021374
v 0.832804 0.874298 0.013133
v 0.563143 0.872684 0.012115
v 0.562080 0.883793 0.020170
v -0.835014 0.882000 0.021374
v -0.571875 0.883793 0.020170
v -0.572932 0.872685 0.012115
v -0.842486 0.874299 0.013133
v -0.026275 0.882000 0.830113
v -0.018034 0.874299 0.837585
v -0.016971 0.872685 0.568077
v -0.025026 0.883793 0.567015
v -0.313389 -0.868259 -0.480168
v -0.241932 -0.868259 -0.519187
v -0.241932 -0.897743 -0.519187
v -0.313389 -0.897743 -0.480168
v -0.378565 -0.868259 -0.431378
v -0.378565 -0.897743 -0.431378
v -0.436135 -0.868259 -0.373808
v -0.436135 -0.897743 -0.373808
v -0.484925 -0.868259 -0.308632
v -0.484925 -0.897743 -0.308632
v -0.523943 -0.868259 -0.237175
v -0.523943 -0.897743 -0.237175
v -0.552396 -0.868259 -0.160894
v -0.552396 -0.897743 -0.160894
v -0.569700 -0.868259 -0.081339
v -0.569700 -0.897743 -0.081339
v -0.575512 -0.868259 -0.000131
v -0.575512 -0.897743 -0.000131
v 0.368790 -0.868259 -0.431378
v 0.426359 -0.868259 -0.373808
v 0.426359 -0.897743 -0.373808
v 0.368790 -0.897743 -0.431378
v 0.303614 -0.868259 -0.480168
v 0.303614 -0.897743 -0.480168
v 0.232157 -0.868259 -0.519187
v 0.232157 -0.897743 -0.519187
v 0.155875 -0.868259 -0.547640
v 0.155875 -0.897743 -0.547640
v 0.076320 -0.868259 -0.564943
v 0.076320 -0.897743 -0.564943
v -0.004888 -0.868259 -0.570751
v -0.004888 -0.897743 -0.570751
v -0.086096 -0.868259 -0.564943
v -0.086096 -0.897743 -0.564943
v -0.165651 -0.868259 -0.547640
v -0.165651 -0.897743 -0.547640
v 0.514168 -0.868259 0.236914
v 0.475150 -0.868259 0.308371
v 0.475150 -0.897744 0.308371
v 0.514168 -0.897744 0.236914
v 0.542621 -0.868259 0.160632
v 0.542621 -0.897744 0.160632
v 0.559925 -0.868259 0.081077
v 0.559925 -0.897744 0.081077
v 0.565732 -0.868259 -0.000131
v 0.565732 -0.897744 -0.000131
v 0.559925 -0.868259 -0.081339
v 0.559925 -0.897744 -0.081339
v 0.542621 -0.868259 -0.160894
v 0.542621 -0.897744 -0.160894
v 0.514168 -0.868259 -0.237175
v 0.514168 -0.897744 -0.237175
v 0.475150 -0.868259 -0.308632
v 0.475150 -0.897744 -0.308632
v -0.086096 -0.868259 0.564681
v -0.165651 -0.868259 0.547377
v -0.165651 -0.897743 0.547377
v -0.086096 -0.897743 0.564681
v -0.004888 -0.868259 0.570493
v -0.004888 -0.897743 0.570493
v 0.076320 -0.868259 0.564681
v 0.076320 -0.897743 0.564681
v 0.155875 -0.868259 0.547377
v 0.155875 -0.897743 0.547377
v 0.232157 -0.868259 0.518924
v 0.232157 -0.897743 0.518924
v 0.303613 -0.868259 0.479907
v 0.303613 -0.897743 0.479907
v 0.368790 -0.868259 0.431117
v 0.368790 -0.897743 0.431117
v 0.426359 -0.868259 0.373547
v 0.426359 -0.897743 0.373547
v -0.569700 -0.868259 0.081077
v -0.575512 -0.868259 -0.000131
v -0.575512 -0.897743 -0.000131
v -0.569700 -0.897743 0.081077
v -0.552396 -0.868259 0.160632
v -0.552396 -0.897743 0.160632
v -0.523943 -0.868259 0.236914
v -0.523943 -0.897743 0.236914
v -0.484925 -0.868259 0.308370
v -0.484925 -0.897743 0.308370
v -0.436135 -0.868259 0.373547
v -0.436135 -0.897743 0.373547
v -0.378565 -0.868259 0.431116
v -0.378565 -0.897743 0.431116
v -0.313389 -0.868259 0.479907
v -0.313389 -0.897743 0.479907
v -0.241932 -0.868259 0.518924
v -0.241932 -0.897743 0.518924
v -0.835448 0.883671 -0.733551
v -0.738332 0.883671 -0.830667
v -0.739063 0.875116 -0.837705
v -0.842486 0.875116 -0.734281
v 0.825766 0.883670 0.733431
v 0.728650 0.883670 0.830547
v 0.729380 0.875116 0.837585
v 0.832803 0.875116 0.734162
v -0.739063 0.875116 0.837585
v -0.738332 0.883671 0.830547
v -0.835448 0.883671 0.733431
v -0.842486 0.875116 0.734162
v -0.835014 0.882000 -0.021494
v -0.835448 0.883671 -0.733551
v -0.842486 0.875116 -0.734281
v -0.842486 0.874299 -0.013253
v -0.887839 -0.228119 -0.883103
v -0.887839 -0.228119 -0.701033
v -0.927109 -0.224196 -0.739757
v -0.926378 -0.223890 -0.885254
v 0.729381 0.875116 -0.837704
v 0.728650 0.883670 -0.830667
v 0.825766 0.883670 -0.733551
v 0.832804 0.875116 -0.734281
v 0.734238 0.922292 0.224107
v 0.698762 0.883011 0.228043
v 0.878156 0.883027 0.228043
v 0.879387 0.922486 0.223815
v -0.004841 0.884212 -0.922562
v -0.228716 0.884212 -0.922562
v -0.228715 0.921521 -0.885253
v -0.004841 0.921521 -0.885253
v 0.219000 0.921521 -0.885253
v 0.219001 0.884212 -0.922562
v -0.295449 -0.883014 -0.589356
v -0.418528 -1.008306 -0.718393
v -0.425013 -1.010998 -0.722892
v -0.295450 -0.883014 -0.883103
v -0.424979 -1.010998 -0.970449
v 0.965548 1.010996 -0.970448
v 0.415235 1.010996 -0.970448
v 0.415269 1.010996 -0.722892
v 0.505037 1.010996 -0.662692
v 0.586468 1.010996 -0.591430
v 0.657730 1.010996 -0.509999
v 0.717930 1.010996 -0.420231
v 0.965548 1.010996 -0.420198
v 0.878202 -0.883014 0.228043
v 0.880352 -0.921554 0.223814
v 0.917661 -0.884245 0.223815
v 0.684268 0.922292 0.181245
v 0.734238 0.922292 0.224107
v 0.879387 0.922486 0.223815
v 0.879387 0.922486 -0.000060
v 0.702399 0.922292 0.091244
v 0.708834 0.922292 -0.000060
v 0.702399 0.922292 -0.091363
v 0.684268 0.922292 -0.181365
v 0.879387 0.922486 -0.223902
v 0.734238 0.922292 -0.224195
v 0.917661 -0.884245 -0.223902
v 0.880352 -0.921554 -0.223901
v 0.878202 -0.883014 -0.228130
v 0.917426 0.689153 -0.181378
v 0.917426 0.739680 -0.224207
v 0.916696 0.885177 -0.223901
v 0.916696 0.885177 -0.000060
v 0.917421 0.707289 -0.091368
v 0.917421 0.713719 -0.000060
v 0.917421 0.707289 0.091248
v 0.917426 0.689153 0.181259
v 0.916696 0.885177 0.223814
v 0.917426 0.739680 0.224120
v -0.887875 -0.882932 -0.290669
v -0.975230 -1.010977 -0.420198
v -0.727674 -1.010998 -0.420232
v -0.594138 -0.883014 -0.290668
v -0.723174 -1.008306 -0.413747
v -0.743920 0.922292 -0.224195
v -0.708444 0.883012 -0.228130
v -0.887839 0.883027 -0.228130
v -0.889069 0.922486 -0.223902
v -0.027945 0.874727 0.832978
v 0.018263 0.874727 0.832978
v -0.027945 0.874727 0.022003
v 0.018263 0.874727 0.022003
v 0.018263 0.874727 -0.024205
v 0.829305 0.874727 -0.024204
v 0.829305 0.874727 0.022003
v 0.018263 0.874727 -0.835176
v -0.027945 0.874727 -0.835176
v -0.027945 0.874727 -0.024205
v -0.838987 0.874728 0.022003
v -0.838987 0.874728 -0.024205
v -0.424979 -0.970405 -1.011077
v -0.295450 -0.883014 -0.883103
v -0.424979 -1.010998 -0.970449
v -0.879156 0.837628 0.013133
v -0.879156 0.837628 -0.013253
v -0.877542 0.567967 -0.012036
v -0.877542 0.567967 0.012115
v -0.877542 -0.568107 -0.012036
v -0.879156 -0.837661 -0.013253
v -0.879156 -0.837661 0.013133
v -0.877542 -0.568107 0.012115
v -0.877542 0.012005 -0.567998
v -0.879156 0.013176 -0.837705
v -0.879156 -0.013209 -0.837705
v -0.877542 -0.012146 -0.567998
v -0.879156 -0.013209 0.837585
v -0.879156 0.013176 0.837585
v -0.877542 0.012005 0.568077
v -0.877542 -0.012146 0.568077
v -0.719875 -0.566483 -0.151844
v -0.719875 -0.586463 -0.000060
v -0.515582 -0.586504 -0.000060
v -0.515582 -0.566519 -0.151854
v -0.719875 -0.507895 -0.293284
v -0.515582 -0.507929 -0.293303
v -0.515582 -0.414725 -0.414768
v -0.719875 -0.414697 -0.414741
v -0.719875 -0.293240 -0.507938
v -0.515582 -0.293260 -0.507972
v -0.515582 -0.151810 -0.566563
v -0.719875 -0.151800 -0.566527
v -0.515582 -0.000017 -0.586547
v -0.719875 -0.000016 -0.586507
v -0.975230 -1.010977 -0.420198
v -0.887875 -0.882932 -0.290669
v -1.015854 -0.970405 -0.420198
v -0.719875 0.151767 -0.566527
v -0.719875 -0.000016 -0.586507
v -0.515582 -0.000017 -0.586547
v -0.515582 0.151777 -0.566563
v -0.719875 0.293207 -0.507938
v -0.515582 0.293227 -0.507972
v -0.515582 0.414692 -0.414768
v -0.719875 0.414664 -0.414741
v -0.719875 0.507862 -0.293284
v -0.515582 0.507896 -0.293303
v -0.515582 0.566486 -0.151854
v -0.719875 0.566450 -0.151844
v -0.719875 0.507862 -0.293284
v -0.719875 0.566450 -0.151844
v -0.719864 0.526021 -0.141011
v -0.719864 0.471614 -0.272356
v -0.719875 0.414664 -0.414741
v -0.719864 0.385068 -0.385145
v -0.719864 0.272280 -0.471691
v -0.719875 0.293207 -0.507938
v -0.719864 0.140935 -0.526097
v -0.719875 0.151767 -0.566527
v -0.719875 -0.000016 -0.586507
v -0.719864 -0.000016 -0.544652
v -0.515582 -0.566519 -0.151854
v -0.515582 -0.586504 -0.000060
v -0.515572 -0.544650 -0.000060
v -0.515572 -0.526090 -0.141021
v -0.515582 -0.507929 -0.293303
v -0.515572 -0.471681 -0.272375
v -0.515572 -0.385129 -0.385172
v -0.515582 -0.414725 -0.414768
v -0.515582 -0.293260 -0.507972
v -0.515572 -0.272332 -0.471724
v -0.515572 -0.140978 -0.526133
v -0.515582 -0.151810 -0.566563
v -0.515572 -0.000017 -0.544693
v -0.515582 -0.000017 -0.586547
v -0.515582 0.293227 0.507852
v -0.515582 0.414692 0.414648
v -0.515572 0.385096 0.385053
v -0.515572 0.272299 0.471605
v -0.515572 0.140945 0.526013
v -0.515582 0.151777 0.566443
v -0.515572 -0.000017 0.544573
v -0.515582 -0.000017 0.586428
v -0.515582 -0.151810 0.566443
v -0.515572 -0.140978 0.526013
v -0.515582 -0.293260 0.507852
v -0.515572 -0.272332 0.471605
v -0.515572 -0.385129 0.385053
v -0.515582 -0.414725 0.414648
v -0.515582 -0.507929 0.293183
v -0.515572 -0.471681 0.272256
v -0.515572 -0.526090 0.140901
v -0.515582 -0.566519 0.151734
v -0.515582 0.151777 -0.566563
v -0.515582 -0.000017 -0.586547
v -0.515572 -0.000017 -0.544693
v -0.515572 0.140945 -0.526133
v -0.515582 0.293227 -0.507972
v -0.515572 0.272299 -0.471724
v -0.515572 0.385096 -0.385172
v -0.515582 0.414692 -0.414768
v -0.515582 0.507896 -0.293303
v -0.515572 0.471648 -0.272375
v -0.515572 0.526057 -0.141021
v -0.515582 0.566486 -0.151854
v -0.515572 0.544617 -0.000060
v -0.515582 0.586471 -0.000060
v -0.515582 0.566486 0.151734
v -0.515572 0.526057 0.140901
v -0.515582 0.507896 0.293183
v -0.515572 0.471648 0.272256
v -0.890035 -0.921554 0.223814
v -0.927344 -0.884245 0.223815
v -0.927344 -0.884245 -0.000060
v -0.890035 -0.921554 -0.000060
v -0.890035 -0.921554 -0.223901
v -0.927344 -0.884245 -0.223902
v 0.868192 0.544504 -0.000060
v -0.515572 0.544617 -0.000060
v 0.868192 0.525949 -0.140992
v -0.515572 0.526057 -0.141021
v -0.515572 0.471648 -0.272375
v 0.868192 0.471551 -0.272320
v -0.515572 0.385096 -0.385172
v 0.868192 0.385017 -0.385093
v -0.515572 0.272299 -0.471724
v 0.868192 0.272243 -0.471628
v -0.515572 0.140945 -0.526133
v 0.868192 0.140915 -0.526026
v -0.515572 -0.000017 -0.544693
v 0.868192 -0.000017 -0.544581
v 0.868192 -0.385050 0.384974
v -0.515572 -0.385129 0.385053
v -0.515572 -0.272332 0.471605
v 0.868192 -0.272277 0.471508
v -0.515572 -0.140978 0.526013
v 0.868192 -0.140949 0.525906
v -0.515572 -0.000017 0.544573
v 0.868192 -0.000017 0.544461
v 0.868192 0.140915 0.525906
v -0.515572 0.140945 0.526013
v -0.515572 0.272299 0.471605
v 0.868192 0.272243 0.471508
v -0.515572 0.385096 0.385053
v 0.868192 0.385017 0.384974
v -0.515572 0.471648 0.272256
v 0.868192 0.471551 0.272200
v -0.515572 0.526057 0.140901
v 0.868192 0.525949 0.140872
v 0.868192 -0.000017 -0.544581
v -0.515572 -0.000017 -0.544693
v 0.868192 -0.140949 -0.526026
v -0.515572 -0.140978 -0.526133
v -0.515572 -0.272332 -0.471724
v 0.868192 -0.272277 -0.471628
v -0.515572 -0.385129 -0.385172
v 0.868192 -0.385050 -0.385093
v -0.515572 -0.471681 -0.272375
v 0.868192 -0.471585 -0.272320
v -0.515572 -0.526090 -0.141021
v 0.868192 -0.525983 -0.140992
v -0.515572 -0.544650 -0.000060
v 0.868192 -0.544538 -0.000060
v 0.868192 -0.525983 0.140872
v -0.515572 -0.526090 0.140901
v -0.515572 -0.471681 0.272256
v 0.868192 -0.471585 0.272200
v -0.877874 0.140916 -0.526026
v -0.877874 -0.000016 -0.544581
v -0.719864 -0.000016 -0.544652
v -0.719864 0.140935 -0.526097
v -0.719864 0.272280 -0.471691
v -0.877874 0.272243 -0.471628
v -0.877874 -0.385050 -0.385093
v -0.877874 -0.471584 -0.272320
v -0.719865 -0.471647 -0.272356
v -0.719865 -0.385101 -0.385145
v -0.719864 -0.272313 -0.471691
v -0.877874 -0.272276 -0.471628
v -0.877874 -0.140949 -0.526026
v -0.719864 -0.140967 -0.526097
v -0.719864 -0.000016 -0.544652
v -0.877874 -0.000016 -0.544581
v -0.877874 0.140916 0.525906
v -0.719865 0.140935 0.525978
v -0.719865 -0.000016 0.544532
v -0.877874 -0.000016 0.544461
v -0.877874 -0.140949 0.525906
v -0.719865 -0.140967 0.525978
v -0.719865 -0.272313 0.471571
v -0.877874 -0.272276 0.471508
v -0.877874 -0.385050 0.384973
v -0.719865 -0.385101 0.385025
v -0.719865 -0.471647 0.272236
v -0.877874 -0.471584 0.272200
v -0.877874 -0.525982 0.140872
v -0.719865 -0.526054 0.140891
v -0.719865 -0.544609 -0.000060
v -0.877874 -0.544537 -0.000060
v -0.877874 -0.525982 -0.140992
v -0.719865 -0.526054 -0.141011
v -0.877874 0.385017 -0.385093
v -0.877874 0.272243 -0.471628
v -0.719864 0.272280 -0.471691
v -0.719864 0.385068 -0.385145
v -0.719864 0.471614 -0.272356
v -0.877874 0.471552 -0.272320
v -0.877874 0.525949 -0.140992
v -0.719864 0.526021 -0.141011
v -0.719864 0.544576 -0.000060
v -0.877874 0.544504 -0.000060
v -0.877874 0.525949 0.140872
v -0.719864 0.526021 0.140891
v -0.719864 0.471614 0.272236
v -0.877874 0.471552 0.272200
v -0.877874 0.385017 0.384973
v -0.719864 0.385068 0.385025
v -0.719865 0.272280 0.471571
v -0.877874 0.272243 0.471508
v -0.927344 -0.884245 -0.223902
v -0.887885 -0.883014 -0.228130
v -0.890035 -0.921554 -0.223901
v -0.877874 -0.272276 0.471508
v -0.877874 -0.385050 0.384973
v -0.877543 -0.402858 0.402827
v -0.877542 -0.284884 0.493352
v -0.877542 -0.147501 0.550258
v -0.877874 -0.140949 0.525906
v -0.877542 -0.012146 0.568077
v -0.877874 -0.000016 0.544461
v -0.877542 0.012005 0.568077
v -0.877874 0.140916 0.525906
v -0.877542 0.147360 0.550258
v -0.877542 0.284744 0.493352
v -0.877874 0.272243 0.471508
v -0.877542 0.402717 0.402827
v -0.877874 0.385017 0.384973
v -0.877542 0.493242 0.284853
v -0.877874 0.471552 0.272200
v -0.877542 0.550148 0.147470
v -0.877542 -0.147501 -0.550178
v -0.877874 -0.140949 -0.526026
v -0.877542 -0.012146 -0.567998
v -0.877874 -0.272276 -0.471628
v -0.877542 -0.284884 -0.493273
v -0.877874 -0.385050 -0.385093
v -0.877542 -0.402858 -0.402749
v -0.877874 -0.471584 -0.272320
v -0.877542 -0.493382 -0.284775
v -0.877874 -0.525982 -0.140992
v -0.877542 -0.550288 -0.147391
v -0.877542 -0.568107 -0.012036
v -0.877874 -0.544537 -0.000060
v -0.877542 -0.568107 0.012115
v -0.877874 -0.525982 0.140872
v -0.877542 -0.550288 0.147470
v -0.877874 -0.471584 0.272200
v -0.877542 -0.493382 0.284853
v -0.975230 -0.420093 -1.011077
v -1.015853 -0.420093 -0.970449
v -0.887874 -0.290561 -0.883103
v -0.877874 0.525949 0.140872
v -0.877542 0.567967 0.012115
v -0.877874 0.544504 -0.000060
v -0.877542 0.567967 -0.012036
v -0.877874 0.525949 -0.140992
v -0.877542 0.550148 -0.147391
v -0.877542 0.493242 -0.284775
v -0.877874 0.471552 -0.272320
v -0.877542 0.402717 -0.402749
v -0.877874 0.385017 -0.385093
v -0.877542 0.284744 -0.493273
v -0.877874 0.272243 -0.471628
v -0.877874 0.140916 -0.526026
v -0.877542 0.147360 -0.550178
v -0.877542 0.012005 -0.567998
v -0.877874 -0.000016 -0.544581
v -0.927150 -0.689125 -0.181365
v -0.927344 -0.884245 -0.000060
v -0.897183 -0.707256 -0.091363
v 0.544713 0.485178 0.091971
v 0.544713 0.536251 0.091971
v 0.544713 0.536251 -0.092090
v 0.544713 0.485178 -0.092090
v 0.589402 0.580940 0.039266
v 0.561594 0.580940 0.027748
v 0.561594 0.429316 0.027748
v 0.589402 0.429316 0.039266
v 0.561594 0.580940 0.027748
v 0.550076 0.580940 -0.000060
v 0.550076 0.429316 -0.000060
v 0.561594 0.429316 0.027748
v 0.550076 0.580940 -0.000060
v 0.561594 0.580940 -0.027868
v 0.561594 0.429316 -0.027868
v 0.550076 0.429316 -0.000060
v 0.561594 0.580940 -0.027868
v 0.589402 0.580940 -0.039386
v 0.589402 0.429316 -0.039386
v 0.561594 0.429316 -0.027868
v 0.589402 0.580940 -0.039386
v 0.617210 0.580940 -0.027868
v 0.617210 0.429316 -0.027868
v 0.589402 0.429316 -0.039386
v 0.617210 0.580940 -0.027868
v 0.628728 0.580940 -0.000060
v 0.628728 0.429316 -0.000060
v 0.617210 0.429316 -0.027868
v 0.628728 0.580940 -0.000060
v 0.617210 0.580940 0.027748
v 0.617210 0.429316 0.027748
v 0.628728 0.429316 -0.000060
v 0.617210 0.580940 0.027748
v 0.589402 0.580940 0.039266
v 0.589402 0.429316 0.039266
v 0.617210 0.429316 0.027748
v -0.604950 0.025520 -0.472486
v -0.630487 0.025520 -0.472486
v -0.630487 0.012752 -0.450371
v -0.604950 0.012752 -0.450371
v -0.604950 0.012752 -0.450371
v -0.630487 0.012752 -0.450371
v -0.630487 -0.012785 -0.450371
v -0.604950 -0.012785 -0.450371
v -0.604950 -0.012785 -0.450371
v -0.630487 -0.012785 -0.450371
v -0.630487 -0.025553 -0.472486
v -0.604950 -0.025553 -0.472486
v -0.604950 -0.025553 -0.472486
v -0.630487 -0.025553 -0.472486
v -0.630487 -0.012785 -0.494601
v -0.604950 -0.012785 -0.494601
v -0.604950 -0.012785 -0.494601
v -0.630487 -0.012785 -0.494601
v -0.630487 0.012752 -0.494601
v -0.604950 0.012752 -0.494601
v -0.604950 0.012752 -0.494601
v -0.630487 0.012752 -0.494601
v -0.630487 0.025520 -0.472486
v -0.604950 0.025520 -0.472486
v -0.604950 -0.416377 -0.135860
v -0.579413 -0.416377 -0.135860
v -0.579413 -0.393856 -0.191602
v -0.604950 -0.393856 -0.191602
v -0.770938 -0.492058 -0.247847
v -0.770938 -0.526090 -0.163618
v -0.770938 -0.502412 -0.154052
v -0.770938 -0.468381 -0.238281
v -0.770938 -0.468381 -0.238281
v -0.770938 -0.502412 -0.154052
v -0.604950 -0.502412 -0.154052
v -0.604950 -0.468381 -0.238281
v -0.579413 -0.440629 -0.129090
v -0.579413 -0.502412 -0.154052
v -0.579413 -0.393856 -0.191602
v -0.579413 -0.416377 -0.135860
v -0.579413 -0.526090 -0.163618
v -0.579413 -0.492058 -0.247847
v -0.579413 -0.468381 -0.238281
v -0.579413 -0.406599 -0.213319
v 0.277061 -0.897743 -0.438852
v 0.211754 -0.897743 -0.474511
v 0.303614 -0.897743 -0.480168
v 0.368790 -0.897743 -0.431378
v 0.336628 -0.897743 -0.394260
v 0.426359 -0.897743 -0.373808
v 0.389242 -0.897743 -0.341646
v 0.475150 -0.897744 -0.308632
v 0.433833 -0.897744 -0.282079
v 0.469493 -0.897744 -0.216773
v 0.514168 -0.897744 -0.237175
v 0.495496 -0.897744 -0.147057
v 0.542621 -0.897744 -0.160894
v 0.559925 -0.897744 -0.081339
v 0.511313 -0.897744 -0.074349
v 0.565732 -0.897744 -0.000131
v 0.516620 -0.897744 -0.000131
v 0.511313 -0.897744 0.074088
v 0.559925 -0.897744 0.081077
v 0.495496 -0.897744 0.146795
v 0.542621 -0.897744 0.160632
v 0.514168 -0.897744 0.236914
v 0.469493 -0.897744 0.216512
v 0.475150 -0.897744 0.308371
v 0.433833 -0.897744 0.281818
v 0.389242 -0.897743 0.341385
v 0.426359 -0.897743 0.373547
v 0.336628 -0.897743 0.393999
v 0.368790 -0.897743 0.431117
v 0.303613 -0.897743 0.479907
v 0.277061 -0.897743 0.438590
v 0.232157 -0.897743 0.518924
v 0.211754 -0.897743 0.474250
v 0.142038 -0.897743 0.500253
v 0.155875 -0.897743 0.547377
v 0.076320 -0.897743 0.564681
v 0.069330 -0.897743 0.516069
v -0.004888 -0.897743 0.521376
v -0.004888 -0.897743 0.570493
v -0.086096 -0.897743 0.564681
v -0.079106 -0.897743 0.516069
v -0.151814 -0.897743 0.500253
v -0.165651 -0.897743 0.547377
v -0.241932 -0.897743 0.518924
v -0.221530 -0.897743 0.474250
v -0.286836 -0.897743 0.438590
v -0.313389 -0.897743 0.479907
v -0.378565 -0.897743 0.431116
v -0.346403 -0.897743 0.393999
v -0.436135 -0.897743 0.373547
v -0.399018 -0.897743 0.341385
v -0.443609 -0.897743 0.281818
v -0.484925 -0.897743 0.308370
v -0.479269 -0.897743 0.216512
v -0.523943 -0.897743 0.236914
v -0.505271 -0.897743 0.146795
v -0.552396 -0.897743 0.160632
v -0.569700 -0.897743 0.081077
v -0.521088 -0.897743 0.074087
v -0.526395 -0.897743 -0.000131
v -0.575512 -0.897743 -0.000131
v -0.569700 -0.897743 -0.081339
v -0.521088 -0.897743 -0.074349
v -0.505271 -0.897743 -0.147057
v -0.552396 -0.897743 -0.160894
v -0.523943 -0.897743 -0.237175
v -0.479269 -0.897743 -0.216773
v -0.443609 -0.897743 -0.282079
v -0.484925 -0.897743 -0.308632
v -0.436135 -0.897743 -0.373808
v -0.399018 -0.897743 -0.341646
v -0.346403 -0.897743 -0.394260
v -0.378565 -0.897743 -0.431378
v -0.286836 -0.897743 -0.438852
v -0.313389 -0.897743 -0.480168
v -0.221530 -0.897743 -0.474512
v -0.241932 -0.897743 -0.519187
v -0.151814 -0.897743 -0.500514
v -0.165651 -0.897743 -0.547640
v -0.086096 -0.897743 -0.564943
v -0.079106 -0.897743 -0.516332
v -0.004888 -0.897743 -0.570751
v -0.004888 -0.897743 -0.521639
v 0.069330 -0.897743 -0.516332
v 0.076320 -0.897743 -0.564943
v 0.142038 -0.897743 -0.500514
v 0.155875 -0.897743 -0.547640
v 0.232157 -0.897743 -0.519187
v -0.274545 0.881301 0.419607
v -0.331515 0.881301 0.376960
v -0.346403 0.884360 0.394141
v -0.286836 0.884360 0.438732
v -0.212086 0.881301 0.453712
v -0.221530 0.884360 0.474392
v 0.878156 0.634648 -0.170118
v 0.917426 0.689153 -0.181378
v 0.878156 0.651415 -0.085823
v 0.917421 0.707289 -0.091368
v 0.878156 0.656191 -0.025925
v 0.917421 0.713719 -0.000060
v 0.878243 0.657064 -0.000060
v 0.878156 0.656191 0.025805
v 0.917421 0.707289 0.091248
v 0.878156 0.651415 0.085703
v 0.917426 0.689153 0.181259
v 0.878156 0.634648 0.169999
v 0.646530 0.883011 0.085703
v 0.629762 0.883011 0.169999
v 0.684268 0.922292 0.181245
v 0.702399 0.922292 0.091244
v 0.651305 0.883011 0.025805
v 0.708834 0.922292 -0.000060
v 0.652112 0.883098 -0.000060
v 0.651305 0.883011 -0.025925
v 0.702399 0.922292 -0.091363
v 0.646530 0.883011 -0.085823
v 0.684268 0.922292 -0.181365
v 0.629762 0.883011 -0.170118
v 0.878156 0.569009 0.328468
v 0.878156 0.589280 0.290548
v 1.006140 0.722816 0.420112
v 0.878156 0.521261 0.399930
v 1.006150 0.662616 0.509885
v 0.878156 0.464592 0.464548
v 1.006130 0.591338 0.591407
v 1.006140 0.509922 0.662573
v 0.878156 0.399973 0.521218
v 1.006140 0.420155 0.722772
v 0.878156 0.328511 0.568966
v 0.878156 0.290591 0.589237
v 0.538329 0.327517 -0.327594
v 0.538329 0.385122 -0.257401
v 0.538329 0.399161 -0.266782
v 0.538329 0.339456 -0.339532
v 0.538329 0.266705 -0.399237
v 0.538329 0.257325 -0.385199
v 0.538329 0.183704 -0.443603
v 0.538329 0.177243 -0.428003
v 0.538329 0.093644 -0.470922
v 0.538329 0.090349 -0.454362
v 0.538329 -0.000017 -0.480147
v 0.538329 -0.000017 -0.463263
v 0.538329 -0.090383 -0.454362
v 0.538329 -0.093677 -0.470922
v 0.538329 -0.177277 -0.428003
v 0.538329 -0.183738 -0.443603
v 0.538329 -0.257358 -0.385199
v 0.538329 -0.266739 -0.399237
v 0.538329 -0.327550 -0.327594
v 0.538329 -0.339489 -0.339532
v 0.538329 -0.399194 -0.266782
v 0.538329 -0.385156 -0.257401
v 0.538329 -0.443559 -0.183781
v 0.538329 -0.427960 -0.177320
v 0.538329 -0.470879 -0.093720
v 0.538329 -0.454319 -0.090426
v 0.538329 -0.480104 -0.000060
v 0.538329 -0.463219 -0.000060
v 0.538329 -0.454319 0.090306
v 0.538329 -0.470879 0.093601
v 0.538329 -0.427960 0.177200
v 0.538329 -0.443559 0.183661
v 0.538329 -0.385156 0.257282
v 0.538329 -0.399194 0.266662
v 0.538329 -0.327550 0.327474
v 0.538329 -0.339489 0.339413
v 0.538329 -0.266739 0.399118
v 0.538329 -0.257358 0.385079
v 0.538329 -0.183738 0.443483
v 0.538329 -0.177277 0.427884
v 0.538329 -0.093677 0.470802
v 0.538329 -0.090383 0.454242
v 0.538329 -0.000017 0.480027
v 0.538329 -0.000017 0.463143
v 0.538329 0.090349 0.454242
v 0.538329 0.093644 0.470802
v 0.538329 0.177243 0.427884
v 0.538329 0.183704 0.443483
v 0.538329 0.257325 0.385079
v 0.538329 0.266705 0.399118
v 0.538329 0.327517 0.327474
v 0.538329 0.339456 0.339413
v 0.538329 0.399161 0.266662
v 0.538329 0.385122 0.257282
v 0.538329 0.443526 0.183661
v 0.538329 0.427927 0.177200
v 0.538329 0.470846 0.093601
v 0.538329 0.454286 0.090306
v 0.538329 0.480070 -0.000060
v 0.538329 0.463186 -0.000060
v 0.538329 0.454286 -0.090426
v 0.538329 0.470846 -0.093720
v 0.538329 0.427927 -0.177320
v 0.538329 0.443526 -0.183781
v 0.545323 0.883793 0.147470
v 0.488417 0.883793 0.284853
v 0.397893 0.883793 0.402827
v 0.562080 0.883793 0.020170
v 0.825332 0.882000 0.021374
v 0.825766 0.883670 0.733431
v 0.728650 0.883670 0.830547
v 0.016592 0.882000 0.830113
v 0.015235 0.883793 0.567015
v 0.142535 0.883793 0.550258
v 0.279919 0.883793 0.493352
v -0.528340 -0.509700 0.101322
v -0.528340 -0.480128 0.198808
v -0.579413 -0.509700 0.101322
v -0.579413 -0.519685 -0.000060
v -0.528340 -0.519685 -0.000060
v -0.579413 -0.509700 -0.101442
v -0.528340 -0.509700 -0.101442
v -0.579413 -0.480128 -0.198928
v -0.528340 -0.480128 -0.198928
v -0.579413 -0.432105 -0.288772
v -0.528340 -0.432105 -0.288772
v -0.579413 -0.367478 -0.367521
v -0.528340 0.198852 0.480051
v -0.528340 0.288696 0.432029
v -0.579414 0.198852 0.480051
v -0.579414 0.101366 0.509623
v -0.528340 0.101366 0.509623
v -0.579414 -0.000016 0.519609
v -0.528340 -0.000017 0.519609
v -0.579414 -0.101399 0.509623
v -0.528340 -0.101399 0.509623
v -0.579414 -0.198885 0.480051
v -0.528340 -0.198885 0.480051
v -0.579414 -0.288729 0.432029
v -0.528340 -0.288729 0.432029
v -0.579413 -0.367478 0.367401
v -0.528340 -0.367478 0.367401
v -0.579413 -0.432105 0.288653
v -0.528340 -0.432105 0.288653
v -0.579413 -0.480128 0.198808
v -0.528340 0.432072 -0.288772
v -0.528340 0.367445 -0.367521
v -0.579413 0.432072 -0.288772
v -0.579413 0.480094 -0.198928
v -0.528340 0.480094 -0.198928
v -0.579413 0.509667 -0.101442
v -0.528340 0.509667 -0.101442
v -0.579413 0.519652 -0.000060
v -0.528340 0.519652 -0.000060
v -0.579413 0.509667 0.101322
v -0.528340 0.509667 0.101322
v -0.579413 0.480094 0.198808
v -0.528340 0.480094 0.198808
v -0.579413 0.432072 0.288653
v -0.528340 0.432072 0.288653
v -0.579413 0.367445 0.367401
v -0.528340 0.367445 0.367401
v -0.579414 0.288696 0.432029
v -0.528340 -0.367478 -0.367521
v -0.579413 -0.288729 -0.432148
v -0.528340 -0.288729 -0.432148
v -0.579413 -0.198885 -0.480171
v -0.528340 -0.198885 -0.480171
v -0.579413 -0.101399 -0.509743
v -0.528340 -0.101399 -0.509743
v -0.579413 -0.000016 -0.519729
v -0.528340 -0.000017 -0.519729
v -0.579413 0.101366 -0.509743
v -0.528340 0.101366 -0.509743
v -0.579413 0.198852 -0.480171
v -0.528340 0.198852 -0.480171
v -0.579413 0.288696 -0.432148
v -0.528340 0.288696 -0.432148
v -0.579413 0.367445 -0.367521
v -0.521088 0.074131 0.897667
v -0.505271 0.146839 0.897667
v -0.569699 0.081121 0.897667
v -0.526395 -0.000087 0.897667
v -0.575512 -0.000087 0.897667
v -0.569699 -0.081295 0.897667
v -0.521088 -0.074306 0.897667
v -0.505271 -0.147013 0.897667
v -0.552396 -0.160850 0.897667
v -0.523943 -0.237132 0.897667
v -0.479268 -0.216730 0.897667
v -0.443609 -0.282036 0.897667
v -0.484925 -0.308589 0.897667
v -0.436135 -0.373765 0.897667
v -0.399018 -0.341603 0.897667
v -0.346403 -0.394217 0.897667
v -0.378565 -0.431334 0.897667
v -0.286836 -0.438808 0.897667
v -0.313389 -0.480125 0.897667
v -0.221530 -0.474468 0.897667
v -0.241932 -0.519144 0.897667
v -0.151814 -0.500471 0.897667
v -0.165651 -0.547597 0.897667
v -0.086095 -0.564900 0.897667
v -0.079106 -0.516289 0.897667
v -0.004888 -0.570707 0.897667
v -0.004888 -0.521595 0.897667
v 0.069331 -0.516289 0.897667
v 0.076320 -0.564900 0.897667
v 0.142038 -0.500471 0.897667
v 0.155875 -0.547597 0.897667
v 0.232157 -0.519144 0.897667
v 0.211754 -0.474468 0.897667
v 0.303614 -0.480125 0.897667
v 0.277061 -0.438808 0.897667
v 0.368790 -0.431334 0.897667
v 0.336628 -0.394217 0.897667
v 0.426359 -0.373765 0.897667
v 0.389242 -0.341603 0.897667
v 0.475150 -0.308589 0.897667
v 0.433833 -0.282036 0.897667
v 0.469493 -0.216730 0.897667
v 0.514169 -0.237132 0.897667
v 0.495496 -0.147014 0.897667
v 0.542621 -0.160850 0.897667
v 0.559925 -0.081295 0.897667
v 0.511313 -0.074306 0.897667
v 0.565732 -0.000088 0.897667
v 0.516620 -0.000088 0.897667
v 0.511313 0.074131 0.897667
v 0.559925 0.081121 0.897667
v 0.495496 0.146838 0.897667
v 0.542621 0.160675 0.897667
v 0.514169 0.236957 0.897667
v 0.469493 0.216555 0.897667
v 0.475150 0.308414 0.897667
v 0.433833 0.281861 0.897667
v 0.389242 0.341428 0.897667
v 0.426359 0.373590 0.897667
v 0.336628 0.394042 0.897667
v 0.368790 0.431160 0.897667
v 0.303614 0.479950 0.897667
v 0.277061 0.438633 0.897667
v 0.232157 0.518968 0.897667
v 0.211754 0.474294 0.897667
v 0.142038 0.500296 0.897667
v 0.155875 0.547421 0.897667
v 0.076320 0.564724 0.897667
v 0.069331 0.516113 0.897667
v -0.004888 0.521419 0.897667
v -0.004888 0.570536 0.897667
v -0.086095 0.564724 0.897667
v -0.079106 0.516113 0.897667
v -0.151814 0.500296 0.897667
v -0.165651 0.547421 0.897667
v -0.241932 0.518968 0.897667
v -0.221530 0.474294 0.897667
v -0.286836 0.438633 0.897667
v -0.313389 0.479950 0.897667
v -0.378565 0.431160 0.897667
v -0.346403 0.394042 0.897667
v -0.436135 0.373590 0.897667
v -0.399018 0.341428 0.897667
v -0.443609 0.281861 0.897667
v -0.484925 0.308414 0.897667
v -0.479268 0.216555 0.897667
v -0.523943 0.236957 0.897667
v -0.552396 0.160675 0.897667
v -0.286836 -0.438666 -0.884436
v -0.221530 -0.474327 -0.884436
v -0.221530 -0.474327 -0.897787
v -0.286836 -0.438666 -0.897787
v -0.346403 -0.394076 -0.884436
v -0.346403 -0.394076 -0.897787
v -0.399018 -0.341461 -0.884436
v -0.399018 -0.341461 -0.897787
v -0.443609 -0.281895 -0.884436
v -0.443609 -0.281895 -0.897787
v -0.479268 -0.216588 -0.884436
v -0.479268 -0.216588 -0.897787
v -0.505271 -0.146872 -0.884436
v -0.505271 -0.146872 -0.897787
v -0.521088 -0.074164 -0.884436
v -0.521088 -0.074164 -0.897787
v -0.526394 0.000054 -0.884436
v -0.526394 0.000054 -0.897787
v 0.336628 -0.394076 -0.884436
v 0.389242 -0.341461 -0.884436
v 0.389242 -0.341461 -0.897787
v 0.336628 -0.394076 -0.897787
v 0.277061 -0.438666 -0.884436
v 0.277061 -0.438666 -0.897787
v 0.211755 -0.474327 -0.884436
v 0.211755 -0.474327 -0.897787
v 0.142038 -0.500330 -0.884436
v 0.142038 -0.500330 -0.897787
v 0.069331 -0.516146 -0.884436
v 0.069331 -0.516146 -0.897787
v -0.004888 -0.521452 -0.884436
v -0.004888 -0.521452 -0.897787
v -0.079106 -0.516146 -0.884436
v -0.079106 -0.516146 -0.897787
v -0.151814 -0.500329 -0.884436
v -0.151814 -0.500329 -0.897787
v 0.469493 0.216697 -0.884436
v 0.433833 0.282003 -0.884436
v 0.433833 0.282003 -0.897787
v 0.469493 0.216697 -0.897787
v 0.495496 0.146980 -0.884436
v 0.495496 0.146980 -0.897787
v 0.511314 0.074273 -0.884436
v 0.511314 0.074273 -0.897787
v 0.516620 0.000054 -0.884436
v 0.516620 0.000054 -0.897787
v 0.511314 -0.074164 -0.884436
v 0.511314 -0.074164 -0.897787
v 0.495496 -0.146872 -0.884436
v 0.495496 -0.146872 -0.897787
v 0.469493 -0.216588 -0.884436
v 0.469493 -0.216588 -0.897787
v 0.433833 -0.281895 -0.884436
v 0.433833 -0.281895 -0.897787
v -0.079106 0.516256 -0.884436
v -0.151814 0.500438 -0.884436
v -0.151814 0.500438 -0.897787
v -0.079106 0.516256 -0.897787
v -0.004888 0.521562 -0.884436
v -0.004888 0.521562 -0.897787
v 0.069331 0.516256 -0.884436
v 0.069331 0.516256 -0.897787
v 0.142038 0.500438 -0.884436
v 0.142038 0.500438 -0.897787
v 0.211755 0.474435 -0.884436
v 0.211755 0.474435 -0.897787
v 0.277061 0.438775 -0.884436
v 0.277061 0.438775 -0.897787
v 0.336628 0.394184 -0.884436
v 0.336628 0.394184 -0.897787
v 0.389242 0.341570 -0.884436
v 0.389242 0.341570 -0.897787
v -0.521088 0.074273 -0.884436
v -0.526394 0.000054 -0.884436
v -0.526394 0.000054 -0.897787
v -0.521088 0.074273 -0.897787
v -0.505271 0.146981 -0.884436
v -0.505271 0.146981 -0.897787
v -0.479268 0.216697 -0.884436
v -0.479268 0.216697 -0.897787
v -0.443609 0.282003 -0.884436
v -0.443609 0.282003 -0.897787
v -0.399018 0.341570 -0.884436
v -0.399018 0.341570 -0.897787
v -0.346403 0.394184 -0.884436
v -0.346403 0.394184 -0.897787
v -0.286836 0.438775 -0.884436
v -0.286836 0.438775 -0.897787
v -0.221530 0.474435 -0.884436
v -0.221530 0.474435 -0.897787
v 0.879535 0.281978 -0.438710
v 0.879535 0.216672 -0.474370
v 0.892886 0.216672 -0.474370
v 0.892886 0.281978 -0.438710
v 0.879535 0.341545 -0.394119
v 0.892886 0.341545 -0.394119
v 0.879535 0.394160 -0.341504
v 0.892886 0.394160 -0.341504
v 0.879535 0.438751 -0.281938
v 0.892886 0.438751 -0.281938
v 0.879535 0.474410 -0.216632
v 0.892886 0.474410 -0.216632
v 0.879535 0.500413 -0.146915
v 0.892886 0.500413 -0.146915
v 0.879535 0.516230 -0.074207
v 0.892886 0.516230 -0.074207
v 0.879535 0.521537 0.000011
v 0.892886 0.521536 0.000011
v 0.879535 -0.341486 -0.394119
v 0.879535 -0.394100 -0.341504
v 0.892886 -0.394100 -0.341504
v 0.892886 -0.341486 -0.394119
v 0.879535 -0.281919 -0.438710
v 0.892886 -0.281919 -0.438710
v 0.879535 -0.216613 -0.474370
v 0.892886 -0.216613 -0.474370
v 0.879535 -0.146896 -0.500373
v 0.892886 -0.146896 -0.500373
v 0.879535 -0.074189 -0.516189
v 0.892886 -0.074189 -0.516189
v 0.879535 0.000030 -0.521496
v 0.892886 0.000030 -0.521496
v 0.879535 0.074248 -0.516189
v 0.892886 0.074248 -0.516189
v 0.879535 0.146956 -0.500373
v 0.892886 0.146956 -0.500373
v 0.879535 -0.474351 0.216654
v 0.879535 -0.438691 0.281960
v 0.892886 -0.438691 0.281960
v 0.892886 -0.474351 0.216654
v 0.879535 -0.500354 0.146937
v 0.892886 -0.500354 0.146937
v 0.879535 -0.516172 0.074230
v 0.892886 -0.516172 0.074230
v 0.879535 -0.521478 0.000011
v 0.892886 -0.521478 0.000011
v 0.879535 -0.516172 -0.074207
v 0.892886 -0.516172 -0.074207
v 0.879535 -0.500354 -0.146915
v 0.892886 -0.500354 -0.146915
v 0.879535 -0.474351 -0.216632
v 0.892886 -0.474351 -0.216632
v 0.879535 -0.438691 -0.281938
v 0.892886 -0.438691 -0.281938
v 0.879535 0.074248 0.516212
v 0.879535 0.146956 0.500395
v 0.892886 0.146956 0.500395
v 0.892886 0.074248 0.516212
v 0.879535 0.000030 0.521519
v 0.892886 0.000030 0.521519
v 0.879535 -0.074189 0.516212
v 0.892886 -0.074189 0.516212
v 0.879535 -0.146896 0.500395
v 0.892886 -0.146896 0.500395
v 0.879535 -0.216613 0.474392
v 0.892886 -0.216613 0.474392
v 0.879535 -0.281919 0.438732
v 0.892886 -0.281919 0.438732
v 0.879535 -0.341486 0.394141
v 0.892886 -0.341486 0.394141
v 0.879535 -0.394100 0.341527
v 0.892886 -0.394100 0.341527
v 0.879535 0.516230 0.074230
v 0.879535 0.521537 0.000011
v 0.892886 0.521536 0.000011
v 0.892886 0.516230 0.074230
v 0.879535 0.500413 0.146937
v 0.892886 0.500413 0.146937
v 0.879535 0.474410 0.216654
v 0.892886 0.474410 0.216654
v 0.879535 0.438751 0.281960
v 0.892886 0.438751 0.281960
v 0.879535 0.394160 0.341527
v 0.892886 0.394160 0.341527
v 0.879535 0.341545 0.394141
v 0.892886 0.341545 0.394141
v 0.879535 0.281978 0.438732
v 0.892886 0.281978 0.438732
v 0.879535 0.216672 0.474392
v 0.892886 0.216672 0.474392
v -0.276705 0.879360 0.422371
v -0.213834 0.879360 0.456702
v -0.165092 0.879222 0.249627
v -0.198983 0.879222 0.224257
v -0.334051 0.879360 0.379443
v -0.228919 0.879222 0.194321
v -0.384703 0.879360 0.328791
v -0.254290 0.879222 0.160430
v -0.427631 0.879360 0.271445
v -0.274579 0.879222 0.123273
v -0.461961 0.879360 0.208575
v -0.289373 0.879222 0.083607
v -0.486995 0.879360 0.141457
v -0.298373 0.879222 0.042239
v -0.502221 0.879360 0.071462
v -0.301393 0.879222 0.000011
v -0.507331 0.879360 0.000011
v -0.502221 0.879360 -0.071440
v -0.298373 0.879222 -0.042217
v -0.486995 0.879360 -0.141436
v -0.289373 0.879222 -0.083585
v -0.461961 0.879360 -0.208552
v -0.274579 0.879222 -0.123251
v -0.427631 0.879360 -0.271423
v -0.254290 0.879222 -0.160408
v -0.384703 0.879360 -0.328769
v -0.228919 0.879222 -0.194299
v -0.334051 0.879360 -0.379421
v -0.198983 0.879222 -0.224235
v -0.276705 0.879360 -0.422350
v -0.165092 0.879222 -0.249606
v -0.213834 0.879360 -0.456679
v -0.127935 0.879222 -0.269895
v -0.146717 0.879360 -0.481713
v -0.088269 0.879222 -0.284689
v -0.076721 0.879360 -0.496939
v -0.046697 0.879360 -0.293760
v -0.005271 0.879360 -0.502050
v -0.004459 0.879360 -0.296781
v 0.066180 0.879360 -0.496939
v 0.037779 0.879360 -0.293760
v 0.136176 0.879360 -0.481713
v 0.079157 0.879360 -0.284759
v 0.203293 0.879360 -0.456679
v 0.118832 0.879360 -0.269960
v 0.266164 0.879360 -0.422349
v 0.155999 0.879360 -0.249666
v 0.323509 0.879360 -0.379421
v 0.189898 0.879360 -0.224289
v 0.374162 0.879360 -0.328769
v 0.219841 0.879360 -0.194346
v 0.417090 0.879360 -0.271423
v 0.245218 0.879360 -0.160447
v 0.451420 0.879360 -0.208552
v 0.265512 0.879360 -0.123281
v 0.476453 0.879360 -0.141436
v 0.280311 0.879360 -0.083605
v 0.491680 0.879360 -0.071440
v 0.289312 0.879360 -0.042227
v 0.496790 0.879360 0.000011
v 0.292333 0.879360 0.000011
v 0.289312 0.879360 0.042249
v 0.491680 0.879360 0.071462
v 0.280311 0.879360 0.083627
v 0.476453 0.879360 0.141458
v 0.265512 0.879360 0.123303
v 0.451420 0.879360 0.208575
v 0.245218 0.879360 0.160469
v 0.417089 0.879360 0.271445
v 0.219841 0.879360 0.194368
v 0.374162 0.879360 0.328791
v 0.189898 0.879360 0.224311
v 0.323509 0.879360 0.379443
v 0.155999 0.879360 0.249688
v 0.266164 0.879360 0.422371
v 0.118832 0.879360 0.269982
v 0.203293 0.879360 0.456702
v 0.079157 0.879360 0.284781
v 0.136176 0.879360 0.481735
v 0.037779 0.879360 0.293782
v 0.066180 0.879360 0.496961
v -0.004459 0.879360 0.296803
v -0.005271 0.879360 0.502072
v -0.046697 0.879360 0.293782
v -0.076721 0.879360 0.496961
v -0.088269 0.879222 0.284711
v -0.146717 0.879360 0.481735
v -0.127935 0.879222 0.269917
v -0.902568 -0.074281 0.516212
v -0.902568 -0.146989 0.500395
v -0.902568 -0.081271 0.564824
v -0.902568 -0.000063 0.570631
v -0.902568 -0.000063 0.521519
v -0.902568 0.074155 0.516212
v -0.902568 0.081145 0.564824
v -0.902568 0.146863 0.500395
v -0.902568 0.160700 0.547520
v -0.902568 0.236982 0.519067
v -0.902568 0.216579 0.474392
v -0.902568 0.308438 0.480049
v -0.902568 0.281886 0.438732
v -0.902568 0.373615 0.431258
v -0.902568 0.341453 0.394141
v -0.902568 0.431184 0.373688
v -0.902568 0.394067 0.341527
v -0.902568 0.479975 0.308512
v -0.902568 0.438658 0.281960
v -0.902568 0.474318 0.216653
v -0.902568 0.518993 0.237056
v -0.902568 0.500321 0.146937
v -0.902568 0.547446 0.160774
v -0.902568 0.564750 0.081219
v -0.902568 0.516138 0.074229
v -0.902568 0.570557 0.000011
v -0.902568 0.521445 0.000011
v -0.902568 0.516138 -0.074207
v -0.902568 0.564750 -0.081197
v -0.902568 0.500321 -0.146915
v -0.902568 0.547446 -0.160752
v -0.902568 0.518993 -0.237034
v -0.902568 0.474318 -0.216632
v -0.902568 0.479975 -0.308490
v -0.902568 0.438658 -0.281938
v -0.902568 0.394067 -0.341504
v -0.902568 0.431184 -0.373667
v -0.902568 0.341453 -0.394119
v -0.902568 0.373615 -0.431236
v -0.902568 0.281886 -0.438710
v -0.902568 0.308438 -0.480026
v -0.902568 0.236982 -0.519044
v -0.902568 0.216579 -0.474370
v -0.902568 0.146863 -0.500373
v -0.902568 0.160700 -0.547497
v -0.902568 0.081145 -0.564801
v -0.902568 0.074155 -0.516189
v -0.902568 -0.000063 -0.521496
v -0.902568 -0.000063 -0.570613
v -0.902568 -0.081271 -0.564801
v -0.902568 -0.074281 -0.516189
v -0.902568 -0.146989 -0.500373
v -0.902568 -0.160826 -0.547497
v -0.902568 -0.237107 -0.519044
v -0.902568 -0.216705 -0.474370
v -0.902568 -0.282011 -0.438710
v -0.902568 -0.308564 -0.480026
v -0.902568 -0.373740 -0.431236
v -0.902568 -0.341578 -0.394119
v -0.902568 -0.431310 -0.373667
v -0.902568 -0.394193 -0.341504
v -0.902568 -0.480100 -0.308490
v -0.902568 -0.438784 -0.281938
v -0.902568 -0.519118 -0.237034
v -0.902568 -0.474444 -0.216632
v -0.902568 -0.500446 -0.146915
v -0.902568 -0.547571 -0.160752
v -0.902568 -0.564875 -0.081197
v -0.902568 -0.516263 -0.074207
v -0.902568 -0.521570 0.000011
v -0.902568 -0.570687 0.000011
v -0.902568 -0.564875 0.081219
v -0.902568 -0.516263 0.074229
v -0.902568 -0.500446 0.146937
v -0.902568 -0.547571 0.160774
v -0.902568 -0.519118 0.237056
v -0.902568 -0.474444 0.216653
v -0.902568 -0.438784 0.281960
v -0.902568 -0.480100 0.308512
v -0.902568 -0.394193 0.341527
v -0.902568 -0.431310 0.373688
v -0.902568 -0.341578 0.394141
v -0.902568 -0.373740 0.431258
v -0.902568 -0.282011 0.438732
v -0.902568 -0.308564 0.480049
v -0.902568 -0.216705 0.474392
v -0.902568 -0.237107 0.519067
v -0.902568 -0.160826 0.547520
v -0.424917 0.970372 -1.011077
v -0.424917 1.010996 -0.970449
v -0.295386 0.883017 -0.883103
v -0.873084 -0.308564 0.480049
v -0.873084 -0.237107 0.519067
v -0.902568 -0.237107 0.519067
v -0.902568 -0.308564 0.480049
v -0.873084 -0.373740 0.431258
v -0.902568 -0.373740 0.431258
v -0.873084 -0.431310 0.373688
v -0.902568 -0.431310 0.373688
v -0.873084 -0.480100 0.308512
v -0.902568 -0.480100 0.308512
v -0.873084 -0.519118 0.237056
v -0.902568 -0.519118 0.237056
v -0.873084 -0.547571 0.160774
v -0.902568 -0.547571 0.160774
v -0.873084 -0.564875 0.081219
v -0.902568 -0.564875 0.081219
v -0.873084 -0.570687 0.000011
v -0.902568 -0.570687 0.000011
v -0.873084 0.373615 0.431258
v -0.873084 0.431184 0.373688
v -0.902568 0.431184 0.373688
v -0.902568 0.373615 0.431258
v -0.873084 0.308438 0.480049
v -0.902568 0.308438 0.480049
v -0.873084 0.236982 0.519067
v -0.902568 0.236982 0.519067
v -0.873084 0.160700 0.547520
v -0.902568 0.160700 0.547520
v -0.873084 0.081145 0.564824
v -0.902568 0.081145 0.564824
v -0.873084 -0.000063 0.570631
v -0.902568 -0.000063 0.570631
v -0.873084 -0.081271 0.564824
v -0.902568 -0.081271 0.564824
v -0.873084 -0.160826 0.547520
v -0.902568 -0.160826 0.547520
v -0.873084 0.518993 -0.237034
v -0.873084 0.479975 -0.308490
v -0.902568 0.479975 -0.308490
v -0.902568 0.518993 -0.237034
v -0.873084 0.547446 -0.160752
v -0.902568 0.547446 -0.160752
v -0.873084 0.564750 -0.081197
v -0.902568 0.564750 -0.081197
v -0.873084 0.570557 0.000011
v -0.902568 0.570557 0.000011
v -0.873084 0.564750 0.081219
v -0.902568 0.564750 0.081219
v -0.873084 0.547446 0.160774
v -0.902568 0.547446 0.160774
v -0.873084 0.518993 0.237056
v -0.902568 0.518993 0.237056
v -0.873084 0.479975 0.308512
v -0.902568 0.479975 0.308512
v -0.873084 -0.081271 -0.564801
v -0.873084 -0.160826 -0.547497
v -0.902568 -0.160826 -0.547497
v -0.902568 -0.081271 -0.564801
v -0.873084 -0.000063 -0.570613
v -0.902568 -0.000063 -0.570613
v -0.873084 0.081145 -0.564801
v -0.902568 0.081145 -0.564801
v -0.873084 0.160700 -0.547497
v -0.902568 0.160700 -0.547497
v -0.873084 0.236982 -0.519044
v -0.902568 0.236982 -0.519044
v -0.873084 0.308438 -0.480026
v -0.902568 0.308438 -0.480026
v -0.873084 0.373615 -0.431236
v -0.902568 0.373615 -0.431236
v -0.873084 0.431184 -0.373667
v -0.902568 0.431184 -0.373667
v -0.873084 -0.564875 -0.081197
v -0.873084 -0.570687 0.000011
v -0.902568 -0.570687 0.000011
v -0.902568 -0.564875 -0.081197
v -0.873084 -0.547571 -0.160752
v -0.902568 -0.547571 -0.160752
v -0.873084 -0.519118 -0.237034
v -0.902568 -0.519118 -0.237034
v -0.873084 -0.480100 -0.308490
v -0.902568 -0.480100 -0.308490
v -0.873084 -0.431310 -0.373667
v -0.902568 -0.431310 -0.373667
v -0.873084 -0.373740 -0.431236
v -0.902568 -0.373740 -0.431236
v -0.873084 -0.308564 -0.480026
v -0.902568 -0.308564 -0.480026
v -0.873084 -0.237107 -0.519044
v -0.902568 -0.237107 -0.519044
v 0.084834 -0.000017 -0.450886
v 0.640475 0.463186 -0.000060
v 0.538329 0.463186 -0.000060
v 0.640475 0.454286 -0.090426
v 0.538329 0.454286 0.090306
v 0.640475 0.454286 0.090306
v 0.538329 0.427927 0.177200
v 0.640475 0.427927 0.177200
v 0.538329 0.385122 0.257282
v 0.640475 0.385122 0.257282
v 0.538329 0.327517 0.327474
v 0.640475 0.327517 0.327474
v 0.538329 0.257325 0.385079
v 0.640475 0.257325 0.385079
v 0.538329 0.177243 0.427884
v 0.640475 0.177243 0.427884
v 0.538329 0.090349 0.454242
v 0.640475 0.090349 0.454242
v 0.538329 -0.000017 0.463143
v 0.640475 -0.000017 0.463143
v 0.538329 -0.090383 0.454242
v 0.640475 -0.090383 0.454242
v 0.538329 -0.177277 0.427884
v 0.640475 -0.177277 0.427884
v 0.538329 -0.257358 0.385079
v 0.640475 -0.257358 0.385079
v 0.538329 -0.327550 0.327474
v 0.640475 -0.327550 0.327474
v 0.538329 -0.385156 0.257282
v 0.640475 -0.385156 0.257282
v 0.538329 -0.427960 0.177200
v 0.640475 -0.427960 0.177200
v 0.538329 -0.454319 0.090306
v 0.640475 -0.454319 0.090306
v 0.538329 -0.463219 -0.000060
v 0.640475 -0.463219 -0.000060
v 0.538329 -0.454319 -0.090426
v 0.640475 -0.454319 -0.090426
v 0.538329 -0.427960 -0.177320
v 0.640475 -0.427960 -0.177320
v 0.538329 -0.385156 -0.257401
v 0.640475 -0.385156 -0.257401
v 0.538329 -0.327550 -0.327594
v 0.640475 -0.327550 -0.327594
v 0.538329 -0.257358 -0.385199
v 0.640475 -0.257358 -0.385199
v 0.538329 -0.177277 -0.428003
v 0.640475 -0.177277 -0.428003
v 0.538329 -0.090383 -0.454362
v 0.640475 -0.090383 -0.454362
v 0.538329 -0.000017 -0.463263
v 0.640475 -0.000017 -0.463263
v 0.538329 0.090349 -0.454362
v 0.640475 0.090349 -0.454362
v 0.538329 0.177243 -0.428003
v 0.640475 0.177243 -0.428003
v 0.538329 0.257325 -0.385199
v 0.640475 0.257325 -0.385199
v 0.538329 0.327517 -0.327594
v 0.640475 0.327517 -0.327594
v 0.538329 0.385122 -0.257401
v 0.640475 0.385122 -0.257401
v 0.538329 0.427927 -0.177320
v 0.640475 0.427927 -0.177320
v 0.538329 0.454286 -0.090426
v -0.460831 -0.076693 -0.031820
v -0.464499 -0.073304 -0.030417
v -0.464499 -0.056109 -0.056152
v -0.460831 -0.083010 -0.000060
v -0.464499 -0.079342 -0.000060
v -0.464499 -0.073304 0.030297
v -0.460831 -0.076693 0.031700
v -0.464499 -0.056109 0.056032
v -0.460831 -0.058702 0.058626
v -0.460831 -0.031777 0.076616
v -0.464499 -0.030373 0.073228
v -0.460831 -0.000017 0.082934
v -0.464499 -0.000017 0.079266
v -0.464499 0.030340 0.073228
v -0.460831 0.031744 0.076616
v -0.464499 0.056076 0.056032
v -0.460831 0.058669 0.058626
v -0.460831 0.076660 0.031700
v -0.464499 0.073271 0.030297
v -0.460831 0.082977 -0.000060
v -0.464499 0.079309 -0.000060
v -0.464499 0.073271 -0.030417
v -0.460831 0.076660 -0.031820
v -0.464499 0.056076 -0.056152
v -0.460831 0.058669 -0.058745
v -0.460831 0.031744 -0.076736
v -0.464499 0.030340 -0.073348
v -0.460831 -0.000017 -0.083054
v -0.464499 -0.000017 -0.079386
v -0.464499 -0.030373 -0.073348
v -0.460831 -0.031777 -0.076736
v -0.460831 -0.058702 -0.058745
v -0.438963 -0.076693 0.031700
v -0.460831 -0.076693 0.031700
v -0.438963 -0.083010 -0.000060
v -0.460831 -0.058702 0.058626
v -0.438963 -0.058702 0.058626
v -0.460831 -0.031777 0.076616
v -0.438963 -0.031777 0.076616
v -0.460831 -0.000017 0.082934
v -0.438963 -0.000017 0.082934
v -0.460831 0.031744 0.076616
v -0.438963 0.031744 0.076616
v -0.460831 0.058669 0.058626
v -0.438963 0.058669 0.058626
v -0.460831 0.076660 0.031700
v -0.438963 0.076660 0.031700
v -0.460831 0.082977 -0.000060
v -0.438963 0.082977 -0.000060
v -0.460831 0.076660 -0.031820
v -0.438963 0.076660 -0.031820
v -0.460831 0.058669 -0.058745
v -0.438963 0.058669 -0.058745
v -0.460831 0.031744 -0.076736
v -0.438963 0.031744 -0.076736
v -0.460831 -0.000017 -0.083054
v -0.438963 -0.000017 -0.083054
v -0.460831 -0.031777 -0.076736
v -0.438963 -0.031777 -0.076736
v -0.460831 -0.058702 -0.058745
v -0.438963 -0.058702 -0.058745
v -0.460831 -0.076693 -0.031820
v -0.438963 -0.076693 -0.031820
v -0.460831 -0.083010 -0.000060
v -0.464499 0.051195 -0.051272
v -0.464499 0.056076 -0.056152
v -0.464499 0.027699 -0.066971
v -0.464499 0.066895 -0.027776
v -0.464499 0.073271 -0.030417
v -0.464499 0.079309 -0.000060
v -0.464499 0.072408 -0.000060
v -0.464499 0.066895 0.027656
v -0.464499 0.073271 0.030297
v -0.464499 0.056076 0.056032
v -0.464499 0.051195 0.051152
v -0.464499 0.027699 0.066851
v -0.464499 0.030340 0.073228
v -0.464499 -0.000017 0.079266
v -0.464499 -0.000017 0.072365
v -0.464499 -0.027732 0.066851
v -0.464499 -0.030373 0.073228
v -0.464499 -0.056109 0.056032
v -0.464499 -0.051229 0.051152
v -0.464499 -0.066928 0.027656
v -0.464499 -0.073304 0.030297
v -0.464499 -0.079342 -0.000060
v -0.464499 -0.072441 -0.000060
v -0.464499 -0.066928 -0.027776
v -0.464499 -0.073304 -0.030417
v -0.464499 -0.056109 -0.056152
v -0.464499 -0.051229 -0.051272
v -0.464499 -0.027732 -0.066971
v -0.464499 -0.030373 -0.073348
v -0.464499 -0.000017 -0.079386
v -0.464499 -0.000017 -0.072485
v -0.464499 0.030340 -0.073348
v -0.889069 0.922486 -0.223902
v -0.887839 0.883027 -0.228130
v -0.926378 0.885177 -0.223901
v -0.927109 0.689154 -0.181379
v -0.887839 0.634648 -0.170118
v -0.887839 0.651416 -0.085823
v -0.927104 0.707290 -0.091368
v -0.887839 0.656191 -0.025925
v -0.927104 0.713720 -0.000060
v -0.887926 0.657064 -0.000060
v -0.887839 0.656191 0.025805
v -0.927104 0.707290 0.091248
v -0.887839 0.651416 0.085703
v -0.927109 0.689154 0.181259
v -0.887839 0.634648 0.169999
v -1.015802 0.970372 -0.420198
v -0.887757 0.883017 -0.290669
v -0.975230 1.010996 -0.420198
v -0.693950 0.922292 0.181245
v -0.639445 0.883012 0.169999
v -0.656212 0.883012 0.085703
v -0.712081 0.922292 0.091243
v -0.660987 0.883012 0.025805
v -0.718516 0.922292 -0.000060
v -0.661794 0.883098 -0.000060
v -0.660987 0.883012 -0.025925
v -0.712081 0.922292 -0.091363
v -0.656212 0.883012 -0.085823
v -0.693950 0.922292 -0.181365
v -0.639445 0.883012 -0.170118
v -0.975230 0.420121 -1.011077
v -0.887839 0.290592 -0.883103
v -1.015823 0.420121 -0.970449
v -0.555113 -0.147348 -0.883870
v -0.498207 -0.284732 -0.883870
v -0.407683 -0.402705 -0.883870
v -0.571875 -0.020048 -0.883870
v -0.835014 -0.021450 -0.882077
v -0.835448 -0.733508 -0.883747
v -0.738333 -0.830623 -0.883747
v -0.026275 -0.830189 -0.882077
v -0.025026 -0.566897 -0.883869
v -0.152326 -0.550135 -0.883869
v -0.289709 -0.493230 -0.883869
v -0.887757 0.883017 -0.290669
v -1.015802 0.970372 -0.420198
v -1.015823 0.722816 -0.420232
v -0.887839 0.589280 -0.290668
v -1.013131 0.718316 -0.413747
v -0.604950 -0.393856 -0.191602
v -0.579413 -0.393856 -0.191602
v -0.579413 -0.406599 -0.213319
v -0.604950 -0.406599 -0.213319
v -0.579413 -0.468381 -0.238281
v -0.604950 -0.468381 -0.238281
v -0.604950 -0.492058 -0.247847
v -0.770938 -0.492058 -0.247847
v -0.770938 -0.468381 -0.238281
v -0.579413 -0.492058 -0.247847
v -0.887839 0.290591 -0.589356
v -1.013131 0.413670 -0.718393
v -1.015823 0.420155 -0.722892
v -0.887839 0.290592 -0.883103
v -1.015823 0.420121 -0.970449
v 0.589402 0.580940 0.039266
v 0.617210 0.580940 0.027748
v 0.628728 0.580940 -0.000060
v 0.561594 0.580940 0.027748
v 0.550076 0.580940 -0.000060
v 0.561594 0.580940 -0.027868
v 0.589402 0.580940 -0.039386
v 0.617210 0.580940 -0.027868
v -0.926378 0.885177 0.223814
v -0.889069 0.922486 0.223815
v -0.889069 0.922486 -0.000060
v -0.926378 0.885177 -0.000060
v -0.926378 0.885177 -0.223901
v -0.889069 0.922486 -0.223902
v -0.075871 -0.880169 -0.493828
v -0.079106 -0.884393 -0.516332
v -0.004888 -0.884393 -0.521639
v -0.004888 -0.880169 -0.498905
v 0.066095 -0.880169 -0.493828
v 0.069330 -0.884393 -0.516332
v -0.975230 1.010996 -0.970449
v -0.975230 0.970372 -1.011082
v -1.015807 0.970372 -0.970449
v -0.458589 0.881301 0.207209
v -0.479268 0.884360 0.216653
v -0.443608 0.884360 0.281960
v -0.424483 0.881301 0.269669
v -0.399017 0.884360 0.341527
v -0.381836 0.881301 0.326639
v -0.346403 0.884360 0.394141
v -0.331515 0.881301 0.376960
v -0.152326 0.883793 0.550258
v -0.289709 0.883793 0.493352
v -0.407683 0.883793 0.402827
v -0.025026 0.883793 0.567015
v -0.026275 0.882000 0.830113
v -0.738332 0.883671 0.830547
v -0.835448 0.883671 0.733431
v -0.835014 0.882000 0.021374
v -0.571875 0.883793 0.020170
v -0.555113 0.883793 0.147470
v -0.498207 0.883793 0.284853
v 0.415235 1.010996 -0.970448
v 0.415235 0.970372 -1.011077
v 0.285704 0.883017 -0.883103
v -0.555113 0.883793 -0.147391
v -0.498207 0.883793 -0.284775
v -0.407683 0.883793 -0.402749
v -0.571875 0.883793 -0.020091
v -0.835014 0.882000 -0.021494
v -0.835448 0.883671 -0.733551
v -0.738332 0.883671 -0.830667
v -0.026275 0.882000 -0.830233
v -0.025025 0.883793 -0.566940
v -0.152326 0.883793 -0.550178
v -0.289709 0.883793 -0.493273
v 1.006140 0.420121 -0.970448
v 0.878156 0.290592 -0.883103
v 0.965547 0.420121 -1.011077
v -0.604950 -0.440629 -0.129090
v -0.604950 -0.416377 -0.135860
v -0.604950 -0.393856 -0.191602
v -0.604950 -0.502412 -0.154052
v -0.604950 -0.468381 -0.238281
v -0.604950 -0.406599 -0.213319
v -0.295388 0.883012 -0.589356
v -0.424951 1.010996 -0.722892
v -0.333307 0.883012 -0.569086
v -0.404769 0.883012 -0.521337
v -0.514719 1.010996 -0.662692
v -0.469388 0.883012 -0.464668
v -0.596150 1.010996 -0.591430
v -0.667412 1.010996 -0.509999
v -0.526057 0.883012 -0.400050
v -0.727612 1.010996 -0.420231
v -0.573805 0.883012 -0.328588
v -0.594076 0.883012 -0.290668
v -0.604950 0.012752 -0.494601
v -0.604950 0.025520 -0.472486
v -0.604950 0.012752 -0.450371
v -0.604950 -0.012785 -0.494601
v -0.604950 -0.025553 -0.472486
v -0.604950 -0.012785 -0.450371
v -0.228715 0.921521 -0.885253
v -0.228716 0.884212 -0.922562
v -0.232944 0.882981 -0.883103
v -0.630487 0.012752 -0.450371
v -0.630487 0.025520 -0.472486
v -0.630487 0.012752 -0.494601
v -0.630487 -0.012785 -0.450371
v -0.630487 -0.025553 -0.472486
v -0.630487 -0.012785 -0.494601
v -0.228715 0.921521 0.885134
v -0.228716 0.884212 0.922443
v -0.004841 0.884212 0.922443
v -0.004841 0.921521 0.885134
v 0.219000 0.921521 0.885134
v 0.219001 0.884212 0.922443
v -0.770938 -0.045438 -0.549096
v -0.770938 0.045405 -0.549096
v -0.604950 0.045405 -0.549096
v -0.604950 -0.045438 -0.549096
v -0.579413 0.045405 -0.549096
v -0.579413 -0.045438 -0.549096
v 0.965548 1.010996 -0.970448
v 1.006125 0.970372 -0.970448
v 0.965548 0.970372 -1.011082
v -0.770938 -0.045438 -0.523559
v -0.770938 -0.045438 -0.549096
v -0.604950 -0.045438 -0.549096
v -0.604950 -0.045438 -0.523559
v -0.579413 -0.045438 -0.549096
v -0.579413 -0.045438 -0.523559
v -0.579413 -0.045438 -0.456924
v -0.604950 -0.045438 -0.456924
v -0.579413 -0.030076 -0.436974
v -0.604950 -0.030076 -0.436974
v -0.604950 0.030044 -0.436974
v -0.579413 0.030044 -0.436974
v -0.579413 0.045405 -0.456924
v -0.604950 0.045405 -0.456924
v -0.579413 0.045405 -0.523559
v -0.604950 0.045405 -0.523559
v -0.604950 0.045405 -0.549096
v -0.770938 0.045405 -0.549096
v -0.770938 0.045405 -0.523559
v -0.579413 0.045405 -0.549096
v 0.965547 1.010996 0.970329
v 0.965547 0.970372 1.010963
v 1.006125 0.970372 0.970329
v 0.589402 0.429316 0.039266
v 0.561594 0.429316 0.027748
v 0.550076 0.429316 -0.000060
v 0.617210 0.429316 0.027748
v 0.628728 0.429316 -0.000060
v 0.617210 0.429316 -0.027868
v 0.589402 0.429316 -0.039386
v 0.561594 0.429316 -0.027868
v 0.219001 0.884212 -0.922562
v 0.219000 0.921521 -0.885253
v 0.223229 0.882981 -0.883103
v 0.633722 0.536251 0.091971
v 0.633722 0.555403 0.091971
v 0.589402 0.536251 0.102086
v 0.669263 0.555403 0.063627
v 0.669263 0.536251 0.063627
v 0.688987 0.555403 0.022670
v 0.688987 0.536251 0.022670
v 0.688987 0.555403 -0.022789
v 0.688987 0.536251 -0.022789
v 0.669263 0.555403 -0.063747
v 0.669263 0.536251 -0.063747
v 0.633722 0.555403 -0.092090
v 0.633722 0.536251 -0.092090
v 0.589402 0.555403 -0.102206
v 0.589402 0.536251 -0.102206
v 0.544713 0.555403 -0.092090
v 0.544713 0.536251 -0.092090
v 0.509541 0.555403 -0.063747
v 0.509541 0.536251 -0.063747
v 0.489817 0.555403 -0.022789
v 0.544713 0.485178 -0.092090
v 0.589402 0.485178 -0.102206
v 0.633722 0.485178 -0.092090
v 0.669263 0.485178 -0.063747
v 0.688987 0.485178 -0.022789
v 0.688987 0.485178 0.022670
v 0.669263 0.485178 0.063627
v 0.633722 0.485178 0.091971
v 0.589402 0.485178 0.102086
v 0.544713 0.536251 0.091971
v 0.544713 0.485178 0.091971
v 0.489817 0.536251 -0.022789
v 0.489817 0.555403 0.022670
v 0.489817 0.536251 0.022670
v 0.509541 0.555403 0.063627
v 0.509541 0.536251 0.063627
v 0.544713 0.555403 0.091971
v 0.589402 0.555403 0.102086
v 0.509541 0.536251 0.063627
v 0.489817 0.536251 0.022670
v 0.489817 0.536251 -0.022789
v 0.544713 0.536251 0.091971
v 0.544713 0.536251 -0.092090
v 0.509541 0.536251 -0.063747
v 0.965548 1.010996 -0.420198
v 0.878075 0.883017 -0.290669
v 1.006120 0.970372 -0.420198
v 0.633722 0.485178 -0.092090
v 0.669263 0.485178 -0.063747
v 0.688987 0.485178 -0.022789
v 0.589402 0.485178 -0.102206
v 0.544713 0.485178 -0.092090
v 0.544713 0.485178 0.091971
v 0.589402 0.485178 0.102086
v 0.633722 0.485178 0.091971
v 0.669263 0.485178 0.063627
v 0.688987 0.485178 0.022670
v 0.285703 0.883017 0.882984
v 0.415235 0.970372 1.010957
v 0.415235 1.010996 0.970329
v 0.544713 0.555403 -0.092090
v 0.509541 0.555403 -0.063747
v 0.489817 0.555403 -0.022789
v 0.589402 0.555403 -0.102206
v 0.633722 0.555403 -0.092090
v 0.669263 0.555403 -0.063747
v 0.688987 0.555403 -0.022789
v 0.688987 0.555403 0.022670
v 0.669263 0.555403 0.063627
v 0.633722 0.555403 0.091971
v 0.589402 0.555403 0.102086
v 0.544713 0.555403 0.091971
v 0.509541 0.555403 0.063627
v 0.489817 0.555403 0.022670
v 0.965547 1.010996 0.420078
v 1.006120 0.970372 0.420078
v 0.878075 0.883017 0.290549
v -0.719875 -0.586463 -0.000060
v -0.719865 -0.544609 -0.000060
v -0.719865 -0.526054 0.140891
v -0.719875 -0.566483 0.151724
v -0.719875 -0.507895 0.293164
v -0.719865 -0.471647 0.272236
v -0.719875 -0.414697 0.414621
v -0.719865 -0.385101 0.385025
v -0.719865 -0.272313 0.471571
v -0.719875 -0.293240 0.507819
v -0.719865 -0.140967 0.525978
v -0.719875 -0.151800 0.566407
v -0.719875 -0.000016 0.586387
v -0.719865 -0.000016 0.544532
v -0.719865 0.140935 0.525978
v -0.719875 0.151767 0.566407
v -0.719875 0.293207 0.507819
v -0.719865 0.272280 0.471571
v -0.719875 0.414664 0.414621
v -0.719864 0.385068 0.385025
v -0.719864 0.471614 0.272236
v -0.719875 0.507862 0.293164
v -0.719864 0.526021 0.140891
v -0.719875 0.566450 0.151724
v -0.719875 0.586430 -0.000060
v -0.719864 0.544576 -0.000060
v -0.719864 0.526021 -0.141011
v -0.719875 0.566450 -0.151844
v 0.965547 0.420121 1.010957
v 0.878156 0.290592 0.882984
v 1.006140 0.420121 0.970329
v -0.719875 -0.000016 -0.586507
v -0.719864 -0.000016 -0.544652
v -0.719864 -0.140967 -0.526097
v -0.719875 -0.151800 -0.566527
v -0.719875 -0.293240 -0.507938
v -0.719864 -0.272313 -0.471691
v -0.719875 -0.414697 -0.414741
v -0.719865 -0.385101 -0.385145
v -0.719865 -0.471647 -0.272356
v -0.719875 -0.507895 -0.293284
v -0.719865 -0.526054 -0.141011
v -0.719875 -0.566483 -0.151844
v -0.719875 -0.586463 -0.000060
v -0.719865 -0.544609 -0.000060
v -1.015802 0.970372 -0.420198
v -1.015807 0.970372 -0.970449
v -1.015823 0.722816 -0.420232
v -1.015833 0.662616 -0.510005
v -1.015813 0.591338 -0.591527
v -1.015823 0.509923 -0.662692
v -1.015823 0.420155 -0.722892
v -1.015823 0.420121 -0.970449
v -0.719875 0.566450 -0.151844
v -0.515582 0.566486 -0.151854
v -0.515582 0.586471 -0.000060
v -0.719875 0.586430 -0.000060
v -0.719875 0.566450 0.151724
v -0.515582 0.566486 0.151734
v -0.719875 0.507862 0.293164
v -0.515582 0.507896 0.293183
v -0.515582 0.414692 0.414648
v -0.719875 0.414664 0.414621
v -0.719875 0.293207 0.507819
v -0.515582 0.293227 0.507852
v -0.515582 0.151777 0.566443
v -0.719875 0.151767 0.566407
v -0.515582 -0.000017 0.586428
v -0.719875 -0.000016 0.586387
v -0.719875 -0.151800 0.566407
v -0.515582 -0.151810 0.566443
v -0.719875 -0.293240 0.507819
v -0.515582 -0.293260 0.507852
v -0.515582 -0.414725 0.414648
v -0.719875 -0.414697 0.414621
v -0.719875 -0.507895 0.293164
v -0.515582 -0.507929 0.293183
v -0.515582 -0.566519 0.151734
v -0.719875 -0.566483 0.151724
v -0.515582 -0.586504 -0.000060
v -0.719875 -0.586463 -0.000060
v 0.717930 1.010996 -0.420231
v 0.564123 0.883011 -0.328587
v 0.584394 0.883011 -0.290668
v 0.516375 0.883011 -0.400050
v 0.657730 1.010996 -0.509999
v 0.459706 0.883011 -0.464668
v 0.586468 1.010996 -0.591430
v 0.505037 1.010996 -0.662692
v 0.395087 0.883012 -0.521337
v 0.415269 1.010996 -0.722892
v 0.323625 0.883012 -0.569086
v 0.285706 0.883012 -0.589356
v -0.926378 0.885177 -0.223901
v -0.927109 0.739680 -0.224207
v -0.927109 0.689154 -0.181379
v -0.926378 0.885177 -0.000060
v -0.927104 0.707290 -0.091368
v -0.927104 0.713720 -0.000060
v -0.927104 0.707290 0.091248
v -0.927109 0.689154 0.181259
v -0.926378 0.885177 0.223814
v -0.927109 0.739680 0.224120
v -1.013662 0.414833 -0.718602
v -1.015823 0.420155 -0.722892
v -1.013131 0.413670 -0.718393
v -0.424483 0.881301 -0.269647
v -0.443608 0.884360 -0.281938
v -0.479268 0.884360 -0.216632
v -0.458589 0.881301 -0.207187
v -0.505271 0.884360 -0.146915
v -0.483458 0.881301 -0.140510
v -0.498585 0.881301 -0.070972
v -0.521088 0.884360 -0.074207
v -1.013131 0.718316 -0.413747
v -1.015823 0.722816 -0.420232
v -1.013662 0.718526 -0.414909
v -0.212086 0.881301 0.453712
v -0.221530 0.884360 0.474392
v -0.151814 0.884360 0.500395
v -0.145409 0.881301 0.478581
v -0.075870 0.881301 0.493709
v -0.079106 0.884360 0.516212
v -0.424917 0.970372 1.010957
v -0.295386 0.883017 0.882984
v -0.424917 1.010996 0.970329
v -0.075870 0.881301 0.493709
v -0.079106 0.884360 0.516212
v -0.004888 0.884360 0.521519
v -0.004888 0.881301 0.498785
v 0.066095 0.881301 0.493709
v 0.069331 0.884360 0.516212
v -1.015802 0.970372 0.420078
v -0.975230 1.010996 0.420078
v -0.887757 0.883017 0.290549
v 0.066095 0.881301 0.493709
v 0.069331 0.884360 0.516212
v 0.142038 0.884360 0.500395
v 0.135633 0.881301 0.478581
v 0.211755 0.884360 0.474392
v 0.202311 0.881301 0.453712
v 0.202311 0.881301 0.453712
v 0.211755 0.884360 0.474392
v 0.277061 0.884360 0.438732
v 0.264770 0.881301 0.419607
v 0.321740 0.881301 0.376960
v 0.336628 0.884360 0.394141
v -0.975230 0.420121 1.010957
v -1.015823 0.420121 0.970329
v -0.887839 0.290592 0.882984
v 0.202311 -0.880169 -0.453832
v 0.211754 -0.884393 -0.474511
v 0.277061 -0.884393 -0.438852
v 0.264770 -0.880169 -0.419726
v 0.321740 -0.880169 -0.377079
v 0.336628 -0.884393 -0.394260
v 0.372061 -0.880169 -0.326759
v 0.389242 -0.884393 -0.341646
v -1.015823 0.420155 0.722772
v -0.887839 0.328511 0.568966
v -0.887839 0.290591 0.589237
v -0.887839 0.399974 0.521218
v -1.015823 0.509923 0.662573
v -0.887839 0.464592 0.464548
v -1.015813 0.591338 0.591407
v -1.015833 0.662616 0.509885
v -0.887839 0.521261 0.399930
v -1.015823 0.722816 0.420112
v -0.887839 0.569009 0.328468
v -0.887839 0.589280 0.290548
v -0.887869 -0.290563 -0.589356
v -1.015854 -0.420127 -0.722892
v -0.887869 -0.328483 -0.569086
v -0.887869 -0.399945 -0.521337
v -1.015854 -0.509894 -0.662692
v -0.887869 -0.464563 -0.464668
v -1.015854 -0.591325 -0.591430
v -1.015854 -0.662588 -0.509999
v -0.887869 -0.521233 -0.400050
v -1.015854 -0.722787 -0.420231
v -0.887869 -0.568981 -0.328588
v -0.887869 -0.589252 -0.290668
v -0.975230 1.010996 0.970329
v -1.015807 0.970372 0.970329
v -0.975230 0.970372 1.010962
v 0.066095 -0.880169 -0.493828
v 0.069330 -0.884393 -0.516332
v 0.142038 -0.884393 -0.500514
v 0.135633 -0.880169 -0.478701
v 0.211754 -0.884393 -0.474511
v 0.202311 -0.880169 -0.453832
v 0.321740 0.881301 -0.376937
v 0.336628 0.884360 -0.394119
v 0.277061 0.884360 -0.438710
v 0.264770 0.881301 -0.419584
v 0.202311 0.881301 -0.453690
v 0.211755 0.884360 -0.474370
v 0.135633 0.881301 -0.478560
v 0.142038 0.884360 -0.500373
v -0.333308 0.569009 0.882968
v -0.295388 0.589280 0.882968
v -0.424952 0.722816 1.010952
v -0.404770 0.521261 0.882968
v -0.514719 0.662616 1.010952
v -0.469388 0.464592 0.882968
v -0.596150 0.591354 1.010952
v -0.667412 0.509922 1.010952
v -0.526057 0.399974 0.882968
v -0.727612 0.420155 1.010952
v -0.573806 0.328511 0.882968
v -0.594077 0.290591 0.882968
v 0.135633 0.881301 -0.478560
v 0.142038 0.884360 -0.500373
v 0.069331 0.884360 -0.516189
v 0.066095 0.881301 -0.493686
v -0.004887 0.884360 -0.521496
v -0.004887 0.881301 -0.498764
v 0.142535 0.883793 -0.550178
v 0.279919 0.883793 -0.493273
v 0.397893 0.883793 -0.402749
v 0.015235 0.883793 -0.566940
v 0.016593 0.882000 -0.830233
v 0.728650 0.883670 -0.830667
v 0.825766 0.883670 -0.733551
v 0.825332 0.882000 -0.021493
v 0.562080 0.883793 -0.020091
v 0.545323 0.883793 -0.147391
v 0.488417 0.883793 -0.284775
v -0.926378 0.885177 0.223814
v -0.887839 0.883027 0.228043
v -0.889069 0.922486 0.223815
v -0.555113 -0.883826 0.147272
v -0.498208 -0.883826 0.284655
v -0.407683 -0.883826 0.402629
v -0.571875 -0.883826 0.019971
v -0.835014 -0.882033 0.021374
v -0.835448 -0.883703 0.733431
v -0.738333 -0.883703 0.830547
v -0.026275 -0.882033 0.830113
v -0.025026 -0.883826 0.566821
v -0.152326 -0.883826 0.550059
v -0.289709 -0.883826 0.493153
v 0.878156 0.883027 0.228043
v 0.916696 0.885177 0.223814
v 0.879387 0.922486 0.223815
v -0.145409 0.881301 -0.478560
v -0.151814 0.884360 -0.500373
v -0.221530 0.884360 -0.474370
v -0.212086 0.881301 -0.453690
v -0.286836 0.884360 -0.438710
v -0.274545 0.881301 -0.419584
v -0.274545 0.881301 -0.419584
v -0.286836 0.884360 -0.438710
v -0.346403 0.884360 -0.394119
v -0.331515 0.881301 -0.376937
v -0.399017 0.884360 -0.341504
v -0.381836 0.881301 -0.326617
v -0.498585 0.881301 0.070994
v -0.521088 0.884360 0.074229
v -0.505271 0.884360 0.146937
v -0.483458 0.881301 0.140532
v -0.458589 0.881301 0.207209
v -0.479268 0.884360 0.216653
v -0.889069 0.922486 0.223815
v -0.743920 0.922292 0.224107
v -0.693950 0.922292 0.181245
v -0.889069 0.922486 -0.000060
v -0.712081 0.922292 0.091243
v -0.718516 0.922292 -0.000060
v -0.712081 0.922292 -0.091363
v -0.693950 0.922292 -0.181365
v -0.889069 0.922486 -0.223902
v -0.743920 0.922292 -0.224195
v -0.498585 0.881301 -0.070972
v -0.521088 0.884360 -0.074207
v -0.526394 0.884360 0.000011
v -0.503662 0.881301 0.000011
v -0.498585 0.881301 0.070994
v -0.521088 0.884360 0.074229
v 0.879387 0.922486 -0.223902
v 0.916696 0.885177 -0.223901
v 0.878156 0.883027 -0.228130
v 0.488810 0.881301 0.070994
v 0.511314 0.884360 0.074230
v 0.516620 0.884360 0.000011
v 0.493887 0.881301 0.000011
v 0.488810 0.881301 -0.070972
v 0.511314 0.884360 -0.074207
v 0.495496 0.884360 -0.146915
v 0.473683 0.881301 -0.140510
v -0.639445 0.170042 -0.883088
v -0.656212 0.085746 -0.883088
v -0.693950 0.181288 -0.922368
v -0.712081 0.091287 -0.922368
v -0.660987 0.025849 -0.883088
v -0.718516 -0.000016 -0.922368
v -0.661794 -0.000016 -0.883175
v -0.660987 -0.025882 -0.883088
v -0.712081 -0.091320 -0.922368
v -0.656212 -0.085779 -0.883088
v -0.693950 -0.181321 -0.922368
v -0.639445 -0.170075 -0.883088
v 0.415269 0.722816 1.010952
v 0.965547 0.970372 1.010963
v 0.415235 0.970372 1.010957
v 0.505037 0.662616 1.010952
v 0.586467 0.591353 1.010952
v 0.657730 0.509922 1.010952
v 0.717930 0.420154 1.010952
v 0.965547 0.420121 1.010957
v -0.229021 0.922251 -0.739756
v -0.186160 0.922251 -0.689230
v -0.228715 0.921521 -0.885253
v -0.004841 0.921521 -0.885253
v -0.096149 0.922246 -0.707366
v -0.004841 0.922246 -0.713796
v 0.086467 0.922246 -0.707366
v 0.176478 0.922251 -0.689230
v 0.219000 0.921521 -0.885253
v 0.219306 0.922251 -0.739756
v -0.927109 -0.181336 -0.689230
v -0.887839 -0.170075 -0.634725
v -0.887839 -0.085779 -0.651492
v -0.927104 -0.091324 -0.707366
v -0.887839 -0.025882 -0.656267
v -0.927104 -0.000016 -0.713796
v -0.887926 -0.000016 -0.657141
v -0.887839 0.025849 -0.656267
v -0.927104 0.091292 -0.707366
v -0.887839 0.085747 -0.651492
v -0.927109 0.181302 -0.689230
v -0.887839 0.170042 -0.634725
v -0.186160 0.922251 -0.689230
v -0.174900 0.882981 -0.634725
v -0.090604 0.882981 -0.651492
v -0.096149 0.922246 -0.707366
v -0.030706 0.882981 -0.656267
v -0.004841 0.922246 -0.713796
v -0.004841 0.883068 -0.657141
v 0.021024 0.882981 -0.656267
v 0.086467 0.922246 -0.707366
v 0.080922 0.882981 -0.651492
v 0.176478 0.922251 -0.689230
v 0.165218 0.882981 -0.634725
v -0.975230 -1.010977 -0.420198
v -0.975230 -1.010983 -0.970449
v -0.727674 -1.010998 -0.420232
v -0.667474 -1.011008 -0.510005
v -0.596196 -1.010988 -0.591527
v -0.514781 -1.010998 -0.662692
v -0.425013 -1.010998 -0.722892
v -0.424979 -1.010998 -0.970449
v 0.965547 1.010996 0.970329
v 0.415269 1.010996 0.722772
v 0.415235 1.010996 0.970329
v 0.505037 1.010996 0.662573
v 0.586468 1.010996 0.591310
v 0.657730 1.010996 0.509879
v 0.717930 1.010996 0.420111
v 0.965547 1.010996 0.420078
v -0.927109 -0.224196 -0.739757
v -0.927109 -0.181336 -0.689230
v -0.926378 -0.223890 -0.885254
v -0.926378 -0.000016 -0.885254
v -0.927104 -0.091324 -0.707366
v -0.927104 -0.000016 -0.713796
v -0.927104 0.091292 -0.707366
v -0.927109 0.181302 -0.689230
v -0.926378 0.223825 -0.885254
v -0.927109 0.224131 -0.739757
v -0.228715 0.921521 0.885134
v -0.232944 0.882981 0.882984
v -0.228716 0.884212 0.922443
v -0.890035 -0.921554 -0.223901
v -0.744538 -0.922284 -0.224207
v -0.694012 -0.922284 -0.181379
v -0.890035 -0.921554 -0.000060
v -0.712148 -0.922279 -0.091368
v -0.718578 -0.922279 -0.000060
v -0.712148 -0.922279 0.091248
v -0.694012 -0.922284 0.181259
v -0.890035 -0.921554 0.223814
v -0.744538 -0.922284 0.224120
v 0.219294 0.739062 -0.922368
v 0.176464 0.689092 -0.922368
v 0.219001 0.884212 -0.922562
v -0.004841 0.884212 -0.922562
v 0.086462 0.707223 -0.922368
v -0.004841 0.713658 -0.922368
v -0.096144 0.707223 -0.922368
v -0.186146 0.689092 -0.922368
v -0.228716 0.884212 -0.922562
v -0.229008 0.739062 -0.922368
v 0.488810 -0.070929 -0.880754
v 0.511314 -0.074164 -0.884436
v 0.495496 -0.146872 -0.884436
v 0.473683 -0.140467 -0.880754
v 0.448813 -0.207144 -0.880754
v 0.469493 -0.216588 -0.884436
v 0.219000 0.921521 0.885134
v 0.219306 0.922251 0.739637
v 0.176477 0.922251 0.689110
v -0.004841 0.921521 0.885134
v 0.086467 0.922246 0.707246
v -0.004841 0.922246 0.713676
v -0.096149 0.922246 0.707246
v -0.186160 0.922251 0.689110
v -0.228715 0.921521 0.885134
v -0.229021 0.922251 0.739637
v 0.219293 -0.922325 -0.739138
v 0.176463 -0.922325 -0.689169
v 0.219001 -0.922519 -0.884288
v -0.004841 -0.922519 -0.884288
v 0.086462 -0.922325 -0.707300
v -0.004841 -0.922325 -0.713735
v -0.096145 -0.922325 -0.707300
v -0.186146 -0.922325 -0.689169
v -0.228716 -0.922519 -0.884288
v -0.229008 -0.922325 -0.739138
v -0.228716 0.884212 0.922443
v -0.229008 0.739062 0.922248
v -0.186146 0.689092 0.922248
v -0.004841 0.884212 0.922443
v -0.096145 0.707223 0.922248
v -0.004841 0.713658 0.922248
v 0.086462 0.707223 0.922248
v 0.176464 0.689092 0.922248
v 0.219001 0.884212 0.922443
v 0.219294 0.739062 0.922248
v -0.186161 -0.689187 -0.922327
v -0.174900 -0.634681 -0.883057
v -0.090604 -0.651449 -0.883057
v -0.096149 -0.707323 -0.922322
v -0.030706 -0.656224 -0.883057
v -0.004841 -0.713753 -0.922322
v -0.004841 -0.657097 -0.883144
v 0.021024 -0.656224 -0.883057
v 0.086466 -0.707323 -0.922322
v 0.080921 -0.651449 -0.883057
v 0.176477 -0.689187 -0.922327
v 0.165217 -0.634681 -0.883057
v 0.829304 -0.833054 0.874684
v 0.869903 -0.884245 0.883055
v 0.869903 -0.023119 0.883055
v 0.829305 -0.022081 0.874684
v 0.869903 0.023086 0.883055
v 0.829305 0.024130 0.874684
v 0.829305 0.835100 0.874684
v 0.869903 0.884212 0.883055
v -0.229021 -0.739713 -0.922327
v -0.186161 -0.689187 -0.922327
v -0.228715 -0.885210 -0.921597
v -0.004841 -0.885210 -0.921597
v -0.096149 -0.707323 -0.922322
v -0.004841 -0.713753 -0.922322
v 0.086466 -0.707323 -0.922322
v 0.176477 -0.689187 -0.922327
v 0.219000 -0.885210 -0.921597
v 0.219306 -0.739713 -0.922327
v -0.838987 0.835100 0.874684
v -0.879585 0.884212 0.883055
v -0.879585 0.023086 0.883055
v -0.838987 0.024130 0.874684
v -0.838987 -0.022081 0.874684
v -0.879585 -0.023119 0.883055
v -0.838987 -0.833054 0.874684
v -0.879586 -0.884245 0.883055
v -0.075871 0.493752 -0.880754
v -0.079106 0.516256 -0.884436
v -0.004888 0.521562 -0.884436
v -0.004888 0.498829 -0.880754
v 0.066095 0.493752 -0.880754
v 0.069331 0.516256 -0.884436
v -0.838987 -0.833054 0.874684
v -0.879586 -0.884245 0.883055
v -0.027945 -0.884245 0.883055
v -0.027945 -0.833054 0.874684
v 0.018262 -0.884245 0.883055
v 0.018262 -0.833054 0.874684
v 0.829304 -0.833054 0.874684
v 0.869903 -0.884245 0.883055
v 0.066095 0.493752 -0.880754
v 0.069331 0.516256 -0.884436
v 0.142038 0.500438 -0.884436
v 0.135633 0.478624 -0.880754
v 0.211755 0.474435 -0.884436
v 0.202311 0.453755 -0.880754
v -0.889070 -0.223891 0.922443
v -0.743920 -0.224183 0.922248
v -0.693950 -0.181321 0.922248
v -0.889070 -0.000016 0.922443
v -0.712081 -0.091320 0.922248
v -0.718516 -0.000016 0.922248
v -0.712081 0.091287 0.922248
v -0.693950 0.181288 0.922248
v -0.889070 0.223826 0.922443
v -0.743920 0.224118 0.922248
v 0.829305 0.835100 0.874684
v 0.869903 0.884212 0.883055
v 0.018263 0.884212 0.883055
v 0.018263 0.835100 0.874684
v -0.027945 0.884212 0.883055
v -0.027945 0.835100 0.874684
v -0.838987 0.835100 0.874684
v -0.879585 0.884212 0.883055
v 0.066095 -0.493643 -0.880754
v 0.069331 -0.516146 -0.884436
v -0.004888 -0.521452 -0.884436
v -0.004888 -0.498720 -0.880754
v -0.075871 -0.493643 -0.880754
v -0.079106 -0.516146 -0.884436
v -0.838987 0.874728 0.832978
v -0.879585 0.884212 0.883055
v -0.027945 0.884212 0.883055
v -0.027945 0.874727 0.832978
v 0.018263 0.884212 0.883055
v 0.018263 0.874727 0.832978
v 0.829305 0.874727 0.832978
v 0.869903 0.884212 0.883055
v -0.228716 -0.922519 0.884168
v -0.229009 -0.922325 0.739019
v -0.186146 -0.922325 0.689049
v -0.004842 -0.922519 0.884168
v -0.096145 -0.922325 0.707180
v -0.004842 -0.922325 0.713615
v 0.086462 -0.922325 0.707180
v 0.176463 -0.922325 0.689049
v 0.219001 -0.922519 0.884168
v 0.219293 -0.922325 0.739019
v -0.838987 0.874728 -0.835176
v -0.879585 0.884212 -0.885254
v -0.879585 0.884212 -0.024205
v -0.838987 0.874728 -0.024205
v -0.879585 0.884212 0.022003
v -0.838987 0.874728 0.022003
v -0.838987 0.874728 0.832978
v -0.879585 0.884212 0.883055
v 0.218999 -0.885210 0.921477
v 0.219306 -0.739713 0.922208
v 0.176477 -0.689187 0.922208
v -0.004842 -0.885210 0.921477
v 0.086466 -0.707323 0.922203
v -0.004842 -0.713753 0.922203
v -0.096149 -0.707323 0.922203
v -0.186161 -0.689187 0.922208
v -0.228715 -0.885210 0.921477
v -0.229021 -0.739713 0.922208
v 0.829305 0.874727 -0.835176
v 0.869903 0.884212 -0.885253
v 0.018263 0.884212 -0.885253
v 0.018263 0.874727 -0.835176
v -0.027945 0.884212 -0.885253
v -0.027945 0.874727 -0.835176
v -0.838987 0.874728 -0.835176
v -0.879585 0.884212 -0.885254
v 0.545323 -0.147546 0.883750
v 0.488417 -0.284930 0.883750
v 0.397892 -0.402904 0.883750
v 0.562080 -0.020246 0.883750
v 0.825331 -0.021450 0.881957
v 0.825765 -0.733508 0.883627
v 0.728650 -0.830623 0.883627
v 0.016592 -0.830189 0.881957
v 0.015235 -0.567091 0.883750
v 0.142535 -0.550334 0.883750
v 0.279919 -0.493428 0.883750
v 0.829305 0.874727 0.832978
v 0.869903 0.884212 0.883055
v 0.869903 0.884212 0.022003
v 0.829305 0.874727 0.022003
v 0.869903 0.884212 -0.024204
v 0.829305 0.874727 -0.024204
v 0.829305 0.874727 -0.835176
v 0.869903 0.884212 -0.885253
v 0.545323 -0.883826 -0.147590
v 0.488417 -0.883826 -0.284973
v 0.397892 -0.883826 -0.402947
v 0.562080 -0.883826 -0.020289
v 0.825331 -0.882033 -0.021493
v 0.825765 -0.883704 -0.733551
v 0.728650 -0.883704 -0.830667
v 0.016592 -0.882033 -0.830233
v 0.015235 -0.883826 -0.567135
v 0.142535 -0.883826 -0.550377
v 0.279918 -0.883826 -0.493471
v -0.838987 0.833021 -0.874804
v -0.879585 0.884212 -0.885254
v -0.027945 0.884212 -0.885253
v -0.027945 0.833021 -0.874804
v 0.018263 0.884212 -0.885253
v 0.018263 0.833021 -0.874804
v 0.829305 0.833021 -0.874804
v 0.869903 0.884212 -0.885253
v -0.381836 -0.326715 0.880016
v -0.399018 -0.341603 0.884317
v -0.346403 -0.394217 0.884317
v -0.331516 -0.377036 0.880016
v -0.286836 -0.438808 0.884317
v -0.274546 -0.419683 0.880016
v -0.152326 -0.550334 0.883750
v -0.289709 -0.493428 0.883750
v -0.407683 -0.402903 0.883750
v -0.025026 -0.567091 0.883750
v -0.026275 -0.830189 0.881957
v -0.738333 -0.830623 0.883627
v -0.835448 -0.733508 0.883627
v -0.835014 -0.021450 0.881957
v -0.571875 -0.020246 0.883750
v -0.555113 -0.147546 0.883750
v -0.498207 -0.284930 0.883750
v -0.838987 -0.835133 -0.874804
v -0.879585 -0.884245 -0.885254
v -0.879585 -0.023119 -0.885254
v -0.838987 -0.024163 -0.874804
v -0.838987 0.022048 -0.874804
v -0.879585 0.023086 -0.885254
v -0.838987 0.833021 -0.874804
v -0.879585 0.884212 -0.885254
v -0.555113 0.147315 0.883750
v -0.498207 0.284699 0.883750
v -0.407683 0.402672 0.883750
v -0.571875 0.020015 0.883750
v -0.835014 0.021417 0.881957
v -0.835448 0.733475 0.883627
v -0.738332 0.830590 0.883627
v -0.026275 0.830156 0.881957
v -0.025026 0.566864 0.883750
v -0.152326 0.550102 0.883750
v -0.289709 0.493197 0.883750
v 0.829305 -0.835133 -0.874804
v 0.869903 -0.884245 -0.885253
v 0.018262 -0.884245 -0.885253
v 0.018262 -0.835133 -0.874804
v -0.027945 -0.884245 -0.885253
v -0.027945 -0.835133 -0.874804
v -0.838987 -0.835133 -0.874804
v -0.879585 -0.884245 -0.885254
v -0.075871 -0.493785 0.880016
v -0.079106 -0.516289 0.884317
v -0.004888 -0.521595 0.884317
v -0.004888 -0.498862 0.880016
v 0.066095 -0.493785 0.880016
v 0.069331 -0.516289 0.884317
v 0.829305 0.833021 -0.874804
v 0.869903 0.884212 -0.885253
v 0.869903 0.023086 -0.885253
v 0.829305 0.022048 -0.874804
v 0.869903 -0.023119 -0.885253
v 0.829305 -0.024163 -0.874804
v 0.829305 -0.835133 -0.874804
v 0.869903 -0.884245 -0.885253
v 0.066095 -0.493785 0.880016
v 0.069331 -0.516289 0.884317
v 0.142038 -0.500471 0.884317
v 0.135633 -0.478658 0.880016
v 0.211754 -0.474468 0.884317
v 0.202311 -0.453789 0.880016
v 0.202311 -0.453789 0.880016
v 0.211754 -0.474468 0.884317
v 0.277061 -0.438808 0.884317
v 0.264770 -0.419683 0.880016
v 0.321740 -0.377036 0.880016
v 0.336628 -0.394217 0.884317
v 0.829304 -0.874761 0.835057
v 0.869903 -0.884245 0.883055
v 0.018262 -0.884245 0.883055
v 0.018262 -0.874761 0.835057
v -0.027945 -0.884245 0.883055
v -0.027945 -0.874761 0.835057
v -0.838987 -0.874760 0.835056
v -0.879586 -0.884245 0.883055
v -0.212086 -0.880169 -0.453832
v -0.221530 -0.884393 -0.474512
v -0.151814 -0.884393 -0.500514
v -0.145409 -0.880169 -0.478701
v -0.075871 -0.880169 -0.493828
v -0.079106 -0.884393 -0.516332
v 0.829305 -0.874761 -0.833098
v 0.869903 -0.884245 -0.885253
v 0.869903 -0.884245 -0.024200
v 0.829304 -0.874761 -0.022130
v 0.869903 -0.884245 0.021999
v 0.829304 -0.874761 0.024092
v 0.829304 -0.874761 0.835057
v 0.869903 -0.884245 0.883055
v 0.066095 0.493610 0.880016
v 0.069331 0.516113 0.884317
v -0.004888 0.521419 0.884317
v -0.004888 0.498687 0.880016
v -0.075871 0.493610 0.880016
v -0.079106 0.516113 0.884317
v -0.838987 -0.874760 0.835056
v -0.879586 -0.884245 0.883055
v -0.879585 -0.884245 0.021999
v -0.838987 -0.874760 0.024092
v -0.838987 -0.874760 -0.022130
v -0.879585 -0.884245 -0.024200
v -0.838987 -0.874760 -0.833098
v -0.879585 -0.884245 -0.885254
v -0.152326 -0.883826 -0.550377
v -0.289709 -0.883826 -0.493471
v -0.407683 -0.883826 -0.402947
v -0.025026 -0.883826 -0.567135
v -0.026275 -0.882033 -0.830233
v -0.738333 -0.883703 -0.830667
v -0.835448 -0.883703 -0.733551
v -0.835014 -0.882033 -0.021494
v -0.571875 -0.883826 -0.020289
v -0.555113 -0.883826 -0.147590
v -0.498207 -0.883826 -0.284973
v -0.838987 -0.874760 -0.833098
v -0.879585 -0.884245 -0.885254
v -0.027945 -0.884245 -0.885253
v -0.027945 -0.874761 -0.833098
v 0.018262 -0.884245 -0.885253
v 0.018262 -0.874761 -0.833098
v 0.829305 -0.874761 -0.833098
v 0.869903 -0.884245 -0.885253
v -0.926379 0.223825 0.885134
v -0.927109 0.224131 0.739637
v -0.927109 0.181302 0.689110
v -0.926379 -0.000016 0.885134
v -0.927104 0.091292 0.707246
v -0.927104 -0.000016 0.713676
v -0.927104 -0.091324 0.707246
v -0.927109 -0.181336 0.689110
v -0.926379 -0.223890 0.885134
v -0.927109 -0.224196 0.739637
v 0.589402 -0.435734 0.039266
v 0.617210 -0.435734 0.027748
v 0.628728 -0.435734 -0.000060
v 0.561594 -0.435734 0.027748
v 0.550076 -0.435734 -0.000060
v 0.561594 -0.435734 -0.027868
v 0.589402 -0.435734 -0.039386
v 0.617210 -0.435734 -0.027868
v -0.770938 -0.489877 0.252011
v -0.770938 -0.524639 0.168082
v -0.604950 -0.524639 0.168082
v -0.604950 -0.489877 0.252011
v -0.579413 -0.524639 0.168082
v -0.579413 -0.489877 0.252011
v 0.589402 -0.587357 0.039266
v 0.561594 -0.587357 0.027748
v 0.550076 -0.587357 -0.000060
v 0.617210 -0.587357 0.027748
v 0.628728 -0.587357 -0.000060
v 0.617210 -0.587357 -0.027868
v 0.589402 -0.587357 -0.039386
v 0.561594 -0.587357 -0.027868
v -0.770938 -0.466285 0.242238
v -0.770938 -0.489877 0.252011
v -0.604950 -0.489877 0.252011
v -0.604950 -0.466285 0.242238
v -0.579413 -0.489877 0.252011
v -0.579413 -0.466285 0.242238
v -0.579413 -0.404722 0.216739
v -0.604950 -0.404722 0.216739
v -0.579413 -0.392169 0.194912
v -0.604950 -0.392169 0.194912
v -0.604950 -0.415176 0.139368
v -0.579413 -0.415176 0.139368
v -0.579413 -0.439487 0.132810
v -0.604950 -0.439487 0.132810
v -0.579413 -0.501049 0.158310
v -0.604950 -0.501049 0.158310
v -0.604950 -0.524639 0.168082
v -0.770938 -0.524639 0.168082
v -0.770938 -0.501049 0.158310
v -0.579413 -0.524639 0.168082
v 0.544713 -0.561821 0.091971
v 0.509541 -0.561821 0.063627
v 0.489817 -0.561821 0.022670
v 0.589402 -0.561821 0.102086
v 0.633722 -0.561821 0.091971
v 0.669263 -0.561821 0.063627
v 0.688987 -0.561821 0.022670
v 0.688987 -0.561821 -0.022789
v 0.669263 -0.561821 -0.063747
v 0.633722 -0.561821 -0.092090
v 0.589402 -0.561821 -0.102206
v 0.544713 -0.561821 -0.092090
v 0.509541 -0.561821 -0.063747
v 0.489817 -0.561821 -0.022789
v -0.604950 -0.404722 0.216739
v -0.604950 -0.392169 0.194912
v -0.604950 -0.415176 0.139368
v -0.604950 -0.466285 0.242238
v -0.604950 -0.501049 0.158310
v -0.604950 -0.439487 0.132810
v 0.633722 -0.485211 0.091971
v 0.669263 -0.485211 0.063627
v 0.688987 -0.485211 0.022670
v 0.589402 -0.485211 0.102086
v 0.544713 -0.485211 0.091971
v 0.544713 -0.485211 -0.092090
v 0.589402 -0.485211 -0.102206
v 0.633722 -0.485211 -0.092090
v 0.669263 -0.485211 -0.063747
v 0.688987 -0.485211 -0.022789
v -0.604950 -0.461799 0.177397
v -0.604950 -0.446254 0.157137
v -0.604950 -0.420936 0.160470
v -0.604950 -0.452027 0.200989
v -0.604950 -0.426709 0.204322
v -0.604950 -0.411163 0.184063
v 0.509541 -0.542668 -0.063747
v 0.489817 -0.542668 -0.022789
v 0.489817 -0.542668 0.022670
v 0.544713 -0.542668 -0.092090
v 0.544713 -0.542668 0.091971
v 0.509541 -0.542668 0.063627
v -0.630487 -0.420936 0.160470
v -0.630487 -0.446254 0.157137
v -0.630487 -0.461799 0.177397
v -0.630487 -0.411163 0.184063
v -0.630487 -0.426709 0.204322
v -0.630487 -0.452027 0.200989
v 0.589402 -0.485211 0.102086
v 0.544713 -0.485211 0.091971
v 0.544713 -0.542668 0.091971
v 0.489817 -0.561821 -0.022789
v 0.489817 -0.561821 0.022670
v 0.489817 -0.542668 -0.022789
v 0.489817 -0.542668 0.022670
v 0.509541 -0.561821 0.063627
v 0.509541 -0.542668 0.063627
v 0.544713 -0.561821 0.091971
v 0.589402 -0.561821 0.102086
v 0.589402 -0.542668 0.102086
v 0.633722 -0.485211 0.091971
v 0.633722 -0.542668 0.091971
v 0.669263 -0.485211 0.063627
v 0.669263 -0.542668 0.063627
v 0.688987 -0.485211 0.022670
v 0.688987 -0.542668 0.022670
v 0.688987 -0.485211 -0.022789
v 0.688987 -0.542668 -0.022789
v 0.669263 -0.485211 -0.063747
v 0.633722 -0.561821 0.091971
v 0.669263 -0.561821 0.063627
v 0.688987 -0.561821 0.022670
v 0.688987 -0.561821 -0.022789
v 0.669263 -0.561821 -0.063747
v 0.669263 -0.542668 -0.063747
v 0.633722 -0.561821 -0.092090
v 0.633722 -0.542668 -0.092090
v 0.589402 -0.561821 -0.102206
v 0.589402 -0.542668 -0.102206
v 0.544713 -0.561821 -0.092090
v 0.544713 -0.542668 -0.092090
v 0.509541 -0.561821 -0.063747
v 0.509541 -0.542668 -0.063747
v 0.633722 -0.485211 -0.092090
v 0.589402 -0.485211 -0.102206
v 0.544713 -0.485211 -0.092090
v -0.380097 -0.243758 0.100901
v -0.329868 -0.300302 0.124322
v -0.329868 -0.229845 0.229769
v -0.380097 -0.186568 0.186492
v -0.380097 -0.100978 0.243682
v -0.329868 -0.124399 0.300226
v -0.604950 -0.463330 -0.173480
v -0.604950 -0.453764 -0.197157
v -0.604950 -0.428476 -0.200711
v -0.604950 -0.447608 -0.153357
v -0.604950 -0.422320 -0.156911
v -0.604950 -0.412754 -0.180588
v -0.502804 -0.018074 -0.018117
v -0.502804 -0.025553 -0.000060
v -0.502804 -0.018074 0.017997
v -0.502804 -0.000017 -0.025596
v -0.502804 0.018041 -0.018117
v -0.502804 0.025520 -0.000060
v -0.502804 0.018041 0.017997
v -0.502804 -0.000017 0.025477
v -0.630487 -0.422320 -0.156911
v -0.630487 -0.412754 -0.180588
v -0.630487 -0.428476 -0.200711
v -0.630487 -0.447608 -0.153357
v -0.630487 -0.463330 -0.173480
v -0.630487 -0.453764 -0.197157
v -0.464499 -0.018074 0.017997
v -0.464499 -0.025553 -0.000060
v -0.464499 -0.018074 -0.018117
v -0.464499 -0.000017 0.025477
v -0.464499 0.018041 0.017997
v -0.464499 0.025520 -0.000060
v -0.464499 0.018041 -0.018117
v -0.464499 -0.000017 -0.025596
v -0.770938 -0.526090 -0.163618
v -0.770938 -0.492058 -0.247847
v -0.604950 -0.492058 -0.247847
v -0.604950 -0.526090 -0.163618
v -0.579413 -0.492058 -0.247847
v -0.579413 -0.526090 -0.163618
v -0.395628 -0.129355 0.223960
v -0.393024 -0.141019 0.221683
v -0.386739 -0.149711 0.227425
v -0.393024 -0.121550 0.232923
v -0.386738 -0.122177 0.243322
v -0.380453 -0.130869 0.249064
v -0.377850 -0.142533 0.246787
v -0.380453 -0.150338 0.237823
v -0.770938 -0.502412 -0.154052
v -0.770938 -0.526090 -0.163618
v -0.604950 -0.526090 -0.163618
v -0.604950 -0.502412 -0.154052
v -0.579413 -0.526090 -0.163618
v -0.579413 -0.502412 -0.154052
v -0.579413 -0.440629 -0.129090
v -0.604950 -0.440629 -0.129090
v -0.579413 -0.416377 -0.135860
v -0.604950 -0.416377 -0.135860
v -0.604950 -0.045438 -0.523559
v -0.604950 -0.045438 -0.456924
v -0.604950 -0.030076 -0.436974
v -0.604950 0.045405 -0.523559
v -0.604950 0.045405 -0.456924
v -0.604950 0.030044 -0.436974
v -0.380149 -0.147489 0.223576
v -0.386435 -0.138797 0.217834
v -0.389038 -0.127132 0.220111
v -0.373864 -0.148116 0.233974
v -0.371260 -0.140311 0.242937
v -0.373863 -0.128647 0.245215
v -0.380149 -0.119955 0.239472
v -0.386435 -0.119328 0.229074
v -0.604950 0.461766 -0.177516
v -0.604950 0.446221 -0.157257
v -0.604950 0.420903 -0.160590
v -0.604950 0.451994 -0.201109
v -0.604950 0.426676 -0.204442
v -0.604950 0.411130 -0.184182
v -0.409039 -0.126549 0.186208
v -0.407124 -0.130934 0.186955
v -0.370953 -0.157747 0.233396
v -0.409039 -0.098064 0.202654
v -0.407124 -0.096517 0.206825
v -0.370953 -0.123330 0.253267
v -0.369038 -0.127716 0.254013
v -0.369038 -0.156201 0.237568
v -0.630486 0.420903 -0.160590
v -0.630486 0.446221 -0.157257
v -0.630486 0.461766 -0.177516
v -0.630486 0.411130 -0.184182
v -0.630486 0.426676 -0.204442
v -0.630486 0.451994 -0.201109
v -0.361212 -0.125077 0.249443
v -0.361212 -0.153562 0.232997
v -0.363128 -0.155108 0.228826
v -0.363128 -0.120691 0.248696
v -0.399299 -0.093878 0.202255
v -0.401214 -0.095425 0.198083
v -0.401214 -0.123910 0.181638
v -0.399299 -0.128295 0.182384
v -0.770938 0.489844 -0.252131
v -0.770938 0.524606 -0.168202
v -0.604950 0.524606 -0.168202
v -0.604950 0.489844 -0.252131
v -0.579413 0.524606 -0.168202
v -0.579413 0.489844 -0.252131
v -0.377850 -0.246863 0.142457
v -0.380453 -0.237900 0.150261
v -0.386738 -0.227502 0.149634
v -0.380453 -0.249140 0.130792
v -0.386739 -0.243398 0.122101
v -0.393024 -0.233000 0.121474
v -0.395628 -0.224036 0.129278
v -0.393024 -0.221759 0.140943
v -0.770938 0.466252 -0.242359
v -0.770938 0.489844 -0.252131
v -0.604950 0.489844 -0.252131
v -0.604950 0.466252 -0.242359
v -0.579413 0.489844 -0.252131
v -0.579413 0.466252 -0.242359
v -0.579413 0.404689 -0.216859
v -0.604950 0.404689 -0.216859
v -0.579413 0.392136 -0.195031
v -0.604950 0.392136 -0.195031
v -0.604950 0.415143 -0.139488
v -0.579413 0.415143 -0.139488
v -0.579413 0.439454 -0.132930
v -0.604950 0.439454 -0.132930
v -0.579413 0.501016 -0.158430
v -0.604950 0.501016 -0.158430
v -0.604950 0.524606 -0.168202
v -0.770938 0.524606 -0.168202
v -0.770938 0.501016 -0.158430
v -0.579413 0.524606 -0.168202
v -0.380149 -0.239549 0.119879
v -0.386435 -0.229150 0.119251
v -0.389038 -0.220187 0.127056
v -0.373864 -0.245291 0.128570
v -0.371260 -0.243014 0.140235
v -0.373863 -0.234051 0.148039
v -0.380149 -0.223652 0.147412
v -0.386435 -0.217910 0.138720
v -0.604950 0.466252 -0.242359
v -0.604950 0.404689 -0.216859
v -0.604950 0.392136 -0.195031
v -0.604950 0.501016 -0.158430
v -0.604950 0.439454 -0.132930
v -0.604950 0.415143 -0.139488
v -0.369038 -0.254090 0.127640
v -0.369038 -0.237644 0.156125
v -0.370953 -0.233473 0.157671
v -0.370953 -0.253344 0.123254
v -0.407124 -0.206902 0.096441
v -0.409039 -0.202731 0.097987
v -0.409039 -0.186285 0.126472
v -0.407124 -0.187031 0.130858
v -0.604950 0.463297 0.173360
v -0.604950 0.453731 0.197037
v -0.604950 0.428443 0.200591
v -0.604950 0.447575 0.153237
v -0.604950 0.422287 0.156791
v -0.604950 0.412721 0.180468
v -0.361212 -0.233073 0.153485
v -0.361212 -0.249519 0.125001
v -0.363128 -0.248773 0.120615
v -0.363128 -0.228902 0.155032
v -0.399299 -0.182461 0.128219
v -0.401214 -0.181714 0.123833
v -0.401214 -0.198160 0.095348
v -0.399299 -0.202331 0.093802
v -0.630486 0.422287 0.156791
v -0.630486 0.412721 0.180468
v -0.630486 0.428443 0.200591
v -0.630486 0.447575 0.153237
v -0.630486 0.463297 0.173360
v -0.630486 0.453731 0.197037
v -0.377850 -0.285050 -0.000060
v -0.380453 -0.281190 0.011181
v -0.386738 -0.271871 0.015837
v -0.380453 -0.281190 -0.011300
v -0.386739 -0.271871 -0.015956
v -0.393024 -0.262553 -0.011300
v -0.395628 -0.258693 -0.000060
v -0.393024 -0.262553 0.011181
v -0.770938 0.526057 0.163498
v -0.770938 0.492025 0.247727
v -0.604950 0.492025 0.247727
v -0.604950 0.526057 0.163498
v -0.579413 0.492025 0.247727
v -0.579413 0.526057 0.163498
v -0.380149 -0.267427 -0.015956
v -0.386435 -0.258108 -0.011300
v -0.389038 -0.254248 -0.000060
v -0.373864 -0.276746 -0.011300
v -0.371260 -0.280605 -0.000060
v -0.373863 -0.276746 0.011181
v -0.380149 -0.267427 0.015837
v -0.386435 -0.258108 0.011181
v -0.770938 0.502379 0.153932
v -0.770938 0.526057 0.163498
v -0.604950 0.526057 0.163498
v -0.604950 0.502379 0.153932
v -0.579413 0.526057 0.163498
v -0.579413 0.502379 0.153932
v -0.579413 0.440596 0.128970
v -0.604950 0.440596 0.128970
v -0.579413 0.416344 0.135740
v -0.604950 0.416344 0.135740
v -0.604950 0.393823 0.191482
v -0.579413 0.393823 0.191482
v -0.579413 0.406566 0.213199
v -0.604950 0.406566 0.213199
v -0.579413 0.468348 0.238161
v -0.604950 0.468348 0.238161
v -0.604950 0.492025 0.247727
v -0.770938 0.492025 0.247727
v -0.770938 0.468348 0.238161
v -0.579413 0.492025 0.247727
v -0.369038 -0.283900 0.016386
v -0.370953 -0.281061 0.019811
v -0.407124 -0.227435 0.019811
v -0.369038 -0.283900 -0.016506
v -0.370953 -0.281061 -0.019931
v -0.407124 -0.227435 -0.019931
v -0.409039 -0.224596 -0.016506
v -0.409039 -0.224596 0.016386
v -0.604950 0.440596 0.128970
v -0.604950 0.416344 0.135740
v -0.604950 0.393823 0.191482
v -0.604950 0.502379 0.153932
v -0.604950 0.468348 0.238161
v -0.604950 0.406566 0.213199
v -0.401214 -0.219318 0.016386
v -0.399299 -0.222157 0.019811
v -0.363128 -0.275783 0.019811
v -0.401214 -0.219318 -0.016506
v -0.399299 -0.222157 -0.019931
v -0.363128 -0.275783 -0.019931
v -0.361212 -0.278622 -0.016506
v -0.361212 -0.278622 0.016386
v -0.604950 -0.012785 0.494481
v -0.604950 -0.025553 0.472366
v -0.604950 -0.012785 0.450251
v -0.604950 0.012752 0.494481
v -0.604950 0.025520 0.472366
v -0.604950 0.012752 0.450251
v -0.452484 -0.000017 0.089376
v -0.454740 -0.000017 0.092669
v -0.452484 0.034209 0.082569
v -0.452484 -0.034242 0.082569
v -0.454740 -0.035503 0.085611
v -0.452484 -0.063257 0.063181
v -0.454740 -0.065586 0.065510
v -0.452484 -0.082645 0.034166
v -0.454740 -0.085688 0.035426
v -0.452484 -0.089453 -0.000060
v -0.454740 -0.092746 -0.000060
v -0.454740 -0.085688 -0.035546
v -0.452484 -0.082645 -0.034286
v -0.454740 -0.065586 -0.065630
v -0.452484 -0.063257 -0.063301
v -0.454740 -0.035503 -0.085731
v -0.452484 -0.034242 -0.082688
v -0.454740 -0.000017 -0.092789
v -0.452484 -0.000017 -0.089496
v -0.452484 0.034209 -0.082688
v -0.454740 0.035469 -0.085731
v -0.452484 0.063224 -0.063301
v -0.454740 0.065553 -0.065630
v -0.452484 0.082612 -0.034286
v -0.454740 0.085654 -0.035546
v -0.452484 0.089420 -0.000060
v -0.454740 0.092713 -0.000060
v -0.454740 0.085654 0.035426
v -0.452484 0.082612 0.034166
v -0.454740 0.065553 0.065510
v -0.452484 0.063224 0.063181
v -0.454740 0.035469 0.085611
v -0.464499 -0.044218 0.018249
v -0.464499 -0.033847 0.033771
v -0.464499 -0.018326 0.044142
v -0.464499 -0.047860 -0.000060
v -0.464499 -0.044218 -0.018369
v -0.464499 -0.033847 -0.033891
v -0.464499 -0.018326 -0.044262
v -0.464499 -0.000017 -0.047904
v -0.464499 0.018293 -0.044262
v -0.464499 0.033814 -0.033891
v -0.464499 0.044185 -0.018369
v -0.464499 0.047827 -0.000060
v -0.464499 0.044185 0.018249
v -0.464499 0.033814 0.033771
v -0.464499 0.018293 0.044142
v -0.464499 -0.000017 0.047784
v -0.630487 -0.012785 0.450251
v -0.630487 -0.025553 0.472366
v -0.630487 -0.012785 0.494481
v -0.630487 0.012752 0.450251
v -0.630487 0.025520 0.472366
v -0.630487 0.012752 0.494481
v -0.438963 -0.076693 0.031700
v -0.438963 -0.083010 -0.000060
v -0.438963 -0.076693 -0.031820
v -0.438963 -0.058702 0.058626
v -0.438963 -0.031777 0.076616
v -0.438963 -0.000017 0.082934
v -0.438963 0.031744 0.076616
v -0.438963 0.058669 0.058626
v -0.438963 0.076660 0.031700
v -0.438963 0.082977 -0.000060
v -0.438963 0.076660 -0.031820
v -0.438963 0.058669 -0.058745
v -0.438963 0.031744 -0.076736
v -0.438963 -0.000017 -0.083054
v -0.438963 -0.031777 -0.076736
v -0.438963 -0.058702 -0.058745
v -0.770938 0.045405 0.548976
v -0.770938 -0.045438 0.548976
v -0.604950 -0.045438 0.548976
v -0.604950 0.045405 0.548976
v -0.579414 -0.045438 0.548976
v -0.579414 0.045405 0.548976
v -0.438963 -0.062541 -0.062585
v -0.438963 -0.081709 -0.033898
v -0.438963 -0.088439 -0.000060
v -0.438963 -0.033855 -0.081752
v -0.438963 -0.000017 -0.088483
v -0.438963 0.033821 -0.081752
v -0.438963 0.062508 -0.062585
v -0.438963 0.081676 -0.033898
v -0.438963 0.088406 -0.000060
v -0.438963 0.081676 0.033778
v -0.438963 0.062508 0.062465
v -0.438963 0.033821 0.081633
v -0.438963 -0.000017 0.088363
v -0.438963 -0.033855 0.081633
v -0.438963 -0.062541 0.062465
v -0.438963 -0.081709 0.033778
v -0.770938 0.045405 0.523439
v -0.770938 0.045405 0.548976
v -0.604950 0.045405 0.548976
v -0.604950 0.045405 0.523439
v -0.579414 0.045405 0.548976
v -0.579414 0.045405 0.523439
v -0.579414 0.045405 0.456805
v -0.604950 0.045405 0.456805
v -0.579414 0.030044 0.436855
v -0.604950 0.030044 0.436855
v -0.604950 -0.030077 0.436855
v -0.579414 -0.030077 0.436855
v -0.579414 -0.045438 0.456805
v -0.604950 -0.045438 0.456805
v -0.579414 -0.045438 0.523439
v -0.604950 -0.045438 0.523439
v -0.604950 -0.045438 0.548976
v -0.770938 -0.045438 0.548976
v -0.770938 -0.045438 0.523439
v -0.579414 -0.045438 0.548976
v -0.604950 0.045405 0.523439
v -0.604950 0.045405 0.456805
v -0.604950 0.030044 0.436855
v -0.604950 -0.045438 0.523439
v -0.604950 -0.045438 0.456805
v -0.604950 -0.030077 0.436855
vn 0.9894 0.1028 0.1028
vn -0.9907 0.0736 -0.1145
vn -0.9907 0.1028 -0.0891
vn -0.9907 0.0735 -0.1144
vn -0.9907 0.0383 -0.1306
vn -0.9907 0.0383 -0.1305
vn -0.9907 0.0384 -0.1308
vn -0.9907 -0.0000 -0.1361
vn -0.9907 -0.0000 -0.1363
vn -0.9907 -0.0000 -0.1360
vn -0.9907 -0.0383 -0.1306
vn -0.9907 -0.0384 -0.1306
vn -0.9907 -0.0383 -0.1305
vn -0.9907 -0.0736 -0.1145
vn -0.9907 -0.0735 -0.1144
vn -0.9907 -0.1028 -0.0891
vn -0.9907 -0.1237 -0.0565
vn -0.9907 -0.1238 -0.0565
vn -0.9907 -0.1361 -0.0000
vn -0.9907 -0.1360 -0.0000
vn -0.9907 -0.1305 0.0383
vn -0.9907 -0.1145 0.0736
vn -0.9907 -0.1144 0.0735
vn -0.9907 -0.0891 0.1028
vn -0.9907 -0.0565 0.1238
vn -0.9907 -0.0566 0.1238
vn -0.9907 -0.0565 0.1237
vn -0.9907 -0.0194 0.1347
vn -0.9907 -0.0194 0.1346
vn -0.9907 0.0194 0.1347
vn -0.9907 0.0194 0.1346
vn -0.9907 0.0193 0.1346
vn -0.9907 0.0565 0.1238
vn -0.9907 0.0566 0.1238
vn -0.9907 0.0565 0.1237
vn -0.9907 0.0891 0.1029
vn -0.9907 0.0891 0.1028
vn -0.9907 0.1144 0.0735
vn -0.9907 0.1145 0.0736
vn -0.9907 0.1305 0.0383
vn -0.9907 0.1306 0.0384
vn -0.9907 0.1347 -0.0194
vn -0.9907 0.1346 -0.0194
vn -0.9907 0.1237 -0.0565
vn -0.9907 0.1238 -0.0565
vn -1.0000 -0.0000 -0.0000
vn -0.0000 0.5406 0.8413
vn -0.0000 0.4154 0.9096
vn -0.0000 0.6549 0.7558
vn -0.0000 0.7558 0.6549
vn -0.0000 0.8413 0.5406
vn -0.0000 0.9096 0.4154
vn -0.0000 0.9595 0.2817
vn -0.0000 0.9898 0.1423
vn -0.0000 1.0000 -0.0000
vn -0.0000 -0.6549 0.7557
vn -0.0000 -0.7557 0.6549
vn -0.0000 -0.5406 0.8413
vn -0.0000 -0.4154 0.9096
vn -0.0000 -0.2817 0.9595
vn -0.0000 -0.1423 0.9898
vn -0.0000 -0.0000 1.0000
vn -0.0000 0.1423 0.9898
vn -0.0000 0.2817 0.9595
vn -0.0000 -0.9096 -0.4154
vn -0.0000 -0.8413 -0.5406
vn -0.0000 -0.9595 -0.2817
vn -0.0000 -0.9898 -0.1423
vn -0.0000 -1.0000 -0.0000
vn -0.0000 -0.9898 0.1423
vn -0.0000 -0.9595 0.2817
vn -0.0000 -0.9096 0.4154
vn -0.0000 -0.8413 0.5406
vn -0.0000 0.1423 -0.9898
vn -0.0000 0.2817 -0.9595
vn -0.0000 -0.0000 -1.0000
vn -0.0000 -0.1423 -0.9898
vn -0.0000 -0.2817 -0.9595
vn -0.0000 -0.4154 -0.9096
vn -0.0000 -0.5406 -0.8413
vn -0.0000 -0.6549 -0.7558
vn -0.0000 -0.7558 -0.6549
vn -0.0000 0.9898 -0.1423
vn -0.0000 0.9595 -0.2817
vn -0.0000 0.9096 -0.4154
vn -0.0000 0.8413 -0.5406
vn -0.0000 0.7557 -0.6549
vn -0.0000 0.6549 -0.7558
vn -0.0000 0.5406 -0.8413
vn -0.0000 0.4154 -0.9096
vn -0.7493 0.1866 -0.6354
vn -0.7493 0.0942 -0.6555
vn -0.7493 0.2751 -0.6024
vn -0.7493 0.3580 -0.5571
vn -0.7493 0.4337 -0.5005
vn -0.7493 0.5005 -0.4337
vn -0.7493 0.5571 -0.3580
vn -0.7493 0.6024 -0.2751
vn -0.7493 0.6354 -0.1866
vn -0.7493 0.6555 -0.0942
vn -0.7493 0.6622 -0.0000
vn -0.7493 0.6555 0.0942
vn -0.7493 0.6354 0.1866
vn -0.7493 0.6024 0.2751
vn -0.7493 0.5571 0.3580
vn -0.7493 0.5005 0.4337
vn -0.7493 0.4337 0.5005
vn -0.7493 0.3580 0.5571
vn -0.7493 0.2751 0.6024
vn -0.7493 0.1866 0.6354
vn -0.7493 0.0942 0.6555
vn -0.7493 -0.0000 0.6622
vn -0.7493 -0.0942 0.6555
vn -0.7493 -0.1866 0.6354
vn -0.7493 -0.2751 0.6024
vn -0.7493 -0.3580 0.5571
vn -0.7493 -0.4337 0.5005
vn -0.7493 -0.5005 0.4337
vn -0.7493 -0.5571 0.3580
vn -0.7493 -0.6024 0.2751
vn -0.7493 -0.6354 0.1866
vn -0.7493 -0.6555 0.0942
vn -0.7493 -0.6622 -0.0000
vn -0.7493 -0.6555 -0.0942
vn -0.7493 -0.6354 -0.1866
vn -0.7493 -0.6024 -0.2751
vn -0.7493 -0.5571 -0.3580
vn -0.7493 -0.5005 -0.4337
vn -0.7493 -0.4337 -0.5005
vn -0.7493 -0.3580 -0.5571
vn -0.7493 -0.2751 -0.6024
vn -0.7493 -0.1866 -0.6354
vn -0.7493 -0.0942 -0.6555
vn -0.7493 -0.0000 -0.6622
vn 0.0095 0.9910 -0.1334
vn 0.0095 0.9910 -0.1333
vn -0.0000 0.9239 -0.3827
vn -0.0000 0.7933 -0.6088
vn -0.0000 0.7934 -0.6088
vn -0.0000 0.6088 -0.7934
vn -0.0000 0.3827 -0.9239
vn -0.0008 0.1027 -0.9947
vn -0.0000 0.1614 0.9869
vn -0.0000 0.3827 0.9239
vn -0.0000 0.6088 0.7934
vn -0.0000 0.7934 0.6088
vn -0.0000 0.7933 0.6088
vn -0.0000 0.9239 0.3827
vn -0.0284 0.9910 0.1305
vn -0.0284 0.9910 0.1307
vn -0.0284 0.9910 0.1306
vn -0.0012 -0.1036 -0.9946
vn -0.0000 -0.3827 -0.9239
vn -0.0000 -0.6088 -0.7934
vn -0.0000 -0.7906 -0.6123
vn -0.0000 -0.7906 -0.6124
vn -0.0000 -0.7905 -0.6124
vn -0.0000 -0.9239 -0.3827
vn -0.0000 -0.9239 0.3827
vn -0.0000 -0.7906 0.6123
vn -0.0000 -0.7905 0.6124
vn -0.0000 -0.7906 0.6124
vn -0.0000 -0.6088 0.7934
vn -0.0000 -0.3827 0.9239
vn -0.0012 -0.1036 0.9946
vn -0.7114 -0.7028 -0.0000
vn -0.7077 -0.0000 0.7065
vn -0.7074 -0.0000 0.7068
vn -0.7076 -0.0000 0.7067
vn -0.7075 -0.0000 0.7067
vn 0.7028 0.0001 0.7114
vn 0.7027 -0.0000 0.7114
vn -0.0001 -0.7028 0.7114
vn -0.0000 -0.7028 0.7114
vn -0.7076 -0.0000 -0.7067
vn -0.7074 -0.0000 -0.7068
vn -0.7077 -0.0000 -0.7065
vn -0.7075 -0.0000 -0.7067
vn 0.7075 -0.0000 -0.7067
vn 0.0001 -0.7028 -0.7114
vn 0.7114 -0.7028 -0.0000
vn -1.0000 -0.0000 -0.0060
vn -0.0946 0.9910 -0.0946
vn -0.8135 0.2990 -0.4988
vn -0.8135 0.2993 -0.4987
vn -0.8137 0.3539 -0.4612
vn -0.8137 0.3538 -0.4612
vn -0.8137 0.4110 -0.4110
vn -0.8139 0.4109 -0.4109
vn -0.8136 0.4610 -0.3542
vn -0.8137 0.4612 -0.3539
vn -0.8135 0.4987 -0.2993
vn -0.8133 0.4987 -0.2997
vn 0.4255 -0.9020 -0.0736
vn -0.0000 0.7114 0.7028
vn -0.0001 -1.0000 -0.0000
vn -0.0737 -0.9020 0.4254
vn -0.7028 0.7114 0.0001
vn -0.0000 -0.7028 -0.7114
vn -0.1036 0.0011 0.9946
vn -0.1036 0.0012 0.9946
vn -0.1036 0.0012 -0.9946
vn -0.1036 0.0011 -0.9946
vn 0.0008 -0.9947 -0.1027
vn 0.0008 -0.9947 -0.1028
vn 0.0095 0.9910 0.1334
vn -0.5406 -0.8412 -0.0000
vn -0.4154 -0.9096 -0.0000
vn -0.5406 -0.8413 -0.0000
vn -0.6662 -0.7457 -0.0014
vn -0.7457 -0.6662 0.0014
vn -0.8413 -0.5406 -0.0000
vn -0.9096 -0.4154 -0.0000
vn -0.9595 -0.2817 -0.0000
vn -0.9898 -0.1423 -0.0000
vn 0.6662 -0.7457 -0.0014
vn 0.7763 -0.6304 -0.0000
vn 0.5406 -0.8413 -0.0000
vn 0.4154 -0.9096 -0.0000
vn 0.2817 -0.9595 -0.0000
vn 0.1423 -0.9898 -0.0000
vn -0.1423 -0.9898 -0.0000
vn -0.2817 -0.9595 -0.0000
vn 0.9096 0.4154 -0.0000
vn 0.8413 0.5406 -0.0000
vn 0.8412 0.5406 -0.0000
vn 0.9595 0.2817 -0.0000
vn 0.9898 0.1423 -0.0000
vn 1.0000 -0.0000 -0.0000
vn 0.9898 -0.1423 -0.0000
vn 0.9595 -0.2817 -0.0000
vn 0.9096 -0.4154 -0.0000
vn 0.8412 -0.5406 -0.0000
vn 0.8413 -0.5406 -0.0000
vn -0.1334 0.9910 0.0095
vn -0.2817 0.9595 -0.0000
vn 0.1334 0.9910 -0.0095
vn 0.2817 0.9595 -0.0000
vn 0.4154 0.9096 -0.0000
vn 0.5406 0.8413 -0.0000
vn 0.6662 0.7457 -0.0014
vn 0.7550 0.6557 0.0035
vn -0.9846 0.1741 0.0123
vn -0.9595 0.2817 -0.0000
vn -0.9096 0.4154 -0.0000
vn -0.8413 0.5406 -0.0000
vn -0.7457 0.6662 0.0014
vn -0.6557 0.7550 -0.0035
vn -0.5406 0.8413 -0.0000
vn -0.4154 0.9096 -0.0000
vn 0.5950 0.5403 0.5950
vn -0.5950 0.5403 0.5950
vn 0.5950 -0.5950 -0.5403
vn -0.5375 -0.6336 0.5565
vn -0.5374 -0.6336 0.5566
vn -0.5371 -0.6336 0.5568
vn 0.1333 0.9910 -0.0095
vn 0.7028 -0.0001 0.7114
vn 0.7027 -0.0001 0.7114
vn 0.7028 -0.0000 0.7114
vn -0.0000 -0.7558 0.6549
vn 0.1036 -0.9946 -0.0012
vn -0.0640 -0.9831 -0.1716
vn -0.4582 0.7617 0.4582
vn -0.7457 -0.6663 0.0014
vn -0.7458 -0.6662 0.0014
vn -0.7458 -0.6662 0.0005
vn -0.0000 -0.6548 0.7558
vn -0.0000 -0.6549 0.7558
vn -0.4578 -0.4583 -0.7618
vn -0.6663 -0.7457 -0.0014
vn -0.6662 -0.7458 -0.0014
vn -0.0001 -0.7027 0.7114
vn -0.2993 -0.8135 -0.4987
vn -0.2990 -0.8135 -0.4988
vn -0.3539 -0.8137 -0.4612
vn -0.4110 -0.8137 -0.4110
vn -0.4109 -0.8139 -0.4109
vn -0.4610 -0.8136 -0.3542
vn -0.4612 -0.8137 -0.3539
vn -0.5132 -0.8132 -0.2743
vn -0.5132 -0.8132 -0.2744
vn 0.7617 -0.4584 0.4580
vn 0.7028 0.7114 -0.0001
vn -0.4988 0.2990 0.8135
vn -0.4987 0.2992 0.8135
vn -0.4612 0.3539 0.8137
vn -0.4610 0.3542 0.8136
vn -0.4110 0.4110 0.8137
vn -0.4109 0.4109 0.8139
vn -0.3542 0.4610 0.8136
vn -0.3539 0.4612 0.8137
vn -0.2993 0.4987 0.8135
vn -0.2990 0.4988 0.8135
vn 0.2743 -0.8132 -0.5132
vn 0.2744 -0.8132 -0.5132
vn 0.3539 -0.8137 -0.4612
vn 0.3541 -0.8137 -0.4611
vn 0.4110 -0.8138 -0.4110
vn 0.4107 -0.8140 -0.4108
vn 0.4611 -0.8137 -0.3541
vn 0.4612 -0.8137 -0.3539
vn 0.4987 -0.8135 -0.2993
vn 0.4988 -0.8135 -0.2990
vn -0.5403 0.5950 -0.5950
vn -0.5772 -0.5778 0.5770
vn -0.5373 0.6339 0.5563
vn -0.5373 0.6339 0.5564
vn 1.0000 -0.0000 0.0001
vn 0.4988 0.2990 0.8135
vn 0.4987 0.2993 0.8135
vn 0.4612 0.3539 0.8137
vn 0.4610 0.3542 0.8136
vn 0.4110 0.4110 0.8137
vn 0.4109 0.4109 0.8139
vn 0.3542 0.4610 0.8136
vn 0.3539 0.4612 0.8137
vn 0.2993 0.4987 0.8135
vn 0.2990 0.4988 0.8135
vn 0.6407 -0.1881 0.7444
vn 0.6609 -0.0950 0.7444
vn 0.6074 -0.2774 0.7444
vn 0.5617 -0.3610 0.7444
vn 0.5046 -0.4372 0.7444
vn 0.4372 -0.5046 0.7444
vn 0.4373 -0.5046 0.7444
vn 0.3610 -0.5617 0.7444
vn 0.2774 -0.6074 0.7444
vn 0.1881 -0.6407 0.7444
vn 0.0950 -0.6609 0.7444
vn -0.0950 -0.6609 0.7444
vn -0.1881 -0.6407 0.7444
vn -0.2774 -0.6074 0.7444
vn -0.3610 -0.5617 0.7444
vn -0.4372 -0.5046 0.7444
vn -0.5046 -0.4372 0.7444
vn -0.5617 -0.3610 0.7444
vn -0.6074 -0.2774 0.7444
vn -0.6407 -0.1881 0.7444
vn -0.6609 -0.0950 0.7444
vn -0.6549 -0.0000 0.7557
vn -0.6609 0.0950 0.7444
vn -0.6407 0.1881 0.7444
vn -0.6074 0.2774 0.7444
vn -0.5617 0.3610 0.7444
vn -0.5046 0.4373 0.7444
vn -0.4372 0.5046 0.7444
vn -0.3610 0.5617 0.7444
vn -0.2774 0.6073 0.7444
vn -0.1881 0.6406 0.7444
vn -0.0950 0.6609 0.7444
vn 0.0039 0.6558 0.7549
vn 0.0950 0.6609 0.7444
vn 0.1881 0.6406 0.7444
vn 0.2774 0.6074 0.7444
vn 0.3610 0.5617 0.7444
vn 0.4373 0.5046 0.7444
vn 0.5046 0.4373 0.7444
vn 0.5617 0.3610 0.7444
vn 0.6074 0.2774 0.7444
vn 0.6407 0.1881 0.7444
vn 0.6609 0.0950 0.7444
vn 0.6549 -0.0000 0.7558
vn 0.6549 -0.0000 0.7557
vn -0.1746 0.0651 0.9825
vn -0.6549 -0.0000 -0.7557
vn -0.6548 -0.0000 -0.7558
vn 0.0008 -0.9947 0.1027
vn 0.0008 -0.9947 0.1028
vn -0.0002 -0.0000 1.0000
vn -0.9336 0.1651 -0.3181
vn -0.1028 -0.1028 0.9894
vn 0.8176 -0.1130 -0.5646
vn 0.8175 -0.1130 -0.5647
vn 0.8186 -0.0759 -0.5693
vn 0.8185 -0.0387 -0.5732
vn 0.8190 -0.0000 -0.5738
vn 0.8191 -0.0000 -0.5736
vn 0.8185 0.0387 -0.5732
vn 0.8186 0.0761 -0.5693
vn 0.8186 0.0759 -0.5693
vn 0.8175 0.1130 -0.5647
vn 0.8176 0.1130 -0.5646
vn -0.5694 0.0759 0.8186
vn -0.5647 0.1131 0.8175
vn -0.5648 0.1130 0.8174
vn -0.5694 0.0760 0.8186
vn -0.5733 0.0385 0.8185
vn -0.5738 -0.0000 0.8190
vn -0.5737 -0.0000 0.8191
vn -0.5733 -0.0385 0.8184
vn -0.5694 -0.0759 0.8186
vn -0.5694 -0.0758 0.8186
vn -0.5648 -0.1130 0.8174
vn -0.5647 -0.1131 0.8175
vn 0.8135 0.2990 -0.4988
vn 0.8135 0.2993 -0.4987
vn 0.8137 0.3539 -0.4612
vn 0.8137 0.3541 -0.4611
vn 0.8138 0.4110 -0.4110
vn 0.8140 0.4108 -0.4107
vn 0.8137 0.4611 -0.3541
vn 0.8137 0.4612 -0.3539
vn 0.8132 0.5132 -0.2743
vn 0.8132 0.5132 -0.2744
vn 0.6663 -0.7457 -0.0014
vn 0.6662 -0.7458 -0.0014
vn -0.9847 0.1741 0.0123
vn -0.7457 0.6663 0.0014
vn 0.6663 0.7457 -0.0014
vn 0.9947 -0.1027 -0.0008
vn 0.9947 -0.1028 -0.0008
vn 0.0768 -0.1407 -0.9871
vn -1.0000 -0.0000 -0.0059
vn -1.0000 -0.0001 -0.0060
vn -0.5761 -0.5340 -0.6188
vn -0.5761 -0.5341 -0.6188
vn -0.1407 0.0768 -0.9871
vn -0.5763 -0.6185 -0.5342
vn -0.0037 -0.6558 -0.7549
vn -0.0039 -0.6558 -0.7549
vn -0.0039 -0.6558 -0.7550
vn -0.7557 -0.0000 -0.6549
vn -0.7558 -0.0000 -0.6548
vn 0.5406 0.8412 -0.0000
vn 0.5761 -0.6188 0.5341
vn 0.5761 -0.6188 0.5340
vn -0.0000 0.7558 -0.6549
vn 0.5763 0.6185 0.5342
vn 0.5762 0.6184 0.5344
vn -0.5374 0.6336 -0.5565
vn -0.5374 0.6336 -0.5566
vn -0.5373 0.6336 -0.5567
vn -0.0000 0.7071 -0.7071
vn 0.6339 -0.5373 0.5564
vn 0.6340 -0.5372 0.5563
vn -0.9947 0.0008 -0.1027
vn 0.9947 0.0008 -0.1027
vn 0.9947 0.0008 -0.1028
vn -0.6336 -0.5374 0.5565
vn -0.6336 -0.5374 0.5566
vn -0.5950 0.5403 -0.5950
vn 0.5950 0.5403 -0.5950
vn 0.8132 0.2743 0.5132
vn 0.8132 0.2744 0.5132
vn 0.8137 0.3539 0.4612
vn 0.8137 0.3541 0.4611
vn 0.8138 0.4110 0.4110
vn 0.8140 0.4108 0.4107
vn 0.8137 0.4611 0.3541
vn 0.8137 0.4612 0.3539
vn 0.8135 0.4987 0.2993
vn 0.8134 0.4987 0.2996
vn 0.7076 -0.0000 -0.7067
vn 0.7071 -0.0000 -0.7071
vn 0.7074 -0.0000 -0.7068
vn 0.7076 -0.0000 -0.7066
vn -0.8174 0.5648 -0.1130
vn -0.8175 0.5647 -0.1131
vn -0.8390 0.4993 -0.2161
vn -0.8477 0.4263 -0.3158
vn -0.8489 0.5093 -0.1413
vn -0.8185 0.5733 0.0385
vn -0.8124 0.5451 0.2070
vn -0.7827 0.5009 0.3695
vn -0.7827 0.5009 0.3694
vn 0.5643 -0.8178 0.1131
vn 0.5646 -0.8176 0.1131
vn 0.5693 -0.8186 0.0759
vn 0.5732 -0.8185 0.0386
vn 0.5737 -0.8191 -0.0000
vn 0.5736 -0.8191 -0.0000
vn 0.5732 -0.8185 -0.0387
vn 0.5693 -0.8186 -0.0761
vn 0.5693 -0.8186 -0.0759
vn 0.5647 -0.8175 -0.1130
vn 0.5645 -0.8177 -0.1131
vn 0.1407 0.0768 -0.9871
vn 0.1407 -0.0768 -0.9871
vn 1.0000 -0.0000 -0.0001
vn -0.1028 -0.9894 0.1028
vn -0.6662 -0.7458 -0.0005
vn -0.5373 -0.6339 -0.5563
vn -0.5373 -0.6339 -0.5564
vn -0.5132 -0.8132 0.2743
vn -0.5132 -0.8132 0.2744
vn -0.4612 -0.8137 0.3539
vn -0.4610 -0.8136 0.3542
vn -0.4110 -0.8137 0.4110
vn -0.4109 -0.8139 0.4109
vn -0.3542 -0.8136 0.4610
vn -0.3539 -0.8137 0.4612
vn -0.2993 -0.8135 0.4987
vn -0.2990 -0.8135 0.4988
vn -0.1070 0.9910 0.0801
vn 0.0002 -0.0002 1.0000
vn -0.0001 -0.0000 1.0000
vn -0.6548 -0.0000 0.7558
vn 0.5560 0.1632 -0.8150
vn 0.5694 0.0759 -0.8186
vn 0.5271 0.2407 -0.8150
vn 0.4987 0.2993 -0.8135
vn 0.4611 0.3540 -0.8137
vn 0.3794 0.4379 -0.8150
vn 0.2993 0.4987 -0.8135
vn 0.2407 0.5271 -0.8150
vn 0.1632 0.5560 -0.8150
vn 0.1131 0.5645 -0.8176
vn -0.0000 0.5794 -0.8150
vn -0.1131 0.5645 -0.8176
vn -0.1632 0.5560 -0.8150
vn -0.2407 0.5271 -0.8150
vn -0.2993 0.4987 -0.8135
vn -0.3794 0.4379 -0.8150
vn -0.4379 0.3794 -0.8150
vn -0.4874 0.3133 -0.8150
vn -0.5271 0.2407 -0.8150
vn -0.5560 0.1632 -0.8150
vn -0.5694 0.0759 -0.8186
vn -0.5694 0.0758 -0.8186
vn -0.5737 -0.0000 -0.8190
vn -0.5647 -0.1131 -0.8175
vn -0.5560 -0.1632 -0.8150
vn -0.5271 -0.2407 -0.8150
vn -0.4874 -0.3133 -0.8150
vn -0.4611 -0.3540 -0.8137
vn -0.3540 -0.4611 -0.8137
vn -0.2993 -0.4987 -0.8135
vn -0.2407 -0.5270 -0.8150
vn -0.1632 -0.5559 -0.8150
vn -0.0759 -0.5694 -0.8186
vn -0.0000 -0.5738 -0.8190
vn -0.0000 -0.5737 -0.8190
vn 0.1131 -0.5647 -0.8175
vn 0.1632 -0.5559 -0.8150
vn 0.2407 -0.5271 -0.8150
vn 0.3133 -0.4874 -0.8150
vn 0.3540 -0.4611 -0.8137
vn 0.4611 -0.3540 -0.8137
vn 0.4987 -0.2993 -0.8135
vn 0.5271 -0.2407 -0.8150
vn 0.5560 -0.1632 -0.8150
vn 0.5694 -0.0759 -0.8186
vn 0.5738 -0.0000 -0.8190
vn 0.5737 -0.0000 -0.8190
vn 0.5694 0.0758 -0.8186
vn -0.6557 0.7551 -0.0035
vn -0.1502 -0.0560 -0.9871
vn -0.0000 -0.9810 -0.1938
vn -0.0000 -0.9810 -0.1939
vn -0.1028 0.1028 -0.9894
vn -0.1029 0.1028 -0.9894
vn 0.1097 -0.9831 0.1466
vn 0.9792 0.0710 0.1903
vn 0.6662 0.7458 -0.0005
vn 0.6548 -0.0000 -0.7558
vn 0.6549 -0.0000 -0.7557
vn 0.0002 -0.0000 -1.0000
vn 0.0893 -0.1635 0.9825
vn 0.9792 0.1436 -0.1436
vn 0.9791 0.0974 -0.1783
vn 0.9792 0.0973 -0.1783
vn 0.6662 0.7458 -0.0014
vn 0.5342 -0.5763 0.6185
vn 0.5403 0.5950 0.5950
vn -0.5761 0.6188 0.5340
vn -0.5761 0.6188 0.5341
vn -0.5760 0.6187 0.5343
vn 0.5340 -0.5762 -0.6187
vn 0.5341 -0.5761 -0.6188
vn 0.9792 -0.1217 -0.1626
vn 0.9792 0.1626 0.1217
vn 0.9792 -0.0432 0.1985
vn 0.9791 -0.0432 0.1985
vn 0.6548 -0.0000 0.7558
vn 0.5373 -0.6336 -0.5567
vn 0.5374 -0.6336 -0.5566
vn 0.5374 -0.6336 -0.5565
vn -0.5403 -0.5950 -0.5950
vn -0.1789 -0.9831 0.0389
vn 0.1318 -0.1317 0.9825
vn 0.1317 -0.1318 0.9825
vn 0.1317 -0.1317 0.9825
vn -0.5763 -0.6185 0.5341
vn -0.5763 -0.6185 0.5342
vn -0.5342 -0.5763 0.6185
vn -0.5341 -0.5763 0.6185
vn 0.5374 0.5566 0.6336
vn 0.5374 0.5565 0.6336
vn -0.1333 0.9910 0.0095
vn -0.0011 -0.1035 0.9946
vn -0.5403 0.5950 0.5950
vn 0.5403 0.5950 -0.5950
vn 0.1635 -0.0893 0.9825
vn -0.0000 0.5406 0.8412
vn -0.0000 0.7557 0.6549
vn -0.0000 -0.1680 0.9858
vn -0.0000 -0.7557 -0.6549
vn -0.0034 0.6556 -0.7551
vn -0.0034 0.6557 -0.7550
vn 0.9792 -0.1903 -0.0710
vn 0.5778 -0.5770 0.5772
vn 0.5373 0.5563 -0.6339
vn 0.5372 0.5563 -0.6340
vn 0.5373 0.5564 -0.6339
vn 0.9792 -0.2026 -0.0145
vn 0.1635 0.0893 0.9825
vn 0.1821 0.0396 0.9825
vn -0.5764 -0.6185 -0.5341
vn -0.5761 0.6188 -0.5340
vn -0.5761 0.6188 -0.5341
vn 0.2019 -0.0000 0.9794
vn 0.2020 -0.0000 0.9794
vn 0.1821 -0.0396 0.9825
vn 0.9792 0.2026 -0.0145
vn 0.7763 -0.6049 0.1776
vn 0.7763 -0.6240 0.0897
vn 0.7763 -0.5734 0.2619
vn 0.7763 -0.5303 0.3408
vn 0.7763 -0.4764 0.4128
vn 0.7763 -0.4128 0.4764
vn 0.7763 -0.3408 0.5303
vn 0.7763 -0.2619 0.5734
vn 0.7763 -0.1776 0.6049
vn 0.7763 -0.0897 0.6240
vn 0.7557 -0.0000 0.6549
vn 0.7558 -0.0000 0.6549
vn 0.7763 0.0897 0.6240
vn 0.7763 0.1776 0.6049
vn 0.7763 0.2619 0.5734
vn 0.7763 0.3408 0.5303
vn 0.7763 0.4128 0.4764
vn 0.7763 0.4764 0.4128
vn 0.7763 0.5303 0.3408
vn 0.7763 0.5734 0.2619
vn 0.7763 0.6049 0.1776
vn 0.7763 0.6240 0.0897
vn 0.7763 0.6240 -0.0897
vn 0.7763 0.6049 -0.1776
vn 0.7763 0.5734 -0.2619
vn 0.7763 0.5303 -0.3408
vn 0.7763 0.4764 -0.4128
vn 0.7763 0.4128 -0.4764
vn 0.7763 0.3408 -0.5303
vn 0.7763 0.2619 -0.5734
vn 0.7763 0.1776 -0.6048
vn 0.7763 0.0897 -0.6240
vn 0.7558 -0.0000 -0.6548
vn 0.7557 -0.0000 -0.6549
vn 0.7763 -0.0897 -0.6240
vn 0.7763 -0.1776 -0.6048
vn 0.7763 -0.2619 -0.5734
vn 0.7763 -0.3408 -0.5303
vn 0.7763 -0.4128 -0.4764
vn 0.7763 -0.4764 -0.4128
vn 0.7763 -0.5303 -0.3408
vn 0.7763 -0.5734 -0.2619
vn 0.7763 -0.6049 -0.1776
vn 0.7763 -0.6240 -0.0897
vn 0.4640 -0.8140 0.3495
vn 0.5046 -0.8108 0.2965
vn 0.5046 -0.8109 0.2963
vn 0.2966 -0.8106 0.5049
vn 0.2965 -0.8109 0.5046
vn 0.2965 -0.8108 0.5046
vn 0.2965 -0.8108 0.5047
vn 0.3495 -0.8140 0.4640
vn 0.4110 -0.8138 0.4110
vn 0.4109 -0.8138 0.4109
vn 0.5046 -0.8109 0.2965
vn 0.1036 0.0012 -0.9946
vn 0.9792 0.1903 -0.0710
vn 0.4988 0.2990 -0.8135
vn 0.4612 0.3539 -0.8137
vn 0.4610 0.3542 -0.8136
vn 0.4110 0.4110 -0.8137
vn 0.4109 0.4109 -0.8139
vn 0.2990 0.4988 -0.8135
vn 0.1036 0.0012 0.9946
vn 0.1036 0.0011 0.9946
vn 0.9792 0.1217 0.1626
vn 1.0000 0.0002 -0.0000
vn 1.0000 0.0001 -0.0000
vn -0.7617 -0.4582 0.4582
vn 0.4583 0.7618 0.4578
vn -0.5644 -0.8177 0.1131
vn -0.5647 -0.8175 0.1130
vn -0.5693 -0.8186 0.0759
vn -0.5692 -0.8186 0.0761
vn -0.5732 -0.8185 0.0387
vn -0.5737 -0.8191 -0.0000
vn -0.5736 -0.8191 -0.0000
vn -0.5732 -0.8185 -0.0387
vn -0.5693 -0.8186 -0.0759
vn -0.5643 -0.8178 -0.1132
vn -0.5646 -0.8176 -0.1131
vn 0.8186 0.5694 -0.0759
vn 0.8175 0.5647 -0.1131
vn 0.8174 0.5648 -0.1130
vn 0.8186 0.5694 -0.0760
vn 0.8184 0.5733 -0.0385
vn 0.8189 0.5739 -0.0000
vn 0.8191 0.5737 -0.0000
vn 0.8184 0.5733 0.0385
vn 0.8186 0.5694 0.0759
vn 0.8174 0.5648 0.1130
vn 0.8175 0.5647 0.1131
vn -0.5373 0.5564 -0.6339
vn -0.5373 0.5563 -0.6339
vn -0.5374 0.5566 0.6336
vn -0.5374 0.5565 0.6336
vn -0.5373 0.5565 0.6337
vn 0.9792 0.1985 0.0432
vn 0.2993 0.8135 0.4987
vn 0.3851 0.8088 0.4445
vn 0.2443 0.8088 0.5350
vn 0.1657 0.8088 0.5643
vn 0.0760 0.8186 0.5693
vn 0.0759 0.8186 0.5693
vn -0.0000 0.8191 0.5736
vn -0.0759 0.8186 0.5693
vn -0.1628 0.8139 0.5577
vn -0.1628 0.8139 0.5578
vn -0.2409 0.8147 0.5275
vn -0.2409 0.8147 0.5274
vn -0.2993 0.8135 0.4987
vn -0.3540 0.8137 0.4611
vn -0.3539 0.8137 0.4611
vn -0.4611 0.8137 0.3540
vn -0.4913 0.8116 0.3161
vn -0.4916 0.8116 0.3156
vn -0.5320 0.8111 0.2432
vn -0.5322 0.8111 0.2428
vn -0.5617 0.8107 0.1651
vn -0.5617 0.8107 0.1648
vn -0.5694 0.8186 0.0758
vn -0.5737 0.8190 -0.0000
vn -0.5647 0.8175 -0.1131
vn -0.5618 0.8107 -0.1648
vn -0.5617 0.8107 -0.1651
vn -0.5322 0.8111 -0.2428
vn -0.5319 0.8111 -0.2432
vn -0.4987 0.8134 -0.2993
vn -0.4611 0.8137 -0.3540
vn -0.3540 0.8137 -0.4611
vn -0.2993 0.8135 -0.4987
vn -0.2992 0.8135 -0.4987
vn -0.2409 0.8147 -0.5274
vn -0.2404 0.8147 -0.5276
vn -0.1629 0.8139 -0.5577
vn -0.1628 0.8139 -0.5578
vn -0.0759 0.8186 -0.5693
vn -0.0000 0.8191 -0.5736
vn 0.0759 0.8186 -0.5693
vn 0.1657 0.8088 -0.5643
vn 0.2443 0.8088 -0.5350
vn 0.2993 0.8135 -0.4987
vn 0.3851 0.8088 -0.4445
vn 0.4445 0.8088 -0.3851
vn 0.4987 0.8134 -0.2993
vn 0.5349 0.8088 -0.2443
vn 0.5643 0.8088 -0.1657
vn 0.5694 0.8186 -0.0758
vn 0.5694 0.8185 -0.0759
vn 0.5737 0.8190 -0.0000
vn 0.5694 0.8185 0.0759
vn 0.5694 0.8186 0.0758
vn 0.5643 0.8088 0.1657
vn 0.5350 0.8088 0.2443
vn 0.4948 0.8088 0.3180
vn 0.4445 0.8088 0.3851
vn 0.5152 -0.7906 -0.3311
vn 0.5570 -0.7906 -0.2544
vn 0.4628 -0.7906 -0.4010
vn 0.4010 -0.7906 -0.4628
vn 0.3311 -0.7906 -0.5152
vn 0.2544 -0.7906 -0.5571
vn 0.1725 -0.7906 -0.5876
vn 0.0871 -0.7906 -0.6061
vn 0.0872 -0.7906 -0.6061
vn -0.0871 -0.7906 -0.6061
vn -0.1725 -0.7906 -0.5876
vn -0.2544 -0.7906 -0.5570
vn -0.3311 -0.7906 -0.5152
vn -0.4010 -0.7906 -0.4628
vn -0.4628 -0.7906 -0.4010
vn -0.5152 -0.7906 -0.3311
vn -0.5570 -0.7906 -0.2544
vn -0.5876 -0.7906 -0.1725
vn -0.6061 -0.7906 -0.0871
vn -0.6124 -0.7906 -0.0000
vn -0.6123 -0.7906 -0.0000
vn -0.6061 -0.7906 0.0871
vn -0.5876 -0.7906 0.1725
vn -0.5571 -0.7905 0.2544
vn -0.5152 -0.7906 0.3311
vn -0.4628 -0.7906 0.4010
vn -0.4010 -0.7906 0.4628
vn -0.3311 -0.7906 0.5152
vn -0.2544 -0.7906 0.5570
vn -0.1725 -0.7906 0.5876
vn -0.0871 -0.7906 0.6061
vn -0.0872 -0.7906 0.6061
vn 0.0872 -0.7906 0.6061
vn 0.1725 -0.7906 0.5876
vn 0.1725 -0.7906 0.5875
vn 0.2544 -0.7906 0.5570
vn 0.3311 -0.7906 0.5152
vn 0.4010 -0.7906 0.4628
vn 0.4628 -0.7906 0.4010
vn 0.5152 -0.7906 0.3311
vn 0.5570 -0.7906 0.2544
vn 0.5876 -0.7906 0.1725
vn 0.6061 -0.7906 0.0872
vn 0.6124 -0.7906 -0.0000
vn 0.6124 -0.7905 -0.0000
vn 0.6061 -0.7906 -0.0872
vn 0.6061 -0.7906 -0.0871
vn 0.5876 -0.7906 -0.1725
vn 0.4584 -0.4580 -0.7617
vn -0.2019 -0.0000 0.9794
vn -0.1116 -0.1492 0.9825
vn -0.1117 -0.1492 0.9825
vn -0.1070 0.9910 0.0802
vn 0.1028 -0.9894 0.1028
vn -0.5406 -0.0000 0.8412
vn -0.4154 -0.0000 0.9096
vn -0.5406 -0.0000 0.8413
vn -0.7557 -0.0000 0.6549
vn -0.8413 -0.0000 0.5406
vn -0.9096 -0.0000 0.4154
vn -0.9595 -0.0000 0.2817
vn -0.9898 -0.0000 0.1423
vn 0.5406 -0.0000 0.8413
vn 0.5406 -0.0000 0.8412
vn 0.4154 -0.0000 0.9096
vn 0.2817 -0.0000 0.9595
vn 0.1423 -0.0000 0.9898
vn -0.1423 -0.0000 0.9898
vn -0.2817 -0.0000 0.9595
vn 0.9096 -0.0000 -0.4154
vn 0.8413 -0.0000 -0.5406
vn 0.9595 -0.0000 -0.2817
vn 0.9898 -0.0000 -0.1423
vn 0.9898 -0.0000 0.1423
vn 0.9595 -0.0000 0.2817
vn 0.9096 -0.0000 0.4154
vn 0.8412 -0.0000 0.5406
vn 0.8413 -0.0000 0.5406
vn -0.1423 -0.0000 -0.9898
vn -0.2492 -0.0000 -0.9684
vn -0.2492 -0.0000 -0.9685
vn 0.1423 -0.0000 -0.9898
vn 0.2492 -0.0000 -0.9685
vn 0.2492 -0.0000 -0.9684
vn 0.4154 -0.0000 -0.9096
vn 0.5406 -0.0000 -0.8413
vn 0.7558 -0.0000 -0.6549
vn -0.9898 -0.0000 -0.1423
vn -0.9595 -0.0000 -0.2817
vn -0.9096 -0.0000 -0.4154
vn -0.8413 -0.0000 -0.5406
vn -0.6549 -0.0000 -0.7558
vn -0.5406 -0.0000 -0.8413
vn -0.4154 -0.0000 -0.9096
vn -0.5761 -0.5341 -0.6187
vn -0.5763 -0.5342 0.6185
vn -0.5762 -0.5344 0.6184
vn 0.5370 0.5566 -0.6339
vn 0.5373 0.5563 -0.6338
vn 0.5761 -0.5341 -0.6187
vn 0.5761 -0.5340 -0.6188
vn 0.5761 -0.5341 -0.6188
vn -0.7028 0.7114 -0.0000
vn 0.6188 0.5761 -0.5340
vn 0.6188 0.5761 -0.5341
vn -0.6185 0.5763 -0.5342
vn -0.6185 0.5763 -0.5341
vn -0.7027 0.7114 -0.0000
vn -0.7028 0.7114 -0.0001
vn 0.5763 -0.5342 0.6185
vn 0.5763 -0.5341 0.6185
vn -0.5369 0.5569 0.6337
vn 0.7028 0.7114 -0.0004
vn 0.7027 0.7114 -0.0000
vn 0.7028 0.7114 0.0001
vn -0.0001 0.7114 0.7028
vn 0.7028 0.7114 -0.0000
vn 0.7114 -0.7028 0.0001
vn 0.6339 -0.5373 -0.5564
vn 0.6339 -0.5371 -0.5565
vn -0.9946 0.1036 0.0012
vn -0.0001 -0.7028 -0.7114
vn -0.0000 -0.7027 -0.7114
vn -0.0000 0.7072 -0.7070
vn -0.0000 0.7072 -0.7071
vn 0.9946 0.1036 0.0012
vn 0.9946 0.1036 0.0011
vn -0.6337 -0.5372 -0.5566
vn -0.6336 -0.5374 -0.5566
vn -0.6336 -0.5374 -0.5565
vn -0.6185 0.5763 0.5341
vn -0.6185 0.5763 0.5342
vn 0.6188 0.5761 0.5340
vn 0.6188 0.5761 0.5341
vn 0.6187 0.5759 0.5344
vn 0.8132 -0.5132 0.2743
vn 0.8132 -0.5132 0.2744
vn 0.8137 -0.4612 0.3539
vn 0.8137 -0.4611 0.3541
vn 0.8138 -0.4110 0.4110
vn 0.8140 -0.4107 0.4108
vn 0.8137 -0.3541 0.4611
vn 0.8137 -0.3539 0.4612
vn 0.8135 -0.2993 0.4987
vn 0.8134 -0.2993 0.4987
vn 0.0801 0.9910 0.1070
vn -0.1821 -0.0396 0.9825
vn 0.0001 -0.7028 0.7114
vn -0.0000 -0.7027 0.7114
vn -0.7076 -0.0000 0.7066
vn -0.2993 -0.4987 0.8135
vn -0.2990 -0.4988 0.8135
vn -0.3539 -0.4612 0.8137
vn -0.3542 -0.4610 0.8136
vn -0.4110 -0.4110 0.8137
vn -0.4109 -0.4109 0.8139
vn -0.4610 -0.3542 0.8136
vn -0.4612 -0.3539 0.8137
vn -0.5132 -0.2743 0.8132
vn -0.4987 0.8134 -0.2995
vn -0.4987 0.8135 -0.2993
vn -0.4612 0.8137 -0.3539
vn -0.4610 0.8136 -0.3542
vn -0.4110 0.8137 -0.4110
vn -0.4109 0.8139 -0.4109
vn -0.3542 0.8136 -0.4610
vn -0.3539 0.8137 -0.4612
vn -0.2990 0.8135 -0.4988
vn -0.9894 -0.1028 0.1028
vn 0.7114 -0.7028 -0.0001
vn 0.9894 -0.1028 0.1028
vn 0.2743 -0.5132 -0.8132
vn 0.2744 -0.5132 -0.8132
vn 0.3539 -0.4612 -0.8137
vn 0.3542 -0.4610 -0.8136
vn 0.4110 -0.4110 -0.8137
vn 0.4109 -0.4109 -0.8139
vn 0.4612 -0.3539 -0.8137
vn 0.4988 -0.2990 -0.8135
vn -0.0000 -0.0001 -1.0000
vn 0.0002 0.0001 -1.0000
vn -0.8108 -0.5046 0.2965
vn -0.8108 -0.5047 0.2965
vn -0.8109 -0.5046 0.2965
vn -0.8140 -0.4640 0.3495
vn -0.8138 -0.4110 0.4110
vn -0.8140 -0.4107 0.4108
vn -0.8140 -0.3495 0.4640
vn -0.8108 -0.2965 0.5046
vn -0.8109 -0.2965 0.5046
vn 0.1028 -0.1028 -0.9894
vn 0.0001 0.7114 0.7028
vn -0.0001 -0.0000 -1.0000
vn 0.0001 -0.0001 -1.0000
vn -0.5132 -0.2743 -0.8132
vn -0.4612 -0.3539 -0.8137
vn -0.4610 -0.3542 -0.8136
vn -0.4110 -0.4110 -0.8137
vn -0.4109 -0.4109 -0.8139
vn -0.3542 -0.4610 -0.8136
vn -0.3539 -0.4612 -0.8137
vn -0.2992 -0.4987 -0.8135
vn -0.2990 -0.4988 -0.8135
vn 0.0001 0.0002 -1.0000
vn -0.7114 -0.7028 -0.0001
vn -0.7617 -0.4582 -0.4582
vn 0.2990 0.8135 -0.4988
vn 0.3539 0.8137 -0.4612
vn 0.3542 0.8136 -0.4610
vn 0.4110 0.8137 -0.4110
vn 0.4109 0.8139 -0.4109
vn 0.4610 0.8136 -0.3542
vn 0.4612 0.8137 -0.3539
vn 0.4987 0.8135 -0.2993
vn 0.4988 0.8135 -0.2990
vn -0.0000 -1.0000 0.0001
vn -0.0002 -1.0000 -0.0003
vn 0.7027 -0.0000 0.7115
vn 0.4584 -0.4580 0.7617
vn -0.9894 -0.1028 -0.1028
vn -0.7076 -0.0000 -0.7066
vn 0.5778 -0.5770 -0.5772
vn 0.0008 0.1027 0.9947
vn 0.0008 0.1028 0.9947
vn -0.0008 0.1026 -0.9947
vn -0.0008 0.1028 -0.9947
vn -0.9947 0.0008 -0.1028
vn 0.9947 0.0008 0.1028
vn 0.9947 0.0008 0.1027
vn 0.0759 -0.5694 -0.8186
vn 0.1130 -0.5648 -0.8174
vn 0.0385 -0.5733 -0.8184
vn -0.0000 -0.5739 -0.8189
vn -0.0000 -0.5737 -0.8191
vn -0.0385 -0.5733 -0.8184
vn -0.0760 -0.5694 -0.8186
vn -0.1130 -0.5648 -0.8174
vn -0.1131 -0.5647 -0.8175
vn -0.9947 0.0008 0.1026
vn -0.9947 0.0008 0.1028
vn 0.1131 0.8177 -0.5645
vn 0.1131 0.8177 -0.5644
vn 0.0760 0.8186 -0.5693
vn 0.0387 0.8185 -0.5732
vn -0.0000 0.8191 -0.5737
vn -0.0387 0.8185 -0.5732
vn -0.0761 0.8186 -0.5693
vn -0.0760 0.8187 -0.5692
vn -0.1130 0.8175 -0.5647
vn -0.1131 0.8176 -0.5646
vn 0.9894 -0.1028 -0.1028
vn -0.0759 -0.5694 0.8186
vn -0.1131 -0.5647 0.8175
vn -0.1130 -0.5648 0.8174
vn -0.0385 -0.5733 0.8184
vn -0.0000 -0.5738 0.8190
vn -0.0000 -0.5737 0.8191
vn 0.0385 -0.5733 0.8184
vn 0.0760 -0.5694 0.8186
vn 0.0759 -0.5694 0.8186
vn 0.1130 -0.5648 0.8174
vn 0.1131 -0.5646 0.8176
vn 0.4583 0.7618 -0.4578
vn -0.6336 -0.5373 0.5566
vn 0.6339 -0.5371 0.5565
vn 0.0768 0.1407 -0.9871
vn 0.1607 -0.9831 -0.0878
vn 0.1607 -0.9831 -0.0877
vn 0.1028 0.1028 -0.9894
vn 0.1566 -0.0341 -0.9871
vn 0.1566 0.0341 -0.9871
vn 0.1295 -0.9831 -0.1295
vn -0.4874 0.3132 -0.8150
vn -0.5132 0.2743 -0.8132
vn -0.4379 0.3795 -0.8150
vn -0.4110 0.4110 -0.8137
vn -0.4109 0.4109 -0.8139
vn -0.2990 0.4988 -0.8135
vn 0.1070 0.9910 -0.0801
vn -0.0000 -0.5556 0.8315
vn -0.0000 -0.7071 0.7071
vn -0.0000 -0.8315 0.5556
vn -0.0000 -0.9808 0.1951
vn -0.0000 0.9808 0.1951
vn -0.0000 0.8315 0.5556
vn -0.0000 0.7071 0.7071
vn -0.0000 0.5556 0.8315
vn -0.0000 0.1951 0.9808
vn 0.0007 -0.0000 1.0000
vn -0.0000 -0.1951 0.9808
vn -0.0000 0.1951 -0.9808
vn 0.0007 -0.0000 -1.0000
vn -0.0000 0.5556 -0.8315
vn -0.0000 0.8315 -0.5556
vn -0.0000 0.9808 -0.1951
vn -0.0000 -0.9808 -0.1951
vn -0.0000 -0.8315 -0.5556
vn -0.0000 -0.7071 -0.7071
vn -0.0000 -0.5556 -0.8315
vn -0.0000 -0.1951 -0.9808
vn -0.3647 -0.0000 0.9311
vn -0.9239 -0.0000 0.3827
vn -0.9239 -0.0000 -0.3827
vn -0.3647 -0.0000 -0.9311
vn 0.3827 -0.0000 -0.9239
vn 0.9239 -0.0000 -0.3827
vn 0.9239 -0.0000 0.3827
vn 0.3827 -0.0000 0.9239
vn 0.2225 -0.0000 0.9749
vn -0.9861 0.1533 -0.0635
vn -0.9861 0.1659 -0.0000
vn -0.8711 -0.4537 -0.1879
vn -0.8711 -0.4911 -0.0000
vn -0.9861 -0.1533 -0.0635
vn -0.9861 -0.1173 -0.1173
vn -0.8712 -0.3472 -0.3472
vn -0.8711 -0.1879 -0.4537
vn -0.9861 -0.0635 -0.1533
vn -0.8711 -0.0000 -0.4911
vn -0.9861 -0.0000 -0.1660
vn -0.9861 0.0635 -0.1533
vn -0.9861 0.1173 -0.1173
vn -0.8711 0.4537 -0.1879
vn -0.8711 0.4911 -0.0000
vn -0.9861 0.1533 0.0635
vn -0.8711 0.1879 -0.4537
vn -0.8712 0.3472 -0.3472
vn -0.9861 -0.1533 0.0635
vn -0.9861 -0.1659 -0.0000
vn -0.9861 0.1173 0.1173
vn -0.9861 0.0635 0.1533
vn -0.8711 0.1879 0.4537
vn -0.8711 -0.0000 0.4911
vn -0.9861 -0.0000 0.1660
vn -0.9861 -0.0635 0.1533
vn -0.9861 -0.1173 0.1173
vn -0.8711 -0.4537 0.1879
vn -0.8711 -0.1879 0.4537
vn -0.8712 -0.3472 0.3472
vn -0.8711 0.4537 0.1879
vn -0.8712 0.3472 0.3472
vn 0.1028 -0.9894 -0.1028
vn -0.7715 0.2435 0.5878
vn -0.7714 -0.0000 0.6363
vn -0.3828 0.3535 0.8535
vn -0.3828 0.6532 0.6532
vn -0.7715 0.4499 0.4499
vn -0.7715 0.5878 0.2435
vn -0.3828 0.8535 0.3535
vn -0.7714 0.6363 -0.0000
vn -0.3828 0.9238 -0.0000
vn -0.3828 -0.9238 -0.0000
vn -0.7714 -0.6363 -0.0000
vn -0.3828 -0.8535 -0.3535
vn -0.3828 -0.8535 0.3535
vn -0.7715 -0.5878 0.2435
vn -0.3828 -0.6532 0.6532
vn -0.7715 -0.4499 0.4499
vn -0.7715 -0.2435 0.5878
vn -0.3828 -0.3535 0.8535
vn -0.3828 -0.0000 0.9238
vn -0.1952 -0.0000 0.9808
vn -0.1951 0.3753 0.9061
vn -0.1952 0.6935 0.6935
vn -0.1951 0.9061 0.3753
vn -0.1952 0.9808 -0.0000
vn -0.1952 -0.9808 -0.0000
vn -0.1951 -0.9061 0.3753
vn -0.1952 -0.6935 0.6935
vn -0.1951 -0.3753 0.9061
vn -0.3828 0.8535 -0.3535
vn -0.7715 0.5878 -0.2435
vn -0.3828 0.6532 -0.6532
vn -0.7715 0.4499 -0.4499
vn -0.7715 0.2435 -0.5878
vn -0.3828 0.3535 -0.8535
vn -0.7714 -0.0000 -0.6363
vn -0.3828 -0.0000 -0.9238
vn -0.3828 -0.3535 -0.8535
vn -0.1952 -0.0000 -0.9808
vn -0.1951 -0.3753 -0.9061
vn -0.3828 -0.6532 -0.6532
vn -0.1952 -0.6935 -0.6935
vn -0.1951 -0.9061 -0.3753
vn -0.1951 0.9061 -0.3753
vn -0.1952 0.6935 -0.6935
vn -0.1951 0.3753 -0.9061
vn -0.7715 -0.2435 -0.5878
vn -0.7715 -0.4499 -0.4499
vn -0.7715 -0.5878 -0.2435
vn -0.5166 0.7144 -0.4720
vn -0.2140 0.9587 0.1872
vn 0.2140 0.6415 0.7367
vn 0.5166 -0.0516 0.8547
vn 0.5166 -0.0516 0.8546
vn 0.5166 -0.7144 0.4720
vn 0.2140 -0.9587 -0.1872
vn -0.2140 -0.6415 -0.7367
vn -0.5166 0.0516 -0.8547
vn -0.0000 0.8660 0.5000
vn -0.5592 0.4145 -0.7180
vn -0.0000 -0.8660 -0.5000
vn 0.5591 -0.4145 0.7180
vn 0.5592 -0.4145 0.7180
vn 0.3954 0.3192 0.8613
vn 0.3954 0.3193 0.8612
vn 0.3954 -0.9055 0.1541
vn -0.3954 -0.3192 -0.8613
vn -0.3954 -0.3193 -0.8612
vn -0.3954 -0.3192 -0.8612
vn -0.3954 -0.3191 -0.8613
vn -0.3954 0.9055 -0.1542
vn -0.5166 0.8547 -0.0516
vn -0.2140 0.7367 0.6415
vn 0.2140 0.1872 0.9587
vn 0.5166 -0.4720 0.7144
vn 0.5166 -0.8547 0.0516
vn 0.5167 -0.8546 0.0516
vn 0.2140 -0.7367 -0.6415
vn -0.2140 -0.1872 -0.9587
vn -0.5166 0.4720 -0.7144
vn -0.0000 0.5000 0.8660
vn -0.5592 0.7180 -0.4145
vn -0.0000 -0.5000 -0.8660
vn 0.5592 -0.7180 0.4145
vn 0.5591 -0.7180 0.4145
vn 0.3954 -0.1541 0.9055
vn 0.3954 -0.1542 0.9055
vn 0.3954 -0.8612 -0.3193
vn 0.3954 -0.8613 -0.3192
vn -0.3954 0.1542 -0.9055
vn -0.3954 0.8612 0.3193
vn -0.3954 0.8613 0.3192
vn -0.5166 0.7659 0.3827
vn -0.5167 0.7659 0.3827
vn -0.5166 0.7660 0.3826
vn -0.2140 0.3173 0.9239
vn -0.2140 0.3172 0.9239
vn 0.2140 -0.3172 0.9239
vn 0.2140 -0.3173 0.9239
vn 0.5166 -0.7659 0.3827
vn 0.5166 -0.7659 -0.3827
vn 0.2140 -0.3173 -0.9239
vn -0.2140 0.3173 -0.9239
vn -0.5166 0.7659 -0.3827
vn -0.5166 0.7660 -0.3827
vn -0.5557 0.8314 -0.0000
vn 0.5557 -0.8314 -0.0000
vn 0.3954 -0.5863 0.7071
vn 0.3954 -0.5862 0.7071
vn 0.3954 -0.5863 -0.7071
vn 0.3954 -0.5862 -0.7071
vn -0.3954 0.5863 -0.7071
vn -0.3954 0.5862 -0.7071
vn -0.3954 0.5863 -0.7070
vn -0.3954 0.5862 0.7071
vn -0.3954 0.5863 0.7071
vn -0.9569 0.2053 0.2053
vn -0.9424 -0.2365 -0.2365
vn -0.9424 -0.3090 -0.1280
vn -0.9569 0.2682 0.1111
vn -0.9569 0.2903 -0.0000
vn -0.9424 -0.3344 -0.0000
vn -0.9424 -0.3090 0.1280
vn -0.6654 -0.6897 0.2857
vn -0.6654 -0.5279 0.5279
vn -0.9424 -0.2365 0.2365
vn -0.7715 0.6363 -0.0000
vn -0.7715 -0.0000 0.6362
vn -0.9569 -0.0000 0.2903
vn -0.7368 -0.0000 0.6761
vn -0.7368 0.2587 0.6246
vn -0.7368 0.4781 0.4781
vn -0.7368 0.6246 0.2587
vn -0.7368 0.6761 -0.0000
vn -0.9569 0.2682 -0.1111
vn -0.9569 0.2053 -0.2053
vn -0.9424 -0.1280 0.3090
vn -0.6654 -0.2857 0.6897
vn -0.6654 -0.0000 0.7465
vn -0.9424 -0.0000 0.3345
vn -0.5557 -0.3182 0.7681
vn -0.5557 -0.0000 0.8314
vn -0.5557 0.3182 0.7681
vn -0.7368 0.6246 -0.2587
vn -0.7368 0.4781 -0.4781
vn -0.7368 0.2587 -0.6246
vn -0.9569 0.1111 -0.2682
vn -0.9569 -0.0000 -0.2903
vn -0.9424 0.1280 0.3090
vn -0.6654 0.2857 0.6897
vn -0.6654 0.5279 0.5279
vn -0.9424 0.2365 0.2365
vn -0.9424 0.3090 0.1280
vn -0.9569 -0.2053 -0.2053
vn -0.9569 -0.2682 -0.1111
vn -0.7715 -0.0000 -0.6362
vn -0.9569 -0.2903 -0.0000
vn -0.9569 -0.1111 -0.2682
vn -0.7368 -0.0000 -0.6761
vn -0.7715 -0.6363 -0.0000
vn -0.7368 -0.6761 -0.0000
vn -0.7368 -0.6246 -0.2587
vn -0.7368 -0.2587 -0.6246
vn -0.7368 -0.4781 -0.4781
vn -0.9569 -0.2682 0.1111
vn -0.7368 -0.6246 0.2587
vn -0.7368 -0.4781 0.4781
vn -0.7368 -0.2587 0.6246
vn -0.9569 -0.2053 0.2053
vn -0.9424 0.3090 -0.1280
vn -0.9424 0.3344 -0.0000
vn -0.6654 0.6897 0.2857
vn -0.9424 0.2365 -0.2365
vn -0.5557 0.5879 0.5879
vn -0.5557 0.7681 0.3182
vn -0.6654 0.7465 -0.0000
vn -0.6654 0.6897 -0.2857
vn -0.6654 0.5279 -0.5279
vn -0.9424 0.1280 -0.3090
vn -0.9569 -0.1111 0.2682
vn -0.5557 0.5879 -0.5879
vn -0.5557 0.3182 -0.7681
vn -0.5557 0.7681 -0.3182
vn -0.6654 -0.2857 -0.6897
vn -0.6654 -0.0000 -0.7465
vn -0.5557 -0.3182 -0.7681
vn -0.5557 -0.0000 -0.8314
vn -0.6654 0.2857 -0.6897
vn -0.9424 -0.0000 -0.3345
vn -0.5557 -0.5879 0.5879
vn -0.5557 -0.7681 0.3182
vn -0.6654 -0.7465 -0.0000
vn -0.6654 -0.6897 -0.2857
vn -0.6654 -0.5279 -0.5279
vn -0.9424 -0.1280 -0.3090
vn -0.9569 0.1111 0.2682
vn -0.5557 -0.8314 -0.0000
vn -0.5557 -0.7681 -0.3182
vn -0.5557 -0.5879 -0.5879
vn -0.7073 -0.0000 0.7069
vn -0.7071 -0.0000 0.7071
vn -0.0747 -0.9213 -0.3816
vn -0.0747 -0.7051 -0.7051
vn -0.0747 -0.9972 -0.0000
vn -0.0747 -0.9213 0.3816
vn -0.0747 -0.7051 0.7051
vn -0.0747 -0.3816 0.9213
vn -0.0747 -0.0000 0.9972
vn -0.0747 0.3816 0.9213
vn -0.0747 0.7051 0.7051
vn -0.0747 0.9213 0.3816
vn -0.0747 0.9972 -0.0000
vn -0.0747 0.9213 -0.3816
vn -0.0747 0.7051 -0.7051
vn -0.0747 0.3816 -0.9213
vn -0.0747 -0.0000 -0.9972
vn -0.0747 -0.3816 -0.9213
vn -0.7716 -0.0000 -0.6362
vn -0.9239 -0.1464 -0.3534
vn -0.9239 -0.2705 -0.2705
vn -0.9239 -0.3535 -0.1464
vn -0.9239 0.2705 -0.2705
vn -0.9239 0.3535 -0.1464
vn -0.9239 0.1464 -0.3535
vn -0.9239 -0.0000 -0.3826
vn -0.9239 -0.3826 -0.0000
vn -0.7716 -0.6362 -0.0000
vn -0.9239 -0.3535 0.1464
vn -0.9239 -0.2705 0.2705
vn -0.9239 -0.1464 0.3535
vn -0.7716 -0.0000 0.6362
vn -0.9239 -0.0000 0.3826
vn -0.9239 0.1464 0.3534
vn -0.9239 0.2705 0.2705
vn -0.9239 0.3535 0.1464
vn -0.9239 0.3826 -0.0000
vn -0.7716 0.6362 -0.0000
vn -0.7072 -0.2706 0.6532
vn -0.7072 -0.4999 0.5000
vn -0.7072 -0.5000 0.4999
vn -0.7072 -0.6532 0.2706
vn 0.8316 -0.0000 -0.5554
vn 0.8316 0.2126 -0.5132
vn 0.9239 0.1464 -0.3535
vn 0.9239 -0.0000 -0.3826
vn 0.9808 -0.0000 -0.1950
vn 0.9808 0.0746 -0.1802
vn 0.9239 0.2705 -0.2705
vn 0.8315 0.3928 -0.3928
vn 0.7072 0.2705 -0.6532
vn 0.7072 -0.0000 -0.7070
vn 0.7072 -0.2706 -0.6532
vn 0.5557 -0.0000 -0.8314
vn 0.5557 -0.3182 -0.7681
vn 0.3828 -0.3535 -0.8535
vn 0.3828 -0.6532 -0.6533
vn 0.5557 -0.5879 -0.5879
vn 0.7072 0.4999 -0.4999
vn 0.5557 0.3182 -0.7681
vn 0.5557 0.5879 -0.5879
vn 0.7072 -0.4999 -0.4999
vn 0.5557 -0.7681 -0.3182
vn 0.3828 -0.8535 -0.3535
vn 0.1952 -0.6935 -0.6935
vn 0.1951 -0.3753 -0.9061
vn 0.3828 -0.0000 -0.9238
vn 0.3828 0.3535 -0.8535
vn 0.3828 0.6532 -0.6532
vn 0.5557 0.7681 -0.3182
vn 0.7072 0.6532 -0.2705
vn 0.9239 -0.1464 -0.3535
vn 0.8316 -0.2126 -0.5132
vn 0.8315 -0.3928 -0.3928
vn 0.7072 -0.6532 -0.2705
vn 0.3828 -0.9238 -0.0000
vn 0.1951 -0.9061 -0.3753
vn -0.1951 -0.0000 -0.9808
vn 0.7072 -0.7070 -0.0000
vn 0.3828 -0.8535 0.3535
vn 0.1951 -0.9808 -0.0000
vn 0.1951 -0.9061 0.3753
vn 0.1952 -0.6935 0.6935
vn 0.3828 -0.6532 0.6533
vn 0.3828 -0.3535 0.8535
vn 0.5557 -0.3182 0.7681
vn 0.5557 -0.0000 0.8314
vn 0.7072 -0.2705 0.6532
vn 0.7072 -0.0000 0.7070
vn 0.8316 -0.0000 0.5554
vn 0.7072 0.2706 0.6532
vn 0.1951 -0.3753 0.9061
vn 0.3828 -0.0000 0.9238
vn 0.1951 -0.0000 0.9808
vn 0.1951 0.3753 0.9061
vn 0.3828 0.3535 0.8535
vn 0.5557 0.3182 0.7681
vn 0.7072 0.4999 0.4999
vn 0.8315 0.3928 0.3928
vn 0.7072 0.6532 0.2705
vn 0.8316 0.5131 0.2125
vn 0.8316 0.5554 -0.0000
vn 0.7072 0.7070 -0.0000
vn 0.5557 0.8314 -0.0000
vn 0.5557 0.7681 0.3182
vn 0.5557 0.5879 0.5879
vn 0.3828 0.6532 0.6532
vn 0.1952 0.6935 0.6935
vn -0.1951 -0.0000 0.9808
vn 0.3828 0.8535 0.3535
vn 0.1951 0.9061 0.3753
vn 0.3828 0.9238 -0.0000
vn 0.3828 0.8535 -0.3535
vn 0.1951 0.9061 -0.3753
vn 0.1952 0.6935 -0.6935
vn 0.1951 0.9808 -0.0000
vn -0.3828 0.6533 0.6532
vn 0.1951 0.3753 -0.9061
vn -0.7072 0.4999 0.4999
vn -0.7072 0.2706 0.6532
vn -0.7072 -0.0000 0.7070
vn -0.7072 0.7070 -0.0000
vn -0.7072 0.6532 0.2706
vn -0.3828 0.6533 -0.6532
vn -0.7072 0.6532 -0.2706
vn -0.8711 0.3473 0.3472
vn -0.7072 0.4999 -0.4999
vn -0.7072 -0.0000 -0.7070
vn -0.7072 0.2706 -0.6532
vn -0.7072 -0.2705 0.6532
vn -0.8711 0.3472 -0.3473
vn -0.7072 -0.2706 -0.6532
vn -0.3828 -0.6533 -0.6532
vn -0.7072 -0.6532 0.2705
vn -0.7072 -0.7070 -0.0000
vn -0.7072 -0.4999 -0.4999
vn -0.7072 -0.6532 -0.2706
vn -0.8711 -0.3473 -0.3472
vn -0.1951 -0.9808 -0.0000
vn 0.9808 0.1379 0.1379
vn 0.9239 0.2705 0.2705
vn 0.9808 0.0746 0.1802
vn 0.9239 0.1464 0.3535
vn 0.9239 -0.0000 0.3826
vn 0.9239 -0.1464 0.3535
vn 0.8316 -0.2126 0.5132
vn 0.8316 0.2126 0.5132
vn 0.5557 -0.7681 0.3182
vn 0.5557 -0.5879 0.5879
vn 0.7072 -0.4999 0.4999
vn 0.8315 -0.3928 0.3928
vn 0.9239 -0.2705 0.2705
vn 0.9808 -0.0746 0.1802
vn 0.9808 -0.0000 0.1950
vn 0.9808 0.1802 0.0746
vn 0.9239 0.3535 0.1464
vn 0.9808 0.1950 -0.0000
vn 0.9808 -0.1379 0.1379
vn 0.9239 -0.3535 0.1464
vn 0.9808 -0.1802 0.0746
vn 0.9239 0.3826 -0.0000
vn 0.9808 0.1802 -0.0746
vn 0.9808 0.1379 -0.1379
vn 0.9808 -0.1379 -0.1379
vn 0.9808 -0.0746 -0.1802
vn 0.9239 0.3535 -0.1464
vn 0.8316 0.5131 -0.2125
vn 0.9239 -0.3826 -0.0000
vn 0.9808 -0.1950 -0.0000
vn 0.9808 -0.1802 -0.0746
vn 0.9239 -0.2705 -0.2705
vn 0.8316 -0.5131 -0.2125
vn 0.8316 -0.5554 -0.0000
vn 0.7072 -0.6532 0.2705
vn 0.8316 -0.5131 0.2125
vn 0.9239 -0.3534 -0.1464
vn -0.0000 0.8660 -0.5000
vn -0.0000 -0.8660 0.5000
vn -0.0000 -0.7880 0.6157
vn -0.0000 -0.1392 -0.9903
vn -0.0000 0.7880 -0.6157
vn -0.0000 0.1392 0.9903
vn -0.0000 -0.1305 0.9914
vn -0.0000 -0.7934 -0.6088
vn -0.0000 0.1305 -0.9914
vn -0.0000 -0.2588 -0.9659
vn -0.0000 0.2588 -0.9659
vn -0.0000 -0.9659 -0.2588
vn -0.0000 -0.9659 0.2588
vn -0.0000 -0.2588 0.9659
vn -0.0000 0.2588 0.9659
vn -0.0000 0.9659 0.2588
vn -0.0000 0.9659 -0.2588
vn -0.0000 -0.5000 0.8660
vn -0.0000 0.5000 -0.8660
vn -0.1028 -0.9894 -0.1028
vn 0.9792 0.0432 -0.1985
vn 0.9792 -0.0145 -0.2026
vn -0.8187 0.0760 -0.5692
vn -0.8176 0.1130 -0.5647
vn -0.8177 0.1131 -0.5644
vn -0.8186 0.0761 -0.5693
vn -0.8185 0.0387 -0.5732
vn -0.8191 -0.0000 -0.5736
vn -0.8185 -0.0387 -0.5732
vn -0.8186 -0.0761 -0.5693
vn -0.8186 -0.0759 -0.5693
vn -0.8175 -0.1130 -0.5647
vn -0.8176 -0.1130 -0.5646
vn 0.9792 -0.0710 -0.1903
vn 0.5369 -0.6337 0.5569
vn 0.5374 -0.6336 0.5566
vn 0.5374 -0.6336 0.5565
vn -0.1036 -0.9946 -0.0011
vn -0.1036 -0.9946 -0.0012
vn -0.1035 -0.9946 -0.0011
vn 0.5367 0.6340 0.5567
vn 0.5373 0.6339 0.5564
vn 0.5373 0.6338 0.5563
vn -0.0000 -0.7558 0.6548
vn 0.7762 -0.6304 -0.0000
vn -0.0000 0.7558 0.6548
vn 0.7558 -0.0000 0.6548
vn 0.0396 -0.1821 0.9825
vn -0.0651 -0.1746 0.9825
vn 1.0000 -0.0002 -0.0001
vn 1.0000 0.0001 0.0002
vn -0.7558 -0.0000 0.6548
vn -0.1317 0.1317 0.9825
vn -0.1317 0.1318 0.9825
vn 0.0396 0.1821 0.9825
vn -0.7073 -0.0000 -0.7069
vn -0.7071 -0.0000 -0.7071
vn 0.7457 -0.6663 -0.0014
vn 0.7457 -0.6662 -0.0014
vn 0.5761 -0.6187 0.5341
vn 0.6187 0.5761 0.5341
vn 0.0893 0.1635 0.9825
vn 1.0000 0.0001 -0.0002
vn 1.0000 -0.0002 0.0001
vn -0.1492 -0.1117 0.9825
vn -0.1492 -0.1116 0.9825
vn -0.1607 -0.9831 -0.0878
vn 0.5761 0.6188 -0.5341
vn 0.5761 0.6188 -0.5340
vn -0.9947 -0.1028 -0.0008
vn -0.9947 -0.1027 -0.0008
vn 0.0759 0.5693 0.8186
vn 0.1130 0.5646 0.8176
vn 0.1130 0.5647 0.8175
vn 0.0760 0.5693 0.8186
vn 0.0387 0.5732 0.8185
vn -0.0000 0.5738 0.8190
vn -0.0000 0.5736 0.8191
vn -0.0387 0.5732 0.8185
vn -0.0760 0.5693 0.8186
vn -0.0759 0.5693 0.8186
vn -0.1130 0.5647 0.8175
vn -0.1131 0.5646 0.8176
vn 0.9792 -0.1626 -0.1217
vn 1.0000 0.0002 0.0001
vn 1.0000 -0.0001 -0.0002
vn -0.0759 -0.8186 -0.5694
vn -0.1130 -0.8175 -0.5647
vn -0.1130 -0.8174 -0.5648
vn -0.0760 -0.8186 -0.5694
vn -0.0385 -0.8184 -0.5733
vn -0.0000 -0.8191 -0.5736
vn -0.0000 -0.8191 -0.5737
vn 0.0385 -0.8184 -0.5733
vn 0.0759 -0.8186 -0.5694
vn 0.1130 -0.8174 -0.5648
vn 0.1130 -0.8175 -0.5648
vn 0.9792 0.0145 0.2026
vn -0.6337 -0.5373 -0.5565
vn -0.9947 0.0008 0.1027
vn 1.0000 -0.0002 0.0002
vn 1.0000 0.0002 -0.0001
vn -0.0000 0.7558 -0.6548
vn 0.0640 -0.9831 -0.1716
vn -0.1097 -0.9831 -0.1466
vn 0.1827 -0.9831 -0.0131
vn 0.0341 0.1566 -0.9871
vn -0.0341 0.1566 -0.9871
vn -0.0768 0.1407 -0.9871
vn -0.0000 -0.7558 -0.6548
vn 0.1789 -0.9831 0.0389
vn 0.1607 -0.9831 0.0878
vn 0.9792 -0.0973 0.1783
vn 0.9791 -0.0974 0.1783
vn -0.1028 -0.1028 -0.9894
vn -0.0768 -0.1407 -0.9871
vn 0.0341 -0.1566 -0.9871
vn 0.6187 0.5761 -0.5341
vn 0.9792 -0.1436 0.1436
vn 0.9792 -0.1783 0.0973
vn 0.9791 -0.1783 0.0974
vn -0.0002 -0.0000 -1.0000
vn 0.9792 -0.1985 0.0432
vn -0.5772 -0.5778 -0.5770
vn 0.5648 0.1130 0.8174
vn 0.5647 0.1131 0.8175
vn 0.5694 0.0759 0.8186
vn 0.5733 0.0385 0.8185
vn 0.5736 -0.0000 0.8191
vn 0.5737 -0.0000 0.8191
vn 0.5733 -0.0385 0.8184
vn 0.5694 -0.0759 0.8186
vn 0.5648 -0.1130 0.8174
vn 0.5647 -0.1130 0.8175
vn 0.8176 0.1130 0.5646
vn 0.8175 0.1130 0.5647
vn 0.8186 0.0759 0.5693
vn 0.8186 0.0760 0.5693
vn 0.8185 0.0387 0.5732
vn 0.8190 -0.0000 0.5738
vn 0.8191 -0.0000 0.5736
vn 0.8185 -0.0387 0.5732
vn 0.8186 -0.0761 0.5693
vn 0.8186 -0.0759 0.5693
vn 0.8175 -0.1130 0.5647
vn 0.8176 -0.1130 0.5646
vn -0.5694 -0.0759 -0.8186
vn -0.5648 -0.1130 -0.8174
vn -0.5694 -0.0760 -0.8186
vn -0.5733 -0.0385 -0.8185
vn -0.5739 -0.0000 -0.8189
vn -0.5737 -0.0000 -0.8191
vn -0.5733 0.0385 -0.8184
vn -0.5648 0.1130 -0.8174
vn -0.5648 0.1131 -0.8175
vn 0.0759 -0.8186 0.5694
vn 0.1131 -0.8175 0.5647
vn 0.1130 -0.8174 0.5648
vn 0.0758 -0.8186 0.5694
vn 0.0385 -0.8185 0.5733
vn -0.0000 -0.8190 0.5737
vn -0.0000 -0.8191 0.5737
vn -0.0385 -0.8185 0.5733
vn -0.0759 -0.8186 0.5694
vn -0.1132 -0.8176 0.5645
vn -0.1131 -0.8175 0.5647
vn 0.5340 -0.5761 -0.6188
vn -0.1253 0.9910 0.0467
vn -0.1306 0.9910 -0.0284
vn -0.1789 -0.9831 -0.0389
vn 0.1070 0.9910 0.0801
vn -0.7558 -0.0000 0.6549
vn 0.2493 -0.0000 -0.9684
vn -0.2493 -0.0000 -0.9684
vn -0.7558 -0.0000 -0.6549
vn 0.6549 -0.0000 -0.7558
vn -0.7458 0.6662 0.0014
vn -0.1466 -0.9831 0.1097
vn -0.0034 0.6557 -0.7551
vn 0.7550 0.6557 0.0037
vn 0.5373 0.6338 -0.5563
vn 0.5373 0.6339 -0.5564
vn -0.1173 0.9910 -0.0641
vn -0.0945 0.9910 -0.0945
vn -0.0946 0.9910 -0.0945
vn -0.5406 -0.0000 -0.8412
vn 0.5406 -0.0000 -0.8412
vn 0.8412 -0.0000 -0.5406
vn -0.6549 -0.0000 0.7558
vn 0.7116 -0.7026 -0.0001
vn 0.1028 -0.1028 0.9894
vn 0.0001 1.0000 -0.0000
vn 0.7617 -0.4584 -0.4580
vn -1.0000 0.0001 -0.0060
vn 0.0002 0.9659 0.2588
vn 0.0005 1.0000 -0.0000
vn 0.0002 1.0000 -0.0000
vn 0.0002 0.8660 0.5000
vn 0.0002 0.7071 0.7071
vn 0.0007 0.7071 0.7071
vn 0.0007 0.5000 0.8660
vn 0.0002 0.5000 0.8660
vn 0.0002 0.2588 0.9659
vn 0.0005 -0.0000 1.0000
vn 0.0002 -0.0000 1.0000
vn -0.4578 -0.4583 0.7618
vn 0.0002 -0.2588 0.9659
vn 0.0002 -0.5000 0.8660
vn 0.0002 -0.7071 0.7071
vn 0.0002 -0.8660 0.5000
vn 0.0005 -0.9659 0.2589
vn 0.0002 -0.9659 0.2589
vn 1.0000 -0.0003 0.0002
vn 1.0000 -0.0001 -0.0000
vn 1.0000 0.0002 -0.0002
vn 1.0000 -0.0001 0.0001
vn -0.9999 0.0123 0.0051
vn 0.0005 -1.0000 -0.0000
vn 0.0004 -0.9659 0.2588
vn 0.0006 -0.9659 0.2588
vn -0.0001 -0.8660 0.5000
vn 0.0004 -0.7071 0.7071
vn -0.0001 -0.5000 0.8660
vn 0.0003 -0.5000 0.8660
vn 0.0004 -0.2588 0.9659
vn 0.0003 0.7071 -0.7071
vn -0.0001 0.7071 -0.7071
vn -0.0001 0.5000 -0.8660
vn 0.0004 0.5000 -0.8660
vn 0.0004 0.2588 -0.9659
vn 0.0003 0.2588 -0.9659
vn 0.0005 -0.0000 -1.0000
vn 0.0002 -0.2588 -0.9659
vn 0.0004 -0.2588 -0.9659
vn -0.0001 -0.5000 -0.8660
vn -0.0001 -0.7071 -0.7071
vn 0.0004 -0.7071 -0.7071
vn -0.0001 -0.8660 -0.5000
vn 0.0003 -0.9659 -0.2588
vn 0.0004 -0.9659 -0.2588
vn 0.0004 0.2588 0.9659
vn -0.0001 0.5000 0.8660
vn 0.0003 0.7071 0.7071
vn -0.0001 0.7071 0.7071
vn -0.0001 0.8660 0.5000
vn 0.0004 0.9659 0.2588
vn 0.0003 0.9659 0.2588
vn 0.0002 0.9659 -0.2588
vn 0.0006 0.9659 -0.2588
vn -0.0001 0.8660 -0.5000
vn 0.0005 -0.2588 0.9659
vn 0.0005 -0.5000 0.8660
vn 0.0005 0.7071 0.7071
vn 0.0005 0.8660 0.5000
vn 0.0005 0.5000 0.8660
vn 0.0005 0.2588 0.9659
vn 0.0004 -0.0000 1.0000
vn 0.0005 -0.2588 -0.9659
vn 0.0005 0.2588 -0.9659
vn 0.0005 0.5000 -0.8660
vn 0.0005 0.7071 -0.7071
vn 0.0005 0.8660 -0.5000
vn 0.0005 0.9659 -0.2588
vn 0.0005 0.9659 0.2588
vn 0.0005 -0.7071 0.7071
vn 0.0005 -0.8660 0.5000
vn 0.0005 -0.9659 0.2588
vn 0.0005 -0.9659 -0.2588
vn 0.0005 -0.8660 -0.5000
vn 0.0005 -0.7071 -0.7071
vn 0.0005 -0.5000 -0.8660
vn -0.9999 0.0123 0.0052
vn -0.9999 0.0123 0.0049
vn -0.4582 0.7617 -0.4582
vn -0.9999 0.0123 0.0050
vn -0.8724 0.3331 0.3576
vn 0.0801 0.9910 -0.1070
vn 0.8176 -0.5646 0.1131
vn 0.8175 -0.5647 0.1130
vn 0.8186 -0.5693 0.0759
vn 0.8185 -0.5732 0.0387
vn 0.8191 -0.5736 -0.0000
vn 0.8185 -0.5732 -0.0387
vn 0.8186 -0.5693 -0.0759
vn 0.8175 -0.5647 -0.1130
vn 0.8176 -0.5645 -0.1131
vn -0.5694 0.8186 -0.0759
vn -0.5646 0.8176 -0.1132
vn -0.5648 0.8174 -0.1130
vn -0.5694 0.8186 -0.0760
vn -0.5733 0.8184 -0.0385
vn -0.5737 0.8191 -0.0000
vn -0.5733 0.8185 0.0385
vn -0.5694 0.8186 0.0760
vn -0.5648 0.8174 0.1130
vn -0.5647 0.8175 0.1131
vn 0.8135 -0.4988 -0.2990
vn 0.8135 -0.4987 -0.2993
vn 0.8137 -0.4612 -0.3539
vn 0.8137 -0.4611 -0.3541
vn 0.8138 -0.4110 -0.4110
vn 0.8140 -0.4107 -0.4108
vn 0.8137 -0.3541 -0.4611
vn 0.8137 -0.3539 -0.4612
vn 0.8132 -0.2743 -0.5132
vn 0.8132 -0.2744 -0.5132
vn -0.0000 1.0000 -0.0001
vn 0.0096 0.9910 -0.1333
vn 0.0001 1.0000 -0.0001
vn -0.0001 1.0000 -0.0000
vn 0.0001 1.0000 0.0001
vn 0.7617 0.4582 -0.4582
vn -0.0000 -0.5406 0.8412
vn -0.0000 0.6549 0.7557
vn -0.0000 0.6549 -0.7557
vn -0.0000 -0.6549 -0.7557
vn 0.1951 -0.0000 -0.9808
vn -0.7070 -0.6533 -0.2706
vn -0.7071 -0.5000 -0.5000
vn -0.7071 -0.7071 -0.0000
vn -0.7076 -0.6529 0.2704
vn -0.7074 -0.6530 0.2705
vn -0.7071 -0.5000 0.5000
vn -0.7070 -0.2706 0.6534
vn -0.7075 -0.2705 0.6529
vn -0.7070 0.2706 0.6534
vn -0.7071 0.5000 0.5000
vn -0.7070 0.6533 0.2706
vn -0.7071 0.7071 -0.0000
vn -0.7074 0.6530 -0.2705
vn -0.7071 0.5000 -0.5000
vn -0.7070 0.2706 -0.6534
vn -0.7074 0.2705 -0.6530
vn -0.7070 -0.2706 -0.6534
vn -0.8175 -0.5647 0.1130
vn -0.8177 -0.5645 0.1131
vn -0.8186 -0.5693 0.0759
vn -0.8185 -0.5732 0.0387
vn -0.8190 -0.5738 -0.0000
vn -0.8191 -0.5736 -0.0000
vn -0.8185 -0.5732 -0.0387
vn -0.8186 -0.5693 -0.0759
vn -0.8175 -0.5647 -0.1130
vn -0.8177 -0.5645 -0.1131
vn -0.4583 0.4578 0.7618
vn 0.5648 0.8174 -0.1130
vn 0.5646 0.8176 -0.1132
vn 0.5694 0.8186 -0.0759
vn 0.5694 0.8186 -0.0760
vn 0.5733 0.8184 -0.0385
vn 0.5737 0.8191 -0.0000
vn 0.5733 0.8184 0.0385
vn 0.5694 0.8186 0.0759
vn 0.5648 0.8174 0.1130
vn 0.5646 0.8176 0.1132
vn -0.4584 -0.7617 -0.4580
vn 0.0001 -0.0000 -1.0000
vn -0.0002 0.0002 -1.0000
vn -0.0000 0.6534 -0.7570
vn -0.7113 -0.7028 0.0001
vn -0.7114 -0.7028 0.0001
vn -0.0000 -0.9839 0.1789
vn -0.5778 0.5772 -0.5770
vn 0.1071 0.9910 -0.0801
vn -0.0000 1.0000 0.0001
vn -0.7617 0.4582 -0.4582
vn 0.0001 1.0000 0.0003
vn 0.4584 -0.7617 -0.4580
vn 0.2990 0.8135 0.4988
vn 0.3539 0.8137 0.4612
vn 0.3542 0.8136 0.4610
vn 0.4110 0.8137 0.4110
vn 0.4109 0.8139 0.4109
vn 0.4610 0.8136 0.3542
vn 0.4612 0.8137 0.3539
vn 0.5132 0.8132 0.2743
vn 0.5132 0.8132 0.2744
vn -0.9894 0.1028 -0.1028
vn 0.5778 0.5772 -0.5770
vn -0.0000 -0.9467 0.3222
vn -0.0000 0.7934 0.6087
vn -0.0000 0.9467 0.3222
vn 0.5778 0.5772 0.5770
vn 0.9894 0.1028 -0.1028
vn 0.4339 -0.0000 0.9010
vn 0.0009 -0.0000 1.0000
vn 0.7818 -0.0000 0.6235
vn 0.9749 -0.0000 0.2225
vn 0.9749 -0.0000 -0.2225
vn 0.7818 -0.0000 -0.6235
vn 0.4339 -0.0000 -0.9010
vn 0.0009 -0.0000 -1.0000
vn -0.4354 -0.0000 -0.9002
vn -0.7834 -0.0000 -0.6215
vn -0.9749 -0.0000 -0.2225
vn -0.2208 -0.0000 -0.9753
vn -0.2208 -0.0000 0.9753
vn -0.9749 -0.0000 0.2225
vn -0.7834 -0.0000 0.6215
vn -0.4354 -0.0000 0.9003
vn 0.4583 0.4578 0.7618
vn -0.7617 0.4582 0.4582
vn 0.4583 0.4578 -0.7618
vn 1.0000 -0.0002 -0.0000
vn 1.0000 -0.0001 0.0002
vn 1.0000 -0.0003 -0.0002
vn 1.0000 0.0002 0.0002
vn 1.0000 -0.0003 0.0001
vn 0.4584 -0.7617 0.4580
vn 1.0000 -0.0002 -0.0002
vn 0.0002 -0.9659 0.2588
vn 0.0002 -1.0000 -0.0000
vn 0.0002 -0.9659 -0.2588
vn 0.0002 -0.8660 -0.5000
vn 0.0002 -0.7071 -0.7071
vn 0.0007 -0.7071 -0.7071
vn 0.0007 -0.5000 -0.8660
vn 0.0002 -0.5000 -0.8660
vn 0.0002 0.2588 -0.9659
vn 0.0002 0.5000 -0.8660
vn 0.0002 0.7071 -0.7071
vn 0.0002 0.8660 -0.5000
vn -0.5132 0.8132 0.2743
vn -0.5132 0.8132 0.2744
vn -0.4612 0.8137 0.3539
vn -0.4610 0.8136 0.3542
vn -0.4110 0.8137 0.4110
vn -0.4109 0.8139 0.4109
vn -0.3542 0.8136 0.4610
vn -0.3539 0.8137 0.4612
vn -0.2990 0.8135 0.4988
vn -0.9020 -0.4253 -0.0736
vn 0.1253 0.9910 0.0467
vn -0.9019 0.0736 0.4255
vn 0.0467 0.9910 -0.1253
vn 0.7617 0.4582 0.4582
vn -0.4583 0.4578 -0.7618
vn -0.0284 0.9910 -0.1306
vn -0.0284 0.9910 -0.1307
vn -0.0641 0.9910 -0.1173
vn -0.0641 0.9910 -0.1174
vn -0.4584 -0.7617 0.4580
vn -0.1097 -0.9831 0.1466
vn -0.8132 -0.2743 -0.5132
vn -0.8132 -0.2744 -0.5132
vn -0.8137 -0.3539 -0.4612
vn -0.8137 -0.3541 -0.4611
vn -0.8138 -0.4110 -0.4110
vn -0.8140 -0.4107 -0.4108
vn -0.8137 -0.4611 -0.3541
vn -0.8137 -0.4612 -0.3539
vn -0.8135 -0.4987 -0.2993
vn -0.8135 -0.4988 -0.2990
vn -0.8135 0.2993 0.4987
vn -0.8135 0.2990 0.4988
vn -0.8137 0.3539 0.4612
vn -0.8137 0.4110 0.4110
vn -0.8139 0.4109 0.4109
vn -0.8136 0.4610 0.3542
vn -0.8137 0.4612 0.3539
vn -0.8135 0.4987 0.2993
vn -0.8135 0.4988 0.2990
vn -0.5778 0.5772 0.5770
vn -0.0389 -0.9831 0.1789
vn -0.0641 0.9910 0.1173
vn -0.0641 0.9910 0.1174
vn 0.2990 -0.4988 0.8135
vn 0.2993 -0.4987 0.8135
vn 0.3539 -0.4612 0.8137
vn 0.3542 -0.4610 0.8136
vn 0.4110 -0.4110 0.8137
vn 0.4109 -0.4109 0.8139
vn 0.4610 -0.3542 0.8136
vn 0.4612 -0.3539 0.8137
vn 0.4987 -0.2993 0.8135
vn 0.4988 -0.2990 0.8135
vn -0.1028 0.1028 0.9894
vn 0.0001 -1.0000 -0.0003
vn 0.1028 0.1028 0.9894
vn 0.0467 0.9910 0.1253
vn 0.1253 0.9910 -0.0467
vn 0.5646 -0.1131 -0.8175
vn 0.5648 -0.1130 -0.8174
vn 0.5733 -0.0385 -0.8185
vn 0.5737 -0.0000 -0.8191
vn 0.5733 0.0385 -0.8184
vn 0.5648 0.1130 -0.8174
vn 0.5647 0.1130 -0.8175
vn -0.8175 0.1130 0.5647
vn -0.8176 0.1131 0.5646
vn -0.8187 0.0760 0.5692
vn -0.8186 0.0761 0.5693
vn -0.8185 0.0387 0.5732
vn -0.8191 -0.0000 0.5737
vn -0.8191 -0.0000 0.5736
vn -0.8185 -0.0387 0.5732
vn -0.8186 -0.0761 0.5693
vn -0.8187 -0.0760 0.5692
vn -0.8175 -0.1130 0.5647
vn -0.8176 -0.1130 0.5646
vn 0.1130 0.8175 0.5647
vn 0.1131 0.8176 0.5645
vn 0.0761 0.8186 0.5693
vn 0.0387 0.8185 0.5732
vn -0.0000 0.8191 0.5737
vn -0.0387 0.8185 0.5732
vn -0.0761 0.8186 0.5693
vn -0.1132 0.8178 0.5643
vn -0.1131 0.8176 0.5645
vn -1.0000 -0.0000 -0.0061
vn -0.9894 0.1028 0.1028
vn -0.0000 -0.0002 -1.0000
vn -0.1566 0.0341 -0.9871
vn -0.0000 -1.0000 -0.0001
vn -0.0000 -0.0002 1.0000
vn 0.1130 0.5647 -0.8175
vn 0.1131 0.5646 -0.8176
vn 0.0759 0.5693 -0.8186
vn 0.0760 0.5693 -0.8186
vn 0.0387 0.5732 -0.8185
vn -0.0387 0.5732 -0.8185
vn -0.0760 0.5693 -0.8186
vn -0.0759 0.5693 -0.8186
vn -0.1130 0.5647 -0.8175
vn -0.1131 0.5645 -0.8177
vn -0.0341 -0.1566 -0.9871
vn -0.0000 0.9825 -0.1861
vn 0.2275 0.9738 -0.0000
vn -0.0000 0.9825 0.1861
vn -0.0000 0.0001 1.0000
vn -0.2275 0.9738 -0.0000
vn -0.0000 -1.0000 0.0003
vn -0.0000 -0.2000 -0.9798
vn 0.1318 0.1317 0.9825
vn 0.1317 0.1317 0.9825
vn 0.0002 -0.0001 1.0000
vn 0.0001 -0.0000 1.0000
vn -0.0002 -0.0002 1.0000
vn -0.0000 0.2081 -0.9781
vn -0.0396 0.1821 0.9825
vn -0.0893 0.1635 0.9825
vn 0.0640 -0.9831 0.1716
vn -0.2275 -0.9738 -0.0000
vn -0.0000 -0.1681 0.9858
vn 0.2275 -0.9738 -0.0000
vn -0.0000 0.6600 0.7513
vn -0.0000 0.8661 0.4999
vn -0.0000 -0.0646 -0.9979
vn 0.0008 -0.0000 1.0000
vn 0.4339 -0.0000 0.9009
vn -0.7073 -0.4999 0.4999
vn -0.8711 -0.3472 0.3473
vn -0.7072 -0.2706 0.6531
vn -0.0000 -0.9239 -0.3826
vn -0.8291 -0.2796 0.4842
vn -0.8290 -0.2796 0.4843
vn -0.8290 -0.2797 0.4843
vn -0.0000 -0.0558 0.9984
vn 0.8290 0.2796 -0.4843
vn -0.8290 -0.2795 0.4843
vn -0.8290 -0.2796 0.4842
vn -0.8291 -0.2795 0.4842
vn 0.8291 0.2796 -0.4843
vn 0.8291 0.2797 -0.4842
vn 0.8291 0.2796 -0.4842
vn 0.8290 0.2795 -0.4843
vn 0.8290 0.2795 -0.4844
vn -0.8290 -0.4843 0.2796
vn -0.8290 -0.4843 0.2797
vn -0.0000 -0.6600 -0.7513
vn -0.0000 -0.8661 -0.4999
vn -0.0000 0.0646 0.9979
vn 0.8290 0.4843 -0.2796
vn -0.8291 -0.4842 0.2796
vn -0.8291 -0.4842 0.2795
vn -0.8290 -0.4842 0.2796
vn -0.8290 -0.4843 0.2795
vn 0.8291 0.4843 -0.2795
vn 0.8290 0.4842 -0.2797
vn 0.8290 0.4842 -0.2798
vn -0.8249 -0.5653 -0.0000
vn -0.8250 -0.5652 -0.0000
vn -0.8249 -0.5652 -0.0000
vn -0.0000 0.9239 0.3826
vn 0.8315 0.5555 -0.0000
vn -0.0000 0.0558 -0.9984
vn -0.0000 -0.6534 0.7570
vn -0.8249 -0.0000 -0.5652
vn -0.8249 -0.2163 -0.5222
vn -0.8249 0.2163 -0.5222
vn -0.8250 0.3997 -0.3997
vn -0.8250 0.5222 -0.2163
vn -0.8249 0.5652 -0.0000
vn -0.8249 0.5222 0.2163
vn -0.8250 0.3997 0.3997
vn -0.8249 0.2163 0.5222
vn -0.8249 -0.0000 0.5652
vn -0.8249 -0.2163 0.5222
vn -0.8250 -0.3997 0.3997
vn -0.8250 -0.5222 0.2163
vn -0.8249 -0.5222 -0.2163
vn -0.8250 -0.3997 -0.3997
vn -0.0000 0.9467 -0.3222
vn -0.0000 -0.7933 -0.6088
vn -0.0000 -0.9467 -0.3222
vt 0.764331 -0.446042
vt 0.764335 -0.444336
vt 0.762860 -0.444332
vt 0.751752 -0.776520
vt 0.753083 -0.775190
vt 0.751298 -0.776126
vt 0.750624 -0.778026
vt 0.750119 -0.777701
vt 0.749723 -0.779678
vt 0.749176 -0.779428
vt 0.748488 -0.781271
vt 0.749065 -0.781441
vt 0.748665 -0.783279
vt 0.748070 -0.783194
vt 0.747930 -0.785156
vt 0.748531 -0.785156
vt 0.748665 -0.787033
vt 0.748070 -0.787119
vt 0.748488 -0.789041
vt 0.749065 -0.788872
vt 0.749723 -0.790635
vt 0.749176 -0.790884
vt 0.750624 -0.792286
vt 0.750119 -0.792611
vt 0.751752 -0.793792
vt 0.751298 -0.794186
vt 0.753083 -0.795123
vt 0.752689 -0.795577
vt 0.754589 -0.796251
vt 0.754264 -0.796756
vt 0.756240 -0.797152
vt 0.755991 -0.797699
vt 0.758003 -0.797810
vt 0.757834 -0.798387
vt 0.759842 -0.798210
vt 0.759756 -0.798805
vt 0.761719 -0.798945
vt 0.761719 -0.798344
vt 0.763596 -0.798210
vt 0.763681 -0.798805
vt 0.765604 -0.798387
vt 0.765434 -0.797810
vt 0.767197 -0.797152
vt 0.767447 -0.797699
vt 0.768849 -0.796251
vt 0.769174 -0.796756
vt 0.770355 -0.795123
vt 0.770749 -0.795577
vt 0.771685 -0.793792
vt 0.772140 -0.794186
vt 0.773319 -0.792611
vt 0.772813 -0.792286
vt 0.773715 -0.790635
vt 0.774262 -0.790884
vt 0.774372 -0.788872
vt 0.774949 -0.789041
vt 0.775367 -0.787119
vt 0.774772 -0.787033
vt 0.775508 -0.785156
vt 0.774907 -0.785156
vt 0.774772 -0.783279
vt 0.775367 -0.783194
vt 0.774372 -0.781441
vt 0.774949 -0.781271
vt 0.774262 -0.779428
vt 0.773715 -0.779678
vt 0.773319 -0.777701
vt 0.772813 -0.778026
vt 0.772140 -0.776126
vt 0.771685 -0.776520
vt 0.770749 -0.774735
vt 0.770355 -0.775190
vt 0.769174 -0.773556
vt 0.768849 -0.774062
vt 0.767447 -0.772613
vt 0.767197 -0.773160
vt 0.765604 -0.771926
vt 0.765434 -0.772503
vt 0.763681 -0.771508
vt 0.763596 -0.772103
vt 0.761719 -0.771367
vt 0.761719 -0.771968
vt 0.759842 -0.772103
vt 0.759756 -0.771508
vt 0.758003 -0.772503
vt 0.757834 -0.771926
vt 0.756240 -0.773160
vt 0.755991 -0.772613
vt 0.754264 -0.773556
vt 0.754589 -0.774062
vt 0.752689 -0.774735
vt 0.837116 -0.751420
vt 0.886919 -0.728448
vt 0.831269 -0.740711
vt 0.893912 -0.747199
vt 0.841380 -0.762852
vt 0.898166 -0.766755
vt 0.843973 -0.774774
vt 0.899594 -0.786717
vt 0.844844 -0.786945
vt 0.898166 -0.806679
vt 0.843973 -0.799115
vt 0.893912 -0.826234
vt 0.841380 -0.811037
vt 0.886919 -0.844985
vt 0.837116 -0.822469
vt 0.877328 -0.862550
vt 0.831269 -0.833178
vt 0.865334 -0.878571
vt 0.739367 -0.647879
vt 0.719811 -0.652133
vt 0.747158 -0.702300
vt 0.759329 -0.701429
vt 0.759329 -0.646451
vt 0.779290 -0.647879
vt 0.771499 -0.702300
vt 0.798846 -0.652133
vt 0.783421 -0.704893
vt 0.817597 -0.659127
vt 0.794853 -0.709157
vt 0.835162 -0.668718
vt 0.805562 -0.715005
vt 0.851183 -0.680711
vt 0.815329 -0.722316
vt 0.865334 -0.694862
vt 0.823957 -0.730944
vt 0.877328 -0.710883
vt 0.760026 -0.757734
vt 0.760139 -0.757734
vt 0.760139 -0.757759
vt 0.760026 -0.757759
vt 0.759914 -0.757734
vt 0.759914 -0.757759
vt 0.759801 -0.757734
vt 0.759801 -0.757759
vt 0.759688 -0.757734
vt 0.759688 -0.757759
vt 0.759575 -0.757734
vt 0.759575 -0.757759
vt 0.759462 -0.757734
vt 0.759462 -0.757759
vt 0.759349 -0.757734
vt 0.759349 -0.757759
vt 0.759236 -0.757734
vt 0.759236 -0.757759
vt 0.761043 -0.757734
vt 0.761156 -0.757734
vt 0.761156 -0.757759
vt 0.761043 -0.757759
vt 0.760930 -0.757734
vt 0.760930 -0.757759
vt 0.760817 -0.757734
vt 0.760817 -0.757759
vt 0.760704 -0.757734
vt 0.760704 -0.757759
vt 0.760591 -0.757734
vt 0.760591 -0.757759
vt 0.760478 -0.757734
vt 0.760478 -0.757759
vt 0.760365 -0.757734
vt 0.760365 -0.757759
vt 0.760252 -0.757734
vt 0.760252 -0.757759
vt 0.762060 -0.757734
vt 0.762172 -0.757734
vt 0.762172 -0.757759
vt 0.762060 -0.757759
vt 0.761947 -0.757734
vt 0.761947 -0.757759
vt 0.761834 -0.757734
vt 0.761834 -0.757759
vt 0.761721 -0.757734
vt 0.761721 -0.757759
vt 0.761608 -0.757734
vt 0.761608 -0.757759
vt 0.761495 -0.757734
vt 0.761495 -0.757759
vt 0.761382 -0.757734
vt 0.761382 -0.757759
vt 0.761269 -0.757734
vt 0.761269 -0.757759
vt 0.763076 -0.757734
vt 0.763189 -0.757734
vt 0.763189 -0.757759
vt 0.763076 -0.757759
vt 0.762963 -0.757734
vt 0.762963 -0.757759
vt 0.762850 -0.757734
vt 0.762850 -0.757759
vt 0.762737 -0.757734
vt 0.762737 -0.757759
vt 0.762624 -0.757734
vt 0.762624 -0.757759
vt 0.762511 -0.757734
vt 0.762511 -0.757759
vt 0.762398 -0.757734
vt 0.762398 -0.757759
vt 0.762285 -0.757734
vt 0.762285 -0.757759
vt 0.764093 -0.757734
vt 0.764206 -0.757734
vt 0.764206 -0.757759
vt 0.764093 -0.757759
vt 0.763980 -0.757734
vt 0.763980 -0.757759
vt 0.763867 -0.757734
vt 0.763867 -0.757759
vt 0.763754 -0.757734
vt 0.763754 -0.757759
vt 0.763641 -0.757734
vt 0.763641 -0.757759
vt 0.763528 -0.757734
vt 0.763528 -0.757759
vt 0.763415 -0.757734
vt 0.763415 -0.757759
vt 0.763302 -0.757734
vt 0.763302 -0.757759
vt 0.620491 -0.766755
vt 0.619063 -0.786717
vt 0.674684 -0.774774
vt 0.677277 -0.762852
vt 0.624745 -0.747199
vt 0.681541 -0.751420
vt 0.631738 -0.728448
vt 0.687389 -0.740711
vt 0.641330 -0.710883
vt 0.694700 -0.730944
vt 0.653323 -0.694862
vt 0.703328 -0.722316
vt 0.667474 -0.680711
vt 0.713096 -0.715005
vt 0.683495 -0.668718
vt 0.723804 -0.709157
vt 0.701060 -0.659127
vt 0.735236 -0.704893
vt 0.701060 -0.914307
vt 0.719811 -0.921301
vt 0.723804 -0.864732
vt 0.713096 -0.858885
vt 0.683495 -0.904716
vt 0.703328 -0.851573
vt 0.667474 -0.892722
vt 0.694700 -0.842945
vt 0.653323 -0.878571
vt 0.687389 -0.833178
vt 0.641330 -0.862550
vt 0.681541 -0.822469
vt 0.631738 -0.844985
vt 0.677277 -0.811037
vt 0.624745 -0.826234
vt 0.674684 -0.799115
vt 0.620491 -0.806679
vt 0.673813 -0.786945
vt 0.763963 -0.777078
vt 0.762788 -0.776822
vt 0.769258 -0.781665
vt 0.765090 -0.777498
vt 0.766146 -0.778075
vt 0.767110 -0.778795
vt 0.767960 -0.779646
vt 0.768681 -0.780609
vt 0.755215 -0.790690
vt 0.756066 -0.791541
vt 0.754494 -0.789727
vt 0.753918 -0.788671
vt 0.753497 -0.787544
vt 0.753241 -0.786368
vt 0.753156 -0.785168
vt 0.753241 -0.783968
vt 0.753497 -0.782792
vt 0.753918 -0.781665
vt 0.754494 -0.780609
vt 0.755215 -0.779646
vt 0.756066 -0.778795
vt 0.757029 -0.778075
vt 0.758085 -0.777498
vt 0.759212 -0.777078
vt 0.760388 -0.776822
vt 0.761588 -0.776736
vt 0.769934 -0.783968
vt 0.769678 -0.782792
vt 0.770020 -0.785168
vt 0.769934 -0.786368
vt 0.769678 -0.787544
vt 0.769258 -0.788671
vt 0.768681 -0.789727
vt 0.767960 -0.790690
vt 0.767110 -0.791541
vt 0.766146 -0.792261
vt 0.765090 -0.792838
vt 0.763963 -0.793258
vt 0.762788 -0.793514
vt 0.761588 -0.793600
vt 0.760388 -0.793514
vt 0.759212 -0.793258
vt 0.758085 -0.792838
vt 0.757029 -0.792261
vt 0.823957 -0.842945
vt 0.851183 -0.892722
vt 0.815329 -0.851573
vt 0.835162 -0.904716
vt 0.805562 -0.858885
vt 0.817597 -0.914307
vt 0.794853 -0.864732
vt 0.798846 -0.921301
vt 0.783421 -0.868996
vt 0.779290 -0.925555
vt 0.771499 -0.871589
vt 0.759329 -0.926982
vt 0.759329 -0.872460
vt 0.747158 -0.871589
vt 0.739367 -0.925555
vt 0.735236 -0.868996
vt 0.769908 -0.787611
vt 0.770171 -0.786402
vt 0.769475 -0.788770
vt 0.768882 -0.789856
vt 0.768141 -0.790846
vt 0.767266 -0.791721
vt 0.766276 -0.792463
vt 0.765190 -0.793056
vt 0.764031 -0.793488
vt 0.762822 -0.793751
vt 0.761588 -0.793839
vt 0.760354 -0.793751
vt 0.759145 -0.793488
vt 0.757985 -0.793056
vt 0.756900 -0.792463
vt 0.755909 -0.791721
vt 0.755034 -0.790846
vt 0.754293 -0.789856
vt 0.753700 -0.788770
vt 0.753268 -0.787611
vt 0.753005 -0.786402
vt 0.752916 -0.785168
vt 0.753005 -0.783934
vt 0.753268 -0.782725
vt 0.753700 -0.781566
vt 0.754293 -0.780480
vt 0.755034 -0.779490
vt 0.755909 -0.778615
vt 0.756900 -0.777873
vt 0.757985 -0.777280
vt 0.759145 -0.776848
vt 0.760354 -0.776585
vt 0.761588 -0.776497
vt 0.762822 -0.776585
vt 0.764031 -0.776848
vt 0.765190 -0.777280
vt 0.766276 -0.777873
vt 0.767266 -0.778615
vt 0.768141 -0.779490
vt 0.768882 -0.780480
vt 0.769475 -0.781566
vt 0.769908 -0.782725
vt 0.770171 -0.783934
vt 0.770259 -0.785168
vt 0.477772 -0.344751
vt 0.431876 -0.344751
vt 0.431876 -0.390647
vt 0.477772 -0.390647
vt 0.761326 -0.432670
vt 0.761326 -0.451199
vt 0.756548 -0.451199
vt 0.756548 -0.432670
vt 0.752647 -0.431729
vt 0.752647 -0.427005
vt 0.771219 -0.427005
vt 0.771219 -0.431729
vt 0.772428 -0.447518
vt 0.779748 -0.447514
vt 0.778357 -0.454398
vt 0.767437 -0.454393
vt 0.779744 -0.428932
vt 0.784546 -0.428932
vt 0.784552 -0.447508
vt 0.753784 -0.457257
vt 0.764715 -0.457255
vt 0.759947 -0.450319
vt 0.752647 -0.450320
vt 0.768641 -0.432608
vt 0.762269 -0.425556
vt 0.773207 -0.425556
vt 0.779911 -0.443877
vt 0.786415 -0.438798
vt 0.786416 -0.449706
vt 0.779918 -0.451200
vt 0.771217 -0.439049
vt 0.767874 -0.441290
vt 0.764842 -0.443943
vt 0.762188 -0.446975
vt 0.775732 -0.445992
vt 0.776849 -0.444866
vt 0.772927 -0.447695
vt 0.770447 -0.449818
vt 0.768343 -0.452315
vt 0.766661 -0.455133
vt 0.765544 -0.456259
vt 0.780109 -0.443710
vt 0.780157 -0.443702
vt 0.761158 -0.436248
vt 0.753763 -0.441185
vt 0.753763 -0.430260
vt 0.761157 -0.428932
vt 0.770882 -0.435951
vt 0.773536 -0.438983
vt 0.776568 -0.441636
vt 0.768808 -0.432353
vt 0.768798 -0.432399
vt 0.777414 -0.432903
vt 0.777414 -0.443843
vt 0.778308 -0.440223
vt 0.778289 -0.444370
vt 0.779757 -0.444374
vt 0.779772 -0.439065
vt 0.764336 -0.440185
vt 0.762873 -0.439093
vt 0.775159 -0.778748
vt 0.775129 -0.778748
vt 0.775129 -0.778777
vt 0.775159 -0.778777
vt 0.775188 -0.778748
vt 0.775188 -0.778777
vt 0.775218 -0.778748
vt 0.775218 -0.778777
vt 0.775247 -0.778748
vt 0.775247 -0.778777
vt 0.775276 -0.778748
vt 0.775276 -0.778777
vt 0.775306 -0.778748
vt 0.775306 -0.778777
vt 0.775335 -0.778748
vt 0.775335 -0.778777
vt 0.775364 -0.778748
vt 0.775364 -0.778777
vt 0.774895 -0.778748
vt 0.774865 -0.778748
vt 0.774865 -0.778777
vt 0.774895 -0.778777
vt 0.774924 -0.778748
vt 0.774924 -0.778777
vt 0.774953 -0.778748
vt 0.774953 -0.778777
vt 0.774983 -0.778748
vt 0.774983 -0.778777
vt 0.775012 -0.778748
vt 0.775012 -0.778777
vt 0.775041 -0.778748
vt 0.775041 -0.778777
vt 0.775071 -0.778748
vt 0.775071 -0.778777
vt 0.775100 -0.778748
vt 0.775100 -0.778777
vt 0.774630 -0.778748
vt 0.774601 -0.778748
vt 0.774601 -0.778777
vt 0.774630 -0.778777
vt 0.774660 -0.778748
vt 0.774660 -0.778777
vt 0.774689 -0.778748
vt 0.774689 -0.778777
vt 0.774718 -0.778748
vt 0.774718 -0.778777
vt 0.774748 -0.778748
vt 0.774748 -0.778777
vt 0.774777 -0.778748
vt 0.774777 -0.778777
vt 0.774806 -0.778748
vt 0.774806 -0.778777
vt 0.774836 -0.778748
vt 0.774836 -0.778777
vt 0.774366 -0.778748
vt 0.774337 -0.778748
vt 0.774337 -0.778777
vt 0.774366 -0.778777
vt 0.774395 -0.778748
vt 0.774395 -0.778777
vt 0.774425 -0.778748
vt 0.774425 -0.778777
vt 0.774454 -0.778748
vt 0.774454 -0.778777
vt 0.774483 -0.778748
vt 0.774483 -0.778777
vt 0.774513 -0.778748
vt 0.774513 -0.778777
vt 0.774542 -0.778748
vt 0.774542 -0.778777
vt 0.774572 -0.778748
vt 0.774572 -0.778777
vt 0.774102 -0.778748
vt 0.774072 -0.778748
vt 0.774072 -0.778777
vt 0.774102 -0.778777
vt 0.774131 -0.778748
vt 0.774131 -0.778777
vt 0.774160 -0.778748
vt 0.774160 -0.778777
vt 0.774190 -0.778748
vt 0.774190 -0.778777
vt 0.774219 -0.778748
vt 0.774219 -0.778777
vt 0.774248 -0.778748
vt 0.774248 -0.778777
vt 0.774278 -0.778748
vt 0.774278 -0.778777
vt 0.774307 -0.778748
vt 0.774307 -0.778777
vt 0.776231 -0.440105
vt 0.777623 -0.441795
vt 0.778951 -0.440450
vt 0.777037 -0.437610
vt 0.761688 -0.440460
vt 0.763048 -0.441788
vt 0.764441 -0.440105
vt 0.763695 -0.437633
vt 0.776978 -0.438739
vt 0.778006 -0.436661
vt 0.778951 -0.446385
vt 0.777605 -0.446385
vt 0.744161 -0.803377
vt 0.744308 -0.803362
vt 0.744318 -0.788437
vt 0.744161 -0.788264
vt 0.761688 -0.446385
vt 0.763065 -0.446385
vt 0.771282 -0.790798
vt 0.770779 -0.792147
vt 0.771197 -0.792338
vt 0.771723 -0.790928
vt 0.772043 -0.789458
vt 0.771588 -0.789392
vt 0.777529 -0.429380
vt 0.749832 -0.788408
vt 0.749810 -0.788239
vt 0.779120 -0.788437
vt 0.779277 -0.788264
vt 0.773623 -0.788239
vt 0.773601 -0.788408
vt 0.761269 -0.805389
vt 0.761442 -0.805545
vt 0.761464 -0.799893
vt 0.761295 -0.799871
vt 0.771311 -0.444353
vt 0.778284 -0.446076
vt 0.771306 -0.446059
vt 0.758911 -0.426559
vt 0.762168 -0.770586
vt 0.777093 -0.770577
vt 0.777109 -0.770430
vt 0.761995 -0.770430
vt 0.761269 -0.770586
vt 0.761295 -0.776102
vt 0.761464 -0.776080
vt 0.761442 -0.770430
vt 0.754705 -0.442322
vt 0.756333 -0.443000
vt 0.759141 -0.444689
vt 0.764501 -0.438489
vt 0.761626 -0.446800
vt 0.767533 -0.441143
vt 0.770187 -0.444175
vt 0.763737 -0.449285
vt 0.765426 -0.452094
vt 0.766054 -0.453671
vt 0.780911 -0.453464
vt 0.784101 -0.436937
vt 0.785568 -0.437914
vt 0.781285 -0.435240
vt 0.778792 -0.433122
vt 0.776674 -0.430630
vt 0.774977 -0.427814
vt 0.774188 -0.426535
vt 0.777109 -0.805545
vt 0.779277 -0.803377
vt 0.779129 -0.803362
vt 0.777093 -0.805398
vt 0.763322 -0.781779
vt 0.762423 -0.781584
vt 0.767370 -0.785288
vt 0.764184 -0.782101
vt 0.764991 -0.782542
vt 0.765728 -0.783093
vt 0.766378 -0.783744
vt 0.766930 -0.784480
vt 0.756632 -0.792189
vt 0.757283 -0.792839
vt 0.756081 -0.791452
vt 0.755640 -0.790645
vt 0.755318 -0.789783
vt 0.755123 -0.788884
vt 0.755057 -0.787966
vt 0.755123 -0.787049
vt 0.755318 -0.786150
vt 0.755640 -0.785288
vt 0.756081 -0.784480
vt 0.756632 -0.783744
vt 0.757283 -0.783093
vt 0.758019 -0.782542
vt 0.758827 -0.782101
vt 0.759689 -0.781779
vt 0.760588 -0.781584
vt 0.761505 -0.781518
vt 0.767888 -0.787049
vt 0.767692 -0.786150
vt 0.767953 -0.787966
vt 0.767888 -0.788884
vt 0.767692 -0.789783
vt 0.767370 -0.790645
vt 0.766930 -0.791452
vt 0.766378 -0.792189
vt 0.765728 -0.792839
vt 0.764991 -0.793391
vt 0.764184 -0.793832
vt 0.763322 -0.794153
vt 0.762423 -0.794349
vt 0.761505 -0.794414
vt 0.760588 -0.794349
vt 0.759689 -0.794153
vt 0.758827 -0.793832
vt 0.758019 -0.793391
vt 0.759076 -0.455119
vt 0.765673 -0.438711
vt 0.764729 -0.436259
vt 0.759637 -0.794329
vt 0.760561 -0.794530
vt 0.758751 -0.793998
vt 0.757920 -0.793545
vt 0.757163 -0.792978
vt 0.756494 -0.792309
vt 0.755927 -0.791551
vt 0.755473 -0.790721
vt 0.755143 -0.789834
vt 0.754942 -0.788910
vt 0.754874 -0.787966
vt 0.754942 -0.787022
vt 0.755143 -0.786098
vt 0.755473 -0.785212
vt 0.755927 -0.784381
vt 0.756494 -0.783624
vt 0.757163 -0.782955
vt 0.757920 -0.782388
vt 0.758751 -0.781934
vt 0.759637 -0.781604
vt 0.760561 -0.781403
vt 0.761505 -0.781335
vt 0.762449 -0.781403
vt 0.763373 -0.781604
vt 0.764260 -0.781934
vt 0.765090 -0.782388
vt 0.765848 -0.782955
vt 0.766517 -0.783624
vt 0.767084 -0.784381
vt 0.767537 -0.785212
vt 0.767868 -0.786098
vt 0.768069 -0.787022
vt 0.768136 -0.787966
vt 0.768069 -0.788910
vt 0.767868 -0.789834
vt 0.767537 -0.790721
vt 0.767084 -0.791551
vt 0.766517 -0.792309
vt 0.765848 -0.792978
vt 0.765090 -0.793545
vt 0.764260 -0.793998
vt 0.763373 -0.794329
vt 0.762449 -0.794530
vt 0.761505 -0.794597
vt 0.757416 -0.797131
vt 0.756153 -0.796441
vt 0.755905 -0.796828
vt 0.757225 -0.797549
vt 0.758764 -0.797634
vt 0.758635 -0.798075
vt 0.760170 -0.797939
vt 0.760105 -0.798394
vt 0.744318 -0.787538
vt 0.744161 -0.787711
vt 0.749810 -0.787733
vt 0.749832 -0.787564
vt 0.774171 -0.439297
vt 0.771324 -0.439489
vt 0.768478 -0.439283
vt 0.770336 -0.446385
vt 0.773304 -0.440694
vt 0.770336 -0.440903
vt 0.767367 -0.440694
vt 0.776315 -0.437639
vt 0.773351 -0.438228
vt 0.771256 -0.438377
vt 0.770336 -0.438426
vt 0.769415 -0.438377
vt 0.767321 -0.438228
vt 0.764357 -0.437639
vt 0.774222 -0.437133
vt 0.777065 -0.436560
vt 0.772209 -0.437274
vt 0.771329 -0.437325
vt 0.770450 -0.437270
vt 0.768438 -0.437119
vt 0.765597 -0.436532
vt 0.747765 -0.815154
vt 0.749347 -0.815154
vt 0.749347 -0.815508
vt 0.747765 -0.815508
vt 0.746184 -0.815154
vt 0.746184 -0.815508
vt 0.744603 -0.815154
vt 0.744603 -0.815508
vt 0.743022 -0.815154
vt 0.743022 -0.815508
vt 0.741440 -0.815154
vt 0.741440 -0.815508
vt 0.739859 -0.815154
vt 0.739859 -0.815508
vt 0.738278 -0.815154
vt 0.738278 -0.815508
vt 0.736696 -0.815154
vt 0.736696 -0.815508
vt 0.761997 -0.815154
vt 0.763578 -0.815154
vt 0.763578 -0.815508
vt 0.761997 -0.815508
vt 0.760416 -0.815154
vt 0.760416 -0.815508
vt 0.758834 -0.815154
vt 0.758834 -0.815508
vt 0.757253 -0.815154
vt 0.757253 -0.815508
vt 0.755672 -0.815154
vt 0.755672 -0.815508
vt 0.754090 -0.815154
vt 0.754090 -0.815508
vt 0.752509 -0.815154
vt 0.752509 -0.815508
vt 0.750928 -0.815154
vt 0.750928 -0.815508
vt 0.776228 -0.815154
vt 0.777810 -0.815154
vt 0.777810 -0.815508
vt 0.776228 -0.815508
vt 0.774647 -0.815154
vt 0.774647 -0.815508
vt 0.773066 -0.815154
vt 0.773066 -0.815508
vt 0.771484 -0.815154
vt 0.771484 -0.815508
vt 0.769903 -0.815154
vt 0.769903 -0.815508
vt 0.768322 -0.815154
vt 0.768322 -0.815508
vt 0.766741 -0.815154
vt 0.766741 -0.815508
vt 0.765159 -0.815154
vt 0.765159 -0.815508
vt 0.790460 -0.815154
vt 0.792041 -0.815154
vt 0.792041 -0.815508
vt 0.790460 -0.815508
vt 0.788878 -0.815154
vt 0.788878 -0.815508
vt 0.787297 -0.815154
vt 0.787297 -0.815508
vt 0.785716 -0.815154
vt 0.785716 -0.815508
vt 0.784135 -0.815154
vt 0.784135 -0.815508
vt 0.782553 -0.815154
vt 0.782553 -0.815508
vt 0.780972 -0.815154
vt 0.780972 -0.815508
vt 0.779391 -0.815154
vt 0.779391 -0.815508
vt 0.804691 -0.815154
vt 0.806272 -0.815154
vt 0.806272 -0.815508
vt 0.804691 -0.815508
vt 0.803110 -0.815154
vt 0.803110 -0.815508
vt 0.801528 -0.815154
vt 0.801528 -0.815508
vt 0.799947 -0.815154
vt 0.799947 -0.815508
vt 0.798366 -0.815154
vt 0.798366 -0.815508
vt 0.796785 -0.815154
vt 0.796785 -0.815508
vt 0.795203 -0.815154
vt 0.795203 -0.815508
vt 0.793622 -0.815154
vt 0.793622 -0.815508
vt 0.752432 -0.783768
vt 0.753121 -0.782505
vt 0.752735 -0.782256
vt 0.752014 -0.783577
vt 0.751488 -0.784986
vt 0.751929 -0.785116
vt 0.750184 -0.784896
vt 0.751376 -0.782016
vt 0.753274 -0.779543
vt 0.744308 -0.772613
vt 0.746344 -0.770577
vt 0.758626 -0.776453
vt 0.755747 -0.777646
vt 0.746329 -0.770430
vt 0.744161 -0.772597
vt 0.767058 -0.796441
vt 0.765795 -0.797131
vt 0.765986 -0.797549
vt 0.767306 -0.796828
vt 0.779277 -0.772597
vt 0.779129 -0.772613
vt 0.767843 -0.797663
vt 0.768511 -0.795926
vt 0.769161 -0.796677
vt 0.769574 -0.794862
vt 0.770325 -0.795513
vt 0.771311 -0.794195
vt 0.770476 -0.793658
vt 0.772100 -0.792750
vt 0.772676 -0.791208
vt 0.773026 -0.789599
vt 0.772150 -0.787957
vt 0.773143 -0.787957
vt 0.773026 -0.786315
vt 0.772043 -0.786457
vt 0.771723 -0.784986
vt 0.772676 -0.784707
vt 0.772100 -0.783164
vt 0.771197 -0.783577
vt 0.770476 -0.782256
vt 0.771311 -0.781720
vt 0.770325 -0.780402
vt 0.769574 -0.781052
vt 0.769161 -0.779238
vt 0.768511 -0.779988
vt 0.767306 -0.779087
vt 0.767843 -0.778251
vt 0.765986 -0.778366
vt 0.766398 -0.777462
vt 0.764576 -0.777840
vt 0.764856 -0.776887
vt 0.763247 -0.776537
vt 0.763106 -0.777520
vt 0.761605 -0.777413
vt 0.761605 -0.776420
vt 0.759964 -0.776537
vt 0.760105 -0.777520
vt 0.758635 -0.777840
vt 0.758355 -0.776887
vt 0.756813 -0.777462
vt 0.757225 -0.778366
vt 0.755905 -0.779087
vt 0.755368 -0.778251
vt 0.754050 -0.779238
vt 0.754700 -0.779988
vt 0.753636 -0.781052
vt 0.752886 -0.780402
vt 0.751899 -0.781720
vt 0.751110 -0.783164
vt 0.750535 -0.784707
vt 0.750185 -0.786315
vt 0.751168 -0.786457
vt 0.750068 -0.787957
vt 0.751061 -0.787957
vt 0.751168 -0.789458
vt 0.750185 -0.789599
vt 0.751488 -0.790928
vt 0.750535 -0.791208
vt 0.751110 -0.792750
vt 0.752014 -0.792338
vt 0.751899 -0.794195
vt 0.752735 -0.793658
vt 0.752886 -0.795513
vt 0.753636 -0.794862
vt 0.754050 -0.796677
vt 0.754700 -0.795926
vt 0.755368 -0.797663
vt 0.756813 -0.798452
vt 0.758355 -0.799027
vt 0.759964 -0.799377
vt 0.761605 -0.799495
vt 0.761605 -0.798502
vt 0.763106 -0.798394
vt 0.763247 -0.799377
vt 0.764576 -0.798075
vt 0.764856 -0.799027
vt 0.766398 -0.798452
vt 0.764807 -0.776453
vt 0.767687 -0.777646
vt 0.770159 -0.779543
vt 0.762139 -0.776102
vt 0.779120 -0.787538
vt 0.773601 -0.787564
vt 0.773250 -0.784896
vt 0.772057 -0.782016
vt 0.767058 -0.779473
vt 0.765795 -0.778784
vt 0.757416 -0.778784
vt 0.756153 -0.779473
vt 0.773250 -0.791076
vt 0.772057 -0.793956
vt 0.770159 -0.796429
vt 0.762168 -0.805389
vt 0.762139 -0.799871
vt 0.764807 -0.799519
vt 0.767687 -0.798326
vt 0.761970 -0.799893
vt 0.761995 -0.805545
vt 0.746329 -0.805545
vt 0.746344 -0.805398
vt 0.771690 -0.787957
vt 0.771588 -0.786522
vt 0.768210 -0.795579
vt 0.769227 -0.794561
vt 0.770089 -0.793410
vt 0.755001 -0.780336
vt 0.753984 -0.781353
vt 0.761970 -0.776080
vt 0.779277 -0.787711
vt 0.773623 -0.787733
vt 0.771282 -0.785116
vt 0.770779 -0.783768
vt 0.770089 -0.782505
vt 0.755001 -0.795579
vt 0.753984 -0.794561
vt 0.753121 -0.793410
vt 0.752432 -0.792147
vt 0.761605 -0.798042
vt 0.769227 -0.781353
vt 0.768210 -0.780336
vt 0.758764 -0.778281
vt 0.760170 -0.777975
vt 0.761605 -0.777872
vt 0.763041 -0.777975
vt 0.764447 -0.778281
vt 0.758626 -0.799519
vt 0.755747 -0.798326
vt 0.753274 -0.796429
vt 0.750184 -0.791076
vt 0.751376 -0.793956
vt 0.763041 -0.797939
vt 0.764447 -0.797634
vt 0.761689 -0.672268
vt 0.761689 -0.683542
vt 0.761047 -0.683542
vt 0.761047 -0.672268
vt 0.761047 -0.671625
vt 0.749774 -0.671625
vt 0.749774 -0.672268
vt 0.761047 -0.660351
vt 0.761689 -0.660351
vt 0.761689 -0.671625
vt 0.772963 -0.672268
vt 0.772963 -0.671625
vt 0.770409 -0.781378
vt 0.770407 -0.781378
vt 0.770446 -0.781378
vt 0.770448 -0.781378
vt 0.770484 -0.781378
vt 0.770486 -0.781378
vt 0.770448 -0.781457
vt 0.770484 -0.781457
vt 0.770446 -0.781457
vt 0.770409 -0.781457
vt 0.770407 -0.781457
vt 0.770486 -0.781457
vt 0.761690 -0.683542
vt 0.761690 -0.660351
vt 0.441265 -0.949687
vt 0.444884 -0.949687
vt 0.441402 -0.949687
vt 0.437500 -0.949687
vt 0.433735 -0.949687
vt 0.433598 -0.949687
vt 0.430116 -0.949687
vt 0.429846 -0.949687
vt 0.426779 -0.949687
vt 0.426389 -0.949687
vt 0.423855 -0.949687
vt 0.423358 -0.949687
vt 0.420871 -0.949687
vt 0.421455 -0.949687
vt 0.419022 -0.949687
vt 0.419672 -0.949687
vt 0.417884 -0.949687
vt 0.418574 -0.949687
vt 0.417500 -0.949687
vt 0.418203 -0.949687
vt 0.445154 -0.949687
vt 0.448221 -0.949687
vt 0.448611 -0.949687
vt 0.451145 -0.949687
vt 0.451642 -0.949687
vt 0.454129 -0.949687
vt 0.453545 -0.949687
vt 0.455978 -0.949687
vt 0.455328 -0.949687
vt 0.457116 -0.949687
vt 0.456426 -0.949687
vt 0.457500 -0.949687
vt 0.456797 -0.949687
vt 0.420871 -0.909688
vt 0.423358 -0.909688
vt 0.426389 -0.909688
vt 0.429846 -0.909688
vt 0.433598 -0.909688
vt 0.437500 -0.909688
vt 0.419022 -0.909688
vt 0.417884 -0.909688
vt 0.417500 -0.909688
vt 0.457116 -0.909688
vt 0.455978 -0.909688
vt 0.454129 -0.909688
vt 0.451642 -0.909688
vt 0.448611 -0.909688
vt 0.445154 -0.909688
vt 0.441402 -0.909688
vt 0.457500 -0.909688
vt 0.344375 -0.869141
vt 0.348768 -0.858534
vt 0.359375 -0.854141
vt 0.369982 -0.858534
vt 0.374375 -0.869141
vt 0.369982 -0.879747
vt 0.359375 -0.884141
vt 0.348768 -0.879747
vt 0.315666 -0.867071
vt 0.356209 -0.867071
vt 0.356209 -0.869385
vt 0.315666 -0.869385
vt 0.315666 -0.870156
vt 0.313438 -0.869385
vt 0.313438 -0.870156
vt 0.501674 -0.452181
vt 0.501797 -0.451885
vt 0.504749 -0.454236
vt 0.498047 -0.451460
vt 0.498047 -0.451139
vt 0.501874 -0.470176
vt 0.498047 -0.470937
vt 0.501797 -0.469990
vt 0.504976 -0.467866
vt 0.505118 -0.468009
vt 0.507286 -0.464764
vt 0.507100 -0.464687
vt 0.508047 -0.460937
vt 0.507846 -0.460937
vt 0.507100 -0.457188
vt 0.507525 -0.460937
vt 0.506803 -0.457310
vt 0.504976 -0.454009
vt 0.501874 -0.451699
vt 0.498047 -0.450938
vt 0.494297 -0.451885
vt 0.507286 -0.457111
vt 0.505118 -0.453866
vt 0.498047 -0.470415
vt 0.501674 -0.469694
vt 0.504749 -0.467639
vt 0.506803 -0.464565
vt 0.494420 -0.469694
vt 0.494297 -0.469990
vt 0.491345 -0.467639
vt 0.498047 -0.470736
vt 0.494420 -0.452181
vt 0.491345 -0.454236
vt 0.491118 -0.454009
vt 0.488994 -0.457188
vt 0.488808 -0.457111
vt 0.488047 -0.460937
vt 0.488248 -0.460937
vt 0.488994 -0.464687
vt 0.488569 -0.460937
vt 0.489290 -0.464565
vt 0.491118 -0.467866
vt 0.494220 -0.470176
vt 0.489290 -0.457310
vt 0.488808 -0.464764
vt 0.490976 -0.468009
vt 0.494220 -0.451699
vt 0.490976 -0.453866
vt 0.489411 -0.457360
vt 0.488699 -0.460937
vt 0.489336 -0.457329
vt 0.491380 -0.454271
vt 0.491437 -0.454328
vt 0.494470 -0.452302
vt 0.494439 -0.452227
vt 0.498047 -0.451590
vt 0.498047 -0.451509
vt 0.498047 -0.470366
vt 0.498047 -0.470285
vt 0.501655 -0.469648
vt 0.494439 -0.469648
vt 0.494470 -0.469573
vt 0.491380 -0.467604
vt 0.491437 -0.467547
vt 0.489411 -0.464515
vt 0.489336 -0.464546
vt 0.488619 -0.460937
vt 0.501655 -0.452227
vt 0.501624 -0.452302
vt 0.504714 -0.454271
vt 0.504657 -0.454328
vt 0.506683 -0.457360
vt 0.506757 -0.457329
vt 0.507394 -0.460937
vt 0.507475 -0.460937
vt 0.506757 -0.464546
vt 0.504714 -0.467604
vt 0.506683 -0.464515
vt 0.504657 -0.467547
vt 0.501624 -0.469573
vt 0.943359 -0.562422
vt 0.955734 -0.557296
vt 0.960859 -0.544922
vt 0.955734 -0.532548
vt 0.943359 -0.527422
vt 0.930985 -0.532548
vt 0.925859 -0.544922
vt 0.930985 -0.557296
vt 0.497854 -0.326936
vt 0.498671 -0.328025
vt 0.498903 -0.330781
vt 0.498087 -0.329692
vt 0.498605 -0.330653
vt 0.498838 -0.333409
vt 0.497696 -0.333282
vt 0.497928 -0.336038
vt 0.496475 -0.334371
vt 0.496708 -0.337126
vt 0.495659 -0.333282
vt 0.495891 -0.336038
vt 0.495725 -0.330653
vt 0.495957 -0.333409
vt 0.496634 -0.328025
vt 0.496866 -0.330781
vt 0.489873 -0.622979
vt 0.489539 -0.619707
vt 0.486148 -0.634833
vt 0.486482 -0.638105
vt 0.491378 -0.622178
vt 0.491044 -0.618906
vt 0.489843 -0.618906
vt 0.490177 -0.622178
vt 0.487599 -0.634833
vt 0.490990 -0.619707
vt 0.491323 -0.622979
vt 0.487933 -0.638105
vt 0.486094 -0.635634
vt 0.487294 -0.635634
vt 0.487628 -0.638906
vt 0.486427 -0.638906
vt 0.487949 -0.326936
vt 0.488187 -0.328025
vt 0.488590 -0.330781
vt 0.488351 -0.329692
vt 0.487586 -0.330653
vt 0.487989 -0.333409
vt 0.486498 -0.333282
vt 0.486901 -0.336038
vt 0.485561 -0.334371
vt 0.485963 -0.337126
vt 0.485322 -0.333282
vt 0.485725 -0.336038
vt 0.485923 -0.330653
vt 0.486326 -0.333409
vt 0.487011 -0.328025
vt 0.487414 -0.330781
vt 0.495278 -0.622979
vt 0.495085 -0.619707
vt 0.493127 -0.634833
vt 0.493320 -0.638105
vt 0.497485 -0.618906
vt 0.495405 -0.618906
vt 0.495598 -0.622178
vt 0.497678 -0.622178
vt 0.495640 -0.634833
vt 0.497598 -0.619707
vt 0.497790 -0.622979
vt 0.495833 -0.638105
vt 0.493433 -0.638906
vt 0.493240 -0.635634
vt 0.495320 -0.635634
vt 0.495513 -0.638906
vt 0.484323 -0.326936
vt 0.483919 -0.328025
vt 0.484384 -0.330781
vt 0.484788 -0.329692
vt 0.482944 -0.330653
vt 0.483409 -0.333409
vt 0.481969 -0.333282
vt 0.482434 -0.336038
vt 0.481566 -0.334371
vt 0.482031 -0.337126
vt 0.503192 -0.619707
vt 0.503192 -0.634833
vt 0.503192 -0.638105
vt 0.503192 -0.622979
vt 0.505844 -0.622178
vt 0.505844 -0.618906
vt 0.503442 -0.618906
vt 0.503442 -0.622178
vt 0.506094 -0.638105
vt 0.506094 -0.634833
vt 0.506094 -0.619707
vt 0.506094 -0.622979
vt 0.503442 -0.638906
vt 0.503442 -0.635634
vt 0.505844 -0.635634
vt 0.505844 -0.638906
vt 0.677341 -0.587497
vt 0.677759 -0.587915
vt 0.669683 -0.593312
vt 0.669456 -0.592765
vt 0.676912 -0.587068
vt 0.682049 -0.579381
vt 0.669224 -0.592205
vt 0.660156 -0.594615
vt 0.660156 -0.595207
vt 0.650630 -0.593312
vt 0.650414 -0.593831
vt 0.642156 -0.588313
vt 0.642553 -0.587915
vt 0.660156 -0.594009
vt 0.683853 -0.570312
vt 0.684458 -0.570312
vt 0.678892 -0.570312
vt 0.677466 -0.577482
vt 0.673404 -0.583560
vt 0.667326 -0.587622
vt 0.660156 -0.589048
vt 0.651088 -0.592205
vt 0.650856 -0.592765
vt 0.642972 -0.587497
vt 0.637157 -0.579839
vt 0.636638 -0.580054
vt 0.643400 -0.587068
vt 0.634700 -0.570312
vt 0.635262 -0.570312
vt 0.633954 -0.581166
vt 0.631795 -0.570312
vt 0.633954 -0.559459
vt 0.652987 -0.587622
vt 0.646908 -0.583560
vt 0.642847 -0.577482
vt 0.638264 -0.579381
vt 0.637704 -0.579613
vt 0.635854 -0.570312
vt 0.637157 -0.560786
vt 0.636638 -0.560571
vt 0.642156 -0.552312
vt 0.642553 -0.552710
vt 0.650630 -0.547313
vt 0.642972 -0.553128
vt 0.650856 -0.547860
vt 0.651088 -0.548420
vt 0.636460 -0.570312
vt 0.660156 -0.546010
vt 0.637704 -0.561012
vt 0.638264 -0.561244
vt 0.641421 -0.570312
vt 0.660156 -0.546616
vt 0.660156 -0.551577
vt 0.652987 -0.553003
vt 0.643400 -0.553557
vt 0.642847 -0.563143
vt 0.646908 -0.557065
vt 0.669456 -0.547860
vt 0.669224 -0.548420
vt 0.667326 -0.553003
vt 0.676912 -0.553557
vt 0.673404 -0.557065
vt 0.677466 -0.563143
vt 0.682049 -0.561244
vt 0.677341 -0.553128
vt 0.669683 -0.547313
vt 0.660156 -0.545418
vt 0.650414 -0.546794
vt 0.677759 -0.552710
vt 0.640102 -0.550258
vt 0.649303 -0.544110
vt 0.660156 -0.544856
vt 0.669898 -0.546794
vt 0.678157 -0.552312
vt 0.683155 -0.560786
vt 0.682609 -0.561012
vt 0.680211 -0.550258
vt 0.686359 -0.559459
vt 0.671010 -0.544110
vt 0.660156 -0.541951
vt 0.683675 -0.580054
vt 0.685613 -0.570312
vt 0.686359 -0.581166
vt 0.688517 -0.570312
vt 0.683675 -0.560571
vt 0.685050 -0.570312
vt 0.640102 -0.590367
vt 0.649303 -0.596515
vt 0.660156 -0.595769
vt 0.669898 -0.593831
vt 0.678157 -0.588313
vt 0.683155 -0.579839
vt 0.682609 -0.579613
vt 0.660156 -0.598674
vt 0.671010 -0.596515
vt 0.680211 -0.590367
vt 0.491532 -0.463597
vt 0.487665 -0.466181
vt 0.491480 -0.463471
vt 0.496094 -0.462553
vt 0.496094 -0.462690
vt 0.500655 -0.463597
vt 0.500707 -0.463471
vt 0.504522 -0.466181
vt 0.504619 -0.466084
vt 0.507106 -0.470048
vt 0.507232 -0.469996
vt 0.508150 -0.474609
vt 0.508013 -0.474609
vt 0.507232 -0.479223
vt 0.507106 -0.479171
vt 0.504619 -0.483134
vt 0.504522 -0.483038
vt 0.500707 -0.485748
vt 0.500655 -0.485622
vt 0.496094 -0.486665
vt 0.496094 -0.486529
vt 0.491532 -0.485622
vt 0.491480 -0.485748
vt 0.487665 -0.483038
vt 0.487569 -0.483134
vt 0.485082 -0.479171
vt 0.484955 -0.479223
vt 0.484038 -0.474609
vt 0.484174 -0.474609
vt 0.484955 -0.469996
vt 0.485082 -0.470048
vt 0.487569 -0.466084
vt 0.510602 -0.133301
vt 0.503253 -0.170245
vt 0.477681 -0.159653
vt 0.482326 -0.201565
vt 0.462754 -0.181993
vt 0.440414 -0.196920
vt 0.451007 -0.222492
vt 0.462754 -0.084609
vt 0.440414 -0.069682
vt 0.482326 -0.065037
vt 0.477681 -0.106949
vt 0.503253 -0.096357
vt 0.482923 -0.133301
vt 0.447600 -0.147192
vt 0.439731 -0.158969
vt 0.427954 -0.166838
vt 0.414063 -0.202161
vt 0.414063 -0.229840
vt 0.377118 -0.222492
vt 0.387711 -0.196920
vt 0.345799 -0.201565
vt 0.365371 -0.181993
vt 0.350444 -0.159653
vt 0.324872 -0.170245
vt 0.317523 -0.133301
vt 0.414063 -0.169601
vt 0.400171 -0.166838
vt 0.439731 -0.107632
vt 0.427954 -0.099763
vt 0.447600 -0.119409
vt 0.450363 -0.133301
vt 0.388394 -0.158969
vt 0.380525 -0.147192
vt 0.345202 -0.133301
vt 0.350444 -0.106949
vt 0.324872 -0.096357
vt 0.345799 -0.065037
vt 0.365371 -0.084609
vt 0.387711 -0.069682
vt 0.400171 -0.099763
vt 0.414063 -0.064440
vt 0.414063 -0.097000
vt 0.451007 -0.044110
vt 0.414063 -0.036761
vt 0.377118 -0.044110
vt 0.377762 -0.133301
vt 0.380525 -0.119409
vt 0.388394 -0.107632
vt 0.577261 -0.415262
vt 0.601493 -0.103293
vt 0.846749 -0.103293
vt 0.870981 -0.415262
vt 0.002811 -0.001087
vt 0.323128 -0.001087
vt 0.323128 -0.261608
vt 0.002811 -0.261608
vt 0.343053 -0.218750
vt 0.342586 -0.216401
vt 0.340821 -0.217132
vt 0.341143 -0.218750
vt 0.339070 -0.218750
vt 0.338906 -0.217925
vt 0.339904 -0.215760
vt 0.341255 -0.214409
vt 0.344133 -0.215760
vt 0.344728 -0.218750
vt 0.344133 -0.221740
vt 0.346102 -0.218750
vt 0.345402 -0.222266
vt 0.346346 -0.222657
vt 0.344133 -0.225969
vt 0.343411 -0.225247
vt 0.342439 -0.213225
vt 0.345402 -0.215234
vt 0.343411 -0.212253
vt 0.342439 -0.224275
vt 0.340430 -0.227238
vt 0.340821 -0.228182
vt 0.344577 -0.226413
vt 0.346927 -0.222897
vt 0.347123 -0.218750
vt 0.346346 -0.214843
vt 0.344133 -0.211531
vt 0.340430 -0.210262
vt 0.339904 -0.211531
vt 0.340821 -0.220368
vt 0.342586 -0.221099
vt 0.341255 -0.223091
vt 0.339904 -0.225969
vt 0.336914 -0.227938
vt 0.336914 -0.228959
vt 0.341061 -0.228763
vt 0.344728 -0.226564
vt 0.347123 -0.222979
vt 0.347964 -0.218750
vt 0.347752 -0.218750
vt 0.341143 -0.228959
vt 0.336914 -0.226564
vt 0.333007 -0.228182
vt 0.346927 -0.214603
vt 0.347123 -0.214521
vt 0.336914 -0.229800
vt 0.336914 -0.229588
vt 0.332767 -0.228763
vt 0.329251 -0.226413
vt 0.329695 -0.225969
vt 0.327482 -0.222657
vt 0.328426 -0.222266
vt 0.327726 -0.218750
vt 0.329695 -0.221740
vt 0.329101 -0.218750
vt 0.330775 -0.218750
vt 0.332685 -0.228959
vt 0.329695 -0.215760
vt 0.326901 -0.222897
vt 0.326705 -0.218750
vt 0.326076 -0.218750
vt 0.326705 -0.222979
vt 0.329101 -0.226564
vt 0.325864 -0.218750
vt 0.326901 -0.214603
vt 0.327482 -0.214843
vt 0.328426 -0.215234
vt 0.331389 -0.213225
vt 0.332573 -0.214409
vt 0.333924 -0.211531
vt 0.334565 -0.213078
vt 0.336914 -0.212611
vt 0.336914 -0.210936
vt 0.336914 -0.209562
vt 0.333398 -0.210262
vt 0.330417 -0.212253
vt 0.329695 -0.211531
vt 0.329251 -0.211087
vt 0.326705 -0.214521
vt 0.333007 -0.209318
vt 0.329101 -0.210936
vt 0.332767 -0.208737
vt 0.336914 -0.208541
vt 0.340821 -0.209318
vt 0.341061 -0.208737
vt 0.344577 -0.211087
vt 0.336914 -0.207700
vt 0.336914 -0.207912
vt 0.332685 -0.208541
vt 0.341143 -0.208541
vt 0.344728 -0.210936
vt 0.336914 -0.212408
vt 0.334487 -0.212891
vt 0.332429 -0.214265
vt 0.331055 -0.216323
vt 0.330572 -0.218750
vt 0.339341 -0.212891
vt 0.331055 -0.221177
vt 0.341399 -0.214265
vt 0.342774 -0.216323
vt 0.343256 -0.218750
vt 0.333398 -0.227238
vt 0.330417 -0.225247
vt 0.333924 -0.225969
vt 0.342774 -0.221177
vt 0.336914 -0.225092
vt 0.334487 -0.224609
vt 0.341399 -0.223235
vt 0.339341 -0.224609
vt 0.335390 -0.217226
vt 0.333924 -0.215760
vt 0.334922 -0.217925
vt 0.333007 -0.217132
vt 0.332685 -0.218750
vt 0.333007 -0.220368
vt 0.331242 -0.221099
vt 0.331242 -0.216401
vt 0.331389 -0.224275
vt 0.332573 -0.223091
vt 0.333924 -0.221740
vt 0.334922 -0.219575
vt 0.334758 -0.218750
vt 0.336914 -0.218750
vt 0.336089 -0.216758
vt 0.335296 -0.214843
vt 0.336914 -0.216594
vt 0.335390 -0.220274
vt 0.335296 -0.222657
vt 0.336089 -0.220742
vt 0.336914 -0.214521
vt 0.337739 -0.216758
vt 0.338438 -0.217226
vt 0.338438 -0.220274
vt 0.338906 -0.219575
vt 0.338532 -0.214843
vt 0.339263 -0.213078
vt 0.336914 -0.222979
vt 0.336914 -0.220906
vt 0.337739 -0.220742
vt 0.339904 -0.221740
vt 0.339263 -0.224422
vt 0.336914 -0.224889
vt 0.334565 -0.224422
vt 0.338532 -0.222657
vt 0.411782 -0.342464
vt 0.411782 -0.345036
vt 0.408234 -0.345693
vt 0.407188 -0.345693
vt 0.407188 -0.341807
vt 0.408234 -0.341807
vt 0.410965 -0.341807
vt 0.410965 -0.345693
vt 0.596045 -0.535468
vt 0.596303 -0.535312
vt 0.596303 -0.535001
vt 0.596045 -0.534845
vt 0.595786 -0.535001
vt 0.595786 -0.535312
vt 0.424122 -0.325942
vt 0.421838 -0.326906
vt 0.419533 -0.322706
vt 0.422985 -0.321250
vt 0.423377 -0.322263
vt 0.419925 -0.323718
vt 0.424400 -0.324905
vt 0.420948 -0.326361
vt 0.599219 -0.529934
vt 0.599454 -0.530125
vt 0.599731 -0.530009
vt 0.599772 -0.529700
vt 0.599537 -0.529509
vt 0.599261 -0.529625
vt 0.437678 -0.326978
vt 0.435401 -0.325994
vt 0.436578 -0.321312
vt 0.440018 -0.322799
vt 0.439617 -0.323808
vt 0.436178 -0.322321
vt 0.435133 -0.324954
vt 0.438572 -0.326441
vt 0.603399 -0.529717
vt 0.603437 -0.530026
vt 0.603713 -0.530145
vt 0.603950 -0.529955
vt 0.603911 -0.529647
vt 0.603635 -0.529527
vt 0.447593 -0.345036
vt 0.447593 -0.342464
vt 0.451141 -0.341807
vt 0.452187 -0.341807
vt 0.452187 -0.345693
vt 0.451141 -0.345693
vt 0.448410 -0.341807
vt 0.448410 -0.345693
vt 0.603906 -0.540379
vt 0.603671 -0.540187
vt 0.603394 -0.540304
vt 0.603353 -0.540612
vt 0.603588 -0.540804
vt 0.603864 -0.540687
vt 0.599726 -0.540596
vt 0.599688 -0.540287
vt 0.599412 -0.540168
vt 0.599175 -0.540357
vt 0.599214 -0.540666
vt 0.599490 -0.540785
vt 0.421697 -0.360522
vt 0.423974 -0.361506
vt 0.422797 -0.366188
vt 0.419357 -0.364701
vt 0.419758 -0.363692
vt 0.423197 -0.365179
vt 0.420803 -0.361059
vt 0.424242 -0.362546
vt 0.424574 -0.356633
vt 0.422264 -0.355345
vt 0.427081 -0.357427
vt 0.429688 -0.357695
vt 0.432294 -0.357427
vt 0.434801 -0.356633
vt 0.437111 -0.355345
vt 0.418578 -0.336003
vt 0.420240 -0.333890
vt 0.417343 -0.338414
vt 0.416583 -0.341030
vt 0.416326 -0.343750
vt 0.416583 -0.346470
vt 0.417343 -0.349086
vt 0.418578 -0.351497
vt 0.420240 -0.353610
vt 0.439135 -0.333890
vt 0.440797 -0.336003
vt 0.437111 -0.332155
vt 0.434801 -0.330867
vt 0.432294 -0.330073
vt 0.429688 -0.329805
vt 0.427081 -0.330073
vt 0.424574 -0.330867
vt 0.422264 -0.332155
vt 0.439135 -0.353610
vt 0.440797 -0.351497
vt 0.442032 -0.349086
vt 0.442792 -0.346470
vt 0.443049 -0.343750
vt 0.442792 -0.341030
vt 0.442032 -0.338414
vt 0.414561 -0.330107
vt 0.414561 -0.331676
vt 0.415313 -0.328748
vt 0.416615 -0.327964
vt 0.418118 -0.327964
vt 0.419420 -0.328748
vt 0.420172 -0.330107
vt 0.420172 -0.331676
vt 0.419420 -0.333034
vt 0.418118 -0.333819
vt 0.416615 -0.333819
vt 0.415313 -0.333034
vt 0.414561 -0.355824
vt 0.414561 -0.357393
vt 0.415313 -0.354466
vt 0.416615 -0.353681
vt 0.418118 -0.353681
vt 0.419420 -0.354466
vt 0.420172 -0.355824
vt 0.420172 -0.357393
vt 0.419420 -0.358752
vt 0.418118 -0.359536
vt 0.416615 -0.359536
vt 0.415313 -0.358752
vt 0.432203 -0.324050
vt 0.431140 -0.322940
vt 0.432592 -0.325565
vt 0.432203 -0.327080
vt 0.431140 -0.328190
vt 0.429688 -0.328596
vt 0.428235 -0.328190
vt 0.427173 -0.327080
vt 0.426783 -0.325565
vt 0.427173 -0.324050
vt 0.428235 -0.322940
vt 0.429688 -0.322534
vt 0.441257 -0.359536
vt 0.442760 -0.359536
vt 0.439955 -0.358752
vt 0.439203 -0.357393
vt 0.439203 -0.355824
vt 0.439955 -0.354466
vt 0.441257 -0.353681
vt 0.442760 -0.353681
vt 0.444062 -0.354466
vt 0.444814 -0.355824
vt 0.444814 -0.357393
vt 0.444062 -0.358752
vt 0.439955 -0.333034
vt 0.441257 -0.333819
vt 0.439203 -0.331676
vt 0.439203 -0.330107
vt 0.439955 -0.328748
vt 0.441257 -0.327964
vt 0.442760 -0.327964
vt 0.444062 -0.328748
vt 0.444814 -0.330107
vt 0.444814 -0.331676
vt 0.444062 -0.333034
vt 0.442760 -0.333819
vt 0.432592 -0.361935
vt 0.432203 -0.363450
vt 0.432203 -0.360420
vt 0.431140 -0.359310
vt 0.429688 -0.358904
vt 0.428235 -0.359310
vt 0.427173 -0.360420
vt 0.426783 -0.361935
vt 0.427173 -0.363450
vt 0.428235 -0.364560
vt 0.429688 -0.364966
vt 0.431140 -0.364560
vt 0.447395 -0.331402
vt 0.444746 -0.328034
vt 0.441519 -0.325270
vt 0.437837 -0.323216
vt 0.433842 -0.321951
vt 0.429688 -0.321524
vt 0.425533 -0.321951
vt 0.417856 -0.325270
vt 0.414629 -0.328034
vt 0.421538 -0.323216
vt 0.411980 -0.356098
vt 0.414629 -0.359466
vt 0.410012 -0.352256
vt 0.408800 -0.348086
vt 0.408391 -0.343750
vt 0.408800 -0.339414
vt 0.410012 -0.335244
vt 0.411980 -0.331402
vt 0.417856 -0.362230
vt 0.421538 -0.364284
vt 0.425533 -0.365549
vt 0.429688 -0.365976
vt 0.433842 -0.365549
vt 0.441519 -0.362230
vt 0.444746 -0.359466
vt 0.437837 -0.364284
vt 0.447395 -0.356098
vt 0.449363 -0.352256
vt 0.450575 -0.348086
vt 0.450984 -0.343750
vt 0.450575 -0.339414
vt 0.449363 -0.335244
vt 0.751623 -0.789392
vt 0.751929 -0.790798
vt 0.751623 -0.786522
vt 0.751521 -0.787957
vt 0.780175 -0.443721
vt 0.768787 -0.432332
vt 0.761047 -0.679934
vt 0.761689 -0.679934
vt 0.761047 -0.663959
vt 0.761689 -0.663959
vt 0.753396 -0.672268
vt 0.753396 -0.671625
vt 0.769370 -0.672268
vt 0.769370 -0.671625
vt 0.236979 -0.879717
vt 0.278499 -0.879717
vt 0.278515 -0.814864
vt 0.237055 -0.814774
vt 0.195533 -0.879717
vt 0.195514 -0.814719
vt 0.153961 -0.814717
vt 0.154135 -0.879717
vt 0.112733 -0.879717
vt 0.112369 -0.814775
vt 0.070593 -0.814883
vt 0.071178 -0.879717
vt 0.027718 -0.814932
vt 0.028675 -0.879717
vt 0.411465 -0.879717
vt 0.453968 -0.879717
vt 0.454925 -0.814930
vt 0.412050 -0.814880
vt 0.369911 -0.879717
vt 0.370274 -0.814774
vt 0.328683 -0.814716
vt 0.328510 -0.879717
vt 0.287113 -0.879717
vt 0.287129 -0.814718
vt 0.245589 -0.814773
vt 0.245666 -0.879717
vt 0.245698 -0.895011
vt 0.287118 -0.895011
vt 0.328471 -0.895011
vt 0.369803 -0.895011
vt 0.411145 -0.895011
vt 0.452041 -0.895011
vt 0.270951 -0.814285
vt 0.280108 -0.814376
vt 0.280145 -0.799145
vt 0.270958 -0.799073
vt 0.261776 -0.814231
vt 0.261775 -0.799028
vt 0.252592 -0.799014
vt 0.252598 -0.814229
vt 0.243411 -0.814287
vt 0.243402 -0.799023
vt 0.234207 -0.799020
vt 0.234184 -0.814394
vt 0.225027 -0.798930
vt 0.224714 -0.814443
vt 0.353925 -0.814757
vt 0.363151 -0.814685
vt 0.363145 -0.799401
vt 0.353921 -0.799463
vt 0.344695 -0.799503
vt 0.344697 -0.814802
vt 0.335468 -0.799516
vt 0.335468 -0.814817
vt 0.326240 -0.814802
vt 0.326241 -0.799503
vt 0.317012 -0.814757
vt 0.317016 -0.799463
vt 0.307792 -0.799401
vt 0.307786 -0.814685
vt 0.298564 -0.814591
vt 0.298572 -0.799321
vt 0.289355 -0.799232
vt 0.289344 -0.814484
vt 0.436753 -0.814392
vt 0.446223 -0.814442
vt 0.445910 -0.798928
vt 0.436730 -0.799019
vt 0.427526 -0.814286
vt 0.427535 -0.799022
vt 0.418346 -0.799013
vt 0.418340 -0.814228
vt 0.409161 -0.814230
vt 0.409161 -0.799027
vt 0.399979 -0.799073
vt 0.399986 -0.814285
vt 0.390792 -0.799145
vt 0.390829 -0.814376
vt 0.381593 -0.814484
vt 0.381582 -0.799232
vt 0.372373 -0.814591
vt 0.372365 -0.799321
vt 0.390710 -0.302209
vt 0.399912 -0.302213
vt 0.409112 -0.302218
vt 0.418311 -0.302221
vt 0.427510 -0.302224
vt 0.436708 -0.302224
vt 0.445905 -0.302222
vt 0.307843 -0.302201
vt 0.317051 -0.302201
vt 0.326259 -0.302200
vt 0.335468 -0.302200
vt 0.344677 -0.302200
vt 0.353886 -0.302201
vt 0.363094 -0.302201
vt 0.372301 -0.302203
vt 0.381506 -0.302206
vt 0.225032 -0.302222
vt 0.234229 -0.302224
vt 0.243427 -0.302224
vt 0.252625 -0.302221
vt 0.261824 -0.302218
vt 0.271025 -0.302213
vt 0.280226 -0.302209
vt 0.289430 -0.302206
vt 0.298636 -0.302203
vt 0.729483 -0.095190
vt 0.771895 -0.095190
vt 0.771895 -0.044947
vt 0.729483 -0.044947
vt 0.689311 -0.044947
vt 0.689311 -0.095190
vt 0.226942 -0.965460
vt 0.240212 -0.965460
vt 0.240239 -0.897531
vt 0.226901 -0.897531
vt 0.213570 -0.897531
vt 0.213713 -0.965460
vt 0.200520 -0.965460
vt 0.200235 -0.897531
vt 0.187044 -0.897531
vt 0.187375 -0.965460
vt 0.361359 -0.965460
vt 0.361342 -0.897531
vt 0.347845 -0.897531
vt 0.347845 -0.965460
vt 0.334332 -0.965460
vt 0.334349 -0.897531
vt 0.320854 -0.897531
vt 0.320819 -0.965460
vt 0.307311 -0.965460
vt 0.307365 -0.897531
vt 0.293886 -0.897531
vt 0.293814 -0.965460
vt 0.280340 -0.965460
vt 0.280424 -0.897531
vt 0.266989 -0.897531
vt 0.266907 -0.965460
vt 0.253532 -0.965460
vt 0.253598 -0.897531
vt 0.468749 -0.965460
vt 0.481978 -0.965460
vt 0.482121 -0.897531
vt 0.468791 -0.897531
vt 0.455453 -0.897531
vt 0.455479 -0.965460
vt 0.442160 -0.965460
vt 0.442093 -0.897531
vt 0.428703 -0.897531
vt 0.428784 -0.965460
vt 0.415351 -0.965460
vt 0.415267 -0.897531
vt 0.401805 -0.897531
vt 0.401877 -0.965460
vt 0.388380 -0.965460
vt 0.388326 -0.897531
vt 0.374837 -0.897531
vt 0.374871 -0.965460
vt 0.744426 -0.792968
vt 0.743961 -0.792610
vt 0.743837 -0.792735
vt 0.744338 -0.793121
vt 0.744922 -0.793364
vt 0.744967 -0.793193
vt 0.745548 -0.793446
vt 0.745548 -0.793269
vt 0.745655 -0.793432
vt 0.746128 -0.793192
vt 0.746174 -0.793363
vt 0.746757 -0.793120
vt 0.746668 -0.792967
vt 0.747257 -0.792734
vt 0.747132 -0.792609
vt 0.747641 -0.792231
vt 0.747488 -0.792142
vt 0.747883 -0.791645
vt 0.744921 -0.788667
vt 0.744967 -0.788839
vt 0.745443 -0.788599
vt 0.744426 -0.789064
vt 0.744338 -0.788910
vt 0.743961 -0.789422
vt 0.743836 -0.789296
vt 0.743604 -0.789889
vt 0.743452 -0.789800
vt 0.743380 -0.790432
vt 0.743210 -0.790387
vt 0.743128 -0.791016
vt 0.743304 -0.791016
vt 0.743161 -0.791268
vt 0.743381 -0.791599
vt 0.743210 -0.791645
vt 0.743605 -0.792143
vt 0.743452 -0.792232
vt 0.747712 -0.791599
vt 0.747965 -0.791016
vt 0.747789 -0.791016
vt 0.747947 -0.790876
vt 0.747713 -0.790433
vt 0.747883 -0.790387
vt 0.747642 -0.789801
vt 0.747489 -0.789890
vt 0.747258 -0.789298
vt 0.747133 -0.789423
vt 0.746757 -0.788911
vt 0.746669 -0.789064
vt 0.746128 -0.788839
vt 0.746174 -0.788668
vt 0.745548 -0.788585
vt 0.745548 -0.788762
vt 0.315666 -0.869977
vt 0.315666 -0.867920
vt 0.356209 -0.867920
vt 0.356209 -0.869977
vt 0.607080 -0.534845
vt 0.606822 -0.535001
vt 0.606822 -0.535312
vt 0.607080 -0.535468
vt 0.607339 -0.535312
vt 0.607339 -0.535001
vt 0.435253 -0.361558
vt 0.437537 -0.360594
vt 0.439842 -0.364794
vt 0.436390 -0.366250
vt 0.435998 -0.365237
vt 0.439450 -0.363782
vt 0.434975 -0.362595
vt 0.438427 -0.361139
vt 0.451145 -0.909688
vt 0.448221 -0.909688
vt 0.453545 -0.909688
vt 0.455328 -0.909688
vt 0.456426 -0.909688
vt 0.456797 -0.909688
vt 0.444884 -0.909688
vt 0.441265 -0.909688
vt 0.433735 -0.909688
vt 0.430116 -0.909688
vt 0.426779 -0.909688
vt 0.423855 -0.909688
vt 0.421455 -0.909688
vt 0.419672 -0.909688
vt 0.418574 -0.909688
vt 0.418203 -0.909688
vt 0.746785 -0.783009
vt 0.746631 -0.785156
vt 0.746785 -0.787303
vt 0.747242 -0.789407
vt 0.747995 -0.791424
vt 0.749026 -0.793313
vt 0.750316 -0.795037
vt 0.751838 -0.796559
vt 0.753562 -0.797849
vt 0.755451 -0.798880
vt 0.757468 -0.799633
vt 0.759572 -0.800090
vt 0.761719 -0.800244
vt 0.763866 -0.800090
vt 0.765969 -0.799633
vt 0.767986 -0.798880
vt 0.769876 -0.797849
vt 0.771599 -0.796559
vt 0.773121 -0.795037
vt 0.774411 -0.793313
vt 0.775443 -0.791424
vt 0.776195 -0.789407
vt 0.776653 -0.787303
vt 0.776806 -0.785156
vt 0.776653 -0.783009
vt 0.776195 -0.780906
vt 0.775443 -0.778889
vt 0.774411 -0.776999
vt 0.773121 -0.775276
vt 0.771599 -0.773754
vt 0.769876 -0.772464
vt 0.767986 -0.771432
vt 0.765969 -0.770680
vt 0.763866 -0.770222
vt 0.761719 -0.770069
vt 0.759572 -0.770222
vt 0.757468 -0.770680
vt 0.755451 -0.771432
vt 0.753562 -0.772464
vt 0.751838 -0.773754
vt 0.750316 -0.775276
vt 0.749026 -0.776999
vt 0.747995 -0.778889
vt 0.747242 -0.780906
vt 0.763411 -0.757782
vt 0.763298 -0.757782
vt 0.763298 -0.757891
vt 0.763411 -0.757891
vt 0.763524 -0.757782
vt 0.763524 -0.757891
vt 0.763637 -0.757782
vt 0.763637 -0.757891
vt 0.763750 -0.757782
vt 0.763750 -0.757891
vt 0.763863 -0.757782
vt 0.763863 -0.757891
vt 0.763976 -0.757782
vt 0.763976 -0.757891
vt 0.764089 -0.757782
vt 0.764089 -0.757891
vt 0.764202 -0.757782
vt 0.764202 -0.757891
vt 0.762395 -0.757782
vt 0.762282 -0.757782
vt 0.762282 -0.757891
vt 0.762395 -0.757891
vt 0.762507 -0.757782
vt 0.762507 -0.757891
vt 0.762620 -0.757782
vt 0.762620 -0.757891
vt 0.762733 -0.757782
vt 0.762733 -0.757891
vt 0.762846 -0.757782
vt 0.762846 -0.757891
vt 0.762959 -0.757782
vt 0.762959 -0.757891
vt 0.763072 -0.757782
vt 0.763072 -0.757891
vt 0.763185 -0.757782
vt 0.763185 -0.757891
vt 0.761378 -0.757782
vt 0.761265 -0.757782
vt 0.761265 -0.757891
vt 0.761378 -0.757891
vt 0.761491 -0.757782
vt 0.761491 -0.757891
vt 0.761604 -0.757782
vt 0.761604 -0.757891
vt 0.761717 -0.757782
vt 0.761717 -0.757891
vt 0.761830 -0.757782
vt 0.761830 -0.757891
vt 0.761943 -0.757782
vt 0.761943 -0.757891
vt 0.762056 -0.757782
vt 0.762056 -0.757891
vt 0.762169 -0.757782
vt 0.762169 -0.757891
vt 0.760361 -0.757782
vt 0.760248 -0.757782
vt 0.760248 -0.757891
vt 0.760361 -0.757891
vt 0.760474 -0.757782
vt 0.760474 -0.757891
vt 0.760587 -0.757782
vt 0.760587 -0.757891
vt 0.760700 -0.757782
vt 0.760700 -0.757891
vt 0.760813 -0.757782
vt 0.760813 -0.757891
vt 0.760926 -0.757782
vt 0.760926 -0.757891
vt 0.761039 -0.757782
vt 0.761039 -0.757891
vt 0.761152 -0.757782
vt 0.761152 -0.757891
vt 0.759345 -0.757782
vt 0.759232 -0.757782
vt 0.759232 -0.757891
vt 0.759345 -0.757891
vt 0.759458 -0.757782
vt 0.759458 -0.757891
vt 0.759571 -0.757782
vt 0.759571 -0.757891
vt 0.759684 -0.757782
vt 0.759684 -0.757891
vt 0.759797 -0.757782
vt 0.759797 -0.757891
vt 0.759910 -0.757782
vt 0.759910 -0.757891
vt 0.760023 -0.757782
vt 0.760023 -0.757891
vt 0.760136 -0.757782
vt 0.760136 -0.757891
vt 0.672593 -0.600339
vt 0.672044 -0.599012
vt 0.682122 -0.592278
vt 0.660156 -0.602813
vt 0.660156 -0.601376
vt 0.648269 -0.599012
vt 0.647719 -0.600339
vt 0.638191 -0.592278
vt 0.637175 -0.593293
vt 0.630130 -0.582750
vt 0.631457 -0.582200
vt 0.627656 -0.570312
vt 0.629093 -0.570312
vt 0.631457 -0.558425
vt 0.630130 -0.557875
vt 0.638191 -0.548347
vt 0.637175 -0.547332
vt 0.647719 -0.540286
vt 0.648269 -0.541613
vt 0.660156 -0.537812
vt 0.660156 -0.539249
vt 0.672044 -0.541613
vt 0.672593 -0.540286
vt 0.682122 -0.548347
vt 0.683137 -0.547332
vt 0.690182 -0.557875
vt 0.688855 -0.558425
vt 0.692656 -0.570312
vt 0.691220 -0.570312
vt 0.688855 -0.582200
vt 0.690182 -0.582750
vt 0.683137 -0.593293
vt 0.315666 -0.867148
vt 0.313438 -0.867920
vt 0.321909 -0.867148
vt 0.321909 -0.867920
vt 0.330931 -0.867148
vt 0.330931 -0.867920
vt 0.340944 -0.867148
vt 0.340944 -0.867920
vt 0.349966 -0.867148
vt 0.349966 -0.867920
vt 0.356209 -0.867148
vt 0.358437 -0.867148
vt 0.358437 -0.867920
vt 0.358437 -0.869977
vt 0.349966 -0.869977
vt 0.340944 -0.869977
vt 0.330931 -0.869977
vt 0.321909 -0.869977
vt 0.313438 -0.869977
vt 0.313438 -0.867148
vt 0.034501 -0.879717
vt 0.034466 -0.895011
vt 0.076121 -0.895011
vt 0.076169 -0.879717
vt 0.117906 -0.879717
vt 0.117859 -0.895011
vt 0.159687 -0.879717
vt 0.159650 -0.895011
vt 0.201472 -0.895011
vt 0.201497 -0.879717
vt 0.243312 -0.895011
vt 0.243323 -0.879717
vt 0.285156 -0.879717
vt 0.285156 -0.895011
vt 0.327001 -0.895011
vt 0.326990 -0.879717
vt 0.368816 -0.879717
vt 0.368841 -0.895011
vt 0.410628 -0.879717
vt 0.410663 -0.895011
vt 0.452455 -0.895011
vt 0.452409 -0.879717
vt 0.477902 -0.895011
vt 0.477845 -0.879717
vt 0.526863 -0.879717
vt 0.526905 -0.895011
vt 0.575743 -0.895011
vt 0.575706 -0.879717
vt 0.030601 -0.895011
vt 0.071498 -0.895011
vt 0.112842 -0.895011
vt 0.154173 -0.895011
vt 0.195527 -0.895011
vt 0.236947 -0.895011
vt 0.278463 -0.895011
vt 0.575616 -0.814773
vt 0.526847 -0.814864
vt 0.477655 -0.814972
vt 0.452238 -0.815080
vt 0.410486 -0.815174
vt 0.368718 -0.815245
vt 0.326941 -0.815290
vt 0.285156 -0.815306
vt 0.243373 -0.815290
vt 0.201595 -0.815246
vt 0.159828 -0.815174
vt 0.118075 -0.815079
vt 0.076332 -0.814972
vt 0.034517 -0.814864
vt 0.770407 -0.781455
vt 0.770407 -0.781380
vt 0.770407 -0.781417
vt 0.770407 -0.781419
vt 0.770409 -0.781380
vt 0.770409 -0.781417
vt 0.770409 -0.781419
vt 0.770409 -0.781455
vt 0.770484 -0.781380
vt 0.770448 -0.781380
vt 0.770446 -0.781380
vt 0.770484 -0.781455
vt 0.770486 -0.781419
vt 0.770484 -0.781419
vt 0.770486 -0.781417
vt 0.770484 -0.781417
vt 0.770446 -0.781455
vt 0.770448 -0.781455
vt 0.770486 -0.781380
vt 0.770486 -0.781455
vt 0.770447 -0.781457
vt 0.770447 -0.781455
vt 0.770445 -0.781457
vt 0.770445 -0.781455
vt 0.770445 -0.781378
vt 0.770445 -0.781380
vt 0.770447 -0.781380
vt 0.770447 -0.781378
vt 0.321909 -0.870156
vt 0.330931 -0.870156
vt 0.340944 -0.870156
vt 0.349966 -0.870156
vt 0.356209 -0.870156
vt 0.358437 -0.870156
vt 0.321909 -0.867071
vt 0.330931 -0.867071
vt 0.313438 -0.867071
vt 0.358437 -0.867071
vt 0.349966 -0.867071
vt 0.340944 -0.867071
vt 0.349966 -0.869385
vt 0.340944 -0.869385
vt 0.330931 -0.869385
vt 0.321909 -0.869385
vt 0.358437 -0.869385
vt 0.323128 -0.211664
vt 0.323128 -0.215784
vt 0.333008 -0.215784
vt 0.333008 -0.211664
vt 0.328239 -0.211664
vt 0.328239 -0.215784
vt 0.483594 -0.474609
vt 0.484545 -0.479393
vt 0.487255 -0.483448
vt 0.491310 -0.486158
vt 0.496094 -0.487109
vt 0.500877 -0.486158
vt 0.504933 -0.483448
vt 0.507642 -0.479393
vt 0.508594 -0.474609
vt 0.507642 -0.469826
vt 0.504933 -0.465771
vt 0.500877 -0.463061
vt 0.496094 -0.462109
vt 0.491310 -0.463061
vt 0.487255 -0.465771
vt 0.484545 -0.469826
s 1
usemtl Material.001
f 1/1/1 2/2/1 3/3/1
f 4/4/2 5/5/3 6/6/2
f 7/7/4 4/4/2 6/6/2
f 8/8/4 7/7/4 6/6/2
f 9/9/5 7/7/4 8/8/4
f 10/10/5 9/9/5 8/8/4
f 9/9/5 10/10/5 11/11/6
f 12/12/7 9/9/5 11/11/6
f 13/13/8 12/12/7 11/11/6
f 14/14/8 13/13/8 11/11/6
f 13/13/8 14/14/8 15/15/9
f 16/16/10 13/13/8 15/15/9
f 17/17/11 16/16/10 15/15/9
f 18/18/12 17/17/11 15/15/9
f 17/17/11 18/18/12 19/19/13
f 20/20/13 17/17/11 19/19/13
f 21/21/14 20/20/13 19/19/13
f 22/22/14 21/21/14 19/19/13
f 23/23/15 21/21/14 22/22/14
f 24/24/15 23/23/15 22/22/14
f 25/25/14 23/23/15 24/24/15
f 26/26/14 25/25/14 24/24/15
f 27/27/16 25/25/14 26/26/14
f 28/28/16 27/27/16 26/26/14
f 29/29/16 27/27/16 28/28/16
f 30/30/16 29/29/16 28/28/16
f 31/31/17 29/29/16 30/30/16
f 32/32/17 31/31/17 30/30/16
f 33/33/18 31/31/17 32/32/17
f 34/34/18 33/33/18 32/32/17
f 35/35/19 33/33/18 34/34/18
f 36/36/19 35/35/19 34/34/18
f 35/35/19 36/36/19 37/37/20
f 38/38/20 35/35/19 37/37/20
f 39/39/19 38/38/20 37/37/20
f 40/40/19 39/39/19 37/37/20
f 39/39/19 40/40/19 41/41/21
f 42/42/21 39/39/19 41/41/21
f 43/43/22 42/42/21 41/41/21
f 44/44/22 43/43/22 41/41/21
f 45/45/23 43/43/22 44/44/22
f 46/46/23 45/45/23 44/44/22
f 47/47/22 45/45/23 46/46/23
f 48/48/22 47/47/22 46/46/23
f 49/49/24 47/47/22 48/48/22
f 50/50/24 49/49/24 48/48/22
f 49/49/24 50/50/24 51/51/25
f 52/52/26 49/49/24 51/51/25
f 53/53/27 52/52/26 51/51/25
f 54/54/27 53/53/27 51/51/25
f 55/55/28 53/53/27 54/54/27
f 56/56/28 55/55/28 54/54/27
f 55/55/28 56/56/28 57/57/29
f 58/58/29 55/55/28 57/57/29
f 58/58/29 57/57/29 59/59/30
f 60/60/30 58/58/29 59/59/30
f 61/61/31 60/60/30 59/59/30
f 62/62/32 61/61/31 59/59/30
f 63/63/33 61/61/31 62/62/32
f 64/64/34 63/63/33 62/62/32
f 63/63/33 64/64/34 65/65/35
f 66/66/35 63/63/33 65/65/35
f 66/66/35 65/65/35 67/67/36
f 68/68/36 66/66/35 67/67/36
f 68/68/36 67/67/36 69/69/37
f 70/70/37 68/68/36 69/69/37
f 70/70/37 69/69/37 71/71/36
f 72/72/36 70/70/37 71/71/36
f 72/72/36 71/71/36 73/73/38
f 74/74/38 72/72/36 73/73/38
f 74/74/38 73/73/38 75/75/39
f 76/76/39 74/74/38 75/75/39
f 76/76/39 75/75/39 77/77/40
f 78/78/40 76/76/39 77/77/40
f 78/78/40 77/77/40 79/79/41
f 80/80/41 78/78/40 79/79/41
f 80/80/41 79/79/41 81/81/42
f 82/82/42 80/80/41 81/81/42
f 83/83/43 82/82/42 81/81/42
f 84/84/43 83/83/43 81/81/42
f 85/85/42 83/83/43 84/84/43
f 86/86/42 85/85/42 84/84/43
f 87/87/44 85/85/42 86/86/42
f 88/88/44 87/87/44 86/86/42
f 87/87/44 88/88/44 89/89/45
f 90/90/45 87/87/44 89/89/45
f 90/90/45 89/89/45 91/91/3
f 5/5/3 90/90/45 91/91/3
f 5/5/3 91/91/3 6/6/2
f 92/92/46 93/93/46 94/94/46
f 95/95/46 93/93/46 92/92/46
f 96/96/46 95/95/46 92/92/46
f 97/97/46 95/95/46 96/96/46
f 98/98/46 97/97/46 96/96/46
f 99/99/46 97/97/46 98/98/46
f 100/100/46 99/99/46 98/98/46
f 101/101/46 99/99/46 100/100/46
f 102/102/46 101/101/46 100/100/46
f 103/103/46 101/101/46 102/102/46
f 104/104/46 103/103/46 102/102/46
f 105/105/46 103/103/46 104/104/46
f 106/106/46 105/105/46 104/104/46
f 107/107/46 105/105/46 106/106/46
f 108/108/46 107/107/46 106/106/46
f 109/109/46 107/107/46 108/108/46
f 110/110/46 111/111/46 112/112/46
f 110/110/46 112/112/46 113/113/46
f 114/114/46 110/110/46 113/113/46
f 115/115/46 114/114/46 113/113/46
f 116/116/46 115/115/46 113/113/46
f 117/117/46 115/115/46 116/116/46
f 118/118/46 117/117/46 116/116/46
f 119/119/46 117/117/46 118/118/46
f 120/120/46 119/119/46 118/118/46
f 121/121/46 119/119/46 120/120/46
f 122/122/46 121/121/46 120/120/46
f 123/123/46 121/121/46 122/122/46
f 124/124/46 123/123/46 122/122/46
f 125/125/46 123/123/46 124/124/46
f 126/126/46 125/125/46 124/124/46
f 127/127/46 125/125/46 126/126/46
f 94/94/46 127/127/46 126/126/46
f 93/93/46 127/127/46 94/94/46
f 128/128/47 129/129/48 130/130/48
f 131/131/47 128/128/47 130/130/48
f 132/132/49 128/128/47 131/131/47
f 133/133/49 132/132/49 131/131/47
f 134/134/50 132/132/49 133/133/49
f 135/135/50 134/134/50 133/133/49
f 136/136/51 134/134/50 135/135/50
f 137/137/51 136/136/51 135/135/50
f 138/138/52 136/136/51 137/137/51
f 139/139/52 138/138/52 137/137/51
f 140/140/53 138/138/52 139/139/52
f 141/141/53 140/140/53 139/139/52
f 142/142/54 140/140/53 141/141/53
f 143/143/54 142/142/54 141/141/53
f 144/144/55 142/142/54 143/143/54
f 145/145/55 144/144/55 143/143/54
f 146/146/56 147/147/57 148/148/57
f 149/149/56 146/146/56 148/148/57
f 150/150/58 146/146/56 149/149/56
f 151/151/58 150/150/58 149/149/56
f 152/152/59 150/150/58 151/151/58
f 153/153/59 152/152/59 151/151/58
f 154/154/60 152/152/59 153/153/59
f 155/155/60 154/154/60 153/153/59
f 156/156/61 154/154/60 155/155/60
f 157/157/61 156/156/61 155/155/60
f 158/158/62 156/156/61 157/157/61
f 159/159/62 158/158/62 157/157/61
f 160/160/63 158/158/62 159/159/62
f 161/161/63 160/160/63 159/159/62
f 162/162/64 160/160/63 161/161/63
f 163/163/64 162/162/64 161/161/63
f 129/129/48 162/162/64 163/163/64
f 130/130/48 129/129/48 163/163/64
f 164/164/65 165/165/66 166/166/66
f 167/167/65 164/164/65 166/166/66
f 168/168/67 164/164/65 167/167/65
f 169/169/67 168/168/67 167/167/65
f 170/170/68 168/168/67 169/169/67
f 171/171/68 170/170/68 169/169/67
f 172/172/69 170/170/68 171/171/68
f 173/173/69 172/172/69 171/171/68
f 174/174/70 172/172/69 173/173/69
f 175/175/70 174/174/70 173/173/69
f 176/176/71 174/174/70 175/175/70
f 177/177/71 176/176/71 175/175/70
f 178/178/72 176/176/71 177/177/71
f 179/179/72 178/178/72 177/177/71
f 180/180/73 178/178/72 179/179/72
f 181/181/73 180/180/73 179/179/72
f 147/147/57 180/180/73 181/181/73
f 148/148/57 147/147/57 181/181/73
f 182/182/74 183/183/75 184/184/75
f 185/185/74 182/182/74 184/184/75
f 186/186/76 182/182/74 185/185/74
f 187/187/76 186/186/76 185/185/74
f 188/188/77 186/186/76 187/187/76
f 189/189/77 188/188/77 187/187/76
f 190/190/78 188/188/77 189/189/77
f 191/191/78 190/190/78 189/189/77
f 192/192/79 190/190/78 191/191/78
f 193/193/79 192/192/79 191/191/78
f 194/194/80 192/192/79 193/193/79
f 195/195/80 194/194/80 193/193/79
f 196/196/81 194/194/80 195/195/80
f 197/197/81 196/196/81 195/195/80
f 198/198/82 196/196/81 197/197/81
f 199/199/82 198/198/82 197/197/81
f 165/165/66 198/198/82 199/199/82
f 166/166/66 165/165/66 199/199/82
f 200/200/83 201/201/55 202/202/55
f 203/203/83 200/200/83 202/202/55
f 204/204/84 200/200/83 203/203/83
f 205/205/84 204/204/84 203/203/83
f 206/206/85 204/204/84 205/205/84
f 207/207/85 206/206/85 205/205/84
f 208/208/86 206/206/85 207/207/85
f 209/209/86 208/208/86 207/207/85
f 210/210/87 208/208/86 209/209/86
f 211/211/87 210/210/87 209/209/86
f 212/212/88 210/210/87 211/211/87
f 213/213/88 212/212/88 211/211/87
f 214/214/89 212/212/88 213/213/88
f 215/215/89 214/214/89 213/213/88
f 216/216/90 214/214/89 215/215/89
f 217/217/90 216/216/90 215/215/89
f 183/183/75 216/216/90 217/217/90
f 184/184/75 183/183/75 217/217/90
f 218/218/46 219/219/46 220/220/46
f 218/218/46 220/220/46 221/221/46
f 222/222/46 218/218/46 221/221/46
f 222/222/46 221/221/46 223/223/46
f 224/224/46 222/222/46 223/223/46
f 224/224/46 223/223/46 225/225/46
f 226/226/46 224/224/46 225/225/46
f 226/226/46 225/225/46 227/227/46
f 228/228/46 226/226/46 227/227/46
f 228/228/46 227/227/46 229/229/46
f 230/230/46 228/228/46 229/229/46
f 230/230/46 229/229/46 231/231/46
f 232/232/46 230/230/46 231/231/46
f 232/232/46 231/231/46 233/233/46
f 234/234/46 232/232/46 233/233/46
f 234/234/46 233/233/46 235/235/46
f 111/111/46 234/234/46 235/235/46
f 111/111/46 235/235/46 112/112/46
f 236/236/46 237/237/46 238/238/46
f 236/236/46 238/238/46 239/239/46
f 240/240/46 236/236/46 239/239/46
f 240/240/46 239/239/46 241/241/46
f 242/242/46 240/240/46 241/241/46
f 242/242/46 241/241/46 243/243/46
f 244/244/46 242/242/46 243/243/46
f 244/244/46 243/243/46 245/245/46
f 246/246/46 244/244/46 245/245/46
f 246/246/46 245/245/46 247/247/46
f 248/248/46 246/246/46 247/247/46
f 248/248/46 247/247/46 249/249/46
f 250/250/46 248/248/46 249/249/46
f 250/250/46 249/249/46 251/251/46
f 252/252/46 250/250/46 251/251/46
f 252/252/46 251/251/46 253/253/46
f 219/219/46 252/252/46 253/253/46
f 219/219/46 253/253/46 220/220/46
f 254/254/46 255/255/46 256/256/46
f 257/257/46 254/254/46 256/256/46
f 258/258/46 257/257/46 256/256/46
f 259/259/46 258/258/46 256/256/46
f 260/260/46 259/259/46 256/256/46
f 261/261/46 260/260/46 256/256/46
f 262/262/46 263/263/46 256/256/46
f 264/264/46 262/262/46 256/256/46
f 265/265/46 264/264/46 256/256/46
f 266/266/46 265/265/46 256/256/46
f 267/267/46 266/266/46 256/256/46
f 268/268/46 267/267/46 256/256/46
f 269/269/46 268/268/46 256/256/46
f 270/270/46 269/269/46 256/256/46
f 271/271/46 270/270/46 256/256/46
f 272/272/46 271/271/46 256/256/46
f 273/273/46 272/272/46 256/256/46
f 274/274/46 273/273/46 256/256/46
f 275/275/46 274/274/46 256/256/46
f 276/276/46 275/275/46 256/256/46
f 277/277/46 276/276/46 256/256/46
f 278/278/46 277/277/46 256/256/46
f 279/279/46 278/278/46 256/256/46
f 255/255/46 279/279/46 256/256/46
f 280/280/46 281/281/46 256/256/46
f 282/282/46 280/280/46 256/256/46
f 283/283/46 282/282/46 256/256/46
f 284/284/46 283/283/46 256/256/46
f 285/285/46 284/284/46 256/256/46
f 286/286/46 285/285/46 256/256/46
f 287/287/46 286/286/46 256/256/46
f 288/288/46 287/287/46 256/256/46
f 289/289/46 288/288/46 256/256/46
f 290/290/46 289/289/46 256/256/46
f 291/291/46 290/290/46 256/256/46
f 292/292/46 291/291/46 256/256/46
f 293/293/46 292/292/46 256/256/46
f 294/294/46 293/293/46 256/256/46
f 295/295/46 294/294/46 256/256/46
f 296/296/46 295/295/46 256/256/46
f 297/297/46 296/296/46 256/256/46
f 263/263/46 297/297/46 256/256/46
f 298/298/46 109/109/46 108/108/46
f 299/299/46 109/109/46 298/298/46
f 300/300/46 299/299/46 298/298/46
f 301/301/46 299/299/46 300/300/46
f 302/302/46 301/301/46 300/300/46
f 303/303/46 301/301/46 302/302/46
f 304/304/46 303/303/46 302/302/46
f 305/305/46 303/303/46 304/304/46
f 306/306/46 305/305/46 304/304/46
f 307/307/46 305/305/46 306/306/46
f 308/308/46 307/307/46 306/306/46
f 309/309/46 307/307/46 308/308/46
f 310/310/46 309/309/46 308/308/46
f 309/309/46 310/310/46 311/311/46
f 312/312/46 309/309/46 311/311/46
f 312/312/46 311/311/46 313/313/46
f 237/237/46 312/312/46 313/313/46
f 237/237/46 313/313/46 238/238/46
f 314/314/91 315/315/92 316/284/91
f 317/316/93 314/314/91 316/284/91
f 318/285/93 317/316/93 316/284/91
f 319/317/94 317/316/93 318/285/93
f 320/286/94 319/317/94 318/285/93
f 321/318/95 319/317/94 320/286/94
f 322/287/95 321/318/95 320/286/94
f 323/319/96 321/318/95 322/287/95
f 324/288/96 323/319/96 322/287/95
f 325/320/97 323/319/96 324/288/96
f 326/289/97 325/320/97 324/288/96
f 325/320/97 326/289/97 327/290/98
f 328/321/98 325/320/97 327/290/98
f 328/321/98 327/290/98 329/291/99
f 330/322/99 328/321/98 329/291/99
f 331/323/100 330/322/99 329/291/99
f 332/292/100 331/323/100 329/291/99
f 333/324/101 331/323/100 332/292/100
f 334/293/101 333/324/101 332/292/100
f 333/324/101 334/293/101 335/294/102
f 336/325/102 333/324/101 335/294/102
f 336/325/102 335/294/102 337/295/103
f 338/326/103 336/325/102 337/295/103
f 338/326/103 337/295/103 339/296/104
f 340/327/104 338/326/103 339/296/104
f 340/327/104 339/296/104 341/297/105
f 342/328/105 340/327/104 341/297/105
f 342/328/105 341/297/105 343/263/106
f 344/329/106 342/328/105 343/263/106
f 344/329/106 343/263/106 345/262/107
f 346/330/107 344/329/106 345/262/107
f 346/330/107 345/262/107 347/264/108
f 348/331/108 346/330/107 347/264/108
f 348/331/108 347/264/108 349/265/109
f 350/332/109 348/331/108 349/265/109
f 350/332/109 349/265/109 351/266/110
f 352/333/110 350/332/109 351/266/110
f 353/334/111 352/333/110 351/266/110
f 354/267/111 353/334/111 351/266/110
f 355/335/112 353/334/111 354/267/111
f 356/268/112 355/335/112 354/267/111
f 355/335/112 356/268/112 357/269/113
f 358/336/113 355/335/112 357/269/113
f 358/336/113 357/269/113 359/270/114
f 360/337/114 358/336/113 359/270/114
f 360/337/114 359/270/114 361/271/115
f 362/338/115 360/337/114 361/271/115
f 362/338/115 361/271/115 363/272/116
f 364/339/116 362/338/115 363/272/116
f 364/339/116 363/272/116 365/273/117
f 366/340/117 364/339/116 365/273/117
f 367/341/118 366/340/117 365/273/117
f 368/274/118 367/341/118 365/273/117
f 369/342/119 367/341/118 368/274/118
f 370/275/119 369/342/119 368/274/118
f 371/343/120 369/342/119 370/275/119
f 372/276/120 371/343/120 370/275/119
f 373/344/121 371/343/120 372/276/120
f 374/277/121 373/344/121 372/276/120
f 375/345/122 373/344/121 374/277/121
f 376/278/122 375/345/122 374/277/121
f 377/346/123 375/345/122 376/278/122
f 378/279/123 377/346/123 376/278/122
f 377/346/123 378/279/123 379/255/124
f 380/347/124 377/346/123 379/255/124
f 380/347/124 379/255/124 381/254/125
f 382/348/125 380/347/124 381/254/125
f 383/349/126 382/348/125 381/254/125
f 384/257/126 383/349/126 381/254/125
f 385/350/127 383/349/126 384/257/126
f 386/258/127 385/350/127 384/257/126
f 387/351/128 385/350/127 386/258/127
f 388/259/128 387/351/128 386/258/127
f 389/352/129 387/351/128 388/259/128
f 390/260/129 389/352/129 388/259/128
f 391/353/130 389/352/129 390/260/129
f 392/261/130 391/353/130 390/260/129
f 393/354/131 391/353/130 392/261/130
f 394/256/131 393/354/131 392/261/130
f 395/355/132 393/354/131 394/256/131
f 396/281/132 395/355/132 394/256/131
f 397/356/133 395/355/132 396/281/132
f 398/280/133 397/356/133 396/281/132
f 399/357/134 397/356/133 398/280/133
f 400/282/134 399/357/134 398/280/133
f 399/357/134 400/282/134 401/283/92
f 315/315/92 399/357/134 401/283/92
f 315/315/92 401/283/92 316/284/91
f 402/358/135 403/359/136 404/360/135
f 405/361/135 402/358/135 404/360/135
f 406/358/137 407/359/137 408/360/137
f 409/361/137 406/358/137 408/360/137
f 410/358/138 411/359/139 412/360/139
f 413/361/138 410/358/138 412/360/139
f 414/358/140 415/359/140 416/360/140
f 417/361/140 414/358/140 416/360/140
f 418/358/141 419/359/141 420/360/141
f 421/361/141 418/358/141 420/360/141
f 422/359/142 423/360/142 424/361/142
f 425/358/142 422/359/142 424/361/142
f 426/358/143 427/359/143 428/360/143
f 429/361/143 426/358/143 428/360/143
f 430/358/144 431/359/144 432/360/144
f 433/361/144 430/358/144 432/360/144
f 434/358/145 435/359/145 436/360/145
f 437/361/145 434/358/145 436/360/145
f 438/358/146 439/359/146 440/360/146
f 441/361/147 438/358/146 440/360/146
f 442/358/148 443/359/148 444/360/148
f 445/361/148 442/358/148 444/360/148
f 446/359/149 447/360/150 448/361/151
f 449/358/151 446/359/149 448/361/151
f 450/358/152 451/359/152 452/360/152
f 453/361/152 450/358/152 452/360/152
f 454/358/153 455/359/153 456/360/153
f 457/361/153 454/358/153 456/360/153
f 458/358/154 459/359/154 460/360/154
f 461/361/154 458/358/154 460/360/154
f 462/358/155 463/359/156 464/360/155
f 465/361/157 462/358/155 464/360/155
f 466/358/158 467/359/158 468/360/158
f 469/361/158 466/358/158 468/360/158
f 470/359/68 471/360/68 472/361/68
f 473/358/68 470/359/68 472/361/68
f 474/358/70 475/359/70 476/360/70
f 477/361/70 474/358/70 476/360/70
f 478/358/159 479/359/159 480/360/159
f 481/361/159 478/358/159 480/360/159
f 482/358/160 483/359/161 484/360/160
f 485/361/162 482/358/160 484/360/160
f 486/358/163 487/359/163 488/360/163
f 489/361/163 486/358/163 488/360/163
f 490/358/164 491/359/164 492/360/164
f 493/361/164 490/358/164 492/360/164
f 494/359/165 495/360/165 496/361/165
f 497/358/165 494/359/165 496/361/165
f 498/362/166 499/363/166 500/364/166
f 501/365/166 498/362/166 500/364/166
f 502/366/167 503/367/168 504/368/169
f 505/369/170 502/366/167 504/368/169
f 506/370/171 507/371/171 508/372/171
f 509/373/172 506/370/171 508/372/171
f 510/371/173 511/374/173 512/375/173
f 513/376/174 510/371/173 512/375/173
f 514/368/175 515/367/176 516/366/177
f 517/369/178 514/368/175 516/366/177
f 518/377/170 519/378/170 520/379/170
f 521/380/170 518/377/170 520/379/170
f 522/372/179 523/371/179 524/370/179
f 525/373/179 522/372/179 524/370/179
f 526/381/180 527/362/180 528/382/180
f 529/383/180 526/381/180 528/382/180
f 530/384/181 531/385/181 532/386/181
f 533/387/181 530/384/181 532/386/181
f 534/377/178 535/380/178 536/379/178
f 537/378/178 534/377/178 536/379/178
f 538/366/182 539/369/182 540/388/182
f 538/366/182 540/388/182 541/389/182
f 538/366/182 541/389/182 542/390/182
f 538/366/182 542/390/182 543/391/182
f 538/366/182 543/391/182 544/379/182
f 538/366/182 544/379/182 545/380/182
f 546/2/183 547/1/183 548/3/183
f 549/392/184 550/388/185 551/393/185
f 550/388/185 549/392/184 552/394/186
f 553/389/187 550/388/185 552/394/186
f 553/389/187 552/394/186 554/395/188
f 555/390/189 553/389/187 554/395/188
f 555/390/189 554/395/188 556/391/190
f 554/395/188 557/396/191 556/391/190
f 556/391/190 557/396/191 558/379/192
f 557/396/191 559/397/193 558/379/192
f 559/397/193 560/398/192 558/379/192
f 561/399/194 562/384/194 563/400/194
f 564/401/195 565/402/195 566/403/195
f 567/404/195 564/401/195 566/403/195
f 568/362/196 569/381/196 570/363/69
f 571/405/69 570/363/69 569/381/196
f 572/406/69 570/363/69 571/405/69
f 573/407/69 570/363/69 572/406/69
f 570/363/69 573/407/69 574/384/69
f 570/363/69 574/384/69 575/387/69
f 576/408/197 577/381/197 578/409/197
f 579/410/198 580/411/198 581/388/198
f 582/369/198 579/410/198 581/388/198
f 583/375/199 584/374/180 585/371/180
f 586/376/180 583/375/199 585/371/180
f 587/412/200 588/413/200 589/414/201
f 590/415/201 587/412/200 589/414/201
f 591/416/202 592/417/202 593/3/203
f 594/2/203 591/416/202 593/3/203
f 595/414/204 596/413/205 597/412/204
f 598/415/204 595/414/204 597/412/204
f 599/3/206 600/2/206 601/416/206
f 602/417/206 599/3/206 601/416/206
f 603/418/207 604/419/208 605/420/208
f 606/421/209 603/418/207 605/420/208
f 607/422/210 603/418/207 606/421/209
f 608/423/210 607/422/210 606/421/209
f 609/424/211 607/422/210 608/423/210
f 610/425/211 609/424/211 608/423/210
f 611/426/212 609/424/211 610/425/211
f 612/427/212 611/426/212 610/425/211
f 613/428/213 611/426/212 612/427/212
f 614/429/213 613/428/213 612/427/212
f 615/430/214 613/428/213 614/429/213
f 616/431/214 615/430/214 614/429/213
f 617/432/215 615/430/214 616/431/214
f 618/433/215 617/432/215 616/431/214
f 619/434/182 617/432/215 618/433/215
f 620/435/182 619/434/182 618/433/215
f 621/436/216 622/437/217 623/438/217
f 624/439/216 621/436/216 623/438/217
f 625/440/218 621/436/216 624/439/216
f 626/441/218 625/440/218 624/439/216
f 627/442/219 625/440/218 626/441/218
f 628/443/219 627/442/219 626/441/218
f 629/444/220 627/442/219 628/443/219
f 630/445/220 629/444/220 628/443/219
f 631/446/221 629/444/220 630/445/220
f 632/447/221 631/446/221 630/445/220
f 633/448/69 631/446/221 632/447/221
f 634/449/69 633/448/69 632/447/221
f 635/450/222 633/448/69 634/449/69
f 636/451/222 635/450/222 634/449/69
f 637/452/223 635/450/222 636/451/222
f 638/453/223 637/452/223 636/451/222
f 604/419/208 637/452/223 638/453/223
f 605/420/208 604/419/208 638/453/223
f 639/454/224 640/455/225 641/456/226
f 642/457/224 639/454/224 641/456/226
f 643/458/227 639/454/224 642/457/224
f 644/459/227 643/458/227 642/457/224
f 645/460/228 643/458/227 644/459/227
f 646/461/228 645/460/228 644/459/227
f 647/462/229 645/460/228 646/461/228
f 648/463/229 647/462/229 646/461/228
f 649/464/230 647/462/229 648/463/229
f 650/465/230 649/464/230 648/463/229
f 651/466/231 649/464/230 650/465/230
f 652/467/231 651/466/231 650/465/230
f 653/468/232 651/466/231 652/467/231
f 654/469/232 653/468/232 652/467/231
f 655/470/233 653/468/232 654/469/232
f 656/471/234 655/470/233 654/469/232
f 622/437/217 655/470/233 656/471/234
f 623/438/217 622/437/217 656/471/234
f 657/472/235 658/473/236 659/474/236
f 660/475/235 657/472/235 659/474/236
f 661/476/55 657/472/235 660/475/235
f 662/477/55 661/476/55 660/475/235
f 663/478/237 661/476/55 662/477/55
f 664/479/237 663/478/237 662/477/55
f 665/480/238 663/478/237 664/479/237
f 666/481/238 665/480/238 664/479/237
f 667/482/239 665/480/238 666/481/238
f 668/483/239 667/482/239 666/481/238
f 669/484/240 667/482/239 668/483/239
f 670/485/240 669/484/240 668/483/239
f 671/486/241 669/484/240 670/485/240
f 672/487/241 671/486/241 670/485/240
f 673/488/242 671/486/241 672/487/241
f 674/489/242 673/488/242 672/487/241
f 640/455/225 673/488/242 674/489/242
f 641/456/226 640/455/225 674/489/242
f 675/490/243 676/491/182 677/492/182
f 678/493/243 675/490/243 677/492/182
f 679/494/244 675/490/243 678/493/243
f 680/495/244 679/494/244 678/493/243
f 681/496/245 679/494/244 680/495/244
f 682/497/245 681/496/245 680/495/244
f 683/498/246 681/496/245 682/497/245
f 684/499/246 683/498/246 682/497/245
f 685/500/247 683/498/246 684/499/246
f 686/501/247 685/500/247 684/499/246
f 687/502/248 685/500/247 686/501/247
f 688/503/248 687/502/248 686/501/247
f 689/504/249 687/502/248 688/503/248
f 690/505/249 689/504/249 688/503/248
f 691/506/250 689/504/249 690/505/249
f 692/507/250 691/506/250 690/505/249
f 658/473/236 691/506/250 692/507/250
f 659/474/236 658/473/236 692/507/250
f 693/508/251 694/509/251 695/510/251
f 696/511/251 693/508/251 695/510/251
f 697/512/252 698/513/252 699/514/252
f 700/515/252 697/512/252 699/514/252
f 701/388/170 702/411/170 703/410/170
f 704/369/170 701/388/170 703/410/170
f 705/403/166 706/402/166 707/401/166
f 708/404/166 705/403/166 707/401/166
f 709/377/195 710/378/195 711/379/195
f 712/380/195 709/377/195 711/379/195
f 713/512/253 714/515/253 715/514/253
f 716/513/253 713/512/253 715/514/253
f 717/415/254 718/412/255 719/516/256
f 720/517/255 717/415/254 719/516/256
f 721/518/237 722/519/237 723/509/257
f 724/510/237 721/518/237 723/509/257
f 725/364/258 726/363/259 727/362/260
f 728/365/258 725/364/258 727/362/260
f 729/520/57 730/521/57 731/522/261
f 732/523/57 729/520/57 731/522/261
f 733/524/262 734/512/262 735/513/262
f 736/525/262 733/524/262 735/513/262
f 737/526/263 738/527/263 739/528/263
f 740/529/263 737/526/263 739/528/263
f 737/526/263 740/529/263 741/530/263
f 742/531/263 737/526/263 741/530/263
f 743/368/264 744/532/264 745/369/264
f 746/522/265 747/533/211 748/534/266
f 749/523/211 746/522/265 748/534/266
f 750/535/265 751/536/265 752/537/267
f 753/538/265 750/535/265 752/537/267
f 754/539/268 755/540/56 756/541/269
f 757/542/269 754/539/268 756/541/269
f 758/375/181 759/374/181 760/371/181
f 761/376/181 758/375/181 760/371/181
f 762/543/258 763/413/258 764/544/258
f 765/545/258 762/543/258 764/544/258
f 762/543/258 765/545/258 766/1/260
f 767/2/258 762/543/258 766/1/260
f 768/362/270 769/365/270 770/546/270
f 771/547/271 772/548/272 773/549/272
f 774/550/210 771/547/271 773/549/272
f 775/551/56 776/552/268 777/553/268
f 778/554/56 775/551/56 777/553/268
f 779/368/173 780/367/174 781/366/173
f 782/369/273 779/368/173 781/366/173
f 783/401/274 784/555/274 785/556/275
f 783/401/274 785/556/275 786/557/276
f 787/558/276 783/401/274 786/557/276
f 787/558/276 786/557/276 788/559/277
f 789/560/278 787/558/276 788/559/277
f 790/561/279 789/560/278 788/559/277
f 791/562/280 790/561/279 788/559/277
f 790/561/279 791/562/280 792/370/281
f 791/562/280 793/563/282 792/370/281
f 792/370/281 793/563/282 794/564/282
f 795/565/283 796/387/283 797/386/283
f 798/370/180 799/373/180 800/372/180
f 801/371/180 798/370/180 800/372/180
f 802/381/284 803/383/284 804/382/284
f 805/362/284 802/381/284 804/382/284
f 806/397/285 807/379/286 808/398/286
f 807/379/286 806/397/285 809/396/287
f 810/391/288 807/379/286 809/396/287
f 810/391/288 809/396/287 811/395/289
f 812/390/290 810/391/288 811/395/289
f 813/389/291 812/390/290 811/395/289
f 814/394/292 813/389/291 811/395/289
f 813/389/291 814/394/292 815/388/293
f 814/394/292 816/392/294 815/388/293
f 817/393/293 815/388/293 816/392/294
f 818/384/295 819/566/296 820/567/296
f 819/566/296 818/384/295 821/568/297
f 818/384/295 822/407/298 821/568/297
f 821/568/297 822/407/298 823/569/299
f 822/407/298 824/406/300 823/569/299
f 823/569/299 824/406/300 825/405/301
f 826/570/302 823/569/299 825/405/301
f 826/570/302 825/405/301 827/381/303
f 828/571/304 826/570/302 827/381/303
f 827/381/303 829/572/303 828/571/304
f 830/384/179 831/387/179 832/386/179
f 833/385/179 830/384/179 832/386/179
f 834/573/305 835/574/305 836/575/305
f 837/576/305 834/573/305 836/575/305
f 838/577/62 839/578/62 840/579/62
f 841/580/62 838/577/62 840/579/62
f 842/581/62 841/580/62 840/579/62
f 843/582/62 842/581/62 840/579/62
f 844/583/62 843/582/62 840/579/62
f 845/584/62 844/583/62 840/579/62
f 846/585/62 847/586/62 840/579/62
f 848/587/62 846/585/62 840/579/62
f 849/588/62 848/587/62 840/579/62
f 850/589/62 849/588/62 840/579/62
f 851/590/62 850/589/62 840/579/62
f 852/591/62 851/590/62 840/579/62
f 853/592/62 852/591/62 840/579/62
f 854/593/62 853/592/62 840/579/62
f 855/594/62 854/593/62 840/579/62
f 856/595/62 855/594/62 840/579/62
f 857/596/62 856/595/62 840/579/62
f 858/597/62 857/596/62 840/579/62
f 859/598/62 858/597/62 840/579/62
f 860/599/62 859/598/62 840/579/62
f 861/600/62 860/599/62 840/579/62
f 862/601/62 861/600/62 840/579/62
f 863/602/62 862/601/62 840/579/62
f 839/578/62 863/602/62 840/579/62
f 864/603/62 865/604/62 840/579/62
f 866/605/62 864/603/62 840/579/62
f 867/606/62 866/605/62 840/579/62
f 868/607/62 867/606/62 840/579/62
f 869/608/62 868/607/62 840/579/62
f 870/609/62 869/608/62 840/579/62
f 871/610/62 870/609/62 840/579/62
f 872/611/62 871/610/62 840/579/62
f 873/612/62 872/611/62 840/579/62
f 874/613/62 873/612/62 840/579/62
f 875/614/62 874/613/62 840/579/62
f 876/615/62 875/614/62 840/579/62
f 877/616/62 876/615/62 840/579/62
f 878/617/62 877/616/62 840/579/62
f 879/618/62 878/617/62 840/579/62
f 880/619/62 879/618/62 840/579/62
f 881/620/62 880/619/62 840/579/62
f 847/586/62 881/620/62 840/579/62
f 882/364/306 883/363/306 884/621/306
f 885/622/307 886/416/308 887/417/308
f 888/623/308 885/622/307 887/417/308
f 889/363/229 890/387/229 891/384/229
f 889/363/229 891/384/229 892/407/229
f 892/407/229 893/406/229 889/363/229
f 893/406/229 894/405/229 889/363/229
f 894/405/229 895/381/309 889/363/229
f 896/362/309 889/363/229 895/381/309
f 897/556/310 898/555/311 899/401/311
f 900/557/312 897/556/310 899/401/311
f 901/558/313 900/557/312 899/401/311
f 902/559/314 900/557/312 901/558/313
f 903/560/315 902/559/314 901/558/313
f 902/559/314 903/560/315 904/561/316
f 905/562/317 902/559/314 904/561/316
f 905/562/317 904/561/316 906/370/318
f 907/563/319 905/562/317 906/370/318
f 908/564/318 907/563/319 906/370/318
f 909/624/320 910/625/321 911/618/320
f 909/624/320 911/618/320 912/619/322
f 913/626/322 909/624/320 912/619/322
f 913/626/322 912/619/322 914/620/323
f 915/627/323 913/626/322 914/620/323
f 915/627/323 914/620/323 916/586/324
f 917/628/324 915/627/323 916/586/324
f 917/628/324 916/586/324 918/585/325
f 919/629/326 917/628/324 918/585/325
f 919/629/326 918/585/325 920/587/327
f 921/630/327 919/629/326 920/587/327
f 922/631/328 921/630/327 920/587/327
f 923/588/328 922/631/328 920/587/327
f 924/632/329 922/631/328 923/588/328
f 925/589/329 924/632/329 923/588/328
f 926/633/330 924/632/329 925/589/329
f 927/590/330 926/633/330 925/589/329
f 928/634/268 926/633/330 927/590/330
f 929/591/268 928/634/268 927/590/330
f 928/634/268 929/591/268 930/592/331
f 931/635/331 928/634/268 930/592/331
f 931/635/331 930/592/331 932/593/332
f 933/636/332 931/635/331 932/593/332
f 933/636/332 932/593/332 934/594/333
f 935/637/333 933/636/332 934/594/333
f 935/637/333 934/594/333 936/595/334
f 937/638/334 935/637/333 936/595/334
f 937/638/334 936/595/334 938/596/335
f 939/639/335 937/638/334 938/596/335
f 940/640/336 939/639/335 938/596/335
f 941/597/336 940/640/336 938/596/335
f 942/641/337 940/640/336 941/597/336
f 943/598/337 942/641/337 941/597/336
f 944/642/338 942/641/337 943/598/337
f 945/599/338 944/642/338 943/598/337
f 946/643/339 944/642/338 945/599/338
f 947/600/339 946/643/339 945/599/338
f 948/644/340 946/643/339 947/600/339
f 949/601/340 948/644/340 947/600/339
f 950/645/341 948/644/340 949/601/340
f 951/602/341 950/645/341 949/601/340
f 950/645/341 951/602/341 952/578/342
f 953/646/342 950/645/341 952/578/342
f 953/646/342 952/578/342 954/577/343
f 955/647/343 953/646/342 954/577/343
f 956/648/344 955/647/343 954/577/343
f 957/580/344 956/648/344 954/577/343
f 958/649/345 956/648/344 957/580/344
f 959/581/345 958/649/345 957/580/344
f 960/650/346 958/649/345 959/581/345
f 961/582/346 960/650/346 959/581/345
f 962/651/347 960/650/346 961/582/346
f 963/583/347 962/651/347 961/582/346
f 964/652/348 962/651/347 963/583/347
f 965/584/348 964/652/348 963/583/347
f 966/653/349 964/652/348 965/584/348
f 967/579/349 966/653/349 965/584/348
f 968/654/350 966/653/349 967/579/349
f 969/604/350 968/654/350 967/579/349
f 970/655/351 968/654/350 969/604/350
f 971/603/351 970/655/351 969/604/350
f 972/656/352 970/655/351 971/603/351
f 973/605/352 972/656/352 971/603/351
f 972/656/352 973/605/352 974/606/353
f 975/657/353 972/656/352 974/606/353
f 975/657/353 974/606/353 976/607/354
f 977/658/354 975/657/353 976/607/354
f 978/659/355 977/658/354 976/607/354
f 979/608/355 978/659/355 976/607/354
f 980/660/356 978/659/355 979/608/355
f 981/609/356 980/660/356 979/608/355
f 982/661/357 980/660/356 981/609/356
f 983/610/357 982/661/357 981/609/356
f 984/662/358 982/661/357 983/610/357
f 985/611/358 984/662/358 983/610/357
f 986/663/359 984/662/358 985/611/358
f 987/612/359 986/663/359 985/611/358
f 986/663/359 987/612/359 988/613/360
f 989/664/360 986/663/359 988/613/360
f 989/664/360 988/613/360 990/614/361
f 991/665/361 989/664/360 990/614/361
f 992/666/362 991/665/361 990/614/361
f 993/615/362 992/666/362 990/614/361
f 994/667/363 992/666/362 993/615/362
f 995/616/364 994/667/363 993/615/362
f 994/667/363 995/616/364 996/617/321
f 910/625/321 994/667/363 996/617/321
f 910/625/321 996/617/321 911/618/320
f 997/668/365 998/669/365 999/670/365
f 1000/671/365 997/668/365 999/670/365
f 1001/672/365 997/668/365 1000/671/365
f 1002/673/365 1001/672/365 1000/671/365
f 1003/674/365 1001/672/365 1002/673/365
f 1004/675/365 1003/674/365 1002/673/365
f 1005/226/62 1006/224/62 1007/225/62
f 1005/226/62 1007/225/62 1008/227/62
f 1009/228/62 1005/226/62 1008/227/62
f 1009/228/62 1008/227/62 1010/229/62
f 1011/230/62 1009/228/62 1010/229/62
f 1011/230/62 1010/229/62 1012/231/62
f 1013/232/62 1011/230/62 1012/231/62
f 1013/232/62 1012/231/62 1014/233/62
f 1015/234/62 1013/232/62 1014/233/62
f 1015/234/62 1014/233/62 1016/235/62
f 1017/111/62 1015/234/62 1016/235/62
f 1017/111/62 1016/235/62 1018/112/62
f 1019/110/62 1017/111/62 1018/112/62
f 1019/110/62 1018/112/62 1020/113/62
f 1021/114/62 1019/110/62 1020/113/62
f 1022/115/62 1021/114/62 1020/113/62
f 1023/116/62 1022/115/62 1020/113/62
f 1024/117/62 1022/115/62 1023/116/62
f 1025/118/62 1024/117/62 1023/116/62
f 1026/119/62 1024/117/62 1025/118/62
f 1027/120/62 1026/119/62 1025/118/62
f 1028/121/62 1026/119/62 1027/120/62
f 1029/122/62 1028/121/62 1027/120/62
f 1030/123/62 1028/121/62 1029/122/62
f 1031/124/62 1030/123/62 1029/122/62
f 1032/125/62 1030/123/62 1031/124/62
f 1033/126/62 1032/125/62 1031/124/62
f 1034/127/62 1032/125/62 1033/126/62
f 1035/94/62 1034/127/62 1033/126/62
f 1036/93/62 1034/127/62 1035/94/62
f 1037/92/62 1036/93/62 1035/94/62
f 1038/95/62 1036/93/62 1037/92/62
f 1039/96/62 1038/95/62 1037/92/62
f 1040/97/62 1038/95/62 1039/96/62
f 1041/98/62 1040/97/62 1039/96/62
f 1042/99/62 1040/97/62 1041/98/62
f 1043/100/62 1042/99/62 1041/98/62
f 1044/101/62 1042/99/62 1043/100/62
f 1045/102/62 1044/101/62 1043/100/62
f 1046/103/62 1044/101/62 1045/102/62
f 1047/104/62 1046/103/62 1045/102/62
f 1048/105/62 1046/103/62 1047/104/62
f 1049/106/62 1048/105/62 1047/104/62
f 1050/107/62 1048/105/62 1049/106/62
f 1051/108/62 1050/107/62 1049/106/62
f 1052/109/62 1050/107/62 1051/108/62
f 1053/298/62 1052/109/62 1051/108/62
f 1054/299/62 1052/109/62 1053/298/62
f 1055/300/62 1054/299/62 1053/298/62
f 1056/301/62 1054/299/62 1055/300/62
f 1057/302/62 1056/301/62 1055/300/62
f 1058/303/62 1056/301/62 1057/302/62
f 1059/304/62 1058/303/62 1057/302/62
f 1060/305/62 1058/303/62 1059/304/62
f 1061/306/62 1060/305/62 1059/304/62
f 1062/307/62 1060/305/62 1061/306/62
f 1063/308/62 1062/307/62 1061/306/62
f 1064/309/62 1062/307/62 1063/308/62
f 1065/310/62 1064/309/62 1063/308/62
f 1064/309/62 1065/310/62 1066/311/62
f 1067/312/62 1064/309/62 1066/311/62
f 1067/312/62 1066/311/62 1068/313/62
f 1069/237/62 1067/312/62 1068/313/62
f 1069/237/62 1068/313/62 1070/238/62
f 1071/236/62 1069/237/62 1070/238/62
f 1071/236/62 1070/238/62 1072/239/62
f 1073/240/62 1071/236/62 1072/239/62
f 1073/240/62 1072/239/62 1074/241/62
f 1075/242/62 1073/240/62 1074/241/62
f 1075/242/62 1074/241/62 1076/243/62
f 1077/244/62 1075/242/62 1076/243/62
f 1077/244/62 1076/243/62 1078/245/62
f 1079/246/62 1077/244/62 1078/245/62
f 1079/246/62 1078/245/62 1080/247/62
f 1081/248/62 1079/246/62 1080/247/62
f 1081/248/62 1080/247/62 1082/249/62
f 1083/250/62 1081/248/62 1082/249/62
f 1083/250/62 1082/249/62 1084/251/62
f 1085/252/62 1083/250/62 1084/251/62
f 1085/252/62 1084/251/62 1086/253/62
f 1087/219/62 1085/252/62 1086/253/62
f 1087/219/62 1086/253/62 1088/220/62
f 1089/218/62 1087/219/62 1088/220/62
f 1089/218/62 1088/220/62 1090/221/62
f 1091/222/62 1089/218/62 1090/221/62
f 1091/222/62 1090/221/62 1092/223/62
f 1006/224/62 1091/222/62 1092/223/62
f 1006/224/62 1092/223/62 1007/225/62
f 1093/676/248 1094/677/248 1095/678/248
f 1096/679/248 1093/676/248 1095/678/248
f 1097/551/366 1098/552/366 1099/553/367
f 1100/554/366 1097/551/366 1099/553/367
f 1101/3/206 1102/417/206 1103/416/206
f 1104/2/206 1101/3/206 1103/416/206
f 1105/539/366 1106/540/366 1107/541/367
f 1108/542/367 1105/539/366 1107/541/367
f 1109/522/210 1110/533/210 1111/534/272
f 1112/523/271 1109/522/210 1111/534/272
f 1113/412/368 1114/415/368 1115/414/369
f 1116/413/369 1113/412/368 1115/414/369
f 1117/516/62 1118/412/62 1119/413/370
f 1120/543/62 1117/516/62 1119/413/370
f 1117/516/62 1120/543/62 1121/680/62
f 1122/681/62 1121/680/62 1120/543/62
f 1123/682/62 1122/681/62 1120/543/62
f 1124/622/62 1123/682/62 1120/543/62
f 1124/622/62 1120/543/62 1125/2/370
f 1126/416/62 1124/622/62 1125/2/370
f 1127/681/371 1128/543/371 1129/680/371
f 1130/508/229 1131/509/229 1132/519/229
f 1133/683/229 1130/508/229 1132/519/229
f 1134/684/229 1130/508/229 1133/683/229
f 1133/683/229 1135/685/229 1134/684/229
f 1133/683/229 1136/686/229 1135/685/229
f 1136/686/229 1133/683/229 1137/514/229
f 1137/514/229 1133/683/229 1138/525/229
f 1139/513/229 1137/514/229 1138/525/229
f 1140/544/372 1141/414/372 1142/413/372
f 1143/687/373 1144/508/374 1145/688/375
f 1144/508/374 1146/684/375 1145/688/375
f 1145/688/375 1146/684/375 1147/689/376
f 1146/684/375 1148/685/377 1147/689/376
f 1148/685/377 1149/690/378 1147/689/376
f 1149/690/378 1148/685/377 1150/691/379
f 1148/685/377 1151/686/380 1150/691/379
f 1151/686/380 1152/692/381 1150/691/379
f 1152/692/381 1151/686/380 1153/514/382
f 1154/693/383 1152/692/381 1153/514/382
f 1155/694/384 1156/695/385 1157/516/386
f 1158/680/387 1155/694/384 1157/516/386
f 1155/694/384 1158/680/387 1159/696/388
f 1158/680/387 1160/681/389 1159/696/388
f 1160/681/389 1161/697/390 1159/696/388
f 1161/697/390 1160/681/389 1162/698/391
f 1160/681/389 1163/682/392 1162/698/391
f 1163/682/392 1164/699/393 1162/698/391
f 1164/699/393 1163/682/392 1165/622/394
f 1166/700/395 1164/699/393 1165/622/394
f 1167/571/396 1168/572/397 1169/381/397
f 1167/571/396 1169/381/397 1170/570/398
f 1169/381/397 1171/405/399 1170/570/398
f 1170/570/398 1171/405/399 1172/569/400
f 1171/405/399 1173/406/401 1172/569/400
f 1172/569/400 1173/406/401 1174/407/402
f 1175/568/403 1172/569/400 1174/407/402
f 1174/407/402 1176/384/404 1175/568/403
f 1176/384/404 1177/566/404 1175/568/403
f 1177/566/404 1176/384/404 1178/567/405
f 1179/701/218 1180/702/219 1181/703/219
f 1182/704/218 1179/701/218 1181/703/219
f 1183/705/406 1179/701/218 1182/704/218
f 1184/706/407 1183/705/406 1182/704/218
f 1185/707/217 1183/705/406 1184/706/407
f 1186/708/217 1185/707/217 1184/706/407
f 1187/709/234 1185/707/217 1186/708/217
f 1188/710/234 1187/709/234 1186/708/217
f 1189/711/232 1187/709/234 1188/710/234
f 1190/712/232 1189/711/232 1188/710/234
f 1191/713/231 1189/711/232 1190/712/232
f 1192/714/231 1191/713/231 1190/712/232
f 1193/715/230 1191/713/231 1192/714/231
f 1194/716/230 1193/715/230 1192/714/231
f 1195/717/229 1193/715/230 1194/716/230
f 1196/718/229 1195/717/229 1194/716/230
f 1197/719/271 1198/720/265 1199/721/265
f 1200/722/271 1197/719/271 1199/721/265
f 1201/723/209 1197/719/271 1200/722/271
f 1202/724/209 1201/723/209 1200/722/271
f 1203/725/208 1201/723/209 1202/724/209
f 1204/726/208 1203/725/208 1202/724/209
f 1205/727/223 1203/725/208 1204/726/208
f 1206/728/223 1205/727/223 1204/726/208
f 1207/729/222 1205/727/223 1206/728/223
f 1208/730/222 1207/729/222 1206/728/223
f 1209/731/69 1207/729/222 1208/730/222
f 1210/732/69 1209/731/69 1208/730/222
f 1211/733/221 1209/731/69 1210/732/69
f 1212/734/221 1211/733/221 1210/732/69
f 1213/735/220 1211/733/221 1212/734/221
f 1214/736/220 1213/735/220 1212/734/221
f 1180/702/219 1213/735/220 1214/736/220
f 1181/703/219 1180/702/219 1214/736/220
f 1215/737/245 1216/738/246 1217/739/246
f 1218/740/245 1215/737/245 1217/739/246
f 1219/741/244 1215/737/245 1218/740/245
f 1220/742/244 1219/741/244 1218/740/245
f 1221/743/243 1219/741/244 1220/742/244
f 1222/744/408 1221/743/243 1220/742/244
f 1223/745/182 1221/743/243 1222/744/408
f 1224/746/182 1223/745/182 1222/744/408
f 1225/747/215 1223/745/182 1224/746/182
f 1226/748/215 1225/747/215 1224/746/182
f 1227/749/214 1225/747/215 1226/748/215
f 1228/750/214 1227/749/214 1226/748/215
f 1229/751/213 1227/749/214 1228/750/214
f 1230/752/213 1229/751/213 1228/750/214
f 1231/753/212 1229/751/213 1230/752/213
f 1232/754/212 1231/753/212 1230/752/213
f 1198/720/265 1231/753/212 1232/754/212
f 1199/721/265 1198/720/265 1232/754/212
f 1233/755/237 1234/756/238 1235/757/238
f 1236/758/237 1233/755/237 1235/757/238
f 1237/759/55 1233/755/237 1236/758/237
f 1238/760/55 1237/759/55 1236/758/237
f 1239/761/235 1237/759/55 1238/760/55
f 1240/762/235 1239/761/235 1238/760/55
f 1241/763/236 1239/761/235 1240/762/235
f 1242/764/236 1241/763/236 1240/762/235
f 1243/765/250 1241/763/236 1242/764/236
f 1244/766/250 1243/765/250 1242/764/236
f 1245/767/249 1243/765/250 1244/766/250
f 1246/768/249 1245/767/249 1244/766/250
f 1247/769/248 1245/767/249 1246/768/249
f 1248/770/248 1247/769/248 1246/768/249
f 1249/771/409 1247/769/248 1248/770/248
f 1250/772/409 1249/771/409 1248/770/248
f 1216/738/246 1249/771/409 1250/772/409
f 1217/739/246 1216/738/246 1250/772/409
f 1251/773/228 1252/774/229 1253/775/229
f 1254/776/228 1251/773/228 1253/775/229
f 1255/777/227 1251/773/228 1254/776/228
f 1256/778/227 1255/777/227 1254/776/228
f 1257/779/224 1255/777/227 1256/778/227
f 1258/780/224 1257/779/224 1256/778/227
f 1259/781/225 1257/779/224 1258/780/224
f 1260/782/225 1259/781/225 1258/780/224
f 1261/783/242 1259/781/225 1260/782/225
f 1262/784/242 1261/783/242 1260/782/225
f 1263/785/410 1261/783/242 1262/784/242
f 1264/786/410 1263/785/410 1262/784/242
f 1265/787/240 1263/785/410 1264/786/410
f 1266/788/240 1265/787/240 1264/786/410
f 1267/789/239 1265/787/240 1266/788/240
f 1268/790/239 1267/789/239 1266/788/240
f 1234/756/238 1267/789/239 1268/790/239
f 1235/757/238 1234/756/238 1268/790/239
f 1269/3/411 1270/2/412 1271/416/411
f 1272/417/411 1269/3/411 1271/416/411
f 1273/791/413 1274/792/413 1275/793/413
f 1276/794/413 1273/791/413 1275/793/413
f 1273/791/413 1276/794/413 1277/795/413
f 1278/796/413 1273/791/413 1277/795/413
f 1279/797/414 1280/798/414 1281/799/182
f 1282/679/182 1279/797/414 1281/799/182
f 1283/676/415 1282/679/182 1281/799/182
f 1284/800/182 1283/676/415 1281/799/182
f 1285/801/182 1284/800/182 1281/799/182
f 1286/551/182 1285/801/182 1281/799/182
f 1287/552/182 1286/551/182 1281/799/182
f 1288/802/414 1287/552/182 1281/799/182
f 1289/803/414 1288/802/414 1281/799/182
f 1290/801/416 1291/804/416 1292/805/417
f 1293/800/417 1290/801/416 1292/805/417
f 1294/806/418 1295/807/418 1296/808/418
f 1297/809/418 1294/806/418 1296/808/418
f 1298/547/265 1299/548/211 1300/549/266
f 1301/550/265 1298/547/265 1300/549/266
f 1302/810/419 1303/549/419 1304/548/419
f 1305/811/419 1302/810/419 1304/548/419
f 1306/520/420 1307/521/421 1308/522/422
f 1309/523/421 1306/520/420 1308/522/422
f 1310/804/423 1311/801/423 1312/551/424
f 1313/554/423 1310/804/423 1312/551/424
f 1314/809/76 1315/808/76 1316/812/76
f 1317/813/76 1314/809/76 1316/812/76
f 1318/814/76 1317/813/76 1316/812/76
f 1319/815/76 1317/813/76 1318/814/76
f 1320/816/76 1319/815/76 1318/814/76
f 1319/815/76 1320/816/76 1321/817/76
f 1322/818/76 1319/815/76 1321/817/76
f 1322/818/76 1321/817/76 1323/819/76
f 1324/528/76 1322/818/76 1323/819/76
f 1325/529/76 1324/528/76 1323/819/76
f 1326/820/76 1325/529/76 1323/819/76
f 1325/529/76 1326/820/76 1327/821/76
f 1328/530/76 1325/529/76 1327/821/76
f 1329/822/76 1328/530/76 1327/821/76
f 1330/823/76 1329/822/76 1327/821/76
f 1329/822/76 1330/823/76 1331/824/76
f 1332/825/76 1329/822/76 1331/824/76
f 1333/826/76 1332/825/76 1331/824/76
f 1334/827/76 1333/826/76 1331/824/76
f 1333/826/76 1334/827/76 1335/828/76
f 1336/829/76 1333/826/76 1335/828/76
f 1337/830/76 1336/829/76 1335/828/76
f 1338/831/76 1337/830/76 1335/828/76
f 1337/830/76 1338/831/76 1339/832/76
f 1340/833/76 1337/830/76 1339/832/76
f 1340/833/76 1339/832/76 1341/834/76
f 1342/835/76 1340/833/76 1341/834/76
f 1343/836/76 1342/835/76 1341/834/76
f 1344/837/76 1343/836/76 1341/834/76
f 1345/838/76 1343/836/76 1344/837/76
f 1346/839/76 1345/838/76 1344/837/76
f 1347/840/76 1345/838/76 1346/839/76
f 1348/841/76 1347/840/76 1346/839/76
f 1347/840/76 1348/841/76 1349/842/76
f 1350/843/76 1347/840/76 1349/842/76
f 1351/844/76 1350/843/76 1349/842/76
f 1352/845/76 1351/844/76 1349/842/76
f 1351/844/76 1352/845/76 1353/846/76
f 1354/847/76 1351/844/76 1353/846/76
f 1355/848/76 1354/847/76 1353/846/76
f 1356/849/76 1355/848/76 1353/846/76
f 1355/848/76 1356/849/76 1357/850/76
f 1358/851/76 1355/848/76 1357/850/76
f 1359/852/76 1358/851/76 1357/850/76
f 1360/853/76 1359/852/76 1357/850/76
f 1359/852/76 1360/853/76 1361/854/76
f 1362/855/76 1359/852/76 1361/854/76
f 1363/856/76 1362/855/76 1361/854/76
f 1364/857/76 1363/856/76 1361/854/76
f 1365/793/76 1363/856/76 1364/857/76
f 1366/858/76 1365/793/76 1364/857/76
f 1367/794/76 1365/793/76 1366/858/76
f 1368/859/76 1367/794/76 1366/858/76
f 1369/795/76 1367/794/76 1368/859/76
f 1370/860/76 1369/795/76 1368/859/76
f 1369/795/76 1370/860/76 1371/861/76
f 1372/862/76 1369/795/76 1371/861/76
f 1372/862/76 1371/861/76 1373/863/76
f 1374/864/76 1372/862/76 1373/863/76
f 1375/865/76 1374/864/76 1373/863/76
f 1376/866/76 1375/865/76 1373/863/76
f 1377/867/76 1375/865/76 1376/866/76
f 1378/868/76 1377/867/76 1376/866/76
f 1377/867/76 1378/868/76 1379/869/76
f 1380/870/76 1377/867/76 1379/869/76
f 1380/870/76 1379/869/76 1381/871/76
f 1382/872/76 1380/870/76 1381/871/76
f 1382/872/76 1381/871/76 1383/873/76
f 1384/874/76 1382/872/76 1383/873/76
f 1384/874/76 1383/873/76 1385/875/76
f 1386/876/76 1384/874/76 1385/875/76
f 1386/876/76 1385/875/76 1387/877/76
f 1388/670/76 1386/876/76 1387/877/76
f 1389/671/76 1388/670/76 1387/877/76
f 1390/878/76 1389/671/76 1387/877/76
f 1391/673/76 1389/671/76 1390/878/76
f 1392/879/76 1391/673/76 1390/878/76
f 1391/673/76 1392/879/76 1393/880/76
f 1394/675/76 1391/673/76 1393/880/76
f 1394/675/76 1393/880/76 1395/881/76
f 1396/882/76 1394/675/76 1395/881/76
f 1397/883/76 1396/882/76 1395/881/76
f 1398/884/76 1397/883/76 1395/881/76
f 1399/885/76 1397/883/76 1398/884/76
f 1400/886/76 1399/885/76 1398/884/76
f 1399/885/76 1400/886/76 1401/887/76
f 1315/808/76 1399/885/76 1401/887/76
f 1315/808/76 1401/887/76 1316/812/76
f 1402/413/182 1403/412/182 1404/516/182
f 1405/543/182 1402/413/182 1404/516/182
f 1404/516/182 1406/680/182 1405/543/182
f 1407/2/182 1405/543/182 1408/622/182
f 1409/416/182 1407/2/182 1408/622/182
f 1410/418/249 1411/419/250 1412/420/250
f 1413/421/249 1410/418/249 1412/420/250
f 1414/422/248 1410/418/249 1413/421/249
f 1415/423/248 1414/422/248 1413/421/249
f 1416/424/247 1414/422/248 1415/423/248
f 1417/425/247 1416/424/247 1415/423/248
f 1418/426/246 1416/424/247 1417/425/247
f 1419/427/246 1418/426/246 1417/425/247
f 1420/428/245 1418/426/246 1419/427/246
f 1421/429/245 1420/428/245 1419/427/246
f 1422/430/244 1420/428/245 1421/429/245
f 1423/431/244 1422/430/244 1421/429/245
f 1424/432/243 1422/430/244 1423/431/244
f 1425/433/243 1424/432/243 1423/431/244
f 1426/434/182 1424/432/243 1425/433/243
f 1427/435/182 1426/434/182 1425/433/243
f 1428/436/241 1429/437/242 1430/438/242
f 1431/439/241 1428/436/241 1430/438/242
f 1432/440/240 1428/436/241 1431/439/241
f 1433/441/425 1432/440/240 1431/439/241
f 1434/442/239 1432/440/240 1433/441/425
f 1435/443/239 1434/442/239 1433/441/425
f 1436/444/238 1434/442/239 1435/443/239
f 1437/445/238 1436/444/238 1435/443/239
f 1438/446/237 1436/444/238 1437/445/238
f 1439/447/237 1438/446/237 1437/445/238
f 1440/448/55 1438/446/237 1439/447/237
f 1441/449/55 1440/448/55 1439/447/237
f 1442/450/235 1440/448/55 1441/449/55
f 1443/451/235 1442/450/235 1441/449/55
f 1444/452/236 1442/450/235 1443/451/235
f 1445/453/236 1444/452/236 1443/451/235
f 1411/419/250 1444/452/236 1445/453/236
f 1412/420/250 1411/419/250 1445/453/236
f 1446/454/232 1447/455/234 1448/456/233
f 1449/457/232 1446/454/232 1448/456/233
f 1450/458/231 1446/454/232 1449/457/232
f 1451/459/231 1450/458/231 1449/457/232
f 1452/460/230 1450/458/231 1451/459/231
f 1453/461/230 1452/460/230 1451/459/231
f 1454/462/229 1452/460/230 1453/461/230
f 1455/463/229 1454/462/229 1453/461/230
f 1456/464/228 1454/462/229 1455/463/229
f 1457/465/228 1456/464/228 1455/463/229
f 1458/466/227 1456/464/228 1457/465/228
f 1459/467/227 1458/466/227 1457/465/228
f 1460/468/224 1458/466/227 1459/467/227
f 1461/469/224 1460/468/224 1459/467/227
f 1462/470/226 1460/468/224 1461/469/224
f 1463/471/225 1462/470/226 1461/469/224
f 1429/437/242 1462/470/226 1463/471/225
f 1430/438/242 1429/437/242 1463/471/225
f 1464/472/222 1465/473/223 1466/474/223
f 1467/475/222 1464/472/222 1466/474/223
f 1468/476/69 1464/472/222 1467/475/222
f 1469/477/69 1468/476/69 1467/475/222
f 1470/478/221 1468/476/69 1469/477/69
f 1471/479/221 1470/478/221 1469/477/69
f 1472/480/220 1470/478/221 1471/479/221
f 1473/481/220 1472/480/220 1471/479/221
f 1474/482/219 1472/480/220 1473/481/220
f 1475/483/219 1474/482/219 1473/481/220
f 1476/484/218 1474/482/219 1475/483/219
f 1477/485/218 1476/484/218 1475/483/219
f 1478/486/216 1476/484/218 1477/485/218
f 1479/487/216 1478/486/216 1477/485/218
f 1480/488/217 1478/486/216 1479/487/216
f 1481/489/217 1480/488/217 1479/487/216
f 1447/455/234 1480/488/217 1481/489/217
f 1448/456/233 1447/455/234 1481/489/217
f 1482/490/215 1483/491/182 1484/492/182
f 1485/493/215 1482/490/215 1484/492/182
f 1486/494/214 1482/490/215 1485/493/215
f 1487/495/214 1486/494/214 1485/493/215
f 1488/496/213 1486/494/214 1487/495/214
f 1489/497/213 1488/496/213 1487/495/214
f 1490/498/212 1488/496/213 1489/497/213
f 1491/499/212 1490/498/212 1489/497/213
f 1492/500/211 1490/498/212 1491/499/212
f 1493/501/211 1492/500/211 1491/499/212
f 1494/502/210 1492/500/211 1493/501/211
f 1495/503/210 1494/502/210 1493/501/211
f 1496/504/209 1494/502/210 1495/503/210
f 1497/505/209 1496/504/209 1495/503/210
f 1498/506/208 1496/504/209 1497/505/209
f 1499/507/208 1498/506/208 1497/505/209
f 1465/473/223 1498/506/208 1499/507/208
f 1466/474/223 1465/473/223 1499/507/208
f 1500/508/426 1501/511/427 1502/510/426
f 1503/509/426 1500/508/426 1502/510/426
f 1504/520/428 1505/521/87 1506/522/87
f 1507/523/87 1504/520/428 1506/522/87
f 1508/401/166 1509/402/166 1510/403/166
f 1511/404/166 1508/401/166 1510/403/166
f 1512/512/429 1513/515/429 1514/514/430
f 1515/513/429 1512/512/429 1514/514/430
f 1516/415/431 1517/412/432 1518/516/433
f 1519/517/432 1516/415/431 1518/516/433
f 1520/518/262 1521/519/262 1522/509/262
f 1523/510/262 1520/518/262 1522/509/262
f 1524/379/434 1525/378/434 1526/377/434
f 1527/380/434 1524/379/434 1526/377/434
f 1528/386/258 1529/387/258 1530/384/258
f 1531/385/258 1528/386/258 1530/384/258
f 1532/417/435 1533/623/435 1534/622/435
f 1535/416/436 1532/417/435 1534/622/435
f 1536/524/237 1537/512/237 1538/513/237
f 1539/525/257 1536/524/237 1538/513/237
f 1540/524/437 1541/512/437 1542/513/437
f 1543/525/437 1540/524/437 1542/513/437
f 1544/370/173 1545/371/173 1546/372/173
f 1547/373/173 1544/370/173 1546/372/173
f 1548/381/284 1549/362/284 1550/382/284
f 1551/383/284 1548/381/284 1550/382/284
f 1552/366/180 1553/367/180 1554/368/199
f 1555/369/180 1552/366/180 1554/368/199
f 1556/509/438 1557/510/438 1558/518/439
f 1559/519/438 1556/509/438 1558/518/439
f 1560/516/440 1561/517/441 1562/415/441
f 1563/412/441 1560/516/440 1562/415/441
f 1564/514/442 1565/513/442 1566/512/442
f 1567/515/442 1564/514/442 1566/512/442
f 1568/510/443 1569/509/443 1570/508/443
f 1571/511/443 1568/510/443 1570/508/443
f 1572/571/444 1573/381/444 1574/572/445
f 1572/571/444 1575/570/446 1573/381/444
f 1575/570/446 1576/405/447 1573/381/444
f 1576/405/447 1575/570/446 1577/569/448
f 1578/406/449 1576/405/447 1577/569/448
f 1579/407/450 1578/406/449 1577/569/448
f 1580/568/451 1579/407/450 1577/569/448
f 1581/384/452 1579/407/450 1580/568/451
f 1582/566/453 1581/384/452 1580/568/451
f 1583/567/452 1581/384/452 1582/566/453
f 1584/888/414 1585/889/414 1586/890/182
f 1587/891/182 1584/888/414 1586/890/182
f 1588/547/182 1587/891/182 1586/890/182
f 1589/548/182 1588/547/182 1586/890/182
f 1590/811/182 1589/548/182 1586/890/182
f 1591/892/182 1590/811/182 1586/890/182
f 1592/893/182 1591/892/182 1586/890/182
f 1593/894/414 1592/893/182 1586/890/182
f 1594/895/414 1593/894/414 1586/890/182
f 1595/362/179 1596/363/179 1597/364/179
f 1598/365/454 1595/362/179 1597/364/179
f 1599/543/455 1600/413/455 1601/544/456
f 1602/545/457 1599/543/455 1601/544/456
f 1599/543/455 1602/545/457 1603/1/456
f 1604/2/455 1599/543/455 1603/1/456
f 1605/516/458 1606/695/459 1607/694/460
f 1608/680/460 1605/516/458 1607/694/460
f 1608/680/460 1607/694/460 1609/696/461
f 1610/681/462 1608/680/460 1609/696/461
f 1611/697/462 1610/681/462 1609/696/461
f 1610/681/462 1611/697/462 1612/698/463
f 1613/682/464 1610/681/462 1612/698/463
f 1614/699/464 1613/682/464 1612/698/463
f 1613/682/464 1614/699/464 1615/700/465
f 1616/622/466 1613/682/464 1615/700/465
f 1617/508/467 1618/687/468 1619/688/469
f 1620/684/469 1617/508/467 1619/688/469
f 1620/684/469 1619/688/469 1621/689/470
f 1622/685/471 1620/684/469 1621/689/470
f 1623/690/472 1622/685/471 1621/689/470
f 1622/685/471 1623/690/472 1624/691/473
f 1625/686/474 1622/685/471 1624/691/473
f 1626/692/475 1625/686/474 1624/691/473
f 1625/686/474 1626/692/475 1627/514/476
f 1626/692/475 1628/693/477 1627/514/476
f 1629/3/411 1630/417/411 1631/416/411
f 1632/2/412 1629/3/411 1631/416/411
f 1633/896/478 1634/836/478 1635/838/478
f 1636/897/478 1633/896/478 1635/838/478
f 1637/898/479 1638/851/479 1639/852/479
f 1640/899/479 1637/898/479 1639/852/479
f 1641/362/480 1642/381/480 1643/363/229
f 1644/405/229 1643/363/229 1642/381/480
f 1645/406/229 1643/363/229 1644/405/229
f 1646/407/229 1643/363/229 1645/406/229
f 1643/363/229 1646/407/229 1647/384/229
f 1643/363/229 1647/384/229 1648/387/229
f 1649/544/481 1650/414/481 1651/413/481
f 1652/535/210 1653/536/271 1654/537/482
f 1655/538/272 1652/535/210 1654/537/482
f 1656/410/178 1657/411/178 1658/388/178
f 1659/369/178 1656/410/178 1658/388/178
f 1660/622/483 1661/416/484 1662/417/484
f 1663/623/484 1660/622/483 1662/417/484
f 1664/563/485 1665/370/485 1666/564/486
f 1665/370/485 1664/563/485 1667/562/487
f 1668/561/488 1665/370/485 1667/562/487
f 1667/562/487 1669/559/489 1668/561/488
f 1669/559/489 1670/560/490 1668/561/488
f 1671/558/491 1670/560/490 1669/559/489
f 1672/557/492 1671/558/491 1669/559/489
f 1671/558/491 1672/557/492 1673/401/493
f 1672/557/492 1674/556/494 1673/401/493
f 1675/555/493 1673/401/493 1674/556/494
f 1676/1/495 1677/2/495 1678/3/495
f 1679/577/76 1680/578/76 1681/579/76
f 1682/580/76 1679/577/76 1681/579/76
f 1683/581/76 1682/580/76 1681/579/76
f 1684/582/76 1683/581/76 1681/579/76
f 1685/583/76 1684/582/76 1681/579/76
f 1686/584/76 1685/583/76 1681/579/76
f 1687/585/76 1688/586/76 1681/579/76
f 1689/587/76 1687/585/76 1681/579/76
f 1690/588/76 1689/587/76 1681/579/76
f 1691/589/76 1690/588/76 1681/579/76
f 1692/590/76 1691/589/76 1681/579/76
f 1693/591/76 1692/590/76 1681/579/76
f 1694/592/76 1693/591/76 1681/579/76
f 1695/593/76 1694/592/76 1681/579/76
f 1696/594/76 1695/593/76 1681/579/76
f 1697/595/76 1696/594/76 1681/579/76
f 1698/596/76 1697/595/76 1681/579/76
f 1699/597/76 1698/596/76 1681/579/76
f 1700/598/76 1699/597/76 1681/579/76
f 1701/599/76 1700/598/76 1681/579/76
f 1702/600/76 1701/599/76 1681/579/76
f 1703/601/76 1702/600/76 1681/579/76
f 1704/602/76 1703/601/76 1681/579/76
f 1680/578/76 1704/602/76 1681/579/76
f 1705/603/76 1706/604/76 1681/579/76
f 1707/605/76 1705/603/76 1681/579/76
f 1708/606/76 1707/605/76 1681/579/76
f 1709/607/76 1708/606/76 1681/579/76
f 1710/608/76 1709/607/76 1681/579/76
f 1711/609/76 1710/608/76 1681/579/76
f 1712/610/76 1711/609/76 1681/579/76
f 1713/611/76 1712/610/76 1681/579/76
f 1714/612/76 1713/611/76 1681/579/76
f 1715/613/76 1714/612/76 1681/579/76
f 1716/614/76 1715/613/76 1681/579/76
f 1717/615/76 1716/614/76 1681/579/76
f 1718/616/76 1717/615/76 1681/579/76
f 1719/617/76 1718/616/76 1681/579/76
f 1720/618/76 1719/617/76 1681/579/76
f 1721/619/76 1720/618/76 1681/579/76
f 1722/620/76 1721/619/76 1681/579/76
f 1688/586/76 1722/620/76 1681/579/76
f 1723/900/62 1724/901/62 1725/902/62
f 1726/538/62 1723/900/62 1725/902/62
f 1727/535/62 1726/538/62 1725/902/62
f 1728/575/496 1727/535/62 1725/902/62
f 1729/576/497 1728/575/496 1725/902/62
f 1730/903/62 1729/576/497 1725/902/62
f 1731/904/62 1730/903/62 1725/902/62
f 1732/905/62 1731/904/62 1725/902/62
f 1733/906/62 1732/905/62 1725/902/62
f 1734/903/341 1735/904/341 1736/907/498
f 1737/908/341 1734/903/341 1736/907/498
f 1738/624/499 1739/625/500 1740/618/499
f 1738/624/499 1740/618/499 1741/619/501
f 1742/626/501 1738/624/499 1741/619/501
f 1742/626/501 1741/619/501 1743/620/502
f 1744/627/502 1742/626/501 1743/620/502
f 1744/627/502 1743/620/502 1745/586/503
f 1746/628/503 1744/627/502 1745/586/503
f 1746/628/503 1745/586/503 1747/585/504
f 1748/629/504 1746/628/503 1747/585/504
f 1748/629/504 1747/585/504 1749/587/505
f 1750/630/505 1748/629/504 1749/587/505
f 1751/631/506 1750/630/505 1749/587/505
f 1752/588/506 1751/631/506 1749/587/505
f 1753/632/507 1751/631/506 1752/588/506
f 1754/589/507 1753/632/507 1752/588/506
f 1755/633/508 1753/632/507 1754/589/507
f 1756/590/508 1755/633/508 1754/589/507
f 1757/634/509 1755/633/508 1756/590/508
f 1758/591/509 1757/634/509 1756/590/508
f 1757/634/509 1758/591/509 1759/592/510
f 1760/635/510 1757/634/509 1759/592/510
f 1760/635/510 1759/592/510 1761/593/511
f 1762/636/511 1760/635/510 1761/593/511
f 1762/636/511 1761/593/511 1763/594/512
f 1764/637/512 1762/636/511 1763/594/512
f 1764/637/512 1763/594/512 1765/595/513
f 1766/638/513 1764/637/512 1765/595/513
f 1766/638/513 1765/595/513 1767/596/514
f 1768/639/514 1766/638/513 1767/596/514
f 1769/640/515 1768/639/514 1767/596/514
f 1770/597/515 1769/640/515 1767/596/514
f 1771/641/516 1769/640/515 1770/597/515
f 1772/598/516 1771/641/516 1770/597/515
f 1773/642/517 1771/641/516 1772/598/516
f 1774/599/517 1773/642/517 1772/598/516
f 1775/643/518 1773/642/517 1774/599/517
f 1776/600/518 1775/643/518 1774/599/517
f 1777/644/519 1775/643/518 1776/600/518
f 1778/601/520 1777/644/519 1776/600/518
f 1779/645/521 1777/644/519 1778/601/520
f 1780/602/521 1779/645/521 1778/601/520
f 1779/645/521 1780/602/521 1781/578/522
f 1782/646/522 1779/645/521 1781/578/522
f 1782/646/522 1781/578/522 1783/577/523
f 1784/647/523 1782/646/522 1783/577/523
f 1785/648/524 1784/647/523 1783/577/523
f 1786/580/524 1785/648/524 1783/577/523
f 1787/649/525 1785/648/524 1786/580/524
f 1788/581/525 1787/649/525 1786/580/524
f 1789/650/526 1787/649/525 1788/581/525
f 1790/582/526 1789/650/526 1788/581/525
f 1791/651/527 1789/650/526 1790/582/526
f 1792/583/527 1791/651/527 1790/582/526
f 1793/652/528 1791/651/527 1792/583/527
f 1794/584/528 1793/652/528 1792/583/527
f 1795/653/529 1793/652/528 1794/584/528
f 1796/579/529 1795/653/529 1794/584/528
f 1797/654/530 1795/653/529 1796/579/529
f 1798/604/530 1797/654/530 1796/579/529
f 1799/655/531 1797/654/530 1798/604/530
f 1800/603/531 1799/655/531 1798/604/530
f 1801/656/532 1799/655/531 1800/603/531
f 1802/605/533 1801/656/532 1800/603/531
f 1801/656/532 1802/605/533 1803/606/534
f 1804/657/534 1801/656/532 1803/606/534
f 1804/657/534 1803/606/534 1805/607/535
f 1806/658/535 1804/657/534 1805/607/535
f 1807/659/536 1806/658/535 1805/607/535
f 1808/608/536 1807/659/536 1805/607/535
f 1809/660/537 1807/659/536 1808/608/536
f 1810/609/537 1809/660/537 1808/608/536
f 1811/661/538 1809/660/537 1810/609/537
f 1812/610/538 1811/661/538 1810/609/537
f 1813/662/539 1811/661/538 1812/610/538
f 1814/611/539 1813/662/539 1812/610/538
f 1815/663/540 1813/662/539 1814/611/539
f 1816/612/540 1815/663/540 1814/611/539
f 1815/663/540 1816/612/540 1817/613/541
f 1818/664/541 1815/663/540 1817/613/541
f 1818/664/541 1817/613/541 1819/614/542
f 1820/665/542 1818/664/541 1819/614/542
f 1821/666/543 1820/665/542 1819/614/542
f 1822/615/543 1821/666/543 1819/614/542
f 1823/667/544 1821/666/543 1822/615/543
f 1824/616/545 1823/667/544 1822/615/543
f 1823/667/544 1824/616/545 1825/617/546
f 1739/625/500 1823/667/544 1825/617/546
f 1739/625/500 1825/617/546 1740/618/499
f 1826/573/248 1827/576/547 1828/903/248
f 1829/908/248 1826/573/248 1828/903/248
f 1830/574/366 1831/536/366 1832/535/367
f 1833/575/366 1830/574/366 1832/535/367
f 1834/909/248 1835/540/248 1836/539/248
f 1837/910/248 1834/909/248 1836/539/248
f 1838/668/548 1839/669/548 1840/670/548
f 1841/671/548 1838/668/548 1840/670/548
f 1842/672/548 1838/668/548 1841/671/548
f 1843/673/548 1842/672/548 1841/671/548
f 1844/674/548 1842/672/548 1843/673/548
f 1845/675/548 1844/674/548 1843/673/548
f 1846/371/181 1847/374/181 1848/375/181
f 1849/376/181 1846/371/181 1848/375/181
f 1850/226/76 1851/224/76 1852/225/76
f 1850/226/76 1852/225/76 1853/227/76
f 1854/228/76 1850/226/76 1853/227/76
f 1854/228/76 1853/227/76 1855/229/76
f 1856/230/76 1854/228/76 1855/229/76
f 1856/230/76 1855/229/76 1857/231/76
f 1858/232/76 1856/230/76 1857/231/76
f 1858/232/76 1857/231/76 1859/233/76
f 1860/234/76 1858/232/76 1859/233/76
f 1860/234/76 1859/233/76 1861/235/76
f 1862/111/76 1860/234/76 1861/235/76
f 1862/111/76 1861/235/76 1863/112/76
f 1864/110/76 1862/111/76 1863/112/76
f 1864/110/76 1863/112/76 1865/113/76
f 1866/114/76 1864/110/76 1865/113/76
f 1867/115/76 1866/114/76 1865/113/76
f 1868/116/76 1867/115/76 1865/113/76
f 1869/117/76 1867/115/76 1868/116/76
f 1870/118/76 1869/117/76 1868/116/76
f 1871/119/76 1869/117/76 1870/118/76
f 1872/120/76 1871/119/76 1870/118/76
f 1873/121/76 1871/119/76 1872/120/76
f 1874/122/76 1873/121/76 1872/120/76
f 1875/123/76 1873/121/76 1874/122/76
f 1876/124/76 1875/123/76 1874/122/76
f 1877/125/76 1875/123/76 1876/124/76
f 1878/126/76 1877/125/76 1876/124/76
f 1879/127/76 1877/125/76 1878/126/76
f 1880/94/76 1879/127/76 1878/126/76
f 1881/93/76 1879/127/76 1880/94/76
f 1882/92/76 1881/93/76 1880/94/76
f 1883/95/76 1881/93/76 1882/92/76
f 1884/96/76 1883/95/76 1882/92/76
f 1885/97/76 1883/95/76 1884/96/76
f 1886/98/76 1885/97/76 1884/96/76
f 1887/99/76 1885/97/76 1886/98/76
f 1888/100/76 1887/99/76 1886/98/76
f 1889/101/76 1887/99/76 1888/100/76
f 1890/102/76 1889/101/76 1888/100/76
f 1891/103/76 1889/101/76 1890/102/76
f 1892/104/76 1891/103/76 1890/102/76
f 1893/105/76 1891/103/76 1892/104/76
f 1894/106/76 1893/105/76 1892/104/76
f 1895/107/76 1893/105/76 1894/106/76
f 1896/108/76 1895/107/76 1894/106/76
f 1897/109/76 1895/107/76 1896/108/76
f 1898/298/76 1897/109/76 1896/108/76
f 1899/299/76 1897/109/76 1898/298/76
f 1900/300/76 1899/299/76 1898/298/76
f 1901/301/76 1899/299/76 1900/300/76
f 1902/302/76 1901/301/76 1900/300/76
f 1903/303/76 1901/301/76 1902/302/76
f 1904/304/76 1903/303/76 1902/302/76
f 1905/305/76 1903/303/76 1904/304/76
f 1906/306/76 1905/305/76 1904/304/76
f 1907/307/76 1905/305/76 1906/306/76
f 1908/308/76 1907/307/76 1906/306/76
f 1909/309/76 1907/307/76 1908/308/76
f 1910/310/76 1909/309/76 1908/308/76
f 1909/309/76 1910/310/76 1911/311/76
f 1912/312/76 1909/309/76 1911/311/76
f 1912/312/76 1911/311/76 1913/313/76
f 1914/237/76 1912/312/76 1913/313/76
f 1914/237/76 1913/313/76 1915/238/76
f 1916/236/76 1914/237/76 1915/238/76
f 1916/236/76 1915/238/76 1917/239/76
f 1918/240/76 1916/236/76 1917/239/76
f 1918/240/76 1917/239/76 1919/241/76
f 1920/242/76 1918/240/76 1919/241/76
f 1920/242/76 1919/241/76 1921/243/76
f 1922/244/76 1920/242/76 1921/243/76
f 1922/244/76 1921/243/76 1923/245/76
f 1924/246/76 1922/244/76 1923/245/76
f 1924/246/76 1923/245/76 1925/247/76
f 1926/248/76 1924/246/76 1925/247/76
f 1926/248/76 1925/247/76 1927/249/76
f 1928/250/76 1926/248/76 1927/249/76
f 1928/250/76 1927/249/76 1929/251/76
f 1930/252/76 1928/250/76 1929/251/76
f 1930/252/76 1929/251/76 1931/253/76
f 1932/219/76 1930/252/76 1931/253/76
f 1932/219/76 1931/253/76 1933/220/76
f 1934/218/76 1932/219/76 1933/220/76
f 1934/218/76 1933/220/76 1935/221/76
f 1936/222/76 1934/218/76 1935/221/76
f 1936/222/76 1935/221/76 1937/223/76
f 1851/224/76 1936/222/76 1937/223/76
f 1851/224/76 1937/223/76 1852/225/76
f 1938/370/69 1939/374/69 1940/371/69
f 1939/374/69 1938/370/69 1941/561/69
f 1939/374/69 1941/561/69 1942/560/69
f 1939/374/69 1942/560/69 1943/558/69
f 1944/401/69 1939/374/69 1943/558/69
f 1944/401/69 1945/404/69 1939/374/69
f 1946/531/549 1947/530/549 1948/822/550
f 1949/911/549 1946/531/549 1948/822/550
f 1950/912/549 1949/911/549 1948/822/550
f 1951/825/549 1950/912/549 1948/822/550
f 1952/913/551 1953/806/551 1954/809/551
f 1955/813/552 1952/913/551 1954/809/551
f 1952/913/551 1955/813/552 1956/815/551
f 1957/914/551 1952/913/551 1956/815/551
f 1957/914/551 1956/815/551 1958/818/551
f 1959/915/551 1957/914/551 1958/818/551
f 1960/805/341 1961/677/341 1962/676/498
f 1963/800/341 1960/805/341 1962/676/498
f 1964/3/205 1965/417/204 1966/416/204
f 1967/2/205 1964/3/205 1966/416/204
f 1968/577/69 1969/578/69 1970/579/69
f 1971/580/69 1968/577/69 1970/579/69
f 1972/581/69 1971/580/69 1970/579/69
f 1973/582/69 1972/581/69 1970/579/69
f 1974/583/69 1973/582/69 1970/579/69
f 1975/584/69 1974/583/69 1970/579/69
f 1976/585/69 1977/586/69 1970/579/69
f 1978/587/69 1976/585/69 1970/579/69
f 1979/588/69 1978/587/69 1970/579/69
f 1980/589/69 1979/588/69 1970/579/69
f 1981/590/69 1980/589/69 1970/579/69
f 1982/591/69 1981/590/69 1970/579/69
f 1983/592/69 1982/591/69 1970/579/69
f 1984/593/69 1983/592/69 1970/579/69
f 1985/594/69 1984/593/69 1970/579/69
f 1986/595/69 1985/594/69 1970/579/69
f 1987/596/69 1986/595/69 1970/579/69
f 1988/597/69 1987/596/69 1970/579/69
f 1989/598/69 1988/597/69 1970/579/69
f 1990/599/69 1989/598/69 1970/579/69
f 1991/600/69 1990/599/69 1970/579/69
f 1992/601/69 1991/600/69 1970/579/69
f 1993/602/69 1992/601/69 1970/579/69
f 1969/578/69 1993/602/69 1970/579/69
f 1994/603/69 1995/604/69 1970/579/69
f 1996/605/69 1994/603/69 1970/579/69
f 1997/606/69 1996/605/69 1970/579/69
f 1998/607/69 1997/606/69 1970/579/69
f 1999/608/69 1998/607/69 1970/579/69
f 2000/609/69 1999/608/69 1970/579/69
f 2001/610/69 2000/609/69 1970/579/69
f 2002/611/69 2001/610/69 1970/579/69
f 2003/612/69 2002/611/69 1970/579/69
f 2004/613/69 2003/612/69 1970/579/69
f 2005/614/69 2004/613/69 1970/579/69
f 2006/615/69 2005/614/69 1970/579/69
f 2007/616/69 2006/615/69 1970/579/69
f 2008/617/69 2007/616/69 1970/579/69
f 2009/618/69 2008/617/69 1970/579/69
f 2010/619/69 2009/618/69 1970/579/69
f 2011/620/69 2010/619/69 1970/579/69
f 1977/586/69 2011/620/69 1970/579/69
f 2012/916/553 2013/855/553 2014/856/553
f 2015/917/553 2012/916/553 2014/856/553
f 2015/917/553 2014/856/553 2016/793/553
f 2017/792/553 2015/917/553 2016/793/553
f 2018/791/553 2017/792/553 2016/793/553
f 2019/794/553 2018/791/553 2016/793/553
f 2020/526/554 2021/527/554 2022/528/554
f 2023/529/554 2020/526/554 2022/528/554
f 2024/535/241 2025/536/410 2026/537/555
f 2027/538/410 2024/535/241 2026/537/555
f 2028/547/341 2029/550/341 2030/918/498
f 2031/891/341 2028/547/341 2030/918/498
f 2032/892/556 2033/919/557 2034/810/557
f 2035/811/557 2032/892/556 2034/810/557
f 2036/892/406 2037/893/406 2038/920/406
f 2039/919/216 2036/892/406 2038/920/406
f 2040/516/76 2041/412/76 2042/413/558
f 2043/543/76 2040/516/76 2042/413/558
f 2040/516/76 2043/543/76 2044/680/76
f 2045/681/76 2044/680/76 2043/543/76
f 2046/682/76 2045/681/76 2043/543/76
f 2047/622/76 2046/682/76 2043/543/76
f 2047/622/76 2043/543/76 2048/2/558
f 2049/416/76 2047/622/76 2048/2/558
f 2050/921/559 2051/826/559 2052/829/559
f 2053/922/559 2050/921/559 2052/829/559
f 2053/922/559 2052/829/559 2054/830/559
f 2055/923/559 2053/922/559 2054/830/559
f 2056/520/341 2057/521/341 2058/522/498
f 2059/523/341 2056/520/341 2058/522/498
f 2060/924/560 2061/925/560 2062/874/560
f 2063/876/560 2060/924/560 2062/874/560
f 2064/669/560 2060/924/560 2063/876/560
f 2065/670/560 2064/669/560 2063/876/560
f 2066/926/561 2067/927/562 2068/870/562
f 2069/872/561 2066/926/561 2068/870/562
f 2070/925/561 2066/926/561 2069/872/561
f 2071/874/561 2070/925/561 2069/872/561
f 2072/522/410 2073/533/410 2074/534/563
f 2075/523/241 2072/522/410 2074/534/563
f 2076/539/557 2077/540/557 2078/541/556
f 2079/542/557 2076/539/557 2078/541/556
f 2080/551/557 2081/552/557 2082/553/556
f 2083/554/557 2080/551/557 2082/553/556
f 2084/676/406 2085/677/406 2086/678/407
f 2087/679/406 2084/676/406 2086/678/407
f 2088/910/564 2089/521/564 2090/520/564
f 2091/909/564 2088/910/564 2090/520/564
f 2092/800/565 2093/801/565 2094/804/565
f 2095/805/565 2092/800/565 2094/804/565
f 2096/547/410 2097/548/563 2098/549/563
f 2099/550/241 2096/547/410 2098/549/563
f 2100/510/566 2101/509/567 2102/508/568
f 2103/511/567 2100/510/566 2102/508/568
f 2104/574/569 2105/575/569 2106/576/570
f 2107/573/570 2104/574/569 2106/576/570
f 2108/792/571 2109/917/571 2110/856/571
f 2111/793/571 2108/792/571 2110/856/571
f 2112/791/571 2108/792/571 2111/793/571
f 2113/794/571 2112/791/571 2111/793/571
f 2114/806/572 2115/807/572 2116/808/572
f 2117/809/572 2114/806/572 2116/808/572
f 2118/913/572 2114/806/572 2117/809/572
f 2119/813/572 2118/913/572 2117/809/572
f 2120/912/573 2121/911/574 2122/822/573
f 2123/825/573 2120/912/573 2122/822/573
f 2124/921/573 2120/912/573 2123/825/573
f 2125/826/573 2124/921/573 2123/825/573
f 2126/903/364 2127/904/364 2128/907/364
f 2129/908/364 2126/903/364 2128/907/364
f 2130/573/407 2131/576/407 2132/903/406
f 2133/908/406 2130/573/407 2132/903/406
f 2134/574/557 2135/536/557 2136/535/556
f 2137/575/557 2134/574/557 2136/535/556
f 2138/909/216 2139/540/406 2140/539/406
f 2141/910/407 2138/909/216 2140/539/406
f 2142/805/364 2143/677/364 2144/676/575
f 2145/800/364 2142/805/364 2144/676/575
f 2146/516/576 2147/517/577 2148/415/578
f 2149/412/577 2146/516/576 2148/415/578
f 2150/508/579 2151/511/579 2152/510/579
f 2153/509/579 2150/508/579 2152/510/579
f 2154/672/580 2155/668/580 2156/671/580
f 2157/673/580 2154/672/580 2156/671/580
f 2158/674/580 2154/672/580 2157/673/580
f 2159/675/580 2158/674/580 2157/673/580
f 2158/674/580 2159/675/580 2160/882/580
f 2161/928/580 2158/674/580 2160/882/580
f 2162/923/581 2163/830/582 2164/833/583
f 2165/929/583 2162/923/581 2164/833/583
f 2165/929/583 2164/833/583 2166/835/583
f 2167/930/583 2165/929/583 2166/835/583
f 2168/514/584 2169/513/585 2170/512/585
f 2171/515/585 2168/514/584 2170/512/585
f 2172/512/586 2173/515/586 2174/514/587
f 2175/513/586 2172/512/586 2174/514/587
f 2176/415/588 2177/412/588 2178/516/589
f 2179/517/588 2176/415/588 2178/516/589
f 2180/518/152 2181/519/152 2182/509/152
f 2183/510/152 2180/518/152 2182/509/152
f 2184/509/590 2185/510/235 2186/518/590
f 2187/519/235 2184/509/590 2186/518/590
f 2188/524/165 2189/512/165 2190/513/591
f 2191/525/165 2188/524/165 2190/513/591
f 2192/547/364 2193/550/364 2194/918/364
f 2195/891/364 2192/547/364 2194/918/364
f 2196/910/592 2197/521/592 2198/520/592
f 2199/909/592 2196/910/592 2198/520/592
f 2200/804/210 2201/801/272 2202/551/271
f 2203/554/210 2200/804/210 2202/551/271
f 2204/810/593 2205/549/593 2206/548/593
f 2207/811/593 2204/810/593 2206/548/593
f 2208/804/241 2209/801/563 2210/551/410
f 2211/554/241 2208/804/241 2210/551/410
f 2212/809/229 2213/808/229 2214/812/229
f 2215/813/229 2212/809/229 2214/812/229
f 2216/814/229 2215/813/229 2214/812/229
f 2217/815/229 2215/813/229 2216/814/229
f 2218/816/229 2217/815/229 2216/814/229
f 2219/818/229 2217/815/229 2218/816/229
f 2220/817/229 2219/818/229 2218/816/229
f 2219/818/229 2220/817/229 2221/819/229
f 2222/528/229 2219/818/229 2221/819/229
f 2223/529/229 2222/528/229 2221/819/229
f 2224/820/229 2223/529/229 2221/819/229
f 2223/529/229 2224/820/229 2225/821/229
f 2226/530/229 2223/529/229 2225/821/229
f 2227/822/229 2226/530/229 2225/821/229
f 2228/823/229 2227/822/229 2225/821/229
f 2227/822/229 2228/823/229 2229/824/229
f 2230/825/229 2227/822/229 2229/824/229
f 2231/826/229 2230/825/229 2229/824/229
f 2232/827/229 2231/826/229 2229/824/229
f 2231/826/229 2232/827/229 2233/828/229
f 2234/829/229 2231/826/229 2233/828/229
f 2235/830/229 2234/829/229 2233/828/229
f 2236/831/229 2235/830/229 2233/828/229
f 2235/830/229 2236/831/229 2237/832/229
f 2238/833/229 2235/830/229 2237/832/229
f 2238/833/229 2237/832/229 2239/834/229
f 2240/835/229 2238/833/229 2239/834/229
f 2240/835/229 2239/834/229 2241/837/229
f 2242/836/229 2240/835/229 2241/837/229
f 2242/836/229 2241/837/229 2243/839/229
f 2244/838/229 2242/836/229 2243/839/229
f 2245/840/229 2244/838/229 2243/839/229
f 2246/841/229 2245/840/229 2243/839/229
f 2245/840/229 2246/841/229 2247/842/229
f 2248/843/229 2245/840/229 2247/842/229
f 2249/844/229 2248/843/229 2247/842/229
f 2250/845/229 2249/844/229 2247/842/229
f 2249/844/229 2250/845/229 2251/846/229
f 2252/847/229 2249/844/229 2251/846/229
f 2253/848/229 2252/847/229 2251/846/229
f 2254/849/229 2253/848/229 2251/846/229
f 2253/848/229 2254/849/229 2255/850/229
f 2256/851/229 2253/848/229 2255/850/229
f 2257/852/229 2256/851/229 2255/850/229
f 2258/853/229 2257/852/229 2255/850/229
f 2259/855/229 2257/852/229 2258/853/229
f 2260/854/229 2259/855/229 2258/853/229
f 2261/856/229 2259/855/229 2260/854/229
f 2262/857/229 2261/856/229 2260/854/229
f 2263/793/229 2261/856/229 2262/857/229
f 2264/858/229 2263/793/229 2262/857/229
f 2265/794/229 2263/793/229 2264/858/229
f 2266/859/229 2265/794/229 2264/858/229
f 2267/795/229 2265/794/229 2266/859/229
f 2268/860/229 2267/795/229 2266/859/229
f 2267/795/229 2268/860/229 2269/861/229
f 2270/862/229 2267/795/229 2269/861/229
f 2270/862/229 2269/861/229 2271/863/229
f 2272/864/229 2270/862/229 2271/863/229
f 2273/865/229 2272/864/229 2271/863/229
f 2274/866/229 2273/865/229 2271/863/229
f 2275/867/229 2273/865/229 2274/866/229
f 2276/868/229 2275/867/229 2274/866/229
f 2275/867/229 2276/868/229 2277/869/229
f 2278/870/229 2275/867/229 2277/869/229
f 2278/870/229 2277/869/229 2279/871/229
f 2280/872/229 2278/870/229 2279/871/229
f 2280/872/229 2279/871/229 2281/873/229
f 2282/874/229 2280/872/229 2281/873/229
f 2282/874/229 2281/873/229 2283/875/229
f 2284/876/229 2282/874/229 2283/875/229
f 2284/876/229 2283/875/229 2285/877/229
f 2286/670/229 2284/876/229 2285/877/229
f 2287/671/229 2286/670/229 2285/877/229
f 2288/878/229 2287/671/229 2285/877/229
f 2289/673/229 2287/671/229 2288/878/229
f 2290/879/229 2289/673/229 2288/878/229
f 2289/673/229 2290/879/229 2291/880/229
f 2292/675/229 2289/673/229 2291/880/229
f 2292/675/229 2291/880/229 2293/881/229
f 2294/882/229 2292/675/229 2293/881/229
f 2295/883/229 2294/882/229 2293/881/229
f 2296/884/229 2295/883/229 2293/881/229
f 2297/885/229 2295/883/229 2296/884/229
f 2298/886/229 2297/885/229 2296/884/229
f 2297/885/229 2298/886/229 2299/887/229
f 2213/808/229 2297/885/229 2299/887/229
f 2213/808/229 2299/887/229 2214/812/229
f 2300/930/594 2301/835/594 2302/836/594
f 2303/896/594 2300/930/594 2302/836/594
f 2303/896/594 2302/836/594 2304/838/594
f 2305/897/594 2303/896/594 2304/838/594
f 2306/543/181 2307/413/181 2308/544/181
f 2309/545/181 2306/543/181 2308/544/181
f 2306/543/181 2309/545/181 2310/1/181
f 2311/2/181 2306/543/181 2310/1/181
f 2312/544/173 2313/413/173 2314/543/173
f 2315/545/173 2312/544/173 2314/543/173
f 2316/1/173 2315/545/173 2314/543/173
f 2317/2/174 2316/1/173 2314/543/173
f 2318/418/595 2319/419/48 2320/420/48
f 2321/421/47 2318/418/595 2320/420/48
f 2322/422/352 2318/418/595 2321/421/47
f 2323/423/352 2322/422/352 2321/421/47
f 2324/424/50 2322/422/352 2323/423/352
f 2325/425/596 2324/424/50 2323/423/352
f 2326/426/51 2324/424/50 2325/425/596
f 2327/427/51 2326/426/51 2325/425/596
f 2328/428/52 2326/426/51 2327/427/51
f 2329/429/52 2328/428/52 2327/427/51
f 2330/430/53 2328/428/52 2329/429/52
f 2331/431/53 2330/430/53 2329/429/52
f 2332/432/151 2330/430/53 2331/431/53
f 2333/433/150 2332/432/151 2331/431/53
f 2334/434/55 2332/432/151 2333/433/150
f 2335/435/55 2334/434/55 2333/433/150
f 2336/436/56 2337/437/261 2338/438/261
f 2339/439/56 2336/436/56 2338/438/261
f 2340/440/58 2336/436/56 2339/439/56
f 2341/441/58 2340/440/58 2339/439/56
f 2342/442/59 2340/440/58 2341/441/58
f 2343/443/59 2342/442/59 2341/441/58
f 2344/444/60 2342/442/59 2343/443/59
f 2345/445/60 2344/444/60 2343/443/59
f 2346/446/597 2344/444/60 2345/445/60
f 2347/447/597 2346/446/597 2345/445/60
f 2348/448/62 2346/446/597 2347/447/597
f 2349/449/62 2348/448/62 2347/447/597
f 2350/450/143 2348/448/62 2349/449/62
f 2351/451/143 2350/450/143 2349/449/62
f 2352/452/64 2350/450/143 2351/451/143
f 2353/453/64 2352/452/64 2351/451/143
f 2319/419/48 2352/452/64 2353/453/64
f 2320/420/48 2319/419/48 2353/453/64
f 2354/454/65 2355/455/66 2356/456/66
f 2357/457/65 2354/454/65 2356/456/66
f 2358/458/67 2354/454/65 2357/457/65
f 2359/459/67 2358/458/67 2357/457/65
f 2360/460/68 2358/458/67 2359/459/67
f 2361/461/68 2360/460/68 2359/459/67
f 2362/462/69 2360/460/68 2361/461/68
f 2363/463/69 2362/462/69 2361/461/68
f 2364/464/70 2362/462/69 2363/463/69
f 2365/465/70 2364/464/70 2363/463/69
f 2366/466/71 2364/464/70 2365/465/70
f 2367/467/71 2366/466/71 2365/465/70
f 2368/468/72 2366/466/71 2367/467/71
f 2369/469/72 2368/468/72 2367/467/71
f 2370/470/73 2368/468/72 2369/469/72
f 2371/471/73 2370/470/73 2369/469/72
f 2337/437/261 2370/470/73 2371/471/73
f 2338/438/261 2337/437/261 2371/471/73
f 2372/472/74 2373/473/75 2374/474/75
f 2375/475/74 2372/472/74 2374/474/75
f 2376/476/76 2372/472/74 2375/475/74
f 2377/477/76 2376/476/76 2375/475/74
f 2378/478/77 2376/476/76 2377/477/76
f 2379/479/77 2378/478/77 2377/477/76
f 2380/480/78 2378/478/77 2379/479/77
f 2381/481/78 2380/480/78 2379/479/77
f 2382/482/79 2380/480/78 2381/481/78
f 2383/483/79 2382/482/79 2381/481/78
f 2384/484/80 2382/482/79 2383/483/79
f 2385/485/80 2384/484/80 2383/483/79
f 2386/486/421 2384/484/80 2385/485/80
f 2387/487/421 2386/486/421 2385/485/80
f 2388/488/598 2386/486/421 2387/487/421
f 2389/489/598 2388/488/598 2387/487/421
f 2355/455/66 2388/488/598 2389/489/598
f 2356/456/66 2355/455/66 2389/489/598
f 2390/490/135 2391/491/55 2392/492/55
f 2393/493/135 2390/490/135 2392/492/55
f 2394/494/84 2390/490/135 2393/493/135
f 2395/495/84 2394/494/84 2393/493/135
f 2396/496/85 2394/494/84 2395/495/84
f 2397/497/85 2396/496/85 2395/495/84
f 2398/498/86 2396/496/85 2397/497/85
f 2399/499/86 2398/498/86 2397/497/85
f 2400/500/428 2398/498/86 2399/499/86
f 2401/501/428 2400/500/428 2399/499/86
f 2402/502/599 2400/500/428 2401/501/428
f 2403/503/600 2402/502/599 2401/501/428
f 2404/504/89 2402/502/599 2403/503/600
f 2405/505/89 2404/504/89 2403/503/600
f 2406/506/90 2404/504/89 2405/505/89
f 2407/507/90 2406/506/90 2405/505/89
f 2373/473/75 2406/506/90 2407/507/90
f 2374/474/75 2373/473/75 2407/507/90
f 2408/520/364 2409/521/364 2410/522/575
f 2411/523/364 2408/520/364 2410/522/575
f 2412/898/601 2413/931/601 2414/848/601
f 2415/851/601 2412/898/601 2414/848/601
f 2412/898/601 2415/851/601 2416/852/601
f 2417/899/601 2412/898/601 2416/852/601
f 2418/364/602 2419/621/602 2420/363/602
f 2421/622/603 2422/416/604 2423/417/605
f 2424/623/605 2421/622/603 2423/417/605
f 2425/932/606 2426/933/606 2427/844/606
f 2428/847/606 2425/932/606 2427/844/606
f 2429/931/606 2425/932/606 2428/847/606
f 2430/848/606 2429/931/606 2428/847/606
f 2431/3/135 2432/417/135 2433/416/135
f 2434/2/135 2431/3/135 2433/416/135
f 2435/401/76 2436/374/76 2437/404/76
f 2435/401/76 2438/558/76 2436/374/76
f 2436/374/76 2438/558/76 2439/560/76
f 2436/374/76 2439/560/76 2440/561/76
f 2436/374/76 2440/561/76 2441/370/76
f 2441/370/76 2442/371/76 2436/374/76
f 2443/898/607 2444/851/607 2445/852/607
f 2446/899/607 2443/898/607 2445/852/607
f 2446/899/607 2445/852/607 2447/855/607
f 2448/916/607 2446/899/607 2447/855/607
f 2449/932/608 2450/847/608 2451/848/608
f 2452/931/608 2449/932/608 2451/848/608
f 2453/898/608 2452/931/608 2451/848/608
f 2454/851/608 2453/898/608 2451/848/608
f 2455/512/419 2456/513/419 2457/514/609
f 2458/515/419 2455/512/419 2457/514/609
f 2459/508/610 2460/509/611 2461/510/611
f 2462/511/610 2459/508/610 2461/510/611
f 2463/577/229 2464/578/229 2465/579/229
f 2466/580/229 2463/577/229 2465/579/229
f 2467/581/229 2466/580/229 2465/579/229
f 2468/582/229 2467/581/229 2465/579/229
f 2469/583/229 2468/582/229 2465/579/229
f 2470/584/229 2469/583/229 2465/579/229
f 2471/585/229 2472/586/229 2465/579/229
f 2473/587/229 2471/585/229 2465/579/229
f 2474/588/229 2473/587/229 2465/579/229
f 2475/589/229 2474/588/229 2465/579/229
f 2476/590/229 2475/589/229 2465/579/229
f 2477/591/229 2476/590/229 2465/579/229
f 2478/592/229 2477/591/229 2465/579/229
f 2479/593/229 2478/592/229 2465/579/229
f 2480/594/229 2479/593/229 2465/579/229
f 2481/595/229 2480/594/229 2465/579/229
f 2482/596/229 2481/595/229 2465/579/229
f 2483/597/229 2482/596/229 2465/579/229
f 2484/598/229 2483/597/229 2465/579/229
f 2485/599/229 2484/598/229 2465/579/229
f 2486/600/229 2485/599/229 2465/579/229
f 2487/601/229 2486/600/229 2465/579/229
f 2488/602/229 2487/601/229 2465/579/229
f 2464/578/229 2488/602/229 2465/579/229
f 2489/603/229 2490/604/229 2465/579/229
f 2491/605/229 2489/603/229 2465/579/229
f 2492/606/229 2491/605/229 2465/579/229
f 2493/607/229 2492/606/229 2465/579/229
f 2494/608/229 2493/607/229 2465/579/229
f 2495/609/229 2494/608/229 2465/579/229
f 2496/610/229 2495/609/229 2465/579/229
f 2497/611/229 2496/610/229 2465/579/229
f 2498/612/229 2497/611/229 2465/579/229
f 2499/613/229 2498/612/229 2465/579/229
f 2500/614/229 2499/613/229 2465/579/229
f 2501/615/229 2500/614/229 2465/579/229
f 2502/616/229 2501/615/229 2465/579/229
f 2503/617/229 2502/616/229 2465/579/229
f 2504/618/229 2503/617/229 2465/579/229
f 2505/619/229 2504/618/229 2465/579/229
f 2506/620/229 2505/619/229 2465/579/229
f 2472/586/229 2506/620/229 2465/579/229
f 2507/934/612 2508/843/612 2509/844/612
f 2510/933/613 2507/934/612 2509/844/612
f 2511/932/612 2510/933/613 2509/844/612
f 2512/847/612 2511/932/612 2509/844/612
f 2513/364/166 2514/363/166 2515/362/166
f 2516/365/166 2513/364/166 2515/362/166
f 2517/366/182 2518/380/182 2519/379/182
f 2517/366/182 2519/379/182 2520/391/182
f 2517/366/182 2520/391/182 2521/390/182
f 2517/366/182 2521/390/182 2522/389/182
f 2517/366/182 2522/389/182 2523/388/182
f 2517/366/182 2523/388/182 2524/369/182
f 2525/897/614 2526/838/614 2527/840/614
f 2528/935/614 2525/897/614 2527/840/614
f 2529/934/614 2528/935/614 2527/840/614
f 2530/843/614 2529/934/614 2527/840/614
f 2531/674/615 2532/675/615 2533/882/615
f 2534/928/615 2531/674/615 2533/882/615
f 2535/624/616 2536/625/617 2537/618/616
f 2535/624/616 2537/618/616 2538/619/618
f 2539/626/618 2535/624/616 2538/619/618
f 2539/626/618 2538/619/618 2540/620/619
f 2541/627/619 2539/626/618 2540/620/619
f 2541/627/619 2540/620/619 2542/586/620
f 2543/628/620 2541/627/619 2542/586/620
f 2543/628/620 2542/586/620 2544/585/621
f 2545/629/621 2543/628/620 2544/585/621
f 2545/629/621 2544/585/621 2546/587/622
f 2547/630/622 2545/629/621 2546/587/622
f 2547/630/622 2546/587/622 2548/588/623
f 2549/631/623 2547/630/622 2548/588/623
f 2549/631/623 2548/588/623 2550/589/624
f 2551/632/624 2549/631/623 2550/589/624
f 2552/633/625 2551/632/624 2550/589/624
f 2553/590/625 2552/633/625 2550/589/624
f 2554/634/626 2552/633/625 2553/590/625
f 2555/591/627 2554/634/626 2553/590/625
f 2554/634/626 2555/591/627 2556/592/628
f 2557/635/628 2554/634/626 2556/592/628
f 2557/635/628 2556/592/628 2558/593/629
f 2559/636/629 2557/635/628 2558/593/629
f 2559/636/629 2558/593/629 2560/594/630
f 2561/637/630 2559/636/629 2560/594/630
f 2561/637/630 2560/594/630 2562/595/631
f 2563/638/631 2561/637/630 2562/595/631
f 2563/638/631 2562/595/631 2564/596/632
f 2565/639/632 2563/638/631 2564/596/632
f 2566/640/633 2565/639/632 2564/596/632
f 2567/597/633 2566/640/633 2564/596/632
f 2568/641/634 2566/640/633 2567/597/633
f 2569/598/634 2568/641/634 2567/597/633
f 2570/642/635 2568/641/634 2569/598/634
f 2571/599/635 2570/642/635 2569/598/634
f 2572/643/636 2570/642/635 2571/599/635
f 2573/600/636 2572/643/636 2571/599/635
f 2574/644/637 2572/643/636 2573/600/636
f 2575/601/637 2574/644/637 2573/600/636
f 2576/645/242 2574/644/637 2575/601/637
f 2577/602/242 2576/645/242 2575/601/637
f 2576/645/242 2577/602/242 2578/578/638
f 2579/646/638 2576/645/242 2578/578/638
f 2579/646/638 2578/578/638 2580/577/639
f 2581/647/639 2579/646/638 2580/577/639
f 2582/648/640 2581/647/639 2580/577/639
f 2583/580/640 2582/648/640 2580/577/639
f 2584/649/641 2582/648/640 2583/580/640
f 2585/581/641 2584/649/641 2583/580/640
f 2586/650/642 2584/649/641 2585/581/641
f 2587/582/642 2586/650/642 2585/581/641
f 2588/651/643 2586/650/642 2587/582/642
f 2589/583/643 2588/651/643 2587/582/642
f 2590/652/644 2588/651/643 2589/583/643
f 2591/584/644 2590/652/644 2589/583/643
f 2592/653/645 2590/652/644 2591/584/644
f 2593/579/645 2592/653/645 2591/584/644
f 2594/654/646 2592/653/645 2593/579/645
f 2595/604/646 2594/654/646 2593/579/645
f 2596/655/647 2594/654/646 2595/604/646
f 2597/603/647 2596/655/647 2595/604/646
f 2598/656/648 2596/655/647 2597/603/647
f 2599/605/649 2598/656/648 2597/603/647
f 2598/656/648 2599/605/649 2600/606/650
f 2601/657/650 2598/656/648 2600/606/650
f 2601/657/650 2600/606/650 2602/607/651
f 2603/658/651 2601/657/650 2602/607/651
f 2604/659/652 2603/658/651 2602/607/651
f 2605/608/652 2604/659/652 2602/607/651
f 2606/660/653 2604/659/652 2605/608/652
f 2607/609/653 2606/660/653 2605/608/652
f 2608/661/654 2606/660/653 2607/609/653
f 2609/610/654 2608/661/654 2607/609/653
f 2610/662/655 2608/661/654 2609/610/654
f 2611/611/655 2610/662/655 2609/610/654
f 2612/663/656 2610/662/655 2611/611/655
f 2613/612/656 2612/663/656 2611/611/655
f 2612/663/656 2613/612/656 2614/613/657
f 2615/664/657 2612/663/656 2614/613/657
f 2615/664/657 2614/613/657 2616/614/658
f 2617/665/658 2615/664/657 2616/614/658
f 2618/666/659 2617/665/658 2616/614/658
f 2619/615/659 2618/666/659 2616/614/658
f 2620/667/217 2618/666/659 2619/615/659
f 2621/616/217 2620/667/217 2619/615/659
f 2620/667/217 2621/616/217 2622/617/617
f 2536/625/617 2620/667/217 2622/617/617
f 2536/625/617 2622/617/617 2537/618/616
f 2623/570/660 2624/571/661 2625/409/661
f 2626/408/662 2625/409/661 2624/571/661
f 2627/572/661 2626/408/662 2624/571/661
f 2628/400/663 2629/567/664 2630/566/665
f 2631/399/666 2628/400/663 2630/566/665
f 2630/566/665 2632/568/667 2631/399/666
f 2632/568/667 2633/407/667 2631/399/666
f 2633/407/667 2632/568/667 2634/569/668
f 2635/406/669 2633/407/667 2634/569/668
f 2636/405/660 2635/406/669 2634/569/668
f 2623/570/660 2636/405/660 2634/569/668
f 2636/405/660 2623/570/660 2625/409/661
f 2637/381/670 2636/405/660 2625/409/661
f 2633/407/667 2638/384/664 2631/399/666
f 2639/3/671 2640/417/671 2641/416/671
f 2642/2/671 2639/3/671 2641/416/671
f 2643/668/672 2644/669/672 2645/670/672
f 2646/671/672 2643/668/672 2645/670/672
f 2647/672/672 2643/668/672 2646/671/672
f 2648/673/672 2647/672/672 2646/671/672
f 2649/674/672 2647/672/672 2648/673/672
f 2650/675/672 2649/674/672 2648/673/672
f 2651/556/673 2652/401/502 2653/555/502
f 2652/401/502 2651/556/673 2654/557/674
f 2655/558/675 2652/401/502 2654/557/674
f 2655/558/675 2654/557/674 2656/559/676
f 2657/560/677 2655/558/675 2656/559/676
f 2658/561/504 2657/560/677 2656/559/676
f 2659/562/504 2658/561/504 2656/559/676
f 2660/370/505 2658/561/504 2659/562/504
f 2661/563/678 2660/370/505 2659/562/504
f 2662/564/505 2660/370/505 2661/563/678
f 2663/936/414 2664/937/414 2665/938/182
f 2666/542/182 2663/936/414 2665/938/182
f 2667/539/182 2666/542/182 2665/938/182
f 2668/910/182 2667/539/182 2665/938/182
f 2669/521/182 2668/910/182 2665/938/182
f 2670/522/182 2669/521/182 2665/938/182
f 2671/533/182 2670/522/182 2665/938/182
f 2672/939/414 2671/533/182 2665/938/182
f 2673/940/414 2672/939/414 2665/938/182
f 2674/412/679 2675/415/679 2676/414/680
f 2677/413/680 2674/412/679 2676/414/680
f 2678/226/229 2679/224/229 2680/225/229
f 2678/226/229 2680/225/229 2681/227/229
f 2682/228/229 2678/226/229 2681/227/229
f 2682/228/229 2681/227/229 2683/229/229
f 2684/230/229 2682/228/229 2683/229/229
f 2684/230/229 2683/229/229 2685/231/229
f 2686/232/229 2684/230/229 2685/231/229
f 2686/232/229 2685/231/229 2687/233/229
f 2688/234/229 2686/232/229 2687/233/229
f 2688/234/229 2687/233/229 2689/235/229
f 2690/111/229 2688/234/229 2689/235/229
f 2690/111/229 2689/235/229 2691/112/229
f 2692/110/229 2690/111/229 2691/112/229
f 2692/110/229 2691/112/229 2693/113/229
f 2694/114/229 2692/110/229 2693/113/229
f 2695/115/229 2694/114/229 2693/113/229
f 2696/116/229 2695/115/229 2693/113/229
f 2697/117/229 2695/115/229 2696/116/229
f 2698/118/229 2697/117/229 2696/116/229
f 2699/119/229 2697/117/229 2698/118/229
f 2700/120/229 2699/119/229 2698/118/229
f 2701/121/229 2699/119/229 2700/120/229
f 2702/122/229 2701/121/229 2700/120/229
f 2703/123/229 2701/121/229 2702/122/229
f 2704/124/229 2703/123/229 2702/122/229
f 2705/125/229 2703/123/229 2704/124/229
f 2706/126/229 2705/125/229 2704/124/229
f 2707/127/229 2705/125/229 2706/126/229
f 2708/94/229 2707/127/229 2706/126/229
f 2709/93/229 2707/127/229 2708/94/229
f 2710/92/229 2709/93/229 2708/94/229
f 2711/95/229 2709/93/229 2710/92/229
f 2712/96/229 2711/95/229 2710/92/229
f 2713/97/229 2711/95/229 2712/96/229
f 2714/98/229 2713/97/229 2712/96/229
f 2715/99/229 2713/97/229 2714/98/229
f 2716/100/229 2715/99/229 2714/98/229
f 2717/101/229 2715/99/229 2716/100/229
f 2718/102/229 2717/101/229 2716/100/229
f 2719/103/229 2717/101/229 2718/102/229
f 2720/104/229 2719/103/229 2718/102/229
f 2721/105/229 2719/103/229 2720/104/229
f 2722/106/229 2721/105/229 2720/104/229
f 2723/107/229 2721/105/229 2722/106/229
f 2724/108/229 2723/107/229 2722/106/229
f 2725/109/229 2723/107/229 2724/108/229
f 2726/298/229 2725/109/229 2724/108/229
f 2727/299/229 2725/109/229 2726/298/229
f 2728/300/229 2727/299/229 2726/298/229
f 2729/301/229 2727/299/229 2728/300/229
f 2730/302/229 2729/301/229 2728/300/229
f 2731/303/229 2729/301/229 2730/302/229
f 2732/304/229 2731/303/229 2730/302/229
f 2733/305/229 2731/303/229 2732/304/229
f 2734/306/229 2733/305/229 2732/304/229
f 2735/307/229 2733/305/229 2734/306/229
f 2736/308/229 2735/307/229 2734/306/229
f 2737/309/229 2735/307/229 2736/308/229
f 2738/310/229 2737/309/229 2736/308/229
f 2737/309/229 2738/310/229 2739/311/229
f 2740/312/229 2737/309/229 2739/311/229
f 2740/312/229 2739/311/229 2741/313/229
f 2742/237/229 2740/312/229 2741/313/229
f 2742/237/229 2741/313/229 2743/238/229
f 2744/236/229 2742/237/229 2743/238/229
f 2744/236/229 2743/238/229 2745/239/229
f 2746/240/229 2744/236/229 2745/239/229
f 2746/240/229 2745/239/229 2747/241/229
f 2748/242/229 2746/240/229 2747/241/229
f 2748/242/229 2747/241/229 2749/243/229
f 2750/244/229 2748/242/229 2749/243/229
f 2750/244/229 2749/243/229 2751/245/229
f 2752/246/229 2750/244/229 2751/245/229
f 2752/246/229 2751/245/229 2753/247/229
f 2754/248/229 2752/246/229 2753/247/229
f 2754/248/229 2753/247/229 2755/249/229
f 2756/250/229 2754/248/229 2755/249/229
f 2756/250/229 2755/249/229 2757/251/229
f 2758/252/229 2756/250/229 2757/251/229
f 2758/252/229 2757/251/229 2759/253/229
f 2760/219/229 2758/252/229 2759/253/229
f 2760/219/229 2759/253/229 2761/220/229
f 2762/218/229 2760/219/229 2761/220/229
f 2762/218/229 2761/220/229 2763/221/229
f 2764/222/229 2762/218/229 2763/221/229
f 2764/222/229 2763/221/229 2765/223/229
f 2679/224/229 2764/222/229 2765/223/229
f 2679/224/229 2765/223/229 2680/225/229
f 2766/914/681 2767/913/681 2768/813/681
f 2769/815/681 2766/914/681 2768/813/681
f 2766/914/681 2769/815/681 2770/818/681
f 2771/915/681 2766/914/681 2770/818/681
f 2772/527/681 2771/915/681 2770/818/681
f 2773/528/681 2772/527/681 2770/818/681
f 2774/516/229 2775/412/229 2776/413/682
f 2777/543/683 2774/516/229 2776/413/682
f 2774/516/229 2777/543/683 2778/680/229
f 2779/681/229 2778/680/229 2777/543/683
f 2780/682/229 2779/681/229 2777/543/683
f 2781/622/229 2780/682/229 2777/543/683
f 2781/622/229 2777/543/683 2782/2/229
f 2783/416/229 2781/622/229 2782/2/229
f 2784/532/684 2785/368/684 2786/369/684
f 2787/508/69 2788/509/69 2789/519/69
f 2790/683/69 2787/508/69 2789/519/69
f 2791/684/69 2787/508/69 2790/683/69
f 2790/683/69 2792/685/69 2791/684/69
f 2790/683/69 2793/686/69 2792/685/69
f 2793/686/69 2790/683/69 2794/514/69
f 2794/514/69 2790/683/69 2795/525/69
f 2796/513/69 2794/514/69 2795/525/69
f 2797/365/685 2798/362/685 2799/546/685
f 2800/687/686 2801/508/687 2802/688/688
f 2801/508/687 2803/684/689 2802/688/688
f 2802/688/688 2803/684/689 2804/689/690
f 2803/684/689 2805/685/691 2804/689/690
f 2805/685/691 2806/690/692 2804/689/690
f 2806/690/692 2805/685/691 2807/691/693
f 2805/685/691 2808/686/694 2807/691/693
f 2808/686/694 2809/692/694 2807/691/693
f 2809/692/694 2808/686/694 2810/514/695
f 2811/693/696 2809/692/694 2810/514/695
f 2812/694/697 2813/695/698 2814/516/699
f 2815/680/700 2812/694/697 2814/516/699
f 2812/694/697 2815/680/700 2816/696/701
f 2815/680/700 2817/681/702 2816/696/701
f 2817/681/702 2818/697/703 2816/696/701
f 2818/697/703 2817/681/702 2819/698/704
f 2817/681/702 2820/682/705 2819/698/704
f 2820/682/705 2821/699/705 2819/698/704
f 2821/699/705 2820/682/705 2822/622/706
f 2823/700/707 2821/699/705 2822/622/706
f 2824/622/708 2825/623/709 2826/417/708
f 2827/416/708 2824/622/708 2826/417/708
f 2828/513/165 2829/512/165 2830/524/165
f 2831/525/165 2828/513/165 2830/524/165
f 2832/518/152 2833/510/152 2834/509/152
f 2835/519/152 2832/518/152 2834/509/152
f 2836/415/710 2837/517/710 2838/516/711
f 2839/412/712 2836/415/710 2838/516/711
f 2840/512/564 2841/513/564 2842/514/564
f 2843/515/564 2840/512/564 2842/514/564
f 2844/941/713 2845/928/713 2846/882/713
f 2847/883/713 2844/941/713 2846/882/713
f 2844/941/713 2847/883/713 2848/885/713
f 2849/942/713 2844/941/713 2848/885/713
f 2850/807/713 2849/942/713 2848/885/713
f 2851/808/713 2850/807/713 2848/885/713
f 2852/630/714 2853/629/715 2854/587/714
f 2855/631/716 2852/630/714 2854/587/714
f 2856/588/716 2855/631/716 2854/587/714
f 2857/632/717 2855/631/716 2856/588/716
f 2858/589/717 2857/632/717 2856/588/716
f 2859/633/718 2857/632/717 2858/589/717
f 2860/590/719 2859/633/718 2858/589/717
f 2861/634/720 2859/633/718 2860/590/719
f 2862/591/720 2861/634/720 2860/590/719
f 2861/634/720 2862/591/720 2863/592/721
f 2864/635/721 2861/634/720 2863/592/721
f 2865/636/722 2864/635/721 2863/592/721
f 2866/593/723 2865/636/722 2863/592/721
f 2867/637/724 2865/636/722 2866/593/723
f 2868/594/725 2867/637/724 2866/593/723
f 2869/638/726 2867/637/724 2868/594/725
f 2870/595/726 2869/638/726 2868/594/725
f 2871/639/727 2869/638/726 2870/595/726
f 2872/596/728 2871/639/727 2870/595/726
f 2873/640/729 2871/639/727 2872/596/728
f 2874/597/729 2873/640/729 2872/596/728
f 2875/641/730 2873/640/729 2874/597/729
f 2876/598/731 2875/641/730 2874/597/729
f 2877/642/732 2875/641/730 2876/598/731
f 2878/599/733 2877/642/732 2876/598/731
f 2879/643/734 2877/642/732 2878/599/733
f 2880/600/735 2879/643/734 2878/599/733
f 2881/644/736 2879/643/734 2880/600/735
f 2882/601/736 2881/644/736 2880/600/735
f 2883/645/737 2881/644/736 2882/601/736
f 2884/602/737 2883/645/737 2882/601/736
f 2883/645/737 2884/602/737 2885/578/738
f 2886/646/738 2883/645/737 2885/578/738
f 2886/646/738 2885/578/738 2887/577/739
f 2888/647/740 2886/646/738 2887/577/739
f 2888/647/740 2887/577/739 2889/580/741
f 2890/648/742 2888/647/740 2889/580/741
f 2890/648/742 2889/580/741 2891/581/743
f 2892/649/743 2890/648/742 2891/581/743
f 2892/649/743 2891/581/743 2893/582/744
f 2894/650/744 2892/649/743 2893/582/744
f 2894/650/744 2893/582/744 2895/583/745
f 2896/651/745 2894/650/744 2895/583/745
f 2896/651/745 2895/583/745 2897/584/746
f 2898/652/747 2896/651/745 2897/584/746
f 2898/652/747 2897/584/746 2899/579/748
f 2900/653/749 2898/652/747 2899/579/748
f 2900/653/749 2899/579/748 2901/604/750
f 2902/654/751 2900/653/749 2901/604/750
f 2902/654/751 2901/604/750 2903/603/752
f 2904/655/752 2902/654/751 2903/603/752
f 2905/656/753 2904/655/752 2903/603/752
f 2906/605/753 2905/656/753 2903/603/752
f 2907/657/754 2905/656/753 2906/605/753
f 2908/606/754 2907/657/754 2906/605/753
f 2907/657/754 2908/606/754 2909/607/755
f 2910/658/755 2907/657/754 2909/607/755
f 2911/659/756 2910/658/755 2909/607/755
f 2912/608/756 2911/659/756 2909/607/755
f 2913/660/757 2911/659/756 2912/608/756
f 2914/609/757 2913/660/757 2912/608/756
f 2915/661/758 2913/660/757 2914/609/757
f 2916/610/758 2915/661/758 2914/609/757
f 2917/662/759 2915/661/758 2916/610/758
f 2918/611/759 2917/662/759 2916/610/758
f 2919/663/760 2917/662/759 2918/611/759
f 2920/612/760 2919/663/760 2918/611/759
f 2919/663/760 2920/612/760 2921/613/761
f 2922/664/761 2919/663/760 2921/613/761
f 2922/664/761 2921/613/761 2923/614/762
f 2924/665/762 2922/664/761 2923/614/762
f 2925/666/763 2924/665/762 2923/614/762
f 2926/615/764 2925/666/763 2923/614/762
f 2927/667/765 2925/666/763 2926/615/764
f 2928/616/765 2927/667/765 2926/615/764
f 2927/667/765 2928/616/765 2929/617/766
f 2930/625/767 2927/667/765 2929/617/766
f 2930/625/767 2929/617/766 2931/618/768
f 2932/624/768 2930/625/767 2931/618/768
f 2932/624/768 2931/618/768 2933/619/769
f 2934/626/769 2932/624/768 2933/619/769
f 2934/626/769 2933/619/769 2935/620/770
f 2936/627/770 2934/626/769 2935/620/770
f 2936/627/770 2935/620/770 2937/586/771
f 2938/628/771 2936/627/770 2937/586/771
f 2938/628/771 2937/586/771 2939/585/715
f 2853/629/715 2938/628/771 2939/585/715
f 2853/629/715 2939/585/715 2854/587/714
f 2940/627/772 2941/626/773 2942/620/772
f 2940/627/772 2942/620/772 2943/586/774
f 2944/628/774 2940/627/772 2943/586/774
f 2944/628/774 2943/586/774 2945/585/775
f 2946/629/775 2944/628/774 2945/585/775
f 2946/629/775 2945/585/775 2947/587/776
f 2948/630/776 2946/629/775 2947/587/776
f 2949/631/777 2948/630/776 2947/587/776
f 2950/588/777 2949/631/777 2947/587/776
f 2951/632/778 2949/631/777 2950/588/777
f 2952/589/778 2951/632/778 2950/588/777
f 2953/633/779 2951/632/778 2952/589/778
f 2954/590/780 2953/633/779 2952/589/778
f 2955/634/156 2953/633/779 2954/590/780
f 2956/591/156 2955/634/156 2954/590/780
f 2955/634/156 2956/591/156 2957/592/781
f 2958/635/781 2955/634/156 2957/592/781
f 2958/635/781 2957/592/781 2959/593/782
f 2960/636/782 2958/635/781 2959/593/782
f 2960/636/782 2959/593/782 2961/594/783
f 2962/637/783 2960/636/782 2961/594/783
f 2962/637/783 2961/594/783 2963/595/784
f 2964/638/784 2962/637/783 2963/595/784
f 2964/638/784 2963/595/784 2965/596/785
f 2966/639/785 2964/638/784 2965/596/785
f 2967/640/786 2966/639/785 2965/596/785
f 2968/597/786 2967/640/786 2965/596/785
f 2969/641/787 2967/640/786 2968/597/786
f 2970/598/787 2969/641/787 2968/597/786
f 2971/642/788 2969/641/787 2970/598/787
f 2972/599/788 2971/642/788 2970/598/787
f 2973/643/789 2971/642/788 2972/599/788
f 2974/600/789 2973/643/789 2972/599/788
f 2975/644/790 2973/643/789 2974/600/789
f 2976/601/790 2975/644/790 2974/600/789
f 2977/645/791 2975/644/790 2976/601/790
f 2978/602/792 2977/645/791 2976/601/790
f 2977/645/791 2978/602/792 2979/578/793
f 2980/646/793 2977/645/791 2979/578/793
f 2980/646/793 2979/578/793 2981/577/794
f 2982/647/794 2980/646/793 2981/577/794
f 2983/648/795 2982/647/794 2981/577/794
f 2984/580/795 2983/648/795 2981/577/794
f 2985/649/796 2983/648/795 2984/580/795
f 2986/581/796 2985/649/796 2984/580/795
f 2987/650/797 2985/649/796 2986/581/796
f 2988/582/797 2987/650/797 2986/581/796
f 2989/651/798 2987/650/797 2988/582/797
f 2990/583/798 2989/651/798 2988/582/797
f 2991/652/799 2989/651/798 2990/583/798
f 2992/584/799 2991/652/799 2990/583/798
f 2993/653/800 2991/652/799 2992/584/799
f 2994/579/800 2993/653/800 2992/584/799
f 2995/654/801 2993/653/800 2994/579/800
f 2996/604/801 2995/654/801 2994/579/800
f 2997/655/802 2995/654/801 2996/604/801
f 2998/603/803 2997/655/802 2996/604/801
f 2999/656/162 2997/655/802 2998/603/803
f 3000/605/162 2999/656/162 2998/603/803
f 3001/657/804 2999/656/162 3000/605/162
f 3002/606/804 3001/657/804 3000/605/162
f 3001/657/804 3002/606/804 3003/607/805
f 3004/658/806 3001/657/804 3003/607/805
f 3005/659/807 3004/658/806 3003/607/805
f 3006/608/807 3005/659/807 3003/607/805
f 3007/660/808 3005/659/807 3006/608/807
f 3008/609/808 3007/660/808 3006/608/807
f 3009/661/809 3007/660/808 3008/609/808
f 3010/610/809 3009/661/809 3008/609/808
f 3011/662/810 3009/661/809 3010/610/809
f 3012/611/810 3011/662/810 3010/610/809
f 3013/663/811 3011/662/810 3012/611/810
f 3014/612/811 3013/663/811 3012/611/810
f 3013/663/811 3014/612/811 3015/613/812
f 3016/664/812 3013/663/811 3015/613/812
f 3016/664/812 3015/613/812 3017/614/813
f 3018/665/813 3016/664/812 3017/614/813
f 3019/666/814 3018/665/813 3017/614/813
f 3020/615/814 3019/666/814 3017/614/813
f 3021/667/815 3019/666/814 3020/615/814
f 3022/616/816 3021/667/815 3020/615/814
f 3021/667/815 3022/616/816 3023/617/817
f 3024/625/818 3021/667/815 3023/617/817
f 3024/625/818 3023/617/817 3025/618/819
f 3026/624/819 3024/625/818 3025/618/819
f 3026/624/819 3025/618/819 3027/619/773
f 2941/626/773 3026/624/819 3027/619/773
f 2941/626/773 3027/619/773 2942/620/772
f 3028/565/820 3029/386/820 3030/387/820
f 3031/577/55 3032/578/55 3033/579/55
f 3034/580/55 3031/577/55 3033/579/55
f 3035/581/55 3034/580/55 3033/579/55
f 3036/582/55 3035/581/55 3033/579/55
f 3037/583/55 3036/582/55 3033/579/55
f 3038/584/55 3037/583/55 3033/579/55
f 3039/585/55 3040/586/55 3033/579/55
f 3041/587/55 3039/585/55 3033/579/55
f 3042/588/55 3041/587/55 3033/579/55
f 3043/589/55 3042/588/55 3033/579/55
f 3044/590/55 3043/589/55 3033/579/55
f 3045/591/55 3044/590/55 3033/579/55
f 3046/592/55 3045/591/55 3033/579/55
f 3047/593/55 3046/592/55 3033/579/55
f 3048/594/55 3047/593/55 3033/579/55
f 3049/595/55 3048/594/55 3033/579/55
f 3050/596/55 3049/595/55 3033/579/55
f 3051/597/55 3050/596/55 3033/579/55
f 3052/598/55 3051/597/55 3033/579/55
f 3053/599/55 3052/598/55 3033/579/55
f 3054/600/55 3053/599/55 3033/579/55
f 3055/601/55 3054/600/55 3033/579/55
f 3056/602/55 3055/601/55 3033/579/55
f 3032/578/55 3056/602/55 3033/579/55
f 3057/603/55 3058/604/55 3033/579/55
f 3059/605/55 3057/603/55 3033/579/55
f 3060/606/55 3059/605/55 3033/579/55
f 3061/607/55 3060/606/55 3033/579/55
f 3062/608/55 3061/607/55 3033/579/55
f 3063/609/55 3062/608/55 3033/579/55
f 3064/610/55 3063/609/55 3033/579/55
f 3065/611/55 3064/610/55 3033/579/55
f 3066/612/55 3065/611/55 3033/579/55
f 3067/613/55 3066/612/55 3033/579/55
f 3068/614/55 3067/613/55 3033/579/55
f 3069/615/55 3068/614/55 3033/579/55
f 3070/616/55 3069/615/55 3033/579/55
f 3071/617/55 3070/616/55 3033/579/55
f 3072/618/55 3071/617/55 3033/579/55
f 3073/619/55 3072/618/55 3033/579/55
f 3074/620/55 3073/619/55 3033/579/55
f 3040/586/55 3074/620/55 3033/579/55
f 3075/674/821 3076/675/821 3077/882/821
f 3078/928/821 3075/674/821 3077/882/821
f 3079/941/821 3078/928/821 3077/882/821
f 3080/883/821 3079/941/821 3077/882/821
f 3081/862/55 3082/795/55 3083/861/55
f 3081/862/55 3083/861/55 3084/863/55
f 3085/864/55 3081/862/55 3084/863/55
f 3086/865/55 3085/864/55 3084/863/55
f 3087/866/55 3086/865/55 3084/863/55
f 3088/867/55 3086/865/55 3087/866/55
f 3089/868/55 3088/867/55 3087/866/55
f 3088/867/55 3089/868/55 3090/869/55
f 3091/870/55 3088/867/55 3090/869/55
f 3091/870/55 3090/869/55 3092/871/55
f 3093/872/55 3091/870/55 3092/871/55
f 3093/872/55 3092/871/55 3094/873/55
f 3095/874/55 3093/872/55 3094/873/55
f 3095/874/55 3094/873/55 3096/875/55
f 3097/876/55 3095/874/55 3096/875/55
f 3097/876/55 3096/875/55 3098/877/55
f 3099/670/55 3097/876/55 3098/877/55
f 3100/671/55 3099/670/55 3098/877/55
f 3101/878/55 3100/671/55 3098/877/55
f 3102/673/55 3100/671/55 3101/878/55
f 3103/879/55 3102/673/55 3101/878/55
f 3102/673/55 3103/879/55 3104/880/55
f 3105/675/55 3102/673/55 3104/880/55
f 3105/675/55 3104/880/55 3106/881/55
f 3107/882/55 3105/675/55 3106/881/55
f 3108/883/55 3107/882/55 3106/881/55
f 3109/884/55 3108/883/55 3106/881/55
f 3110/885/55 3108/883/55 3109/884/55
f 3111/886/55 3110/885/55 3109/884/55
f 3110/885/55 3111/886/55 3112/887/55
f 3113/808/55 3110/885/55 3112/887/55
f 3113/808/55 3112/887/55 3114/812/55
f 3115/809/55 3113/808/55 3114/812/55
f 3116/813/55 3115/809/55 3114/812/55
f 3117/814/55 3116/813/55 3114/812/55
f 3118/815/55 3116/813/55 3117/814/55
f 3119/816/55 3118/815/55 3117/814/55
f 3118/815/55 3119/816/55 3120/817/55
f 3121/818/55 3118/815/55 3120/817/55
f 3121/818/55 3120/817/55 3122/819/55
f 3123/528/55 3121/818/55 3122/819/55
f 3124/529/55 3123/528/55 3122/819/55
f 3125/820/55 3124/529/55 3122/819/55
f 3124/529/55 3125/820/55 3126/821/55
f 3127/530/55 3124/529/55 3126/821/55
f 3128/822/55 3127/530/55 3126/821/55
f 3129/823/55 3128/822/55 3126/821/55
f 3128/822/55 3129/823/55 3130/824/55
f 3131/825/55 3128/822/55 3130/824/55
f 3132/826/55 3131/825/55 3130/824/55
f 3133/827/55 3132/826/55 3130/824/55
f 3132/826/55 3133/827/55 3134/828/55
f 3135/829/55 3132/826/55 3134/828/55
f 3136/830/55 3135/829/55 3134/828/55
f 3137/831/55 3136/830/55 3134/828/55
f 3136/830/55 3137/831/55 3138/832/55
f 3139/833/55 3136/830/55 3138/832/55
f 3139/833/55 3138/832/55 3140/834/55
f 3141/835/55 3139/833/55 3140/834/55
f 3142/836/55 3141/835/55 3140/834/55
f 3143/837/55 3142/836/55 3140/834/55
f 3144/838/55 3142/836/55 3143/837/55
f 3145/839/55 3144/838/55 3143/837/55
f 3146/840/55 3144/838/55 3145/839/55
f 3147/841/55 3146/840/55 3145/839/55
f 3146/840/55 3147/841/55 3148/842/55
f 3149/843/55 3146/840/55 3148/842/55
f 3150/844/55 3149/843/55 3148/842/55
f 3151/845/55 3150/844/55 3148/842/55
f 3150/844/55 3151/845/55 3152/846/55
f 3153/847/55 3150/844/55 3152/846/55
f 3154/848/55 3153/847/55 3152/846/55
f 3155/849/55 3154/848/55 3152/846/55
f 3154/848/55 3155/849/55 3156/850/55
f 3157/851/55 3154/848/55 3156/850/55
f 3158/852/55 3157/851/55 3156/850/55
f 3159/853/55 3158/852/55 3156/850/55
f 3158/852/55 3159/853/55 3160/854/55
f 3161/855/55 3158/852/55 3160/854/55
f 3162/856/55 3161/855/55 3160/854/55
f 3163/857/55 3162/856/55 3160/854/55
f 3164/793/55 3162/856/55 3163/857/55
f 3165/858/55 3164/793/55 3163/857/55
f 3166/794/55 3164/793/55 3165/858/55
f 3167/859/55 3166/794/55 3165/858/55
f 3082/795/55 3166/794/55 3167/859/55
f 3168/860/55 3082/795/55 3167/859/55
f 3082/795/55 3168/860/55 3083/861/55
f 3169/913/822 3170/813/822 3171/815/823
f 3172/914/823 3169/913/822 3171/815/823
f 3172/914/823 3171/815/823 3173/818/823
f 3174/915/823 3172/914/823 3173/818/823
f 3175/527/822 3174/915/823 3173/818/823
f 3176/528/822 3175/527/822 3173/818/823
f 3177/806/495 3178/807/495 3179/808/495
f 3180/809/495 3177/806/495 3179/808/495
f 3181/913/495 3177/806/495 3180/809/495
f 3182/813/824 3181/913/495 3180/809/495
f 3181/913/495 3182/813/824 3183/815/495
f 3184/914/495 3181/913/495 3183/815/495
f 3185/414/825 3186/544/825 3187/413/825
f 3188/418/826 3189/419/827 3190/420/827
f 3191/421/828 3188/418/826 3190/420/827
f 3192/422/341 3188/418/826 3191/421/828
f 3193/423/341 3192/422/341 3191/421/828
f 3194/424/829 3192/422/341 3193/423/341
f 3195/425/829 3194/424/829 3193/423/341
f 3196/426/830 3194/424/829 3195/425/829
f 3197/427/830 3196/426/830 3195/425/829
f 3198/428/831 3196/426/830 3197/427/830
f 3199/429/831 3198/428/831 3197/427/830
f 3200/430/832 3198/428/831 3199/429/831
f 3201/431/832 3200/430/832 3199/429/831
f 3202/432/833 3200/430/832 3201/431/832
f 3203/433/833 3202/432/833 3201/431/832
f 3204/434/182 3202/432/833 3203/433/833
f 3205/435/182 3204/434/182 3203/433/833
f 3206/436/364 3207/437/626 3208/438/627
f 3209/439/364 3206/436/364 3208/438/627
f 3210/440/834 3206/436/364 3209/439/364
f 3211/441/835 3210/440/834 3209/439/364
f 3212/442/836 3210/440/834 3211/441/835
f 3213/443/836 3212/442/836 3211/441/835
f 3214/444/837 3212/442/836 3213/443/836
f 3215/445/837 3214/444/837 3213/443/836
f 3216/446/838 3214/444/837 3215/445/837
f 3217/447/838 3216/446/838 3215/445/837
f 3218/448/62 3216/446/838 3217/447/838
f 3219/449/62 3218/448/62 3217/447/838
f 3220/450/839 3218/448/62 3219/449/62
f 3221/451/839 3220/450/839 3219/449/62
f 3222/452/840 3220/450/839 3221/451/839
f 3223/453/840 3222/452/840 3221/451/839
f 3189/419/827 3222/452/840 3223/453/840
f 3190/420/827 3189/419/827 3223/453/840
f 3224/454/841 3225/455/842 3226/456/842
f 3227/457/841 3224/454/841 3226/456/842
f 3228/458/843 3224/454/841 3227/457/841
f 3229/459/843 3228/458/843 3227/457/841
f 3230/460/844 3228/458/843 3229/459/843
f 3231/461/844 3230/460/844 3229/459/843
f 3232/462/229 3230/460/844 3231/461/844
f 3233/463/229 3232/462/229 3231/461/844
f 3234/464/845 3232/462/229 3233/463/229
f 3235/465/845 3234/464/845 3233/463/229
f 3236/466/846 3234/464/845 3235/465/845
f 3237/467/846 3236/466/846 3235/465/845
f 3238/468/847 3236/466/846 3237/467/846
f 3239/469/847 3238/468/847 3237/467/846
f 3240/470/848 3238/468/847 3239/469/847
f 3241/471/849 3240/470/848 3239/469/847
f 3207/437/626 3240/470/848 3241/471/849
f 3208/438/627 3207/437/626 3241/471/849
f 3242/472/850 3243/473/851 3244/474/852
f 3245/475/850 3242/472/850 3244/474/852
f 3246/476/76 3242/472/850 3245/475/850
f 3247/477/76 3246/476/76 3245/475/850
f 3248/478/853 3246/476/76 3247/477/76
f 3249/479/853 3248/478/853 3247/477/76
f 3250/480/854 3248/478/853 3249/479/853
f 3251/481/855 3250/480/854 3249/479/853
f 3252/482/856 3250/480/854 3251/481/855
f 3253/483/856 3252/482/856 3251/481/855
f 3254/484/857 3252/482/856 3253/483/856
f 3255/485/857 3254/484/857 3253/483/856
f 3256/486/557 3254/484/857 3255/485/857
f 3257/487/557 3256/486/557 3255/485/857
f 3258/488/858 3256/486/557 3257/487/557
f 3259/489/858 3258/488/858 3257/487/557
f 3225/455/842 3258/488/858 3259/489/858
f 3226/456/842 3225/455/842 3259/489/858
f 3260/490/859 3261/491/182 3262/492/182
f 3263/493/859 3260/490/859 3262/492/182
f 3264/494/860 3260/490/859 3263/493/859
f 3265/495/860 3264/494/860 3263/493/859
f 3266/496/861 3264/494/860 3265/495/860
f 3267/497/861 3266/496/861 3265/495/860
f 3268/498/862 3266/496/861 3267/497/861
f 3269/499/862 3268/498/862 3267/497/861
f 3270/500/423 3268/498/862 3269/499/862
f 3271/501/423 3270/500/423 3269/499/862
f 3272/502/863 3270/500/423 3271/501/423
f 3273/503/366 3272/502/863 3271/501/423
f 3274/504/864 3272/502/863 3273/503/366
f 3275/505/864 3274/504/864 3273/503/366
f 3276/506/865 3274/504/864 3275/505/864
f 3277/507/865 3276/506/865 3275/505/864
f 3243/473/851 3276/506/865 3277/507/865
f 3244/474/852 3243/473/851 3277/507/865
f 3278/508/866 3279/509/417 3280/510/416
f 3281/511/416 3278/508/866 3280/510/416
f 3282/512/867 3283/513/867 3284/514/868
f 3285/515/867 3282/512/867 3284/514/868
f 3286/415/588 3287/517/588 3288/516/589
f 3289/412/588 3286/415/588 3288/516/589
f 3290/518/202 3291/510/202 3292/509/202
f 3293/519/202 3290/518/202 3292/509/202
f 3294/513/201 3295/512/201 3296/524/201
f 3297/525/201 3294/513/201 3296/524/201
f 3298/622/869 3299/623/605 3300/417/870
f 3301/416/605 3298/622/869 3300/417/870
f 3302/508/871 3303/511/872 3304/510/873
f 3305/509/873 3302/508/871 3304/510/873
f 3306/364/198 3307/363/198 3308/362/874
f 3309/365/198 3306/364/198 3308/362/874
f 3310/508/875 3311/509/876 3312/510/875
f 3313/511/876 3310/508/875 3312/510/875
f 3314/512/877 3315/513/877 3316/514/878
f 3317/515/877 3314/512/877 3316/514/878
f 3318/388/874 3319/411/879 3320/410/880
f 3321/369/880 3318/388/874 3320/410/880
f 3322/403/170 3323/402/170 3324/401/170
f 3325/404/170 3322/403/170 3324/401/170
f 3326/377/434 3327/378/434 3328/379/434
f 3329/380/434 3326/377/434 3328/379/434
f 3330/401/178 3331/402/178 3332/403/178
f 3333/404/178 3330/401/178 3332/403/178
f 3334/512/881 3335/515/881 3336/514/882
f 3337/513/881 3334/512/881 3336/514/882
f 3338/403/179 3339/402/179 3340/401/179
f 3341/404/179 3338/403/179 3340/401/179
f 3342/415/711 3343/412/710 3344/516/883
f 3345/517/710 3342/415/711 3344/516/883
f 3346/518/671 3347/519/671 3348/509/671
f 3349/510/671 3346/518/671 3348/509/671
f 3350/388/884 3351/411/885 3352/410/886
f 3353/369/886 3350/388/884 3352/410/886
f 3354/379/195 3355/378/195 3356/377/887
f 3357/380/887 3354/379/195 3356/377/887
f 3358/364/284 3359/363/284 3360/362/888
f 3361/365/284 3358/364/284 3360/362/888
f 3362/386/889 3363/387/889 3364/384/181
f 3365/385/181 3362/386/889 3364/384/181
f 3366/417/890 3367/623/890 3368/622/891
f 3369/416/890 3366/417/890 3368/622/891
f 3370/524/679 3371/512/679 3372/513/679
f 3373/525/679 3370/524/679 3372/513/679
f 3374/524/892 3375/512/892 3376/513/892
f 3377/525/892 3374/524/892 3376/513/892
f 3378/370/893 3379/371/893 3380/372/893
f 3381/373/894 3378/370/893 3380/372/893
f 3382/381/258 3383/362/259 3384/382/258
f 3385/383/258 3382/381/258 3384/382/258
f 3386/366/895 3387/367/895 3388/368/896
f 3389/369/896 3386/366/895 3388/368/896
f 3390/509/897 3391/510/897 3392/518/897
f 3393/519/898 3390/509/897 3392/518/897
f 3394/516/899 3395/517/900 3396/415/901
f 3397/412/900 3394/516/899 3396/415/901
f 3398/514/902 3399/513/903 3400/512/903
f 3401/515/903 3398/514/902 3400/512/903
f 3402/510/904 3403/509/905 3404/508/906
f 3405/511/905 3402/510/904 3404/508/906
f 3406/571/907 3407/381/907 3408/572/908
f 3406/571/907 3409/570/909 3407/381/907
f 3409/570/909 3410/405/910 3407/381/907
f 3410/405/910 3409/570/909 3411/569/911
f 3412/406/912 3410/405/910 3411/569/911
f 3413/407/913 3412/406/912 3411/569/911
f 3414/568/914 3413/407/913 3411/569/911
f 3415/384/915 3413/407/913 3414/568/914
f 3416/566/916 3415/384/915 3414/568/914
f 3417/567/915 3415/384/915 3416/566/916
f 3418/2/917 3419/1/917 3420/3/917
f 3421/362/284 3422/363/888 3423/364/284
f 3424/365/284 3421/362/284 3423/364/284
f 3425/375/260 3426/374/258 3427/371/258
f 3428/376/258 3425/375/260 3427/371/258
f 3429/543/284 3430/413/284 3431/544/284
f 3432/545/284 3429/543/284 3431/544/284
f 3429/543/284 3432/545/284 3433/1/888
f 3434/2/284 3429/543/284 3433/1/888
f 3435/941/918 3436/883/918 3437/885/918
f 3438/942/918 3435/941/918 3437/885/918
f 3439/807/918 3438/942/918 3437/885/918
f 3440/808/918 3439/807/918 3437/885/918
f 3441/3/439 3442/417/438 3443/416/438
f 3444/2/439 3441/3/439 3443/416/438
f 3445/362/198 3446/363/874 3447/364/198
f 3448/365/198 3445/362/198 3447/364/198
f 3449/366/195 3450/367/195 3451/368/195
f 3452/369/195 3449/366/195 3451/368/195
f 3453/370/919 3454/371/919 3455/372/919
f 3456/373/920 3453/370/919 3455/372/919
f 3457/368/195 3458/367/195 3459/366/195
f 3460/369/195 3457/368/195 3459/366/195
f 3461/371/168 3462/374/921 3463/375/921
f 3464/376/168 3461/371/168 3463/375/921
f 3465/401/922 3466/555/922 3467/556/923
f 3465/401/922 3467/556/923 3468/557/924
f 3469/558/925 3465/401/922 3468/557/924
f 3469/558/925 3468/557/924 3470/559/926
f 3471/560/927 3469/558/925 3470/559/926
f 3472/561/928 3471/560/927 3470/559/926
f 3473/562/929 3472/561/928 3470/559/926
f 3472/561/928 3473/562/929 3474/370/930
f 3473/562/929 3475/563/930 3474/370/930
f 3474/370/930 3475/563/930 3476/564/930
f 3477/401/69 3478/374/69 3479/404/69
f 3477/401/69 3480/558/69 3478/374/69
f 3478/374/69 3480/558/69 3481/560/69
f 3478/374/69 3481/560/69 3482/561/69
f 3478/374/69 3482/561/69 3483/370/69
f 3483/370/69 3484/371/69 3478/374/69
f 3485/366/62 3486/388/62 3487/369/62
f 3485/366/62 3488/389/62 3486/388/62
f 3485/366/62 3489/390/62 3488/389/62
f 3485/366/62 3490/391/62 3489/390/62
f 3485/366/62 3491/379/62 3490/391/62
f 3485/366/62 3492/380/62 3491/379/62
f 3493/370/173 3494/373/920 3495/372/173
f 3496/371/173 3493/370/173 3495/372/173
f 3497/381/179 3498/383/179 3499/382/179
f 3500/362/179 3497/381/179 3499/382/179
f 3501/397/931 3502/379/932 3503/398/932
f 3502/379/932 3501/397/931 3504/396/933
f 3505/391/934 3502/379/932 3504/396/933
f 3505/391/934 3504/396/933 3506/395/935
f 3507/390/936 3505/391/934 3506/395/935
f 3508/389/937 3507/390/936 3506/395/935
f 3509/394/938 3508/389/937 3506/395/935
f 3508/389/937 3509/394/938 3510/388/746
f 3509/394/938 3511/392/939 3510/388/746
f 3512/393/746 3510/388/746 3511/392/939
f 3513/544/940 3514/414/940 3515/413/940
f 3516/384/181 3517/387/941 3518/386/941
f 3519/385/181 3516/384/181 3518/386/941
f 3520/362/683 3521/381/683 3522/363/229
f 3523/405/229 3522/363/229 3521/381/683
f 3524/406/229 3522/363/229 3523/405/229
f 3525/407/229 3522/363/229 3524/406/229
f 3522/363/229 3525/407/229 3526/384/229
f 3522/363/229 3526/384/229 3527/387/229
f 3528/1/942 3529/2/942 3530/3/942
f 3531/556/943 3532/401/943 3533/555/944
f 3532/401/943 3531/556/943 3534/557/945
f 3535/558/946 3532/401/943 3534/557/945
f 3535/558/946 3534/557/945 3536/559/947
f 3537/560/948 3535/558/946 3536/559/947
f 3538/561/949 3537/560/948 3536/559/947
f 3539/562/949 3538/561/949 3536/559/947
f 3540/370/540 3538/561/949 3539/562/949
f 3541/563/950 3540/370/540 3539/562/949
f 3542/564/540 3540/370/540 3541/563/950
f 3543/797/76 3544/798/76 3545/799/76
f 3546/679/76 3543/797/76 3545/799/76
f 3547/676/76 3546/679/76 3545/799/76
f 3548/800/951 3547/676/76 3545/799/76
f 3549/801/952 3548/800/951 3545/799/76
f 3550/551/76 3549/801/952 3545/799/76
f 3551/552/76 3550/551/76 3545/799/76
f 3552/802/76 3551/552/76 3545/799/76
f 3553/803/76 3552/802/76 3545/799/76
f 3554/572/953 3555/408/954 3556/571/953
f 3555/408/954 3557/409/955 3556/571/953
f 3558/570/956 3556/571/953 3557/409/955
f 3559/405/956 3558/570/956 3557/409/955
f 3558/570/956 3559/405/956 3560/569/957
f 3559/405/956 3561/406/958 3560/569/957
f 3561/406/958 3562/407/959 3560/569/957
f 3562/407/959 3563/568/959 3560/569/957
f 3563/568/959 3562/407/959 3564/399/960
f 3565/566/960 3563/568/959 3564/399/960
f 3564/399/960 3566/400/961 3565/566/960
f 3566/400/961 3567/567/960 3565/566/960
f 3568/381/955 3559/405/956 3557/409/955
f 3562/407/959 3569/384/960 3564/399/960
f 3570/899/962 3571/852/962 3572/855/962
f 3573/916/962 3570/899/962 3572/855/962
f 3573/916/962 3572/855/962 3574/856/962
f 3575/917/962 3573/916/962 3574/856/962
f 3576/792/962 3575/917/962 3574/856/962
f 3577/793/962 3576/792/962 3574/856/962
f 3578/368/896 3579/367/895 3580/366/895
f 3581/369/896 3578/368/896 3580/366/895
f 3582/410/198 3583/411/879 3584/388/874
f 3585/369/198 3582/410/198 3584/388/874
f 3586/622/708 3587/416/708 3588/417/708
f 3589/623/708 3586/622/708 3588/417/708
f 3590/377/963 3591/378/195 3592/379/195
f 3593/380/963 3590/377/963 3592/379/195
f 3594/372/180 3595/371/180 3596/370/180
f 3597/373/894 3594/372/180 3596/370/180
f 3598/363/229 3599/387/229 3600/384/229
f 3598/363/229 3600/384/229 3601/407/229
f 3601/407/229 3602/406/229 3598/363/229
f 3602/406/229 3603/405/229 3598/363/229
f 3603/405/229 3604/381/683 3598/363/229
f 3605/362/683 3598/363/229 3604/381/683
f 3606/936/76 3607/937/76 3608/938/76
f 3609/542/76 3606/936/76 3608/938/76
f 3610/539/76 3609/542/76 3608/938/76
f 3611/910/964 3610/539/76 3608/938/76
f 3612/521/965 3611/910/964 3608/938/76
f 3613/522/76 3612/521/965 3608/938/76
f 3614/533/76 3613/522/76 3608/938/76
f 3615/939/76 3614/533/76 3608/938/76
f 3616/940/76 3615/939/76 3608/938/76
f 3617/563/966 3618/370/966 3619/564/966
f 3618/370/966 3617/563/966 3620/562/967
f 3621/561/968 3618/370/966 3620/562/967
f 3620/562/967 3622/559/969 3621/561/968
f 3622/559/969 3623/560/970 3621/561/968
f 3624/558/971 3623/560/970 3622/559/969
f 3625/557/972 3624/558/971 3622/559/969
f 3624/558/971 3625/557/972 3626/401/973
f 3625/557/972 3627/556/974 3626/401/973
f 3628/555/528 3626/401/973 3627/556/974
f 3629/900/76 3630/901/76 3631/902/76
f 3632/538/76 3629/900/76 3631/902/76
f 3633/535/76 3632/538/76 3631/902/76
f 3634/575/975 3633/535/76 3631/902/76
f 3635/576/964 3634/575/975 3631/902/76
f 3636/903/76 3635/576/964 3631/902/76
f 3637/904/76 3636/903/76 3631/902/76
f 3638/905/76 3637/904/76 3631/902/76
f 3639/906/76 3638/905/76 3631/902/76
f 3640/381/178 3641/362/178 3642/382/178
f 3643/383/178 3640/381/178 3642/382/178
f 3644/384/166 3645/385/166 3646/386/976
f 3647/387/976 3644/384/166 3646/386/976
f 3648/377/434 3649/380/434 3650/379/434
f 3651/378/434 3648/377/434 3650/379/434
f 3652/366/55 3653/369/55 3654/388/55
f 3652/366/55 3654/388/55 3655/389/55
f 3652/366/55 3655/389/55 3656/390/55
f 3652/366/55 3656/390/55 3657/391/55
f 3652/366/55 3657/391/55 3658/379/55
f 3652/366/55 3658/379/55 3659/380/55
f 3660/369/977 3661/368/977 3662/532/977
f 3663/392/978 3664/388/757 3665/393/757
f 3664/388/757 3663/392/978 3666/394/979
f 3667/389/980 3664/388/757 3666/394/979
f 3667/389/980 3666/394/979 3668/395/981
f 3669/390/982 3667/389/980 3668/395/981
f 3669/390/982 3668/395/981 3670/391/983
f 3668/395/981 3671/396/984 3670/391/983
f 3670/391/983 3671/396/984 3672/379/985
f 3671/396/984 3673/397/986 3672/379/985
f 3673/397/986 3674/398/985 3672/379/985
f 3675/900/987 3676/901/988 3677/902/69
f 3678/538/69 3675/900/987 3677/902/69
f 3679/535/69 3678/538/69 3677/902/69
f 3680/575/69 3679/535/69 3677/902/69
f 3681/576/69 3680/575/69 3677/902/69
f 3682/903/69 3681/576/69 3677/902/69
f 3683/904/69 3682/903/69 3677/902/69
f 3684/905/69 3683/904/69 3677/902/69
f 3685/906/69 3684/905/69 3677/902/69
f 3686/401/258 3687/402/989 3688/403/258
f 3689/404/258 3686/401/258 3688/403/258
f 3690/370/62 3691/374/62 3692/371/62
f 3691/374/62 3690/370/62 3693/561/62
f 3691/374/62 3693/561/62 3694/560/62
f 3691/374/62 3694/560/62 3695/558/62
f 3696/401/62 3691/374/62 3695/558/62
f 3696/401/62 3697/404/62 3691/374/62
f 3698/387/990 3699/386/990 3700/565/990
f 3701/362/182 3702/381/182 3703/363/182
f 3704/405/182 3703/363/182 3702/381/182
f 3705/406/182 3703/363/182 3704/405/182
f 3706/407/182 3703/363/182 3705/406/182
f 3703/363/182 3706/407/182 3707/384/182
f 3703/363/182 3707/384/182 3708/387/182
f 3709/544/991 3710/413/991 3711/414/991
f 3712/410/284 3713/411/885 3714/388/888
f 3715/369/284 3712/410/284 3714/388/888
f 3716/371/456 3717/374/457 3718/375/457
f 3719/376/456 3716/371/456 3718/375/457
f 3720/375/992 3721/374/992 3722/371/176
f 3723/376/176 3720/375/992 3722/371/176
f 3724/370/76 3725/374/76 3726/371/76
f 3725/374/76 3724/370/76 3727/561/76
f 3725/374/76 3727/561/76 3728/560/76
f 3725/374/76 3728/560/76 3729/558/76
f 3730/401/76 3725/374/76 3729/558/76
f 3730/401/76 3731/404/76 3725/374/76
f 3732/364/993 3733/363/993 3734/621/993
f 3735/412/994 3736/413/995 3737/414/995
f 3738/415/994 3735/412/994 3737/414/995
f 3739/3/142 3740/417/996 3741/416/142
f 3742/2/997 3739/3/142 3741/416/142
f 3743/414/437 3744/413/998 3745/412/437
f 3746/415/998 3743/414/437 3745/412/437
f 3747/3/999 3748/2/999 3749/416/1000
f 3750/417/1000 3747/3/999 3749/416/1000
f 3751/694/1001 3752/695/534 3753/516/1002
f 3754/680/1001 3751/694/1001 3753/516/1002
f 3751/694/1001 3754/680/1001 3755/696/1003
f 3754/680/1001 3756/681/1004 3755/696/1003
f 3756/681/1004 3757/697/1005 3755/696/1003
f 3757/697/1005 3756/681/1004 3758/698/1006
f 3756/681/1004 3759/682/1007 3758/698/1006
f 3759/682/1007 3760/699/531 3758/698/1006
f 3760/699/531 3759/682/1007 3761/622/1008
f 3762/700/1009 3760/699/531 3761/622/1008
f 3763/412/1010 3764/413/1011 3765/414/1011
f 3766/415/1011 3763/412/1010 3765/414/1011
f 3767/692/754 3768/693/1012 3769/514/1013
f 3770/686/1014 3767/692/754 3769/514/1013
f 3767/692/754 3770/686/1014 3771/691/1015
f 3770/686/1014 3772/685/1016 3771/691/1015
f 3772/685/1016 3773/690/753 3771/691/1015
f 3773/690/753 3772/685/1016 3774/689/1017
f 3772/685/1016 3775/684/1018 3774/689/1017
f 3775/684/1018 3776/688/1019 3774/689/1017
f 3775/684/1018 3777/508/1020 3776/688/1019
f 3777/508/1020 3778/687/1021 3776/688/1019
f 3779/2/1022 3780/1/1022 3781/3/1022
f 3782/699/1023 3783/700/1024 3784/622/1025
f 3785/682/1023 3782/699/1023 3784/622/1025
f 3782/699/1023 3785/682/1023 3786/698/1026
f 3785/682/1023 3787/681/1027 3786/698/1026
f 3787/681/1027 3788/697/1028 3786/698/1026
f 3788/697/1028 3787/681/1027 3789/696/1029
f 3787/681/1027 3790/680/1030 3789/696/1029
f 3790/680/1030 3791/694/1031 3789/696/1029
f 3790/680/1030 3792/516/1032 3791/694/1031
f 3792/516/1032 3793/695/1033 3791/694/1031
f 3794/365/1034 3795/546/1034 3796/362/1034
f 3797/516/1035 3798/412/441 3799/415/440
f 3800/517/441 3797/516/1035 3799/415/440
f 3801/518/897 3802/510/897 3803/509/897
f 3804/519/897 3801/518/897 3803/509/897
f 3805/524/892 3806/525/892 3807/513/892
f 3808/512/892 3805/524/892 3807/513/892
f 3809/622/1036 3810/623/435 3811/417/435
f 3812/416/435 3809/622/1036 3811/417/435
f 3813/401/76 3814/374/76 3815/404/76
f 3813/401/76 3816/558/76 3814/374/76
f 3814/374/76 3816/558/76 3817/560/76
f 3814/374/76 3817/560/76 3818/561/76
f 3814/374/76 3818/561/76 3819/370/76
f 3819/370/76 3820/371/76 3814/374/76
f 3821/921/1037 3822/826/1037 3823/829/1037
f 3824/922/1037 3821/921/1037 3823/829/1037
f 3824/922/1037 3823/829/1037 3825/830/1037
f 3826/923/1037 3824/922/1037 3825/830/1037
f 3827/366/55 3828/380/55 3829/379/55
f 3827/366/55 3829/379/55 3830/391/55
f 3827/366/55 3830/391/55 3831/390/55
f 3827/366/55 3831/390/55 3832/389/55
f 3827/366/55 3832/389/55 3833/388/55
f 3827/366/55 3833/388/55 3834/369/55
f 3835/896/1038 3836/836/1038 3837/838/1038
f 3838/897/1039 3835/896/1038 3837/838/1038
f 3838/897/1039 3837/838/1038 3839/840/1038
f 3840/935/1038 3838/897/1039 3839/840/1038
f 3841/923/1040 3842/830/1040 3843/833/1040
f 3844/929/1040 3841/923/1040 3843/833/1040
f 3844/929/1040 3843/833/1040 3845/835/1040
f 3846/930/1040 3844/929/1040 3845/835/1040
f 3846/930/1040 3845/835/1040 3847/836/1040
f 3848/896/1040 3846/930/1040 3847/836/1040
f 3849/943/229 3850/944/229 3851/945/229
f 3852/946/229 3849/943/229 3851/945/229
f 3849/943/229 3852/946/229 3853/947/229
f 3853/947/229 3852/946/229 3854/948/229
f 3852/946/229 3855/949/229 3854/948/229
f 3853/947/229 3856/950/229 3857/951/229
f 3858/952/229 3853/947/229 3857/951/229
f 3858/952/229 3849/943/229 3853/947/229
f 3859/953/229 3849/943/229 3858/952/229
f 3860/954/229 3859/953/229 3858/952/229
f 3861/932/1041 3862/847/1041 3863/848/1041
f 3864/931/1041 3861/932/1041 3863/848/1041
f 3865/898/1041 3864/931/1041 3863/848/1041
f 3866/851/1041 3865/898/1041 3863/848/1041
f 3867/955/182 3868/955/182 3869/956/182
f 3867/955/182 3869/956/182 3870/956/182
f 3871/955/182 3867/955/182 3870/956/182
f 3871/955/182 3870/956/182 3872/955/182
f 3870/956/182 3873/956/182 3872/955/182
f 3872/955/182 3873/956/182 3874/957/182
f 3875/957/182 3872/955/182 3874/957/182
f 3875/957/182 3874/957/182 3876/958/182
f 3877/958/182 3875/957/182 3876/958/182
f 3877/958/182 3876/958/182 3878/959/182
f 3876/958/182 3879/960/182 3878/959/182
f 3878/959/182 3879/960/182 3880/960/182
f 3881/959/182 3878/959/182 3880/960/182
f 3881/959/182 3880/960/182 3882/960/182
f 3883/959/182 3881/959/182 3882/960/182
f 3883/959/182 3882/960/182 3884/959/182
f 3882/960/182 3885/960/182 3884/959/182
f 3884/959/182 3885/960/182 3886/958/182
f 3887/958/182 3884/959/182 3886/958/182
f 3887/958/182 3886/958/182 3888/957/182
f 3889/957/182 3887/958/182 3888/957/182
f 3889/957/182 3888/957/182 3868/955/182
f 3888/957/182 3890/956/182 3868/955/182
f 3868/955/182 3890/956/182 3869/956/182
f 3891/934/853 3892/843/853 3893/844/853
f 3894/933/853 3891/934/853 3893/844/853
f 3895/932/853 3894/933/853 3893/844/853
f 3896/847/853 3895/932/853 3893/844/853
f 3897/954/76 3898/953/76 3899/952/76
f 3898/953/76 3900/943/76 3899/952/76
f 3899/952/76 3900/943/76 3901/946/76
f 3901/946/76 3900/943/76 3902/945/76
f 3900/943/76 3903/944/76 3902/945/76
f 3901/946/76 3904/949/76 3905/948/76
f 3906/947/76 3901/946/76 3905/948/76
f 3906/947/76 3899/952/76 3901/946/76
f 3907/951/76 3899/952/76 3906/947/76
f 3908/950/76 3907/951/76 3906/947/76
f 3909/897/1042 3910/838/1042 3911/840/1042
f 3912/935/1042 3909/897/1042 3911/840/1042
f 3913/934/1042 3912/935/1042 3911/840/1042
f 3914/843/1042 3913/934/1042 3911/840/1042
f 3915/961/229 3916/962/229 3917/961/229
f 3915/961/229 3917/961/229 3918/963/229
f 3919/963/229 3915/961/229 3918/963/229
f 3919/963/229 3918/963/229 3920/964/229
f 3918/963/229 3921/965/229 3920/964/229
f 3920/964/229 3921/965/229 3922/965/229
f 3923/964/229 3920/964/229 3922/965/229
f 3923/964/229 3922/965/229 3924/965/229
f 3925/964/229 3923/964/229 3924/965/229
f 3925/964/229 3924/965/229 3926/964/229
f 3924/965/229 3927/965/229 3926/964/229
f 3926/964/229 3927/965/229 3928/963/229
f 3929/963/229 3926/964/229 3928/963/229
f 3929/963/229 3928/963/229 3930/961/229
f 3928/963/229 3931/961/229 3930/961/229
f 3930/961/229 3931/961/229 3932/962/229
f 3931/961/229 3933/966/229 3932/962/229
f 3932/962/229 3933/966/229 3934/966/229
f 3935/962/229 3932/962/229 3934/966/229
f 3935/962/229 3934/966/229 3936/966/229
f 3937/962/229 3935/962/229 3936/966/229
f 3937/962/229 3936/966/229 3916/962/229
f 3936/966/229 3938/966/229 3916/962/229
f 3916/962/229 3938/966/229 3917/961/229
f 3939/923/1043 3940/830/1043 3941/833/1043
f 3942/929/1043 3939/923/1043 3941/833/1043
f 3942/929/1043 3941/833/1043 3943/835/1043
f 3944/930/1043 3942/929/1043 3943/835/1043
f 3944/930/1043 3943/835/1043 3945/836/1043
f 3946/896/1043 3944/930/1043 3945/836/1043
f 3947/379/1044 3948/397/516 3949/398/1045
f 3948/397/516 3947/379/1044 3950/396/1046
f 3947/379/1044 3951/391/1046 3950/396/1046
f 3950/396/1046 3951/391/1046 3952/395/1047
f 3951/391/1046 3953/390/1048 3952/395/1047
f 3953/390/1048 3954/389/514 3952/395/1047
f 3954/389/514 3955/394/514 3952/395/1047
f 3955/394/514 3954/389/514 3956/388/513
f 3957/392/1049 3955/394/514 3956/388/513
f 3958/393/513 3957/392/1049 3956/388/513
f 3959/954/62 3960/953/62 3961/952/62
f 3960/953/62 3962/943/62 3961/952/62
f 3961/952/62 3962/943/62 3963/946/62
f 3963/946/62 3962/943/62 3964/945/62
f 3962/943/62 3965/944/62 3964/945/62
f 3963/946/62 3966/949/62 3967/948/62
f 3968/947/62 3963/946/62 3967/948/62
f 3968/947/62 3961/952/62 3963/946/62
f 3969/951/62 3961/952/62 3968/947/62
f 3970/950/62 3969/951/62 3968/947/62
f 3971/674/850 3972/675/850 3973/882/850
f 3974/928/850 3971/674/850 3973/882/850
f 3975/941/850 3974/928/850 3973/882/850
f 3976/883/850 3975/941/850 3973/882/850
f 3977/954/69 3978/953/69 3979/952/69
f 3978/953/69 3980/943/69 3979/952/69
f 3979/952/69 3980/943/69 3981/946/69
f 3981/946/69 3980/943/69 3982/945/69
f 3980/943/69 3983/967/69 3982/945/69
f 3981/946/69 3984/949/69 3985/948/69
f 3986/947/69 3981/946/69 3985/948/69
f 3986/947/69 3979/952/69 3981/946/69
f 3987/968/69 3979/952/69 3986/947/69
f 3988/950/69 3987/968/69 3986/947/69
f 3989/414/1050 3990/544/1050 3991/413/1050
f 3992/969/229 3993/970/229 3994/971/229
f 3992/969/229 3994/971/229 3995/972/229
f 3996/972/229 3992/969/229 3995/972/229
f 3997/973/229 3996/972/229 3995/972/229
f 3998/974/229 3997/973/229 3995/972/229
f 3999/975/229 3997/973/229 3998/974/229
f 4000/976/229 3999/975/229 3998/974/229
f 4001/977/229 3999/975/229 4000/976/229
f 4002/978/229 4001/977/229 4000/976/229
f 4003/979/229 4001/977/229 4002/978/229
f 4004/980/229 4003/979/229 4002/978/229
f 4003/979/229 4004/980/229 4005/981/229
f 4006/982/229 4003/979/229 4005/981/229
f 4006/982/229 4005/981/229 4007/983/229
f 4008/984/229 4006/982/229 4007/983/229
f 4008/984/229 4007/983/229 4009/985/229
f 4010/986/229 4008/984/229 4009/985/229
f 4010/986/229 4009/985/229 4011/987/229
f 4012/988/229 4010/986/229 4011/987/229
f 4013/986/229 4012/988/229 4011/987/229
f 4014/985/229 4013/986/229 4011/987/229
f 4015/984/229 4013/986/229 4014/985/229
f 4016/983/229 4015/984/229 4014/985/229
f 4017/982/229 4015/984/229 4016/983/229
f 4018/981/229 4017/982/229 4016/983/229
f 4019/979/229 4017/982/229 4018/981/229
f 4020/980/229 4019/979/229 4018/981/229
f 4019/979/229 4020/980/229 4021/978/229
f 4022/977/229 4019/979/229 4021/978/229
f 4022/977/229 4021/978/229 4023/976/229
f 4024/975/229 4022/977/229 4023/976/229
f 4024/975/229 4023/976/229 4025/974/229
f 4026/973/229 4024/975/229 4025/974/229
f 4026/973/229 4025/974/229 4027/972/229
f 4028/972/229 4026/973/229 4027/972/229
f 4029/969/229 4028/972/229 4027/972/229
f 4030/971/229 4029/969/229 4027/972/229
f 4031/970/229 4029/969/229 4030/971/229
f 4032/989/229 4031/970/229 4030/971/229
f 4033/990/229 4031/970/229 4032/989/229
f 4034/991/229 4033/990/229 4032/989/229
f 4035/992/229 4033/990/229 4034/991/229
f 4036/993/229 4035/992/229 4034/991/229
f 4035/992/229 4036/993/229 4037/994/229
f 4038/995/229 4035/992/229 4037/994/229
f 4038/995/229 4037/994/229 4039/996/229
f 4040/997/229 4038/995/229 4039/996/229
f 4040/997/229 4039/996/229 4041/998/229
f 4042/999/229 4040/997/229 4041/998/229
f 4042/999/229 4041/998/229 4043/1000/229
f 4044/1001/229 4042/999/229 4043/1000/229
f 4045/999/229 4044/1001/229 4043/1000/229
f 4046/998/229 4045/999/229 4043/1000/229
f 4047/997/229 4045/999/229 4046/998/229
f 4048/996/229 4047/997/229 4046/998/229
f 4049/995/229 4047/997/229 4048/996/229
f 4050/994/229 4049/995/229 4048/996/229
f 4051/992/229 4049/995/229 4050/994/229
f 4052/993/229 4051/992/229 4050/994/229
f 4051/992/229 4052/993/229 4053/991/229
f 4054/990/229 4051/992/229 4053/991/229
f 4054/990/229 4053/991/229 4055/989/229
f 3993/970/229 4054/990/229 4055/989/229
f 3993/970/229 4055/989/229 3994/971/229
f 4056/981/1051 4057/983/164 4058/1002/1051
f 4056/981/1051 4058/1002/1051 4059/1003/1052
f 4060/980/1052 4056/981/1051 4059/1003/1052
f 4060/980/1052 4059/1003/1052 4061/1004/1053
f 4062/978/1053 4060/980/1052 4061/1004/1053
f 4062/978/1053 4061/1004/1053 4063/1005/159
f 4064/976/159 4062/978/1053 4063/1005/159
f 4064/976/159 4063/1005/159 4065/1006/1054
f 4066/974/1054 4064/976/159 4065/1006/1054
f 4066/974/1054 4065/1006/1054 4067/1007/69
f 4068/976/148 4069/974/1055 4070/1005/148
f 4068/976/148 4070/1005/148 4071/1004/1056
f 4072/978/1056 4068/976/148 4071/1004/1056
f 4072/978/1056 4071/1004/1056 4073/1003/1057
f 4074/980/1057 4072/978/1056 4073/1003/1057
f 4074/980/1057 4073/1003/1057 4075/1002/1058
f 4076/981/1058 4074/980/1057 4075/1002/1058
f 4076/981/1058 4075/1002/1058 4077/1008/144
f 4078/983/144 4076/981/1058 4077/1008/144
f 4078/983/144 4077/1008/144 4079/1009/1059
f 4080/985/1059 4078/983/144 4079/1009/1059
f 4080/985/1059 4079/1009/1059 4081/1010/1060
f 4082/987/1060 4080/985/1059 4081/1010/1060
f 4082/987/1060 4081/1010/1060 4083/1009/1061
f 4084/985/1061 4082/987/1060 4083/1009/1061
f 4084/985/1061 4083/1009/1061 4085/1008/164
f 4057/983/164 4084/985/1061 4085/1008/164
f 4057/983/164 4085/1008/164 4058/1002/1051
f 4086/998/1062 4087/1000/1063 4088/1011/1062
f 4086/998/1062 4088/1011/1062 4089/1012/141
f 4090/996/141 4086/998/1062 4089/1012/141
f 4090/996/141 4089/1012/141 4091/1013/1064
f 4092/994/1064 4090/996/141 4091/1013/1064
f 4092/994/1064 4091/1013/1064 4093/1014/434
f 4094/993/434 4092/994/1064 4093/1014/434
f 4094/993/434 4093/1014/434 4095/1015/1065
f 4096/991/1065 4094/993/434 4095/1015/1065
f 4096/991/1065 4095/1015/1065 4097/1016/137
f 4098/989/137 4096/991/1065 4097/1016/137
f 4098/989/137 4097/1016/137 4099/1017/1066
f 4100/971/1066 4098/989/137 4099/1017/1066
f 4100/971/1066 4099/1017/1066 4101/1007/55
f 4102/972/55 4100/971/1066 4101/1007/55
f 4102/972/55 4101/1007/55 4103/1006/1055
f 4069/974/1055 4102/972/55 4103/1006/1055
f 4069/974/1055 4103/1006/1055 4070/1005/148
f 4104/972/69 4066/974/1054 4067/1007/69
f 4104/972/69 4067/1007/69 4105/1017/1067
f 4106/971/1067 4104/972/69 4105/1017/1067
f 4106/971/1067 4105/1017/1067 4107/1016/158
f 4108/989/158 4106/971/1067 4107/1016/158
f 4108/989/158 4107/1016/158 4109/1015/1068
f 4110/991/1068 4108/989/158 4109/1015/1068
f 4110/991/1068 4109/1015/1068 4111/1014/1069
f 4112/993/1069 4110/991/1068 4111/1014/1069
f 4112/993/1069 4111/1014/1069 4113/1013/1070
f 4114/994/1070 4112/993/1069 4113/1013/1070
f 4114/994/1070 4113/1013/1070 4115/1012/153
f 4116/996/153 4114/994/1070 4115/1012/153
f 4116/996/153 4115/1012/153 4117/1011/1071
f 4118/998/1071 4116/996/153 4117/1011/1071
f 4118/998/1071 4117/1011/1071 4119/1018/1063
f 4087/1000/1063 4118/998/1071 4119/1018/1063
f 4087/1000/1063 4119/1018/1063 4088/1011/1062
f 4120/1019/1072 4121/1019/1072 4122/1020/1072
f 4123/1020/1072 4120/1019/1072 4122/1020/1072
f 4124/1020/1073 4125/1020/1073 4126/1021/1073
f 4127/1021/1073 4124/1020/1073 4126/1021/1073
f 4128/1021/1074 4129/1021/1074 4130/1022/1074
f 4131/1022/1074 4128/1021/1074 4130/1022/1074
f 4132/1022/1075 4133/1022/1075 4134/1023/1075
f 4135/1023/1075 4132/1022/1075 4134/1023/1075
f 4136/1023/1076 4137/1023/1076 4138/1024/1076
f 4139/1024/1076 4136/1023/1076 4138/1024/1076
f 4140/1024/1077 4141/1024/1077 4142/1025/1077
f 4143/1025/1077 4140/1024/1077 4142/1025/1077
f 4144/1025/1078 4145/1025/1078 4146/1026/1078
f 4147/1026/1078 4144/1025/1078 4146/1026/1078
f 4148/1026/1079 4149/1026/1079 4150/1019/1079
f 4151/1019/1079 4148/1026/1079 4150/1019/1079
f 4152/1027/46 4153/1028/46 4154/1029/46
f 4155/1030/46 4152/1027/46 4154/1029/46
f 4156/1031/1080 4157/1030/1080 4158/1032/1080
f 4159/1033/1080 4156/1031/1080 4158/1032/1080
f 4160/1034/46 4161/1035/1081 4162/1036/46
f 4161/1035/1081 4160/1034/46 4163/1037/46
f 4164/1038/1082 4161/1035/1081 4163/1037/46
f 4165/1039/1083 4166/1040/1084 4167/1041/1085
f 4165/1039/1083 4167/1041/1085 4168/1042/1086
f 4169/1043/1087 4165/1039/1083 4168/1042/1086
f 4170/1044/1088 4169/1043/1087 4168/1042/1086
f 4171/1045/1089 4170/1044/1088 4168/1042/1086
f 4172/1046/1090 4170/1044/1088 4171/1045/1089
f 4173/1047/1091 4172/1046/1090 4171/1045/1089
f 4172/1046/1090 4173/1047/1091 4174/1048/1092
f 4173/1047/1091 4175/1049/46 4174/1048/1092
f 4175/1049/46 4176/1050/46 4174/1048/1092
f 4176/1050/46 4162/1036/46 4174/1048/1092
f 4162/1036/46 4177/1051/1093 4174/1048/1092
f 4161/1035/1081 4177/1051/1093 4162/1036/46
f 4161/1035/1081 4178/1052/1094 4177/1051/1093
f 4179/1053/1095 4178/1052/1094 4161/1035/1081
f 4164/1038/1082 4179/1053/1095 4161/1035/1081
f 4179/1053/1095 4164/1038/1082 4180/1054/1096
f 4164/1038/1082 4163/1037/46 4180/1054/1096
f 4181/1055/1097 4172/1046/1090 4174/1048/1092
f 4181/1055/1097 4174/1048/1092 4177/1051/1093
f 4182/1056/1098 4181/1055/1097 4177/1051/1093
f 4178/1052/1094 4182/1056/1098 4177/1051/1093
f 4183/1057/46 4184/1058/46 4167/1041/1085
f 4167/1041/1085 4184/1058/46 4185/1059/46
f 4168/1042/1086 4167/1041/1085 4185/1059/46
f 4171/1045/1089 4168/1042/1086 4185/1059/46
f 4186/1060/46 4171/1045/1089 4185/1059/46
f 4171/1045/1089 4186/1060/46 4175/1049/46
f 4173/1047/1091 4171/1045/1089 4175/1049/46
f 4187/1061/46 4188/1062/1099 4189/1063/46
f 4188/1062/1099 4187/1061/46 4183/1057/46
f 4190/1064/1100 4188/1062/1099 4183/1057/46
f 4163/1037/46 4191/1065/46 4180/1054/1096
f 4191/1065/46 4192/1066/46 4180/1054/1096
f 4192/1066/46 4193/1067/1101 4180/1054/1096
f 4194/1068/1102 4193/1067/1101 4192/1066/46
f 4194/1068/1102 4195/1069/1103 4193/1067/1101
f 4196/1070/1104 4195/1069/1103 4194/1068/1102
f 4197/1071/1105 4196/1070/1104 4194/1068/1102
f 4196/1070/1104 4197/1071/1105 4198/1072/1106
f 4198/1072/1106 4197/1071/1105 4199/1073/46
f 4200/1074/46 4198/1072/1106 4199/1073/46
f 4198/1072/1106 4200/1074/46 4189/1063/46
f 4201/1075/1107 4198/1072/1106 4189/1063/46
f 4188/1062/1099 4201/1075/1107 4189/1063/46
f 4188/1062/1099 4202/1076/1108 4201/1075/1107
f 4166/1040/1084 4202/1076/1108 4188/1062/1099
f 4190/1064/1100 4166/1040/1084 4188/1062/1099
f 4166/1040/1084 4190/1064/1100 4167/1041/1085
f 4190/1064/1100 4183/1057/46 4167/1041/1085
f 4199/1073/46 4197/1071/1105 4194/1068/1102
f 4203/1077/46 4199/1073/46 4194/1068/1102
f 4203/1077/46 4194/1068/1102 4192/1066/46
f 4204/1078/1109 4196/1070/1104 4198/1072/1106
f 4204/1078/1109 4198/1072/1106 4201/1075/1107
f 4205/1079/1110 4204/1078/1109 4201/1075/1107
f 4202/1076/1108 4205/1079/1110 4201/1075/1107
f 4206/1080/1111 4179/1053/1095 4180/1054/1096
f 4206/1080/1111 4180/1054/1096 4193/1067/1101
f 4207/1081/1112 4206/1080/1111 4193/1067/1101
f 4195/1069/1103 4207/1081/1112 4193/1067/1101
f 4208/2/1113 4209/1/1113 4210/3/1113
f 4211/1082/1114 4212/1083/1115 4213/1084/1116
f 4211/1082/1114 4213/1084/1116 4214/1085/1117
f 4215/1086/1118 4211/1082/1114 4214/1085/1117
f 4216/1087/1119 4215/1086/1118 4214/1085/1117
f 4217/1088/1120 4216/1087/1119 4214/1085/1117
f 4218/1089/1121 4216/1087/1119 4217/1088/1120
f 4219/1090/1122 4218/1089/1121 4217/1088/1120
f 4220/1091/1123 4221/1092/1124 4222/1093/1125
f 4221/1092/1124 4220/1091/1123 4223/1094/1126
f 4224/1095/1127 4221/1092/1124 4223/1094/1126
f 4224/1095/1127 4223/1094/1126 4225/1096/1128
f 4226/1097/1129 4224/1095/1127 4225/1096/1128
f 4227/1098/1130 4226/1097/1129 4225/1096/1128
f 4228/1099/1131 4227/1098/1130 4225/1096/1128
f 4212/1083/1115 4227/1098/1130 4228/1099/1131
f 4229/1100/1132 4212/1083/1115 4228/1099/1131
f 4212/1083/1115 4229/1100/1132 4213/1084/1116
f 4229/1100/1132 4230/1073/1133 4213/1084/1116
f 4230/1073/1133 4231/1077/1134 4213/1084/1116
f 4213/1084/1116 4231/1077/1134 4214/1085/1117
f 4231/1077/1134 4232/1066/1135 4214/1085/1117
f 4214/1085/1117 4232/1066/1135 4233/1065/1136
f 4217/1088/1120 4214/1085/1117 4233/1065/1136
f 4233/1065/1136 4234/1037/1137 4217/1088/1120
f 4234/1037/1137 4219/1090/1122 4217/1088/1120
f 4223/1094/1126 4220/1091/1123 4235/1057/1138
f 4236/1061/1139 4223/1094/1126 4235/1057/1138
f 4223/1094/1126 4236/1061/1139 4225/1096/1128
f 4236/1061/1139 4237/1063/1140 4225/1096/1128
f 4237/1063/1140 4238/1074/1141 4225/1096/1128
f 4238/1074/1141 4228/1099/1131 4225/1096/1128
f 4228/1099/1131 4238/1074/1141 4230/1073/1133
f 4229/1100/1132 4228/1099/1131 4230/1073/1133
f 4239/1101/1142 4219/1090/1122 4234/1037/1137
f 4218/1089/1121 4219/1090/1122 4239/1101/1142
f 4240/1102/1143 4218/1089/1121 4239/1101/1142
f 4240/1102/1143 4239/1101/1142 4241/1103/1144
f 4242/1104/1145 4240/1102/1143 4241/1103/1144
f 4243/1105/1146 4242/1104/1145 4241/1103/1144
f 4244/1106/1147 4243/1105/1146 4241/1103/1144
f 4245/1107/1148 4243/1105/1146 4244/1106/1147
f 4246/1108/1149 4245/1107/1148 4244/1106/1147
f 4245/1107/1148 4246/1108/1149 4247/1109/1150
f 4247/1109/1150 4246/1108/1149 4248/1049/1151
f 4249/1060/1152 4247/1109/1150 4248/1049/1151
f 4247/1109/1150 4249/1060/1152 4250/1110/1153
f 4249/1060/1152 4251/1059/1154 4250/1110/1153
f 4251/1059/1154 4252/1058/1155 4250/1110/1153
f 4252/1058/1155 4222/1093/1125 4250/1110/1153
f 4252/1058/1155 4235/1057/1138 4222/1093/1125
f 4235/1057/1138 4220/1091/1123 4222/1093/1125
f 4253/1034/1156 4239/1101/1142 4234/1037/1137
f 4239/1101/1142 4253/1034/1156 4241/1103/1144
f 4253/1034/1156 4254/1036/1157 4241/1103/1144
f 4241/1103/1144 4254/1036/1157 4255/1050/1158
f 4244/1106/1147 4241/1103/1144 4255/1050/1158
f 4255/1050/1158 4248/1049/1151 4244/1106/1147
f 4248/1049/1151 4246/1108/1149 4244/1106/1147
f 4256/1111/1159 4245/1107/1148 4247/1109/1150
f 4256/1111/1159 4247/1109/1150 4250/1110/1153
f 4257/1112/1160 4256/1111/1159 4250/1110/1153
f 4258/1113/1161 4257/1112/1160 4250/1110/1153
f 4222/1093/1125 4258/1113/1161 4250/1110/1153
f 4221/1092/1124 4258/1113/1161 4222/1093/1125
f 4259/1114/158 4260/1114/158 4261/1115/158
f 4262/1115/158 4259/1114/158 4261/1115/158
f 4263/1115/153 4264/1115/153 4265/1116/153
f 4266/1116/153 4263/1115/153 4265/1116/153
f 4267/1116/141 4268/1116/141 4269/1117/141
f 4270/1117/141 4267/1116/141 4269/1117/141
f 4271/1117/137 4272/1117/137 4273/1118/137
f 4274/1118/137 4271/1117/137 4273/1118/137
f 4275/1118/148 4276/1118/148 4277/1119/148
f 4278/1119/148 4275/1118/148 4277/1119/148
f 4279/1119/144 4280/1119/144 4281/1120/144
f 4282/1120/144 4279/1119/144 4281/1120/144
f 4283/1120/164 4284/1120/164 4285/1121/164
f 4286/1121/164 4283/1120/164 4285/1121/164
f 4287/1121/159 4288/1121/159 4289/1114/159
f 4290/1114/159 4287/1121/159 4289/1114/159
f 4291/1122/1162 4292/1123/1162 4293/1124/1162
f 4294/1125/1162 4291/1122/1162 4293/1124/1162
f 4295/1123/1163 4296/1126/1163 4297/1127/1163
f 4298/1124/1163 4295/1123/1163 4297/1127/1163
f 4299/1127/1164 4300/1126/1164 4301/1128/1164
f 4302/1129/1164 4299/1127/1164 4301/1128/1164
f 4303/1129/1165 4304/1128/1165 4305/1130/1165
f 4306/1131/1166 4303/1129/1165 4305/1130/1165
f 4307/1131/1167 4308/1130/1167 4309/1132/1167
f 4310/1133/1167 4307/1131/1167 4309/1132/1167
f 4311/1132/1168 4312/1134/1168 4313/1135/1168
f 4314/1133/1168 4311/1132/1168 4313/1135/1168
f 4315/1134/1169 4316/1136/1169 4317/1137/1169
f 4318/1135/1169 4315/1134/1169 4317/1137/1169
f 4319/1137/1170 4320/1136/1170 4321/1122/1170
f 4322/1125/1170 4319/1137/1170 4321/1122/1170
f 4323/1138/1171 4324/1139/1171 4325/1140/1171
f 4326/1141/1171 4323/1138/1171 4325/1140/1171
f 4327/1142/1172 4328/1143/1172 4329/1144/1172
f 4330/1145/1172 4327/1142/1172 4329/1144/1172
f 4331/1146/1173 4332/1147/1173 4333/1148/1173
f 4334/1149/1173 4331/1146/1173 4333/1148/1173
f 4335/1150/1174 4336/1151/1175 4337/1152/1175
f 4338/1153/1174 4335/1150/1174 4337/1152/1175
f 4339/1140/1176 4340/1150/1176 4341/1153/1177
f 4342/1141/1177 4339/1140/1176 4341/1153/1177
f 4343/1152/1178 4344/1151/1178 4345/1146/1178
f 4346/1149/1178 4343/1152/1178 4345/1146/1178
f 4347/1148/1179 4348/1147/1180 4349/1143/1181
f 4350/1142/1182 4347/1148/1179 4349/1143/1181
f 4351/1144/1183 4352/1139/1183 4353/1138/1183
f 4354/1145/1183 4351/1144/1183 4353/1138/1183
f 4355/1154/1184 4356/1155/1184 4357/1156/1184
f 4358/1157/1184 4355/1154/1184 4357/1156/1184
f 4359/1156/1185 4360/1155/1185 4361/1158/1185
f 4362/1159/1185 4359/1156/1185 4361/1158/1185
f 4363/1159/1186 4364/1158/1186 4365/1160/1186
f 4366/1161/1186 4363/1159/1186 4365/1160/1186
f 4367/1160/1187 4368/1162/1187 4369/1163/1187
f 4370/1161/1187 4367/1160/1187 4369/1163/1187
f 4371/1162/1188 4372/1164/1188 4373/1165/1188
f 4374/1163/1189 4371/1162/1188 4373/1165/1188
f 4375/1164/1190 4376/1166/1190 4377/1167/1190
f 4378/1165/1190 4375/1164/1190 4377/1167/1190
f 4379/1167/1191 4380/1166/1191 4381/1168/1191
f 4382/1169/1191 4379/1167/1191 4381/1168/1191
f 4383/1169/1192 4384/1168/1192 4385/1154/1192
f 4386/1157/1192 4383/1169/1192 4385/1154/1192
f 4387/1170/1193 4388/1171/1193 4389/1172/1193
f 4390/1173/1193 4387/1170/1193 4389/1172/1193
f 4391/1174/1194 4392/1175/1194 4393/1176/1194
f 4394/1177/1194 4391/1174/1194 4393/1176/1194
f 4395/1178/1195 4396/1179/1195 4397/1180/1195
f 4398/1181/1195 4395/1178/1195 4397/1180/1195
f 4399/1182/1196 4400/1183/1196 4401/1184/1196
f 4402/1185/1197 4399/1182/1196 4401/1184/1196
f 4403/1172/1198 4404/1183/1198 4405/1182/1198
f 4406/1173/1199 4403/1172/1198 4405/1182/1198
f 4407/1185/1200 4408/1184/1201 4409/1178/1201
f 4410/1181/1200 4407/1185/1200 4409/1178/1201
f 4411/1180/1202 4412/1179/1202 4413/1174/1202
f 4414/1177/1202 4411/1180/1202 4413/1174/1202
f 4415/1175/1203 4416/1171/1203 4417/1170/1204
f 4418/1176/1204 4415/1175/1203 4417/1170/1204
f 4419/1186/1205 4420/1187/1206 4421/1188/1205
f 4422/1189/1207 4419/1186/1205 4421/1188/1205
f 4423/1187/1208 4424/1190/1209 4425/1191/1209
f 4426/1188/1208 4423/1187/1208 4425/1191/1209
f 4427/1190/1210 4428/1192/1211 4429/1193/1211
f 4430/1191/1210 4427/1190/1210 4429/1193/1211
f 4431/1192/1212 4432/1194/1212 4433/1195/1212
f 4434/1193/1212 4431/1192/1212 4433/1195/1212
f 4435/1195/1213 4436/1194/1213 4437/1192/1213
f 4438/1193/1213 4435/1195/1213 4437/1192/1213
f 4439/1192/1214 4440/1190/1214 4441/1191/1214
f 4442/1193/1214 4439/1192/1214 4441/1191/1214
f 4443/1190/1215 4444/1187/1215 4445/1188/1215
f 4446/1191/1215 4443/1190/1215 4445/1188/1215
f 4447/1188/1216 4448/1187/1216 4449/1186/1216
f 4450/1189/1217 4447/1188/1216 4449/1186/1216
f 4451/1196/62 4452/1197/62 4453/1198/62
f 4454/1199/62 4451/1196/62 4453/1198/62
f 4455/1200/1218 4456/1201/1218 4457/1202/1218
f 4458/1203/1218 4455/1200/1218 4457/1202/1218
f 4459/1204/76 4460/1205/76 4461/1206/76
f 4462/1207/76 4459/1204/76 4461/1206/76
f 4463/1208/1219 4464/1209/1219 4465/1210/1219
f 4466/1211/1219 4463/1208/1219 4465/1210/1219
f 4467/1198/1220 4468/1197/1221 4469/1209/1220
f 4470/1208/1220 4467/1198/1220 4469/1209/1220
f 4471/1210/1222 4472/1205/1222 4473/1204/1223
f 4474/1211/1223 4471/1210/1222 4473/1204/1223
f 4475/1207/1224 4476/1206/1225 4477/1201/1225
f 4478/1200/1226 4475/1207/1224 4477/1201/1225
f 4479/1202/1227 4480/1196/1227 4481/1199/1227
f 4482/1203/1228 4479/1202/1227 4481/1199/1227
f 4483/1212/1229 4484/1213/1230 4485/1214/1231
f 4486/1215/1232 4483/1212/1229 4485/1214/1231
f 4483/1212/1229 4487/1216/1118 4488/1217/1114
f 4487/1216/1118 4483/1212/1229 4489/1218/1119
f 4483/1212/1229 4486/1215/1232 4489/1218/1119
f 4486/1215/1232 4490/1219/1233 4489/1218/1119
f 4486/1215/1232 4485/1214/1231 4490/1219/1233
f 4485/1214/1231 4491/1220/1234 4490/1219/1233
f 4490/1219/1233 4491/1220/1234 4492/1221/1235
f 4493/1222/1236 4492/1221/1235 4491/1220/1234
f 4493/1222/1236 4494/1223/1237 4492/1221/1235
f 4494/1223/1237 4495/1224/1238 4492/1221/1235
f 4490/1219/1233 4496/1225/1239 4489/1218/1119
f 4497/1226/1240 4498/1227/1241 4488/1217/1114
f 4499/1228/1242 4497/1226/1240 4488/1217/1114
f 4500/1229/1243 4499/1228/1242 4488/1217/1114
f 4500/1229/1243 4488/1217/1114 4487/1216/1118
f 4501/1230/1244 4500/1229/1243 4487/1216/1118
f 4501/1230/1244 4487/1216/1118 4502/1231/1245
f 4487/1216/1118 4489/1218/1119 4502/1231/1245
f 4502/1231/1245 4489/1218/1119 4503/1232/1246
f 4489/1218/1119 4496/1225/1239 4503/1232/1246
f 4503/1232/1246 4496/1225/1239 4504/1233/1143
f 4496/1225/1239 4490/1219/1233 4504/1233/1143
f 4490/1219/1233 4505/1234/1247 4504/1233/1143
f 4505/1234/1247 4490/1219/1233 4492/1221/1235
f 4505/1234/1247 4492/1221/1235 4506/1235/1248
f 4492/1221/1235 4495/1224/1238 4506/1235/1248
f 4506/1235/1248 4495/1224/1238 4507/1236/1249
f 4495/1224/1238 4494/1223/1237 4507/1236/1249
f 4494/1223/1237 4508/1237/1250 4507/1236/1249
f 4506/1235/1248 4509/1238/1145 4504/1233/1143
f 4505/1234/1247 4506/1235/1248 4504/1233/1143
f 4508/1237/1250 4510/1239/1251 4511/1240/1252
f 4507/1236/1249 4508/1237/1250 4511/1240/1252
f 4508/1237/1250 4494/1223/1237 4512/1241/1253
f 4508/1237/1250 4512/1241/1253 4510/1239/1251
f 4512/1241/1253 4513/1242/1254 4510/1239/1251
f 4510/1239/1251 4513/1242/1254 4514/1243/1255
f 4515/1244/1256 4503/1232/1246 4504/1233/1143
f 4515/1244/1256 4504/1233/1143 4509/1238/1145
f 4516/1245/1257 4515/1244/1256 4509/1238/1145
f 4516/1245/1257 4509/1238/1145 4517/1246/1258
f 4509/1238/1145 4518/1247/1146 4517/1246/1258
f 4509/1238/1145 4506/1235/1248 4518/1247/1146
f 4506/1235/1248 4519/1248/1259 4518/1247/1146
f 4519/1248/1259 4506/1235/1248 4507/1236/1249
f 4519/1248/1259 4507/1236/1249 4520/1249/1260
f 4507/1236/1249 4511/1240/1252 4520/1249/1260
f 4520/1249/1260 4511/1240/1252 4521/1250/1261
f 4522/1251/1262 4521/1250/1261 4511/1240/1252
f 4522/1251/1262 4523/1252/1263 4521/1250/1261
f 4523/1252/1263 4524/1253/1264 4521/1250/1261
f 4524/1253/1264 4523/1252/1263 4525/1254/1265
f 4526/1255/1266 4524/1253/1264 4525/1254/1265
f 4527/1256/1267 4526/1255/1266 4525/1254/1265
f 4526/1255/1266 4527/1256/1267 4528/1257/1161
f 4520/1249/1260 4529/1258/1268 4518/1247/1146
f 4519/1248/1259 4520/1249/1260 4518/1247/1146
f 4527/1256/1267 4525/1254/1265 4530/1259/1269
f 4521/1250/1261 4524/1253/1264 4526/1255/1266
f 4531/1260/1270 4521/1250/1261 4526/1255/1266
f 4531/1260/1270 4520/1249/1260 4521/1250/1261
f 4520/1249/1260 4531/1260/1270 4532/1261/1159
f 4529/1258/1268 4520/1249/1260 4532/1261/1159
f 4533/1262/1271 4529/1258/1268 4532/1261/1159
f 4518/1247/1146 4529/1258/1268 4533/1262/1271
f 4517/1246/1258 4518/1247/1146 4533/1262/1271
f 4528/1257/1161 4534/1263/1272 4535/1264/1273
f 4536/1265/1274 4528/1257/1161 4535/1264/1273
f 4537/1266/1160 4528/1257/1161 4536/1265/1274
f 4537/1266/1160 4526/1255/1266 4528/1257/1161
f 4526/1255/1266 4537/1266/1160 4532/1261/1159
f 4531/1260/1270 4526/1255/1266 4532/1261/1159
f 4538/1267/1275 4533/1262/1271 4532/1261/1159
f 4538/1267/1275 4532/1261/1159 4537/1266/1160
f 4539/1268/1276 4538/1267/1275 4537/1266/1160
f 4539/1268/1276 4537/1266/1160 4536/1265/1274
f 4530/1259/1269 4540/1269/1277 4541/1270/1127
f 4527/1256/1267 4530/1259/1269 4528/1257/1161
f 4530/1259/1269 4534/1263/1272 4528/1257/1161
f 4534/1263/1272 4530/1259/1269 4541/1270/1127
f 4535/1264/1273 4534/1263/1272 4541/1270/1127
f 4542/1271/1278 4535/1264/1273 4541/1270/1127
f 4542/1271/1278 4541/1270/1127 4543/1272/1129
f 4544/1273/1279 4542/1271/1278 4543/1272/1129
f 4544/1273/1279 4543/1272/1129 4545/1274/1280
f 4543/1272/1129 4546/1275/1130 4545/1274/1280
f 4545/1274/1280 4546/1275/1130 4499/1228/1242
f 4546/1275/1130 4497/1226/1240 4499/1228/1242
f 4543/1272/1129 4547/1276/1281 4546/1275/1130
f 4547/1276/1281 4543/1272/1129 4541/1270/1127
f 4540/1269/1277 4547/1276/1281 4541/1270/1127
f 4540/1269/1277 4548/1277/1282 4547/1276/1281
f 4540/1269/1277 4530/1259/1269 4548/1277/1282
f 4530/1259/1269 4549/1278/1283 4548/1277/1282
f 4525/1254/1265 4549/1278/1283 4530/1259/1269
f 4525/1254/1265 4550/1279/1284 4549/1278/1283
f 4523/1252/1263 4550/1279/1284 4525/1254/1265
f 4548/1277/1282 4551/1280/1285 4547/1276/1281
f 4510/1239/1251 4522/1251/1262 4511/1240/1252
f 4522/1251/1262 4510/1239/1251 4514/1243/1255
f 4522/1251/1262 4514/1243/1255 4523/1252/1263
f 4514/1243/1255 4552/1281/1286 4523/1252/1263
f 4523/1252/1263 4552/1281/1286 4553/1282/1287
f 4550/1279/1284 4523/1252/1263 4553/1282/1287
f 4550/1279/1284 4553/1282/1287 4554/1283/1288
f 4550/1279/1284 4554/1283/1288 4549/1278/1283
f 4554/1283/1288 4555/1284/1289 4549/1278/1283
f 4555/1284/1289 4548/1277/1282 4549/1278/1283
f 4555/1284/1289 4556/1285/1290 4548/1277/1282
f 4556/1285/1290 4551/1280/1285 4548/1277/1282
f 4551/1280/1285 4556/1285/1290 4557/1286/1291
f 4547/1276/1281 4551/1280/1285 4557/1286/1291
f 4558/1287/1292 4547/1276/1281 4557/1286/1291
f 4547/1276/1281 4558/1287/1292 4546/1275/1130
f 4558/1287/1292 4498/1227/1241 4546/1275/1130
f 4498/1227/1241 4497/1226/1240 4546/1275/1130
f 4556/1285/1290 4559/1288/1293 4560/1289/1294
f 4561/1290/1295 4559/1288/1293 4556/1285/1290
f 4555/1284/1289 4561/1290/1295 4556/1285/1290
f 4555/1284/1289 4554/1283/1288 4561/1290/1295
f 4554/1283/1288 4562/1291/1218 4561/1290/1295
f 4553/1282/1287 4562/1291/1218 4554/1283/1288
f 4563/1292/1296 4564/1293/1297 4565/1294/1298
f 4564/1293/1297 4566/1295/1299 4565/1294/1298
f 4560/1289/1294 4566/1295/1299 4564/1293/1297
f 4567/1296/1300 4560/1289/1294 4564/1293/1297
f 4567/1296/1300 4556/1285/1290 4560/1289/1294
f 4556/1285/1290 4567/1296/1300 4557/1286/1291
f 4557/1286/1291 4567/1296/1300 4568/1297/1301
f 4557/1286/1291 4568/1297/1301 4498/1227/1241
f 4558/1287/1292 4557/1286/1291 4498/1227/1241
f 4567/1296/1300 4564/1293/1297 4568/1297/1301
f 4494/1223/1237 4569/1298/1302 4512/1241/1253
f 4570/1299/1303 4569/1298/1302 4494/1223/1237
f 4493/1222/1236 4570/1299/1303 4494/1223/1237
f 4493/1222/1236 4571/1300/1304 4570/1299/1303
f 4571/1300/1304 4493/1222/1236 4491/1220/1234
f 4571/1300/1304 4491/1220/1234 4572/1301/1305
f 4491/1220/1234 4485/1214/1231 4572/1301/1305
f 4573/1302/1306 4572/1301/1305 4485/1214/1231
f 4484/1213/1230 4573/1302/1306 4485/1214/1231
f 4573/1302/1306 4484/1213/1230 4574/1303/1307
f 4574/1303/1307 4484/1213/1230 4483/1212/1229
f 4575/1304/1308 4574/1303/1307 4483/1212/1229
f 4575/1304/1308 4483/1212/1229 4488/1217/1114
f 4498/1227/1241 4575/1304/1308 4488/1217/1114
f 4575/1304/1308 4498/1227/1241 4574/1303/1307
f 4498/1227/1241 4568/1297/1301 4574/1303/1307
f 4563/1292/1296 4574/1303/1307 4568/1297/1301
f 4564/1293/1297 4563/1292/1296 4568/1297/1301
f 4571/1300/1304 4576/1305/1309 4570/1299/1303
f 4577/1306/1310 4576/1305/1309 4571/1300/1304
f 4572/1301/1305 4577/1306/1310 4571/1300/1304
f 4572/1301/1305 4573/1302/1306 4577/1306/1310
f 4573/1302/1306 4578/1307/1311 4577/1306/1310
f 4565/1294/1298 4578/1307/1311 4573/1302/1306
f 4563/1292/1296 4565/1294/1298 4573/1302/1306
f 4563/1292/1296 4573/1302/1306 4574/1303/1307
f 4579/544/1312 4580/413/170 4581/543/1313
f 4582/545/170 4579/544/1312 4581/543/1313
f 4583/1/921 4582/545/170 4581/543/1313
f 4584/2/921 4583/1/921 4581/543/1313
f 4585/1308/1314 4586/1309/1315 4587/1310/1314
f 4585/1308/1314 4587/1310/1314 4588/1311/1316
f 4589/1312/1316 4585/1308/1314 4588/1311/1316
f 4589/1312/1316 4588/1311/1316 4590/1313/1317
f 4588/1311/1316 4591/1314/1317 4590/1313/1317
f 4590/1313/1317 4591/1314/1317 4592/1315/1318
f 4591/1314/1317 4593/1316/1318 4592/1315/1318
f 4592/1315/1318 4593/1316/1318 4594/1317/1319
f 4593/1316/1318 4595/1318/1319 4594/1317/1319
f 4594/1317/1319 4595/1318/1319 4596/1319/1320
f 4597/1320/1320 4594/1317/1319 4596/1319/1320
f 4597/1320/1320 4596/1319/1320 4598/1321/1321
f 4599/1322/1321 4597/1320/1320 4598/1321/1321
f 4599/1322/1321 4598/1321/1321 4600/1323/1322
f 4601/1324/1322 4599/1322/1321 4600/1323/1322
f 4601/1324/1322 4600/1323/1322 4602/1325/1323
f 4603/1326/1323 4601/1324/1322 4602/1325/1323
f 4603/1326/1323 4602/1325/1323 4604/1327/1324
f 4605/1328/1324 4603/1326/1323 4604/1327/1324
f 4605/1328/1324 4604/1327/1324 4606/1329/1325
f 4604/1327/1324 4607/1330/1325 4606/1329/1325
f 4606/1329/1325 4607/1330/1325 4608/1331/1326
f 4607/1330/1325 4609/1332/1326 4608/1331/1326
f 4608/1331/1326 4609/1332/1326 4610/1333/1327
f 4609/1332/1326 4611/1334/1327 4610/1333/1327
f 4610/1333/1327 4611/1334/1327 4612/1335/1328
f 4613/1336/1328 4610/1333/1327 4612/1335/1328
f 4613/1336/1328 4612/1335/1328 4614/1337/1329
f 4615/1338/1329 4613/1336/1328 4614/1337/1329
f 4615/1338/1329 4614/1337/1329 4616/1339/1315
f 4586/1309/1315 4615/1338/1329 4616/1339/1315
f 4586/1309/1315 4616/1339/1315 4587/1310/1314
f 4617/1340/1330 4618/1341/1159 4619/1342/1331
f 4619/1342/1331 4618/1341/1159 4620/1343/1160
f 4621/1344/1332 4619/1342/1331 4620/1343/1160
f 4621/1344/1332 4620/1343/1160 4622/1345/1333
f 4620/1343/1160 4623/1346/1161 4622/1345/1333
f 4624/1347/1334 4625/1348/1335 4626/1349/1145
f 4624/1347/1334 4626/1349/1145 4627/1350/1336
f 4626/1349/1145 4628/1351/1146 4627/1350/1336
f 4627/1350/1336 4628/1351/1146 4617/1340/1330
f 4629/1352/1337 4627/1350/1336 4617/1340/1330
f 4629/1352/1337 4617/1340/1330 4619/1342/1331
f 4619/1342/1331 4630/1353/1270 4629/1352/1337
f 4630/1353/1270 4619/1342/1331 4621/1344/1332
f 4631/1354/1266 4630/1353/1270 4621/1344/1332
f 4632/1355/1267 4631/1354/1266 4621/1344/1332
f 4622/1345/1333 4632/1355/1267 4621/1344/1332
f 4632/1355/1267 4622/1345/1333 4633/1356/1338
f 4622/1345/1333 4623/1346/1161 4633/1356/1338
f 4623/1346/1161 4634/1357/1339 4633/1356/1338
f 4633/1356/1338 4634/1357/1339 4635/1358/1127
f 4636/1359/1340 4633/1356/1338 4635/1358/1127
f 4636/1359/1340 4635/1358/1127 4637/1360/1129
f 4638/1361/1341 4636/1359/1340 4637/1360/1129
f 4638/1361/1341 4637/1360/1129 4639/1362/1342
f 4637/1360/1129 4640/1363/1130 4639/1362/1342
f 4639/1362/1342 4640/1363/1130 4641/1364/1343
f 4642/1365/1269 4632/1355/1267 4633/1356/1338
f 4643/1366/1277 4642/1365/1269 4633/1356/1338
f 4644/1367/1248 4645/1368/1247 4624/1347/1334
f 4646/1369/1259 4644/1367/1248 4624/1347/1334
f 4627/1350/1336 4646/1369/1259 4624/1347/1334
f 4646/1369/1259 4627/1350/1336 4629/1352/1337
f 4647/1370/1260 4646/1369/1259 4629/1352/1337
f 4630/1353/1270 4647/1370/1260 4629/1352/1337
f 4636/1359/1340 4643/1366/1277 4633/1356/1338
f 4643/1366/1277 4636/1359/1340 4638/1361/1341
f 4648/1371/1281 4643/1366/1277 4638/1361/1341
f 4649/1372/1292 4648/1371/1281 4638/1361/1341
f 4639/1362/1342 4649/1372/1292 4638/1361/1341
f 4649/1372/1292 4639/1362/1342 4650/1373/1344
f 4650/1373/1344 4639/1362/1342 4641/1364/1343
f 4650/1373/1344 4641/1364/1343 4651/1374/1345
f 4641/1364/1343 4652/1375/1114 4651/1374/1345
f 4651/1374/1345 4652/1375/1114 4653/1376/1118
f 4654/1377/1346 4651/1374/1345 4653/1376/1118
f 4654/1377/1346 4653/1376/1118 4655/1378/1347
f 4655/1378/1347 4656/1379/1232 4654/1377/1346
f 4656/1379/1232 4655/1378/1347 4657/1380/1348
f 4658/1381/1233 4656/1379/1232 4657/1380/1348
f 4645/1368/1247 4658/1381/1233 4657/1380/1348
f 4625/1348/1335 4645/1368/1247 4657/1380/1348
f 4645/1368/1247 4625/1348/1335 4624/1347/1334
f 4625/1348/1335 4659/1382/1143 4626/1349/1145
f 4625/1348/1335 4657/1380/1348 4659/1382/1143
f 4657/1380/1348 4660/1383/1349 4659/1382/1143
f 4661/1384/1119 4660/1383/1349 4657/1380/1348
f 4655/1378/1347 4661/1384/1119 4657/1380/1348
f 4653/1376/1118 4661/1384/1119 4655/1378/1347
f 4662/1385/1241 4649/1372/1292 4650/1373/1344
f 4663/1386/1308 4662/1385/1241 4650/1373/1344
f 4651/1374/1345 4663/1386/1308 4650/1373/1344
f 4663/1386/1308 4651/1374/1345 4654/1377/1346
f 4664/1387/1229 4663/1386/1308 4654/1377/1346
f 4656/1379/1232 4664/1387/1229 4654/1377/1346
f 4665/1388/1253 4666/1389/1350 4667/1390/1351
f 4668/1391/1302 4665/1388/1253 4667/1390/1351
f 4669/1392/1352 4670/1393/1353 4671/1394/1303
f 4672/1395/1302 4669/1392/1352 4671/1394/1303
f 4673/1396/1354 4674/1397/1355 4675/1398/1356
f 4676/1399/1357 4673/1396/1354 4675/1398/1356
f 4677/1400/1358 4676/1399/1357 4678/1401/1359
f 4676/1399/1357 4675/1398/1356 4678/1401/1359
f 4678/1401/1359 4675/1398/1356 4679/1402/1360
f 4675/1398/1356 4674/1397/1355 4679/1402/1360
f 4674/1397/1355 4680/1403/1361 4679/1402/1360
f 4674/1397/1355 4681/1404/1362 4680/1403/1361
f 4674/1397/1355 4673/1396/1354 4681/1404/1362
f 4673/1396/1354 4682/1405/1363 4681/1404/1362
f 4683/1406/1364 4682/1405/1363 4673/1396/1354
f 4682/1405/1363 4683/1406/1364 4684/1407/1365
f 4683/1406/1364 4685/1408/1366 4684/1407/1365
f 4685/1408/1366 4686/1409/1367 4684/1407/1365
f 4687/1410/1368 4686/1409/1367 4685/1408/1366
f 4688/1411/1369 4687/1410/1368 4685/1408/1366
f 4681/1404/1362 4689/1412/1370 4680/1403/1361
f 4690/1413/1371 4691/1414/1372 4689/1412/1370
f 4681/1404/1362 4690/1413/1371 4689/1412/1370
f 4684/1407/1365 4690/1413/1371 4681/1404/1362
f 4682/1405/1363 4684/1407/1365 4681/1404/1362
f 4683/1406/1364 4692/1415/1373 4685/1408/1366
f 4692/1415/1373 4688/1411/1369 4685/1408/1366
f 4693/1416/1374 4688/1411/1369 4692/1415/1373
f 4688/1411/1369 4693/1416/1374 4687/1410/1368
f 4693/1416/1374 4694/1417/1375 4687/1410/1368
f 4687/1410/1368 4694/1417/1375 4695/1418/1376
f 4687/1410/1368 4695/1418/1376 4686/1409/1367
f 4695/1418/1376 4696/1419/1377 4686/1409/1367
f 4686/1409/1367 4696/1419/1377 4697/1420/1378
f 4686/1409/1367 4697/1420/1378 4684/1407/1365
f 4684/1407/1365 4697/1420/1378 4698/1421/1379
f 4690/1413/1371 4684/1407/1365 4698/1421/1379
f 4690/1413/1371 4698/1421/1379 4699/1422/1380
f 4691/1414/1372 4690/1413/1371 4699/1422/1380
f 4691/1414/1372 4699/1422/1380 4700/1423/1381
f 4689/1412/1370 4691/1414/1372 4700/1423/1381
f 4701/1424/1382 4689/1412/1370 4700/1423/1381
f 4680/1403/1361 4689/1412/1370 4701/1424/1382
f 4676/1399/1357 4702/1425/1383 4673/1396/1354
f 4702/1425/1383 4703/1426/1384 4673/1396/1354
f 4703/1426/1384 4683/1406/1364 4673/1396/1354
f 4703/1426/1384 4704/1427/1385 4683/1406/1364
f 4704/1427/1385 4692/1415/1373 4683/1406/1364
f 4705/1428/1386 4692/1415/1373 4704/1427/1385
f 4705/1428/1386 4693/1416/1374 4692/1415/1373
f 4706/1429/1219 4693/1416/1374 4705/1428/1386
f 4693/1416/1374 4706/1429/1219 4694/1417/1375
f 4706/1429/1219 4707/1430/1387 4694/1417/1375
f 4694/1417/1375 4707/1430/1387 4708/1431/1388
f 4694/1417/1375 4708/1431/1388 4695/1418/1376
f 4695/1418/1376 4708/1431/1388 4709/1432/1069
f 4695/1418/1376 4709/1432/1069 4696/1419/1377
f 4709/1432/1069 4710/1433/153 4696/1419/1377
f 4696/1419/1377 4710/1433/153 4711/1434/76
f 4710/1433/153 4712/1419/1152 4711/1434/76
f 4712/1419/1152 4713/1435/1389 4711/1434/76
f 4710/1433/153 4709/1432/1069 4712/1419/1152
f 4708/1431/1388 4714/1436/158 4709/1432/1069
f 4715/1437/1390 4706/1429/1219 4705/1428/1386
f 4716/1438/1391 4707/1430/1387 4706/1429/1219
f 4711/1434/76 4713/1435/1389 4717/1439/1158
f 4718/1440/141 4711/1434/76 4717/1439/1158
f 4712/1419/1152 4719/1418/1154 4720/1409/1150
f 4709/1432/1069 4719/1418/1154 4712/1419/1152
f 4721/1431/1155 4719/1418/1154 4709/1432/1069
f 4714/1436/158 4721/1431/1155 4709/1432/1069
f 4714/1436/158 4722/1441/69 4721/1431/1155
f 4722/1441/69 4714/1436/158 4708/1431/1388
f 4723/1442/1392 4722/1441/69 4708/1431/1388
f 4707/1430/1387 4723/1442/1392 4708/1431/1388
f 4724/1443/1393 4723/1442/1392 4707/1430/1387
f 4716/1438/1391 4724/1443/1393 4707/1430/1387
f 4725/1444/1394 4724/1443/1393 4716/1438/1391
f 4726/1445/1395 4725/1444/1394 4716/1438/1391
f 4726/1445/1395 4727/1446/1396 4725/1444/1394
f 4728/1447/1397 4727/1446/1396 4726/1445/1395
f 4728/1447/1397 4729/1448/1398 4727/1446/1396
f 4729/1448/1398 4728/1447/1397 4730/1449/1399
f 4731/1450/1400 4729/1448/1398 4730/1449/1399
f 4732/1451/1401 4731/1450/1400 4730/1449/1399
f 4724/1443/1393 4733/1452/159 4722/1441/69
f 4723/1442/1392 4724/1443/1393 4722/1441/69
f 4731/1450/1400 4734/1453/1402 4729/1448/1398
f 4727/1446/1396 4735/1454/1403 4725/1444/1394
f 4727/1446/1396 4736/1455/1404 4735/1454/1403
f 4729/1448/1398 4736/1455/1404 4727/1446/1396
f 4736/1455/1404 4737/1456/1405 4735/1454/1403
f 4738/1457/164 4739/1458/1052 4725/1444/1394
f 4735/1454/1403 4738/1457/164 4725/1444/1394
f 4740/1459/62 4738/1457/164 4735/1454/1403
f 4737/1456/1405 4740/1459/62 4735/1454/1403
f 4737/1456/1405 4741/1460/1406 4740/1459/62
f 4741/1460/1406 4737/1456/1405 4736/1455/1404
f 4742/1461/1407 4741/1460/1406 4736/1455/1404
f 4742/1461/1407 4736/1455/1404 4729/1448/1398
f 4743/1462/1408 4742/1461/1407 4729/1448/1398
f 4734/1453/1402 4743/1462/1408 4729/1448/1398
f 4734/1453/1402 4744/1463/1409 4743/1462/1408
f 4745/1464/1410 4744/1463/1409 4734/1453/1402
f 4746/1465/1411 4744/1463/1409 4745/1464/1410
f 4747/1466/1412 4746/1465/1411 4745/1464/1410
f 4747/1466/1412 4748/1467/1413 4746/1465/1411
f 4748/1467/1413 4749/1468/1414 4746/1465/1411
f 4701/1424/1382 4749/1468/1414 4748/1467/1413
f 4749/1468/1414 4701/1424/1382 4750/1469/1415
f 4749/1468/1414 4750/1469/1415 4746/1465/1411
f 4750/1469/1415 4751/1470/1416 4746/1465/1411
f 4746/1465/1411 4751/1470/1416 4744/1463/1409
f 4751/1470/1416 4752/1471/1417 4744/1463/1409
f 4744/1463/1409 4752/1471/1417 4743/1462/1408
f 4752/1471/1417 4753/1472/1418 4743/1462/1408
f 4753/1472/1418 4742/1461/1407 4743/1462/1408
f 4753/1472/1418 4754/1473/1419 4742/1461/1407
f 4754/1473/1419 4741/1460/1406 4742/1461/1407
f 4741/1460/1406 4754/1473/1419 4755/1474/144
f 4741/1460/1406 4755/1474/144 4740/1459/62
f 4755/1474/144 4756/1460/1134 4740/1459/62
f 4756/1460/1134 4757/1456/1420 4740/1459/62
f 4751/1470/1416 4750/1469/1415 4758/1475/1421
f 4751/1470/1416 4758/1475/1421 4753/1472/1418
f 4752/1471/1417 4751/1470/1416 4753/1472/1418
f 4753/1472/1418 4758/1475/1421 4754/1473/1419
f 4738/1457/164 4740/1459/62 4759/1454/1141
f 4740/1459/62 4757/1456/1420 4759/1454/1141
f 4757/1456/1420 4760/1455/1132 4759/1454/1141
f 4757/1456/1420 4756/1460/1134 4760/1455/1132
f 4756/1460/1134 4761/1461/1116 4760/1455/1132
f 4756/1460/1134 4762/1473/1135 4761/1461/1116
f 4762/1473/1135 4756/1460/1134 4755/1474/144
f 4763/1476/1057 4762/1473/1135 4755/1474/144
f 4754/1473/1419 4763/1476/1057 4755/1474/144
f 4754/1473/1419 4764/1477/1422 4763/1476/1057
f 4758/1475/1421 4764/1477/1422 4754/1473/1419
f 4758/1475/1421 4765/1478/1423 4764/1477/1422
f 4750/1469/1415 4765/1478/1423 4758/1475/1421
f 4766/1479/1424 4765/1478/1423 4750/1469/1415
f 4766/1479/1424 4767/1480/1425 4765/1478/1423
f 4768/1481/1426 4767/1480/1425 4766/1479/1424
f 4769/1477/1136 4762/1473/1135 4763/1476/1057
f 4770/1482/55 4771/1483/1137 4769/1477/1136
f 4772/1484/148 4770/1482/55 4769/1477/1136
f 4772/1484/148 4769/1477/1136 4763/1476/1057
f 4764/1477/1422 4772/1484/148 4763/1476/1057
f 4770/1482/55 4772/1484/148 4764/1477/1422
f 4773/1483/1427 4770/1482/55 4764/1477/1422
f 4773/1483/1427 4767/1480/1425 4770/1482/55
f 4767/1480/1425 4773/1483/1427 4765/1478/1423
f 4765/1478/1423 4773/1483/1427 4764/1477/1422
f 4739/1458/1052 4774/1444/1140 4775/1443/1139
f 4739/1458/1052 4738/1457/164 4774/1444/1140
f 4738/1457/164 4759/1454/1141 4774/1444/1140
f 4759/1454/1141 4776/1446/1131 4774/1444/1140
f 4760/1455/1132 4776/1446/1131 4759/1454/1141
f 4760/1455/1132 4777/1448/1254 4776/1446/1131
f 4760/1455/1132 4761/1461/1116 4777/1448/1254
f 4761/1461/1116 4778/1462/1255 4777/1448/1254
f 4761/1461/1116 4779/1472/1428 4778/1462/1255
f 4762/1473/1135 4779/1472/1428 4761/1461/1116
f 4780/1475/1120 4779/1472/1428 4762/1473/1135
f 4769/1477/1136 4780/1475/1120 4762/1473/1135
f 4781/1478/1122 4780/1475/1120 4769/1477/1136
f 4771/1483/1137 4781/1478/1122 4769/1477/1136
f 4771/1483/1137 4782/1480/1156 4781/1478/1122
f 4782/1480/1156 4771/1483/1137 4770/1482/55
f 4783/1485/137 4782/1480/1156 4770/1482/55
f 4767/1480/1425 4783/1485/137 4770/1482/55
f 4784/1486/434 4783/1485/137 4767/1480/1425
f 4768/1481/1426 4784/1486/434 4767/1480/1425
f 4768/1481/1426 4785/1439/1429 4784/1486/434
f 4783/1485/137 4784/1486/434 4782/1480/1156
f 4781/1478/1122 4786/1479/1142 4787/1469/1218
f 4781/1478/1122 4787/1469/1218 4780/1475/1120
f 4787/1469/1218 4788/1470/1287 4780/1475/1120
f 4780/1475/1120 4788/1470/1287 4779/1472/1428
f 4788/1470/1287 4789/1471/1286 4779/1472/1428
f 4779/1472/1428 4789/1471/1286 4778/1462/1255
f 4789/1471/1286 4790/1463/1430 4778/1462/1255
f 4790/1463/1430 4791/1453/1431 4778/1462/1255
f 4778/1462/1255 4791/1453/1431 4777/1448/1254
f 4791/1453/1431 4792/1450/1432 4777/1448/1254
f 4787/1469/1218 4793/1468/1433 4794/1465/1434
f 4788/1470/1287 4787/1469/1218 4794/1465/1434
f 4788/1470/1287 4794/1465/1434 4790/1463/1430
f 4789/1471/1286 4788/1470/1287 4790/1463/1430
f 4713/1435/1389 4712/1419/1152 4795/1420/1149
f 4713/1435/1389 4795/1420/1149 4717/1439/1158
f 4795/1420/1149 4796/1421/1147 4717/1439/1158
f 4717/1439/1158 4796/1421/1147 4797/1481/1157
f 4796/1421/1147 4798/1422/1435 4797/1481/1157
f 4797/1481/1157 4798/1422/1435 4786/1479/1142
f 4786/1479/1142 4798/1422/1435 4799/1423/1295
f 4786/1479/1142 4799/1423/1295 4787/1469/1218
f 4799/1423/1295 4800/1424/1436 4787/1469/1218
f 4800/1424/1436 4793/1468/1433 4787/1469/1218
f 4801/1487/1095 4793/1468/1433 4800/1424/1436
f 4794/1465/1434 4793/1468/1433 4801/1487/1095
f 4802/1488/1111 4794/1465/1434 4801/1487/1095
f 4790/1463/1430 4794/1465/1434 4802/1488/1111
f 4803/1489/1437 4790/1463/1430 4802/1488/1111
f 4803/1489/1437 4804/1490/1103 4790/1463/1430
f 4804/1490/1103 4791/1453/1431 4790/1463/1430
f 4804/1490/1103 4805/1491/1104 4791/1453/1431
f 4806/1492/1094 4801/1487/1095 4800/1424/1436
f 4806/1492/1094 4800/1424/1436 4807/1412/1438
f 4807/1412/1438 4800/1424/1436 4799/1423/1295
f 4808/1414/1293 4807/1412/1438 4799/1423/1295
f 4798/1422/1435 4808/1414/1293 4799/1423/1295
f 4809/1413/1294 4808/1414/1293 4798/1422/1435
f 4796/1421/1147 4809/1413/1294 4798/1422/1435
f 4810/1407/1299 4809/1413/1294 4796/1421/1147
f 4795/1420/1149 4810/1407/1299 4796/1421/1147
f 4795/1420/1149 4720/1409/1150 4810/1407/1299
f 4712/1419/1152 4720/1409/1150 4795/1420/1149
f 4810/1407/1299 4811/1405/1439 4812/1404/1440
f 4809/1413/1294 4810/1407/1299 4812/1404/1440
f 4809/1413/1294 4812/1404/1440 4807/1412/1438
f 4808/1414/1293 4809/1413/1294 4807/1412/1438
f 4813/1493/1109 4814/1449/1441 4805/1491/1104
f 4815/1494/1442 4806/1492/1094 4807/1412/1438
f 4815/1494/1442 4807/1412/1438 4816/1495/1097
f 4807/1412/1438 4812/1404/1440 4816/1495/1097
f 4816/1495/1097 4812/1404/1440 4817/1496/1090
f 4812/1404/1440 4811/1405/1439 4817/1496/1090
f 4817/1496/1090 4811/1405/1439 4818/1406/1443
f 4818/1406/1443 4811/1405/1439 4810/1407/1299
f 4819/1408/1298 4818/1406/1443 4810/1407/1299
f 4720/1409/1150 4819/1408/1298 4810/1407/1299
f 4720/1409/1150 4820/1410/1444 4819/1408/1298
f 4719/1418/1154 4820/1410/1444 4720/1409/1150
f 4821/1417/1125 4820/1410/1444 4719/1418/1154
f 4721/1431/1155 4821/1417/1125 4719/1418/1154
f 4822/1430/1123 4821/1417/1125 4721/1431/1155
f 4822/1430/1123 4823/1429/1309 4821/1417/1125
f 4822/1430/1123 4824/1438/1126 4823/1429/1309
f 4824/1438/1126 4825/1497/1303 4823/1429/1309
f 4824/1438/1126 4826/1445/1128 4825/1497/1303
f 4826/1445/1128 4827/1498/1302 4825/1497/1303
f 4828/1447/1253 4827/1498/1302 4826/1445/1128
f 4829/1499/1445 4830/1437/1446 4823/1429/1309
f 4825/1497/1303 4829/1499/1445 4823/1429/1309
f 4831/1500/1088 4817/1496/1090 4818/1406/1443
f 4831/1500/1088 4818/1406/1443 4832/1415/1447
f 4832/1415/1447 4818/1406/1443 4819/1408/1298
f 4833/1411/1311 4832/1415/1447 4819/1408/1298
f 4820/1410/1444 4833/1411/1311 4819/1408/1298
f 4834/1416/1310 4833/1411/1311 4820/1410/1444
f 4821/1417/1125 4834/1416/1310 4820/1410/1444
f 4823/1429/1309 4834/1416/1310 4821/1417/1125
f 4834/1416/1310 4823/1429/1309 4835/1428/1448
f 4823/1429/1309 4830/1437/1446 4835/1428/1448
f 4835/1428/1448 4830/1437/1446 4836/1501/1084
f 4836/1501/1084 4830/1437/1446 4829/1499/1445
f 4837/1502/1108 4836/1501/1084 4829/1499/1445
f 4833/1411/1311 4834/1416/1310 4832/1415/1447
f 4834/1416/1310 4835/1428/1448 4832/1415/1447
f 4838/1503/1449 4831/1500/1088 4832/1415/1447
f 4838/1503/1449 4832/1415/1447 4839/1504/1083
f 4832/1415/1447 4835/1428/1448 4839/1504/1083
f 4839/1504/1083 4835/1428/1448 4836/1501/1084
f 4805/1491/1104 4792/1450/1432 4791/1453/1431
f 4814/1449/1441 4792/1450/1432 4805/1491/1104
f 4777/1448/1254 4792/1450/1432 4814/1449/1441
f 4828/1447/1253 4777/1448/1254 4814/1449/1441
f 4777/1448/1254 4828/1447/1253 4776/1446/1131
f 4776/1446/1131 4828/1447/1253 4826/1445/1128
f 4776/1446/1131 4826/1445/1128 4774/1444/1140
f 4774/1444/1140 4826/1445/1128 4824/1438/1126
f 4775/1443/1139 4774/1444/1140 4824/1438/1126
f 4775/1443/1139 4824/1438/1126 4822/1430/1123
f 4840/1442/1450 4775/1443/1139 4822/1430/1123
f 4840/1442/1450 4822/1430/1123 4721/1431/1155
f 4722/1441/69 4840/1442/1450 4721/1431/1155
f 4775/1443/1139 4840/1442/1450 4722/1441/69
f 4733/1452/159 4775/1443/1139 4722/1441/69
f 4733/1452/159 4739/1458/1052 4775/1443/1139
f 4739/1458/1052 4733/1452/159 4724/1443/1393
f 4725/1444/1394 4739/1458/1052 4724/1443/1393
f 4841/1505/1451 4842/1506/1452 4843/1507/1453
f 4842/1506/1452 4844/1508/1454 4843/1507/1453
f 4843/1507/1453 4844/1508/1454 4845/1509/1455
f 4845/1509/1455 4844/1508/1454 4732/1451/1401
f 4845/1509/1455 4732/1451/1401 4846/1510/1456
f 4732/1451/1401 4847/1511/1457 4846/1510/1456
f 4847/1511/1457 4732/1451/1401 4730/1449/1399
f 4844/1508/1454 4848/1512/1458 4732/1451/1401
f 4844/1508/1454 4842/1506/1452 4848/1512/1458
f 4726/1445/1395 4716/1438/1391 4849/1497/1459
f 4850/1498/1460 4726/1445/1395 4849/1497/1459
f 4850/1498/1460 4728/1447/1397 4726/1445/1395
f 4728/1447/1397 4850/1498/1460 4851/1513/1461
f 4730/1449/1399 4728/1447/1397 4851/1513/1461
f 4730/1449/1399 4851/1513/1461 4852/1514/1462
f 4847/1511/1457 4730/1449/1399 4852/1514/1462
f 4847/1511/1457 4852/1514/1462 4853/1515/1463
f 4846/1510/1456 4847/1511/1457 4853/1515/1463
f 4854/1516/1464 4846/1510/1456 4853/1515/1463
f 4845/1509/1455 4846/1510/1456 4854/1516/1464
f 4855/1517/1465 4845/1509/1455 4854/1516/1464
f 4855/1517/1465 4843/1507/1453 4845/1509/1455
f 4856/1518/229 4843/1507/1453 4855/1517/1465
f 4856/1518/229 4841/1505/1451 4843/1507/1453
f 4856/1518/229 4857/1519/1466 4841/1505/1451
f 4841/1505/1451 4857/1519/1466 4842/1506/1452
f 4857/1519/1466 4858/1520/1467 4842/1506/1452
f 4856/1518/229 4859/1521/1468 4857/1519/1466
f 4860/1522/1469 4854/1516/1464 4853/1515/1463
f 4853/1515/1463 4861/1523/1470 4862/1524/1471
f 4860/1522/1469 4853/1515/1463 4862/1524/1471
f 4856/1518/229 4860/1522/1469 4862/1524/1471
f 4856/1518/229 4854/1516/1464 4860/1522/1469
f 4856/1518/229 4855/1517/1465 4854/1516/1464
f 4863/1525/1472 4858/1520/1467 4857/1519/1466
f 4859/1521/1468 4863/1525/1472 4857/1519/1466
f 4859/1521/1468 4864/1526/1473 4863/1525/1472
f 4856/1518/229 4864/1526/1473 4859/1521/1468
f 4856/1518/229 4865/1527/1474 4864/1526/1473
f 4856/1518/229 4866/1528/1475 4867/1529/1476
f 4734/1453/1402 4731/1450/1400 4732/1451/1401
f 4848/1512/1458 4734/1453/1402 4732/1451/1401
f 4848/1512/1458 4745/1464/1410 4734/1453/1402
f 4842/1506/1452 4745/1464/1410 4848/1512/1458
f 4747/1466/1412 4745/1464/1410 4842/1506/1452
f 4858/1520/1467 4747/1466/1412 4842/1506/1452
f 4748/1467/1413 4747/1466/1412 4858/1520/1467
f 4863/1525/1472 4748/1467/1413 4858/1520/1467
f 4863/1525/1472 4868/1530/1477 4748/1467/1413
f 4864/1526/1473 4868/1530/1477 4863/1525/1472
f 4679/1402/1360 4868/1530/1477 4864/1526/1473
f 4865/1527/1474 4679/1402/1360 4864/1526/1473
f 4865/1527/1474 4678/1401/1359 4679/1402/1360
f 4856/1518/229 4678/1401/1359 4865/1527/1474
f 4856/1518/229 4677/1400/1358 4678/1401/1359
f 4856/1518/229 4867/1529/1476 4677/1400/1358
f 4677/1400/1358 4867/1529/1476 4676/1399/1357
f 4867/1529/1476 4702/1425/1383 4676/1399/1357
f 4869/1531/1478 4680/1403/1361 4701/1424/1382
f 4679/1402/1360 4680/1403/1361 4869/1531/1478
f 4868/1530/1477 4679/1402/1360 4869/1531/1478
f 4868/1530/1477 4869/1531/1478 4748/1467/1413
f 4869/1531/1478 4701/1424/1382 4748/1467/1413
f 4862/1524/1471 4861/1523/1470 4870/1532/1479
f 4871/1533/1480 4862/1524/1471 4870/1532/1479
f 4856/1518/229 4862/1524/1471 4871/1533/1480
f 4856/1518/229 4871/1533/1480 4872/1534/1481
f 4856/1518/229 4872/1534/1481 4866/1528/1475
f 4866/1528/1475 4872/1534/1481 4873/1535/1482
f 4866/1528/1475 4873/1535/1482 4867/1529/1476
f 4873/1535/1482 4702/1425/1383 4867/1529/1476
f 4702/1425/1383 4873/1535/1482 4703/1426/1384
f 4873/1535/1482 4704/1427/1385 4703/1426/1384
f 4874/1536/1483 4704/1427/1385 4873/1535/1482
f 4874/1536/1483 4705/1428/1386 4704/1427/1385
f 4874/1536/1483 4875/1537/1484 4705/1428/1386
f 4875/1537/1484 4715/1437/1390 4705/1428/1386
f 4876/1499/1485 4715/1437/1390 4875/1537/1484
f 4715/1437/1390 4876/1499/1485 4706/1429/1219
f 4876/1499/1485 4849/1497/1459 4706/1429/1219
f 4849/1497/1459 4716/1438/1391 4706/1429/1219
f 4871/1533/1480 4870/1532/1479 4872/1534/1481
f 4877/1538/1486 4876/1499/1485 4875/1537/1484
f 4851/1513/1461 4850/1498/1460 4849/1497/1459
f 4876/1499/1485 4851/1513/1461 4849/1497/1459
f 4852/1514/1462 4851/1513/1461 4876/1499/1485
f 4877/1538/1486 4852/1514/1462 4876/1499/1485
f 4853/1515/1463 4852/1514/1462 4877/1538/1486
f 4861/1523/1470 4853/1515/1463 4877/1538/1486
f 4861/1523/1470 4877/1538/1486 4875/1537/1484
f 4870/1532/1479 4861/1523/1470 4875/1537/1484
f 4870/1532/1479 4875/1537/1484 4878/1539/1487
f 4870/1532/1479 4878/1539/1487 4872/1534/1481
f 4872/1534/1481 4878/1539/1487 4873/1535/1482
f 4878/1539/1487 4874/1536/1483 4873/1535/1482
f 4875/1537/1484 4874/1536/1483 4878/1539/1487
f 4879/1540/76 4880/1540/76 4881/1541/76
f 4882/1541/76 4879/1540/76 4881/1541/76
f 4883/1542/46 4884/1543/46 4885/1544/46
f 4886/1545/46 4883/1542/46 4885/1544/46
f 4887/1542/76 4888/1545/76 4889/1545/76
f 4890/1542/76 4887/1542/76 4889/1545/76
f 4891/1546/229 4892/1545/229 4893/1541/229
f 4894/1540/229 4891/1546/229 4893/1541/229
f 4892/1545/229 4895/1544/229 4896/1543/229
f 4897/1542/229 4892/1545/229 4896/1543/229
f 4892/1545/229 4897/1542/229 4893/1541/229
f 4897/1542/229 4898/1547/229 4893/1541/229
f 4899/1548/1173 4900/1548/1173 4901/1549/1173
f 4902/1549/1173 4899/1548/1173 4901/1549/1173
f 4903/1549/76 4904/1549/76 4905/1550/76
f 4906/1550/76 4903/1549/76 4905/1550/76
f 4907/1550/1488 4908/1550/1488 4909/1551/1488
f 4910/1551/1488 4907/1550/1488 4909/1551/1488
f 4911/1551/1171 4912/1551/1171 4913/1552/1171
f 4914/1552/1171 4911/1551/1171 4913/1552/1171
f 4915/1552/62 4916/1552/62 4917/1553/62
f 4918/1553/62 4915/1552/62 4917/1553/62
f 4919/1553/1489 4920/1553/1489 4921/1548/1489
f 4922/1548/1489 4919/1553/1489 4921/1548/1489
f 4923/1554/158 4924/1554/158 4925/1555/158
f 4926/1555/158 4923/1554/158 4925/1555/158
f 4927/1556/46 4928/1557/46 4929/1558/46
f 4930/1559/46 4927/1556/46 4929/1558/46
f 4931/1559/158 4932/1558/158 4933/1558/158
f 4934/1559/158 4931/1559/158 4933/1558/158
f 4935/1560/229 4936/1558/229 4937/1555/229
f 4938/1554/229 4935/1560/229 4937/1555/229
f 4936/1558/229 4939/1557/229 4940/1556/229
f 4941/1559/229 4936/1558/229 4940/1556/229
f 4936/1558/229 4941/1559/229 4937/1555/229
f 4941/1559/229 4942/1561/229 4937/1555/229
f 4943/1562/1490 4944/1562/1490 4945/1563/1490
f 4946/1563/1490 4943/1562/1490 4945/1563/1490
f 4947/1563/158 4948/1563/158 4949/1564/158
f 4950/1564/158 4947/1563/158 4949/1564/158
f 4951/1564/1491 4952/1564/1491 4953/1565/1491
f 4954/1565/1491 4951/1564/1491 4953/1565/1491
f 4955/1565/1492 4956/1565/1492 4957/1566/1492
f 4958/1566/1492 4955/1565/1492 4957/1566/1492
f 4959/1566/148 4960/1566/148 4961/1567/148
f 4962/1567/148 4959/1566/148 4961/1567/148
f 4963/1567/1493 4964/1567/1493 4965/1562/1493
f 4966/1562/1493 4963/1567/1493 4965/1562/1493
f 4967/1568/159 4968/1568/159 4969/1569/159
f 4970/1569/159 4967/1568/159 4969/1569/159
f 4971/1570/46 4972/1571/46 4973/1572/46
f 4974/1573/46 4971/1570/46 4973/1572/46
f 4975/1573/159 4976/1572/159 4977/1572/159
f 4978/1573/159 4975/1573/159 4977/1572/159
f 4979/1572/229 4980/1571/229 4981/1570/229
f 4982/1573/229 4979/1572/229 4981/1570/229
f 4979/1572/229 4982/1573/229 4983/1568/229
f 4982/1573/229 4984/1574/229 4983/1568/229
f 4984/1574/229 4985/1569/229 4983/1568/229
f 4986/1575/229 4979/1572/229 4983/1568/229
f 4987/1576/1494 4988/1576/1494 4989/1577/1494
f 4990/1577/1494 4987/1576/1494 4989/1577/1494
f 4991/1577/159 4992/1577/159 4993/1578/159
f 4994/1578/159 4991/1577/159 4993/1578/159
f 4995/1578/1495 4996/1578/1495 4997/1579/1495
f 4998/1579/1495 4995/1578/1495 4997/1579/1495
f 4999/1579/1496 5000/1579/1496 5001/1580/1496
f 5002/1580/1496 4999/1579/1496 5001/1580/1496
f 5003/1580/137 5004/1580/137 5005/1581/137
f 5006/1581/137 5003/1580/137 5005/1581/137
f 5007/1581/146 5008/1581/146 5009/1576/146
f 5010/1576/146 5007/1581/146 5009/1576/146
f 5011/1582/62 5012/1582/62 5013/1583/62
f 5014/1583/62 5011/1582/62 5013/1583/62
f 5015/1584/46 5016/1585/46 5017/1586/46
f 5018/1587/46 5015/1584/46 5017/1586/46
f 5019/1584/62 5020/1587/62 5021/1587/62
f 5022/1584/62 5019/1584/62 5021/1587/62
f 5023/1587/229 5024/1586/229 5025/1585/229
f 5026/1584/229 5023/1587/229 5025/1585/229
f 5023/1587/229 5026/1584/229 5027/1582/229
f 5026/1584/229 5028/1588/229 5027/1582/229
f 5028/1588/229 5029/1583/229 5027/1582/229
f 5030/1589/229 5023/1587/229 5027/1582/229
f 5031/1590/1492 5032/1590/1492 5033/1591/1492
f 5034/1591/1492 5031/1590/1492 5033/1591/1492
f 5035/1591/148 5036/1591/148 5037/1592/148
f 5038/1592/148 5035/1591/148 5037/1592/148
f 5039/1592/1493 5040/1592/1493 5041/1593/1493
f 5042/1593/1493 5039/1592/1493 5041/1593/1493
f 5043/1593/1490 5044/1593/1490 5045/1594/1490
f 5046/1594/1490 5043/1593/1490 5045/1594/1490
f 5047/1594/158 5048/1594/158 5049/1595/158
f 5050/1595/158 5047/1594/158 5049/1595/158
f 5051/1595/1491 5052/1595/1491 5053/1590/1491
f 5054/1590/1491 5051/1595/1491 5053/1590/1491
f 5055/1596/1496 5056/1596/1496 5057/1597/1496
f 5058/1597/1496 5055/1596/1496 5057/1597/1496
f 5059/1597/137 5060/1597/137 5061/1598/137
f 5062/1598/137 5059/1597/137 5061/1598/137
f 5063/1598/146 5064/1598/146 5065/1599/146
f 5066/1599/146 5063/1598/146 5065/1599/146
f 5067/1599/1494 5068/1599/1494 5069/1600/1494
f 5070/1600/1494 5067/1599/1494 5069/1600/1494
f 5071/1600/159 5072/1600/159 5073/1601/159
f 5074/1601/159 5071/1600/159 5073/1601/159
f 5075/1601/1495 5076/1601/1495 5077/1596/1495
f 5078/1596/1495 5075/1601/1495 5077/1596/1495
f 5079/1602/137 5080/1602/137 5081/1603/137
f 5082/1603/137 5079/1602/137 5081/1603/137
f 5083/1604/46 5084/1605/46 5085/1606/46
f 5086/1607/46 5083/1604/46 5085/1606/46
f 5087/1607/137 5088/1606/137 5089/1606/137
f 5090/1607/137 5087/1607/137 5089/1606/137
f 5091/1608/229 5092/1606/229 5093/1603/229
f 5094/1602/229 5091/1608/229 5093/1603/229
f 5092/1606/229 5095/1605/229 5096/1604/229
f 5097/1607/229 5092/1606/229 5096/1604/229
f 5092/1606/229 5097/1607/229 5093/1603/229
f 5097/1607/229 5098/1609/229 5093/1603/229
f 5099/1610/137 5100/1611/1065 5101/1610/137
f 5099/1610/137 5101/1610/137 5102/1612/1066
f 5103/1612/1066 5099/1610/137 5102/1612/1066
f 5103/1612/1066 5102/1612/1066 5104/1613/55
f 5105/1613/55 5103/1612/1066 5104/1613/55
f 5105/1613/55 5104/1613/55 5106/1614/1055
f 5107/1614/1055 5105/1613/55 5106/1614/1055
f 5107/1614/1055 5106/1614/1055 5108/1615/148
f 5109/1615/148 5107/1614/1055 5108/1615/148
f 5109/1615/148 5108/1615/148 5110/1616/1056
f 5111/1617/1070 5112/1618/1069 5113/1617/1070
f 5111/1617/1070 5113/1617/1070 5114/1619/153
f 5115/1619/153 5111/1617/1070 5114/1619/153
f 5115/1619/153 5114/1619/153 5116/1620/1071
f 5117/1620/1071 5115/1619/153 5116/1620/1071
f 5117/1620/1071 5116/1620/1071 5118/1621/76
f 5119/1621/76 5117/1620/1071 5118/1621/76
f 5119/1621/76 5118/1621/76 5120/1622/1062
f 5121/1622/1062 5119/1621/76 5120/1622/1062
f 5121/1622/1062 5120/1622/1062 5122/1623/141
f 5123/1623/141 5121/1622/1062 5122/1623/141
f 5123/1623/141 5122/1623/141 5124/1624/1064
f 5125/1624/1064 5123/1623/141 5124/1624/1064
f 5125/1624/1064 5124/1624/1064 5126/1625/434
f 5127/1625/434 5125/1624/1064 5126/1625/434
f 5127/1625/434 5126/1625/434 5128/1611/1065
f 5100/1611/1065 5127/1625/434 5128/1611/1065
f 5100/1611/1065 5128/1611/1065 5101/1610/137
f 5129/1626/1052 5130/1627/1051 5131/1626/1052
f 5129/1626/1052 5131/1626/1052 5132/1628/1053
f 5133/1628/1053 5129/1626/1052 5132/1628/1053
f 5133/1628/1053 5132/1628/1053 5134/1629/159
f 5135/1629/159 5133/1628/1053 5134/1629/159
f 5135/1629/159 5134/1629/159 5136/1630/1054
f 5137/1630/1054 5135/1629/159 5136/1630/1054
f 5137/1630/1054 5136/1630/1054 5138/1631/69
f 5139/1631/69 5137/1630/1054 5138/1631/69
f 5139/1631/69 5138/1631/69 5140/1632/1067
f 5141/1632/1067 5139/1631/69 5140/1632/1067
f 5141/1632/1067 5140/1632/1067 5142/1633/158
f 5143/1633/158 5141/1632/1067 5142/1633/158
f 5143/1633/158 5142/1633/158 5144/1634/1068
f 5145/1634/1068 5143/1633/158 5144/1634/1068
f 5145/1634/1068 5144/1634/1068 5146/1618/1069
f 5112/1618/1069 5145/1634/1068 5146/1618/1069
f 5112/1618/1069 5146/1618/1069 5113/1617/1070
f 5147/1616/1056 5109/1615/148 5110/1616/1056
f 5147/1616/1056 5110/1616/1056 5148/1635/1057
f 5149/1635/1057 5147/1616/1056 5148/1635/1057
f 5149/1635/1057 5148/1635/1057 5150/1636/1058
f 5151/1636/1058 5149/1635/1057 5150/1636/1058
f 5151/1636/1058 5150/1636/1058 5152/1637/144
f 5153/1637/144 5151/1636/1058 5152/1637/144
f 5153/1637/144 5152/1637/144 5154/1638/1059
f 5155/1638/1059 5153/1637/144 5154/1638/1059
f 5155/1638/1059 5154/1638/1059 5156/1639/62
f 5157/1639/62 5155/1638/1059 5156/1639/62
f 5157/1639/62 5156/1639/62 5158/1640/1061
f 5159/1640/1061 5157/1639/62 5158/1640/1061
f 5159/1640/1061 5158/1640/1061 5160/1641/164
f 5161/1641/164 5159/1640/1061 5160/1641/164
f 5161/1641/164 5160/1641/164 5162/1627/1051
f 5130/1627/1051 5161/1641/164 5162/1627/1051
f 5130/1627/1051 5162/1627/1051 5131/1626/1052
f 5163/1642/1497 5164/1643/1498 5165/1642/1497
f 5163/1642/1497 5165/1642/1497 5166/1644/1069
f 5167/1644/1069 5163/1642/1497 5166/1644/1069
f 5167/1644/1069 5166/1644/1069 5168/1645/1499
f 5169/1645/1499 5167/1644/1069 5168/1645/1499
f 5169/1645/1499 5168/1645/1499 5170/1646/1500
f 5171/1646/1500 5169/1645/1499 5170/1646/1500
f 5171/1646/1500 5170/1646/1500 5172/1647/1052
f 5173/1647/1052 5171/1646/1500 5172/1647/1052
f 5173/1647/1052 5172/1647/1052 5174/1648/1501
f 5175/1648/1501 5173/1647/1052 5174/1648/1501
f 5175/1648/1501 5174/1648/1501 5176/1649/1502
f 5177/1649/1502 5175/1648/1501 5176/1649/1502
f 5177/1649/1502 5176/1649/1502 5178/1650/1057
f 5179/1650/1057 5177/1649/1502 5178/1650/1057
f 5179/1650/1057 5178/1650/1057 5180/1651/1503
f 5181/1651/1503 5179/1650/1057 5180/1651/1503
f 5181/1651/1503 5180/1651/1503 5182/1652/1504
f 5183/1652/1504 5181/1651/1503 5182/1652/1504
f 5183/1652/1504 5182/1652/1504 5184/1653/434
f 5185/1653/434 5183/1652/1504 5184/1653/434
f 5185/1653/434 5184/1653/434 5186/1643/1498
f 5164/1643/1498 5185/1653/434 5186/1643/1498
f 5164/1643/1498 5186/1643/1498 5165/1642/1497
f 5187/1654/1497 5188/1655/1498 5189/1654/1497
f 5187/1654/1497 5189/1654/1497 5190/1656/1069
f 5191/1656/1069 5187/1654/1497 5190/1656/1069
f 5191/1656/1069 5190/1656/1069 5192/1657/1499
f 5193/1657/1499 5191/1656/1069 5192/1657/1499
f 5193/1657/1499 5192/1657/1499 5194/1658/1500
f 5195/1658/1500 5193/1657/1499 5194/1658/1500
f 5195/1658/1500 5194/1658/1500 5196/1659/1052
f 5197/1659/1052 5195/1658/1500 5196/1659/1052
f 5197/1659/1052 5196/1659/1052 5198/1660/1501
f 5199/1660/1501 5197/1659/1052 5198/1660/1501
f 5199/1660/1501 5198/1660/1501 5200/1661/1502
f 5201/1661/1502 5199/1660/1501 5200/1661/1502
f 5201/1661/1502 5200/1661/1502 5202/1662/1057
f 5203/1662/1057 5201/1661/1502 5202/1662/1057
f 5203/1662/1057 5202/1662/1057 5204/1663/1503
f 5205/1663/1503 5203/1662/1057 5204/1663/1503
f 5205/1663/1503 5204/1663/1503 5206/1664/1504
f 5207/1664/1504 5205/1663/1503 5206/1664/1504
f 5207/1664/1504 5206/1664/1504 5208/1665/434
f 5209/1665/434 5207/1664/1504 5208/1665/434
f 5209/1665/434 5208/1665/434 5210/1655/1498
f 5188/1655/1498 5209/1665/434 5210/1655/1498
f 5188/1655/1498 5210/1655/1498 5189/1654/1497
f 5211/1666/1505 5212/1667/1489 5213/1666/1505
f 5211/1666/1505 5213/1666/1505 5214/1668/62
f 5215/1668/62 5211/1666/1505 5214/1668/62
f 5215/1668/62 5214/1668/62 5216/1669/1193
f 5217/1669/1193 5215/1668/62 5216/1669/1193
f 5217/1669/1193 5216/1669/1193 5218/1670/1171
f 5219/1670/1171 5217/1669/1193 5218/1670/1171
f 5219/1670/1171 5218/1670/1171 5220/1671/55
f 5221/1671/55 5219/1670/1171 5220/1671/55
f 5221/1671/55 5220/1671/55 5222/1672/1488
f 5223/1672/1488 5221/1671/55 5222/1672/1488
f 5223/1672/1488 5222/1672/1488 5224/1673/1506
f 5225/1673/1506 5223/1672/1488 5224/1673/1506
f 5225/1673/1506 5224/1673/1506 5226/1674/76
f 5227/1674/76 5225/1673/1506 5226/1674/76
f 5227/1674/76 5226/1674/76 5228/1675/1195
f 5229/1675/1195 5227/1674/76 5228/1675/1195
f 5229/1675/1195 5228/1675/1195 5230/1676/1173
f 5231/1676/1173 5229/1675/1195 5230/1676/1173
f 5231/1676/1173 5230/1676/1173 5232/1677/69
f 5233/1677/69 5231/1676/1173 5232/1677/69
f 5233/1677/69 5232/1677/69 5234/1667/1489
f 5212/1667/1489 5233/1677/69 5234/1667/1489
f 5212/1667/1489 5234/1667/1489 5213/1666/1505
f 5235/1678/1504 5236/1679/1503 5237/1678/1504
f 5235/1678/1504 5237/1678/1504 5238/1680/434
f 5239/1680/434 5235/1678/1504 5238/1680/434
f 5239/1680/434 5238/1680/434 5240/1681/1498
f 5241/1681/1498 5239/1680/434 5240/1681/1498
f 5241/1681/1498 5240/1681/1498 5242/1682/1497
f 5243/1682/1497 5241/1681/1498 5242/1682/1497
f 5243/1682/1497 5242/1682/1497 5244/1683/1069
f 5245/1683/1069 5243/1682/1497 5244/1683/1069
f 5245/1683/1069 5244/1683/1069 5246/1684/1499
f 5247/1684/1499 5245/1683/1069 5246/1684/1499
f 5247/1684/1499 5246/1684/1499 5248/1685/1500
f 5249/1685/1500 5247/1684/1499 5248/1685/1500
f 5249/1685/1500 5248/1685/1500 5250/1686/1052
f 5251/1686/1052 5249/1685/1500 5250/1686/1052
f 5251/1686/1052 5250/1686/1052 5252/1687/1501
f 5253/1687/1501 5251/1686/1052 5252/1687/1501
f 5253/1687/1501 5252/1687/1501 5254/1688/1502
f 5255/1688/1502 5253/1687/1501 5254/1688/1502
f 5255/1688/1502 5254/1688/1502 5256/1689/1057
f 5257/1689/1057 5255/1688/1502 5256/1689/1057
f 5257/1689/1057 5256/1689/1057 5258/1679/1503
f 5236/1679/1503 5257/1689/1057 5258/1679/1503
f 5236/1679/1503 5258/1679/1503 5237/1678/1504
f 5259/1690/434 5260/1691/1504 5261/1690/434
f 5259/1690/434 5261/1690/434 5262/1692/1498
f 5263/1692/1498 5259/1690/434 5262/1692/1498
f 5263/1692/1498 5262/1692/1498 5264/1693/1497
f 5265/1693/1497 5263/1692/1498 5264/1693/1497
f 5265/1693/1497 5264/1693/1497 5266/1694/1069
f 5267/1694/1069 5265/1693/1497 5266/1694/1069
f 5267/1694/1069 5266/1694/1069 5268/1695/1499
f 5269/1695/1499 5267/1694/1069 5268/1695/1499
f 5269/1695/1499 5268/1695/1499 5270/1696/1500
f 5271/1696/1500 5269/1695/1499 5270/1696/1500
f 5271/1696/1500 5270/1696/1500 5272/1697/1052
f 5273/1697/1052 5271/1696/1500 5272/1697/1052
f 5273/1697/1052 5272/1697/1052 5274/1698/1501
f 5275/1698/1501 5273/1697/1052 5274/1698/1501
f 5275/1698/1501 5274/1698/1501 5276/1699/1502
f 5277/1699/1502 5275/1698/1501 5276/1699/1502
f 5277/1699/1502 5276/1699/1502 5278/1700/1057
f 5279/1700/1057 5277/1699/1502 5278/1700/1057
f 5279/1700/1057 5278/1700/1057 5280/1701/1503
f 5281/1701/1503 5279/1700/1057 5280/1701/1503
f 5281/1701/1503 5280/1701/1503 5282/1691/1504
f 5260/1691/1504 5281/1701/1503 5282/1691/1504
f 5260/1691/1504 5282/1691/1504 5261/1690/434
f 5283/1702/62 5284/1703/1193 5285/1702/62
f 5283/1702/62 5285/1702/62 5286/1704/1505
f 5287/1704/1505 5283/1702/62 5286/1704/1505
f 5287/1704/1505 5286/1704/1505 5288/1705/1489
f 5289/1705/1489 5287/1704/1505 5288/1705/1489
f 5289/1705/1489 5288/1705/1489 5290/1706/69
f 5291/1706/69 5289/1705/1489 5290/1706/69
f 5291/1706/69 5290/1706/69 5292/1707/1173
f 5293/1707/1173 5291/1706/69 5292/1707/1173
f 5293/1707/1173 5292/1707/1173 5294/1708/1195
f 5295/1708/1195 5293/1707/1173 5294/1708/1195
f 5295/1708/1195 5294/1708/1195 5296/1709/76
f 5297/1709/76 5295/1708/1195 5296/1709/76
f 5297/1709/76 5296/1709/76 5298/1710/1506
f 5299/1710/1506 5297/1709/76 5298/1710/1506
f 5299/1710/1506 5298/1710/1506 5300/1711/1488
f 5301/1711/1488 5299/1710/1506 5300/1711/1488
f 5301/1711/1488 5300/1711/1488 5302/1712/55
f 5303/1712/55 5301/1711/1488 5302/1712/55
f 5303/1712/55 5302/1712/55 5304/1713/1171
f 5305/1713/1171 5303/1712/55 5304/1713/1171
f 5305/1713/1171 5304/1713/1171 5306/1703/1193
f 5284/1703/1193 5305/1713/1171 5306/1703/1193
f 5284/1703/1193 5306/1703/1193 5285/1702/62
f 5307/1698/229 5308/1699/229 5309/1700/229
f 5310/1697/229 5307/1698/229 5309/1700/229
f 5311/1701/229 5312/1691/229 5309/1700/229
f 5312/1691/229 5313/1690/229 5309/1700/229
f 5313/1690/229 5314/1626/229 5309/1700/229
f 5314/1626/229 5315/1627/229 5309/1700/229
f 5315/1627/229 5316/1714/229 5309/1700/229
f 5316/1714/229 5317/1715/229 5309/1700/229
f 5317/1715/229 5310/1697/229 5309/1700/229
f 5310/1697/229 5317/1715/229 5318/1694/229
f 5319/1696/229 5310/1697/229 5318/1694/229
f 5320/1695/229 5319/1696/229 5318/1694/229
f 5321/1692/229 5322/1693/229 5318/1694/229
f 5313/1690/229 5321/1692/229 5318/1694/229
f 5314/1626/229 5313/1690/229 5318/1694/229
f 5323/1628/229 5314/1626/229 5318/1694/229
f 5317/1715/229 5324/1716/229 5318/1694/229
f 5324/1716/229 5323/1628/229 5318/1694/229
f 5323/1628/229 5324/1716/229 5325/1717/229
f 5326/1629/229 5323/1628/229 5325/1717/229
f 5326/1629/229 5325/1717/229 5327/1718/229
f 5328/1630/229 5326/1629/229 5327/1718/229
f 5328/1630/229 5327/1718/229 5329/1668/229
f 5327/1718/229 5330/1719/229 5329/1668/229
f 5330/1719/229 5331/1677/229 5329/1668/229
f 5331/1677/229 5330/1719/229 5332/1674/229
f 5333/1676/229 5331/1677/229 5332/1674/229
f 5334/1675/229 5333/1676/229 5332/1674/229
f 5330/1719/229 5335/1720/229 5332/1674/229
f 5336/1631/229 5328/1630/229 5329/1668/229
f 5331/1677/229 5337/1667/229 5329/1668/229
f 5337/1667/229 5338/1666/229 5329/1668/229
f 5339/1672/229 5340/1673/229 5332/1674/229
f 5341/1671/229 5339/1672/229 5332/1674/229
f 5342/1721/229 5343/1722/229 5344/1647/229
f 5345/1634/229 5342/1721/229 5344/1647/229
f 5342/1721/229 5345/1634/229 5346/1723/229
f 5345/1634/229 5347/1633/229 5346/1723/229
f 5346/1723/229 5347/1633/229 5335/1720/229
f 5347/1633/229 5348/1632/229 5335/1720/229
f 5335/1720/229 5348/1632/229 5332/1674/229
f 5348/1632/229 5336/1631/229 5332/1674/229
f 5336/1631/229 5341/1671/229 5332/1674/229
f 5341/1671/229 5336/1631/229 5329/1668/229
f 5349/1670/229 5341/1671/229 5329/1668/229
f 5350/1669/229 5349/1670/229 5329/1668/229
f 5351/1648/229 5352/1649/229 5344/1647/229
f 5352/1649/229 5353/1650/229 5344/1647/229
f 5353/1650/229 5354/1618/229 5344/1647/229
f 5354/1618/229 5345/1634/229 5344/1647/229
f 5355/1651/229 5356/1652/229 5357/1653/229
f 5353/1650/229 5355/1651/229 5357/1653/229
f 5354/1618/229 5353/1650/229 5357/1653/229
f 5358/1617/229 5354/1618/229 5357/1653/229
f 5359/1642/229 5360/1644/229 5357/1653/229
f 5361/1643/229 5359/1642/229 5357/1653/229
f 5362/1724/229 5363/1725/229 5364/1656/229
f 5365/1624/229 5362/1724/229 5364/1656/229
f 5362/1724/229 5365/1624/229 5366/1726/229
f 5365/1624/229 5367/1623/229 5366/1726/229
f 5366/1726/229 5367/1623/229 5368/1727/229
f 5367/1623/229 5369/1622/229 5368/1727/229
f 5369/1622/229 5370/1621/229 5368/1727/229
f 5370/1621/229 5371/1728/229 5368/1727/229
f 5371/1728/229 5370/1621/229 5372/1729/229
f 5370/1621/229 5373/1620/229 5372/1729/229
f 5373/1620/229 5374/1619/229 5372/1729/229
f 5374/1619/229 5375/1730/229 5372/1729/229
f 5374/1619/229 5358/1617/229 5375/1730/229
f 5358/1617/229 5376/1731/229 5375/1730/229
f 5376/1731/229 5358/1617/229 5357/1653/229
f 5343/1722/229 5376/1731/229 5357/1653/229
f 5360/1644/229 5343/1722/229 5357/1653/229
f 5343/1722/229 5360/1644/229 5344/1647/229
f 5360/1644/229 5377/1645/229 5344/1647/229
f 5377/1645/229 5378/1646/229 5344/1647/229
f 5379/544/1507 5380/413/1507 5381/414/1507
f 5382/1664/229 5383/1665/229 5384/1662/229
f 5385/1663/229 5382/1664/229 5384/1662/229
f 5386/1660/229 5387/1661/229 5384/1662/229
f 5388/1659/229 5386/1660/229 5384/1662/229
f 5389/1625/229 5388/1659/229 5384/1662/229
f 5390/1611/229 5389/1625/229 5384/1662/229
f 5391/1657/229 5392/1658/229 5364/1656/229
f 5392/1658/229 5388/1659/229 5364/1656/229
f 5388/1659/229 5389/1625/229 5364/1656/229
f 5389/1625/229 5365/1624/229 5364/1656/229
f 5393/1655/229 5394/1654/229 5364/1656/229
f 5383/1665/229 5393/1655/229 5364/1656/229
f 5363/1725/229 5383/1665/229 5364/1656/229
f 5383/1665/229 5363/1725/229 5384/1662/229
f 5363/1725/229 5395/1732/229 5384/1662/229
f 5395/1732/229 5390/1611/229 5384/1662/229
f 5390/1611/229 5395/1732/229 5396/1733/229
f 5397/1610/229 5390/1611/229 5396/1733/229
f 5397/1610/229 5396/1733/229 5398/1734/229
f 5399/1612/229 5397/1610/229 5398/1734/229
f 5399/1612/229 5398/1734/229 5400/1709/229
f 5398/1734/229 5401/1735/229 5400/1709/229
f 5401/1735/229 5402/1712/229 5400/1709/229
f 5402/1712/229 5401/1735/229 5403/1702/229
f 5404/1713/229 5402/1712/229 5403/1702/229
f 5405/1703/229 5404/1713/229 5403/1702/229
f 5401/1735/229 5406/1736/229 5403/1702/229
f 5407/1613/229 5399/1612/229 5400/1709/229
f 5402/1712/229 5408/1711/229 5400/1709/229
f 5408/1711/229 5409/1710/229 5400/1709/229
f 5410/1705/229 5411/1704/229 5403/1702/229
f 5412/1706/229 5410/1705/229 5403/1702/229
f 5413/1737/229 5414/1738/229 5415/1680/229
f 5416/1616/229 5413/1737/229 5415/1680/229
f 5413/1737/229 5416/1616/229 5417/1739/229
f 5416/1616/229 5418/1615/229 5417/1739/229
f 5417/1739/229 5418/1615/229 5406/1736/229
f 5418/1615/229 5419/1614/229 5406/1736/229
f 5406/1736/229 5419/1614/229 5403/1702/229
f 5419/1614/229 5407/1613/229 5403/1702/229
f 5407/1613/229 5412/1706/229 5403/1702/229
f 5412/1706/229 5407/1613/229 5400/1709/229
f 5420/1707/229 5412/1706/229 5400/1709/229
f 5421/1708/229 5420/1707/229 5400/1709/229
f 5422/1681/229 5423/1682/229 5415/1680/229
f 5423/1682/229 5424/1683/229 5415/1680/229
f 5424/1683/229 5425/1635/229 5415/1680/229
f 5425/1635/229 5416/1616/229 5415/1680/229
f 5426/1684/229 5427/1685/229 5428/1686/229
f 5424/1683/229 5426/1684/229 5428/1686/229
f 5425/1635/229 5424/1683/229 5428/1686/229
f 5429/1636/229 5425/1635/229 5428/1686/229
f 5430/1688/229 5431/1689/229 5428/1686/229
f 5432/1687/229 5430/1688/229 5428/1686/229
f 5433/1679/229 5434/1678/229 5415/1680/229
f 5431/1689/229 5433/1679/229 5415/1680/229
f 5414/1738/229 5431/1689/229 5415/1680/229
f 5431/1689/229 5414/1738/229 5428/1686/229
f 5414/1738/229 5435/1740/229 5428/1686/229
f 5435/1740/229 5429/1636/229 5428/1686/229
f 5429/1636/229 5435/1740/229 5436/1741/229
f 5437/1637/229 5429/1636/229 5436/1741/229
f 5437/1637/229 5436/1741/229 5438/1742/229
f 5439/1638/229 5437/1637/229 5438/1742/229
f 5440/1639/229 5439/1638/229 5438/1742/229
f 5441/1743/229 5440/1639/229 5438/1742/229
f 5440/1639/229 5441/1743/229 5442/1744/229
f 5443/1640/229 5440/1639/229 5442/1744/229
f 5444/1641/229 5443/1640/229 5442/1744/229
f 5445/1745/229 5444/1641/229 5442/1744/229
f 5315/1627/229 5444/1641/229 5445/1745/229
f 5316/1714/229 5315/1627/229 5445/1745/229
f 5446/900/414 5447/901/414 5448/902/182
f 5449/538/182 5446/900/414 5448/902/182
f 5450/535/182 5449/538/182 5448/902/182
f 5451/575/182 5450/535/182 5448/902/182
f 5452/576/182 5451/575/182 5448/902/182
f 5453/903/182 5452/576/182 5448/902/182
f 5454/904/182 5453/903/182 5448/902/182
f 5455/905/414 5454/904/182 5448/902/182
f 5456/906/414 5455/905/414 5448/902/182
f 5457/1642/46 5458/1643/46 5459/1653/46
f 5460/1644/46 5457/1642/46 5459/1653/46
f 5461/1652/46 5462/1651/46 5459/1653/46
f 5462/1651/46 5463/1650/46 5459/1653/46
f 5463/1650/46 5464/1618/46 5459/1653/46
f 5464/1618/46 5465/1617/46 5459/1653/46
f 5465/1617/46 5466/1731/46 5459/1653/46
f 5466/1731/46 5467/1722/46 5459/1653/46
f 5467/1722/46 5460/1644/46 5459/1653/46
f 5460/1644/46 5467/1722/46 5468/1647/46
f 5469/1645/46 5460/1644/46 5468/1647/46
f 5470/1646/46 5469/1645/46 5468/1647/46
f 5471/1649/46 5472/1648/46 5468/1647/46
f 5463/1650/46 5471/1649/46 5468/1647/46
f 5464/1618/46 5463/1650/46 5468/1647/46
f 5473/1634/46 5464/1618/46 5468/1647/46
f 5467/1722/46 5474/1721/46 5468/1647/46
f 5474/1721/46 5473/1634/46 5468/1647/46
f 5473/1634/46 5474/1721/46 5475/1723/46
f 5476/1633/46 5473/1634/46 5475/1723/46
f 5476/1633/46 5475/1723/46 5477/1720/46
f 5478/1632/46 5476/1633/46 5477/1720/46
f 5478/1632/46 5477/1720/46 5479/1674/46
f 5477/1720/46 5480/1719/46 5479/1674/46
f 5480/1719/46 5481/1677/46 5479/1674/46
f 5481/1677/46 5480/1719/46 5482/1668/46
f 5483/1667/46 5481/1677/46 5482/1668/46
f 5484/1666/46 5483/1667/46 5482/1668/46
f 5480/1719/46 5485/1718/46 5482/1668/46
f 5486/1631/46 5478/1632/46 5479/1674/46
f 5481/1677/46 5487/1676/46 5479/1674/46
f 5487/1676/46 5488/1675/46 5479/1674/46
f 5489/1670/46 5490/1669/46 5482/1668/46
f 5491/1671/46 5489/1670/46 5482/1668/46
f 5492/1716/46 5493/1715/46 5494/1694/46
f 5495/1628/46 5492/1716/46 5494/1694/46
f 5492/1716/46 5495/1628/46 5496/1717/46
f 5495/1628/46 5497/1629/46 5496/1717/46
f 5496/1717/46 5497/1629/46 5485/1718/46
f 5497/1629/46 5498/1630/46 5485/1718/46
f 5485/1718/46 5498/1630/46 5482/1668/46
f 5498/1630/46 5486/1631/46 5482/1668/46
f 5486/1631/46 5491/1671/46 5482/1668/46
f 5491/1671/46 5486/1631/46 5479/1674/46
f 5499/1672/46 5491/1671/46 5479/1674/46
f 5500/1673/46 5499/1672/46 5479/1674/46
f 5501/1693/46 5502/1692/46 5494/1694/46
f 5502/1692/46 5503/1690/46 5494/1694/46
f 5503/1690/46 5504/1626/46 5494/1694/46
f 5504/1626/46 5495/1628/46 5494/1694/46
f 5505/1691/46 5506/1701/46 5507/1700/46
f 5503/1690/46 5505/1691/46 5507/1700/46
f 5504/1626/46 5503/1690/46 5507/1700/46
f 5508/1627/46 5504/1626/46 5507/1700/46
f 5509/1698/46 5510/1697/46 5507/1700/46
f 5511/1699/46 5509/1698/46 5507/1700/46
f 5512/1740/46 5513/1738/46 5514/1686/46
f 5515/1636/46 5512/1740/46 5514/1686/46
f 5512/1740/46 5515/1636/46 5516/1741/46
f 5515/1636/46 5517/1637/46 5516/1741/46
f 5516/1741/46 5517/1637/46 5518/1742/46
f 5517/1637/46 5519/1638/46 5518/1742/46
f 5519/1638/46 5520/1639/46 5518/1742/46
f 5520/1639/46 5521/1743/46 5518/1742/46
f 5521/1743/46 5520/1639/46 5522/1744/46
f 5520/1639/46 5523/1640/46 5522/1744/46
f 5523/1640/46 5524/1641/46 5522/1744/46
f 5524/1641/46 5525/1745/46 5522/1744/46
f 5524/1641/46 5508/1627/46 5525/1745/46
f 5508/1627/46 5526/1714/46 5525/1745/46
f 5526/1714/46 5508/1627/46 5507/1700/46
f 5493/1715/46 5526/1714/46 5507/1700/46
f 5510/1697/46 5493/1715/46 5507/1700/46
f 5493/1715/46 5510/1697/46 5494/1694/46
f 5510/1697/46 5527/1696/46 5494/1694/46
f 5527/1696/46 5528/1695/46 5494/1694/46
f 5529/1746/1508 5530/865/1508 5531/867/1508
f 5532/1747/1508 5529/1746/1508 5531/867/1508
f 5533/927/1508 5532/1747/1508 5531/867/1508
f 5534/870/1508 5533/927/1508 5531/867/1508
f 5535/1679/46 5536/1689/46 5537/1680/46
f 5538/1678/46 5535/1679/46 5537/1680/46
f 5539/1682/46 5540/1681/46 5537/1680/46
f 5541/1683/46 5539/1682/46 5537/1680/46
f 5542/1635/46 5541/1683/46 5537/1680/46
f 5543/1616/46 5542/1635/46 5537/1680/46
f 5544/1685/46 5545/1684/46 5514/1686/46
f 5545/1684/46 5541/1683/46 5514/1686/46
f 5541/1683/46 5542/1635/46 5514/1686/46
f 5542/1635/46 5515/1636/46 5514/1686/46
f 5546/1688/46 5547/1687/46 5514/1686/46
f 5536/1689/46 5546/1688/46 5514/1686/46
f 5513/1738/46 5536/1689/46 5514/1686/46
f 5536/1689/46 5513/1738/46 5537/1680/46
f 5513/1738/46 5548/1737/46 5537/1680/46
f 5548/1737/46 5543/1616/46 5537/1680/46
f 5543/1616/46 5548/1737/46 5549/1739/46
f 5550/1615/46 5543/1616/46 5549/1739/46
f 5550/1615/46 5549/1739/46 5551/1736/46
f 5552/1614/46 5550/1615/46 5551/1736/46
f 5552/1614/46 5551/1736/46 5553/1702/46
f 5551/1736/46 5554/1735/46 5553/1702/46
f 5554/1735/46 5555/1712/46 5553/1702/46
f 5555/1712/46 5554/1735/46 5556/1709/46
f 5557/1711/46 5555/1712/46 5556/1709/46
f 5558/1710/46 5557/1711/46 5556/1709/46
f 5554/1735/46 5559/1734/46 5556/1709/46
f 5560/1613/46 5552/1614/46 5553/1702/46
f 5555/1712/46 5561/1713/46 5553/1702/46
f 5561/1713/46 5562/1703/46 5553/1702/46
f 5563/1707/46 5564/1708/46 5556/1709/46
f 5565/1706/46 5563/1707/46 5556/1709/46
f 5566/1732/46 5567/1725/46 5568/1662/46
f 5569/1611/46 5566/1732/46 5568/1662/46
f 5566/1732/46 5569/1611/46 5570/1733/46
f 5569/1611/46 5571/1610/46 5570/1733/46
f 5570/1733/46 5571/1610/46 5559/1734/46
f 5571/1610/46 5572/1612/46 5559/1734/46
f 5559/1734/46 5572/1612/46 5556/1709/46
f 5572/1612/46 5560/1613/46 5556/1709/46
f 5560/1613/46 5565/1706/46 5556/1709/46
f 5565/1706/46 5560/1613/46 5553/1702/46
f 5573/1705/46 5565/1706/46 5553/1702/46
f 5574/1704/46 5573/1705/46 5553/1702/46
f 5575/1661/46 5576/1660/46 5568/1662/46
f 5576/1660/46 5577/1659/46 5568/1662/46
f 5577/1659/46 5578/1625/46 5568/1662/46
f 5578/1625/46 5569/1611/46 5568/1662/46
f 5579/1658/46 5580/1657/46 5581/1656/46
f 5577/1659/46 5579/1658/46 5581/1656/46
f 5578/1625/46 5577/1659/46 5581/1656/46
f 5582/1624/46 5578/1625/46 5581/1656/46
f 5583/1655/46 5584/1665/46 5581/1656/46
f 5585/1654/46 5583/1655/46 5581/1656/46
f 5586/1664/46 5587/1663/46 5568/1662/46
f 5584/1665/46 5586/1664/46 5568/1662/46
f 5567/1725/46 5584/1665/46 5568/1662/46
f 5584/1665/46 5567/1725/46 5581/1656/46
f 5567/1725/46 5588/1724/46 5581/1656/46
f 5588/1724/46 5582/1624/46 5581/1656/46
f 5582/1624/46 5588/1724/46 5589/1726/46
f 5590/1623/46 5582/1624/46 5589/1726/46
f 5590/1623/46 5589/1726/46 5591/1727/46
f 5592/1622/46 5590/1623/46 5591/1727/46
f 5593/1621/46 5592/1622/46 5591/1727/46
f 5594/1728/46 5593/1621/46 5591/1727/46
f 5593/1621/46 5594/1728/46 5595/1729/46
f 5596/1620/46 5593/1621/46 5595/1729/46
f 5597/1619/46 5596/1620/46 5595/1729/46
f 5598/1730/46 5597/1619/46 5595/1729/46
f 5465/1617/46 5597/1619/46 5598/1730/46
f 5466/1731/46 5465/1617/46 5598/1730/46
f 5599/1748/1509 5600/862/1509 5601/864/1509
f 5602/1749/1509 5599/1748/1509 5601/864/1509
f 5603/1746/1509 5602/1749/1509 5601/864/1509
f 5604/865/1509 5603/1746/1509 5601/864/1509
f 5605/412/368 5606/413/369 5607/414/369
f 5608/415/368 5605/412/368 5607/414/369
f 5609/692/1510 5610/693/1511 5611/514/1512
f 5612/686/1513 5609/692/1510 5611/514/1512
f 5609/692/1510 5612/686/1513 5613/691/1514
f 5612/686/1513 5614/685/1515 5613/691/1514
f 5614/685/1515 5615/690/1515 5613/691/1514
f 5615/690/1515 5614/685/1515 5616/689/1516
f 5614/685/1515 5617/684/1517 5616/689/1516
f 5617/684/1517 5618/688/1518 5616/689/1516
f 5617/684/1517 5619/508/1519 5618/688/1518
f 5619/508/1519 5620/687/1520 5618/688/1518
f 5621/791/1521 5622/794/1521 5623/795/1521
f 5624/796/1521 5621/791/1521 5623/795/1521
f 5625/1748/1521 5624/796/1521 5623/795/1521
f 5626/862/1521 5625/1748/1521 5623/795/1521
f 5627/516/1522 5628/412/1523 5629/415/1524
f 5630/517/1523 5627/516/1522 5629/415/1524
f 5631/518/235 5632/510/235 5633/509/235
f 5634/519/590 5631/518/235 5633/509/235
f 5635/524/1525 5636/525/1526 5637/513/1527
f 5638/512/1526 5635/524/1525 5637/513/1527
f 5639/622/1528 5640/623/1529 5641/417/1530
f 5642/416/1529 5639/622/1528 5641/417/1530
f 5643/547/57 5644/550/57 5645/918/1531
f 5646/891/57 5643/547/57 5645/918/1531
f 5647/892/269 5648/919/56 5649/810/269
f 5650/811/56 5647/892/269 5649/810/269
f 5651/892/217 5652/893/217 5653/920/1532
f 5654/919/1532 5651/892/217 5653/920/1532
f 5655/676/217 5656/677/217 5657/678/217
f 5658/679/217 5655/676/217 5657/678/217
f 5659/805/261 5660/677/57 5661/676/1531
f 5662/800/57 5659/805/261 5661/676/1531
f 5663/909/626 5664/540/626 5665/539/627
f 5666/910/626 5663/909/626 5665/539/627
f 5667/574/50 5668/536/596 5669/535/1533
f 5670/575/596 5667/574/50 5669/535/1533
f 5671/573/626 5672/576/1534 5673/903/1534
f 5674/908/626 5671/573/626 5673/903/1534
f 5675/903/57 5676/904/57 5677/907/1531
f 5678/908/57 5675/903/57 5677/907/1531
f 5679/921/1535 5680/912/1535 5681/825/1535
f 5682/826/1535 5679/921/1535 5681/825/1535
f 5683/526/1536 5684/527/1536 5685/528/1536
f 5686/529/1536 5683/526/1536 5685/528/1536
f 5683/526/1536 5686/529/1536 5687/530/1536
f 5688/531/1536 5683/526/1536 5687/530/1536
f 5689/888/229 5690/889/229 5691/890/229
f 5692/891/229 5689/888/229 5691/890/229
f 5693/547/229 5692/891/229 5691/890/229
f 5694/548/1537 5693/547/229 5691/890/229
f 5695/811/1538 5694/548/1537 5691/890/229
f 5696/892/229 5695/811/1538 5691/890/229
f 5697/893/229 5696/892/229 5691/890/229
f 5698/894/229 5697/893/229 5691/890/229
f 5699/895/229 5698/894/229 5691/890/229
f 5700/535/1539 5701/536/829 5702/537/829
f 5703/538/829 5700/535/1539 5702/537/829
f 5704/892/596 5705/919/596 5706/810/596
f 5707/811/596 5704/892/596 5706/810/596
f 5708/892/626 5709/893/626 5710/920/626
f 5711/919/1534 5708/892/626 5710/920/626
f 5712/403/434 5713/402/434 5714/401/434
f 5715/404/434 5712/403/434 5714/401/434
f 5716/805/421 5717/677/421 5718/676/421
f 5719/800/421 5716/805/421 5718/676/421
f 5720/924/1540 5721/925/1540 5722/874/1540
f 5723/876/1540 5720/924/1540 5722/874/1540
f 5724/669/1541 5720/924/1540 5723/876/1540
f 5725/670/1541 5724/669/1541 5723/876/1540
f 5726/1748/1542 5727/796/1542 5728/795/1542
f 5729/862/1542 5726/1748/1542 5728/795/1542
f 5730/543/992 5731/413/1543 5732/544/1544
f 5733/545/178 5730/543/992 5732/544/1544
f 5730/543/992 5733/545/178 5734/1/992
f 5735/2/992 5730/543/992 5734/1/992
f 5736/522/829 5737/533/829 5738/534/1539
f 5739/523/829 5736/522/829 5738/534/1539
f 5740/539/1533 5741/540/596 5742/541/1533
f 5743/542/1533 5740/539/1533 5742/541/1533
f 5744/551/596 5745/552/1533 5746/553/1533
f 5747/554/596 5744/551/596 5746/553/1533
f 5748/676/626 5749/677/1534 5750/678/1534
f 5751/679/626 5748/676/626 5750/678/1534
f 5752/909/1545 5753/540/1546 5754/539/1545
f 5755/910/1546 5752/909/1545 5754/539/1545
f 5756/574/56 5757/536/56 5758/535/268
f 5759/575/56 5756/574/56 5758/535/268
f 5760/910/1547 5761/521/426 5762/520/426
f 5763/909/1547 5760/910/1547 5762/520/426
f 5764/801/585 5765/804/585 5766/805/585
f 5767/800/585 5764/801/585 5766/805/585
f 5768/547/1539 5769/548/829 5770/549/829
f 5771/550/829 5768/547/1539 5770/549/829
f 5772/574/1548 5773/575/1548 5774/576/905
f 5775/573/905 5772/574/1548 5774/576/905
f 5776/791/1549 5777/792/1549 5778/793/1549
f 5779/794/1549 5776/791/1549 5778/793/1549
f 5776/791/1549 5779/794/1549 5780/795/1549
f 5781/796/1549 5776/791/1549 5780/795/1549
f 5782/797/229 5783/798/229 5784/799/229
f 5785/679/229 5782/797/229 5784/799/229
f 5786/676/229 5785/679/229 5784/799/229
f 5787/800/1550 5786/676/229 5784/799/229
f 5788/801/1551 5787/800/1550 5784/799/229
f 5789/551/229 5788/801/1551 5784/799/229
f 5790/552/229 5789/551/229 5784/799/229
f 5791/802/229 5790/552/229 5784/799/229
f 5792/803/229 5791/802/229 5784/799/229
f 5793/573/1545 5794/576/1545 5795/903/1545
f 5796/908/1546 5793/573/1545 5795/903/1545
f 5797/806/1552 5798/807/1553 5799/808/1553
f 5800/809/1552 5797/806/1552 5799/808/1553
f 5801/913/1552 5797/806/1552 5800/809/1552
f 5802/813/1552 5801/913/1552 5800/809/1552
f 5803/903/421 5804/904/421 5805/907/421
f 5806/908/421 5803/903/421 5805/907/421
f 5807/810/903 5808/549/903 5809/548/903
f 5810/811/903 5807/810/903 5809/548/903
f 5811/806/1554 5812/807/1554 5813/808/1554
f 5814/809/1554 5811/806/1554 5813/808/1554
f 5815/913/1554 5811/806/1554 5814/809/1554
f 5816/813/1554 5815/913/1554 5814/809/1554
f 5817/804/829 5818/801/829 5819/551/1539
f 5820/554/829 5817/804/829 5819/551/1539
f 5821/508/1555 5822/511/1556 5823/510/1555
f 5824/509/1555 5821/508/1555 5823/510/1555
f 5825/412/1557 5826/413/1557 5827/414/1557
f 5828/415/1558 5825/412/1557 5827/414/1557
f 5829/692/1559 5830/693/1560 5831/514/1561
f 5832/686/1562 5829/692/1559 5831/514/1561
f 5829/692/1559 5832/686/1562 5833/691/1563
f 5832/686/1562 5834/685/1564 5833/691/1563
f 5834/685/1564 5835/690/1565 5833/691/1563
f 5835/690/1565 5834/685/1564 5836/689/1566
f 5834/685/1564 5837/684/1567 5836/689/1566
f 5837/684/1567 5838/688/1568 5836/689/1566
f 5837/684/1567 5839/508/1569 5838/688/1568
f 5839/508/1569 5840/687/1570 5838/688/1568
f 5841/899/1571 5842/852/1571 5843/855/1571
f 5844/916/1571 5841/899/1571 5843/855/1571
f 5844/916/1571 5843/855/1571 5845/856/1571
f 5846/917/1571 5844/916/1571 5845/856/1571
f 5847/936/229 5848/937/229 5849/938/229
f 5850/542/229 5847/936/229 5849/938/229
f 5851/539/229 5850/542/229 5849/938/229
f 5852/910/1572 5851/539/229 5849/938/229
f 5853/521/1573 5852/910/1572 5849/938/229
f 5854/522/229 5853/521/1573 5849/938/229
f 5855/533/229 5854/522/229 5849/938/229
f 5856/939/229 5855/533/229 5849/938/229
f 5857/940/229 5856/939/229 5849/938/229
f 5858/699/1574 5859/700/1575 5860/622/1576
f 5861/682/1577 5858/699/1574 5860/622/1576
f 5858/699/1574 5861/682/1577 5862/698/1578
f 5861/682/1577 5863/681/1579 5862/698/1578
f 5863/681/1579 5864/697/1580 5862/698/1578
f 5864/697/1580 5863/681/1579 5865/696/1581
f 5863/681/1579 5866/680/1582 5865/696/1581
f 5866/680/1582 5867/694/1582 5865/696/1581
f 5866/680/1582 5868/516/1583 5867/694/1582
f 5868/516/1583 5869/695/1584 5867/694/1582
f 5870/526/1585 5871/529/1585 5872/530/1585
f 5873/531/1585 5870/526/1585 5872/530/1585
f 5873/531/1585 5872/530/1585 5874/822/1585
f 5875/911/1585 5873/531/1585 5874/822/1585
f 5876/516/900 5877/412/1586 5878/415/900
f 5879/517/900 5876/516/900 5878/415/900
f 5880/518/999 5881/510/1000 5882/509/1000
f 5883/519/1000 5880/518/999 5882/509/1000
f 5884/524/1587 5885/525/1587 5886/513/1587
f 5887/512/1587 5884/524/1587 5886/513/1587
f 5888/622/890 5889/623/890 5890/417/890
f 5891/416/890 5888/622/890 5890/417/890
f 5892/370/62 5893/374/62 5894/371/62
f 5893/374/62 5892/370/62 5895/561/62
f 5893/374/62 5895/561/62 5896/560/62
f 5893/374/62 5896/560/62 5897/558/62
f 5898/401/62 5893/374/62 5897/558/62
f 5898/401/62 5899/404/62 5893/374/62
f 5900/900/229 5901/901/229 5902/902/229
f 5903/538/229 5900/900/229 5902/902/229
f 5904/535/229 5903/538/229 5902/902/229
f 5905/575/1588 5904/535/229 5902/902/229
f 5906/576/1589 5905/575/1588 5902/902/229
f 5907/903/229 5906/576/1589 5902/902/229
f 5908/904/229 5907/903/229 5902/902/229
f 5909/905/229 5908/904/229 5902/902/229
f 5910/906/229 5909/905/229 5902/902/229
f 5911/547/87 5912/550/87 5913/918/1590
f 5914/891/87 5911/547/87 5913/918/1590
f 5915/921/1591 5916/912/1591 5917/825/1591
f 5918/826/1591 5915/921/1591 5917/825/1591
f 5915/921/1591 5918/826/1591 5919/829/1591
f 5920/922/1591 5915/921/1591 5919/829/1591
f 5920/922/1591 5919/829/1591 5921/830/1591
f 5922/923/1591 5920/922/1591 5921/830/1591
f 5923/913/1592 5924/813/1592 5925/815/1592
f 5926/914/1592 5923/913/1592 5925/815/1592
f 5926/914/1592 5925/815/1592 5927/818/1592
f 5928/915/1592 5926/914/1592 5927/818/1592
f 5929/527/1592 5928/915/1592 5927/818/1592
f 5930/528/1592 5929/527/1592 5927/818/1592
f 5931/934/1593 5932/935/1593 5933/840/1593
f 5934/843/1593 5931/934/1593 5933/840/1593
f 5931/934/1593 5934/843/1593 5935/844/1593
f 5936/933/1593 5931/934/1593 5935/844/1593
f 5937/805/87 5938/677/87 5939/676/87
f 5940/800/87 5937/805/87 5939/676/87
f 5941/909/648 5942/540/649 5943/539/648
f 5944/910/648 5941/909/648 5943/539/648
f 5945/574/598 5946/536/598 5947/535/82
f 5948/575/598 5945/574/598 5947/535/82
f 5949/573/649 5950/576/648 5951/903/858
f 5952/908/649 5949/573/649 5951/903/858
f 5953/903/87 5954/904/87 5955/907/1590
f 5956/908/87 5953/903/87 5955/907/1590
f 5957/921/1594 5958/912/1594 5959/825/1594
f 5960/826/1594 5957/921/1594 5959/825/1594
f 5961/526/1595 5962/529/1595 5963/530/1595
f 5964/531/1595 5961/526/1595 5963/530/1595
f 5965/527/1596 5966/915/1596 5967/818/1596
f 5968/528/1596 5965/527/1596 5967/818/1596
f 5969/526/1596 5965/527/1596 5968/528/1596
f 5970/529/1596 5969/526/1596 5968/528/1596
f 5971/535/424 5972/536/423 5973/537/423
f 5974/538/423 5971/535/424 5973/537/423
f 5975/892/1597 5976/919/598 5977/810/82
f 5978/811/598 5975/892/1597 5977/810/82
f 5979/892/649 5980/893/649 5981/920/648
f 5982/919/648 5979/892/649 5981/920/648
f 5983/932/1598 5984/933/1598 5985/844/1598
f 5986/847/1598 5983/932/1598 5985/844/1598
f 5983/932/1598 5986/847/1598 5987/848/1598
f 5988/931/1598 5983/932/1598 5987/848/1598
f 5989/898/1599 5990/931/1599 5991/848/1599
f 5992/851/1599 5989/898/1599 5991/848/1599
f 5989/898/1599 5992/851/1599 5993/852/1599
f 5994/899/1599 5989/898/1599 5993/852/1599
f 5994/899/1599 5993/852/1599 5995/855/1599
f 5996/916/1599 5994/899/1599 5995/855/1599
f 5997/921/1600 5998/826/1601 5999/829/1600
f 6000/922/1600 5997/921/1600 5999/829/1600
f 6000/922/1600 5999/829/1600 6001/830/1600
f 6002/923/1600 6000/922/1600 6001/830/1600
f 6003/925/1602 6004/926/1602 6005/872/1602
f 6006/874/1602 6003/925/1602 6005/872/1602
f 6007/924/1602 6003/925/1602 6006/874/1602
f 6008/876/1602 6007/924/1602 6006/874/1602
f 6009/669/1602 6007/924/1602 6008/876/1602
f 6010/670/1602 6009/669/1602 6008/876/1602
f 6011/927/1603 6012/870/1603 6013/872/1603
f 6014/926/1603 6011/927/1603 6013/872/1603
f 6015/1748/1604 6016/796/1604 6017/795/1604
f 6018/862/1604 6015/1748/1604 6017/795/1604
f 6019/522/423 6020/533/423 6021/534/424
f 6022/523/423 6019/522/423 6021/534/424
f 6023/539/598 6024/540/598 6025/541/1597
f 6026/542/1597 6023/539/598 6025/541/1597
f 6027/551/598 6028/552/1597 6029/553/1597
f 6030/554/598 6027/551/598 6029/553/1597
f 6031/676/649 6032/677/648 6033/678/648
f 6034/679/648 6031/676/649 6033/678/648
f 6035/910/876 6036/521/1605 6037/520/1605
f 6038/909/876 6035/910/876 6037/520/1605
f 6039/801/877 6040/804/877 6041/805/877
f 6042/800/877 6039/801/877 6041/805/877
f 6043/547/424 6044/548/423 6045/549/423
f 6046/550/423 6043/547/424 6045/549/423
f 6047/574/253 6048/575/253 6049/576/253
f 6050/573/253 6047/574/253 6049/576/253
f 6051/520/872 6052/909/871 6053/910/871
f 6054/521/872 6051/520/872 6053/910/871
f 6055/412/135 6056/415/136 6057/414/136
f 6058/413/136 6055/412/135 6057/414/136
f 6059/543/180 6060/413/199 6061/544/180
f 6062/545/180 6059/543/180 6061/544/180
f 6059/543/180 6062/545/180 6063/1/180
f 6064/2/180 6059/543/180 6063/1/180
f 6065/923/1606 6066/830/1606 6067/833/1606
f 6068/929/1606 6065/923/1606 6067/833/1606
f 6068/929/1606 6067/833/1606 6069/835/1606
f 6070/930/1606 6068/929/1606 6069/835/1606
f 6071/366/76 6072/369/76 6073/388/76
f 6071/366/76 6073/388/76 6074/389/76
f 6071/366/76 6074/389/76 6075/390/76
f 6071/366/76 6075/390/76 6076/391/76
f 6071/366/76 6076/391/76 6077/379/76
f 6071/366/76 6077/379/76 6078/380/76
f 6079/930/1607 6080/835/1607 6081/836/1608
f 6082/896/1608 6079/930/1607 6081/836/1608
f 6082/896/1608 6081/836/1608 6083/838/1607
f 6084/897/1607 6082/896/1608 6083/838/1607
f 6085/516/76 6086/412/76 6087/413/1609
f 6088/543/76 6085/516/76 6087/413/1609
f 6085/516/76 6088/543/76 6089/680/76
f 6090/681/76 6089/680/76 6088/543/76
f 6091/682/76 6090/681/76 6088/543/76
f 6092/622/76 6091/682/76 6088/543/76
f 6092/622/76 6088/543/76 6093/2/1609
f 6094/416/76 6092/622/76 6093/2/1609
f 6095/897/1610 6096/838/1610 6097/840/1610
f 6098/935/1610 6095/897/1610 6097/840/1610
f 6098/935/1610 6097/840/1610 6099/843/1610
f 6100/934/1610 6098/935/1610 6099/843/1610
f 6100/934/1610 6099/843/1610 6101/844/1610
f 6102/933/1610 6100/934/1610 6101/844/1610
f 6103/364/1611 6104/621/1611 6105/363/1611
f 6106/508/229 6107/509/229 6108/519/229
f 6109/683/229 6106/508/229 6108/519/229
f 6110/684/229 6106/508/229 6109/683/229
f 6109/683/229 6111/685/229 6110/684/229
f 6109/683/229 6112/686/229 6111/685/229
f 6112/686/229 6109/683/229 6113/514/229
f 6113/514/229 6109/683/229 6114/525/229
f 6115/513/229 6113/514/229 6114/525/229
f 6116/516/1612 6117/695/1613 6118/694/1614
f 6119/680/1614 6116/516/1612 6118/694/1614
f 6119/680/1614 6118/694/1614 6120/696/1615
f 6121/681/1616 6119/680/1614 6120/696/1615
f 6122/697/1617 6121/681/1616 6120/696/1615
f 6121/681/1616 6122/697/1617 6123/698/1618
f 6124/682/1619 6121/681/1616 6123/698/1618
f 6125/699/1619 6124/682/1619 6123/698/1618
f 6124/682/1619 6125/699/1619 6126/622/1620
f 6125/699/1619 6127/700/1621 6126/622/1620
f 6128/687/1622 6129/508/1623 6130/688/1624
f 6129/508/1623 6131/684/1625 6130/688/1624
f 6130/688/1624 6131/684/1625 6132/689/1626
f 6131/684/1625 6133/685/1627 6132/689/1626
f 6133/685/1627 6134/690/1628 6132/689/1626
f 6134/690/1628 6133/685/1627 6135/691/1629
f 6133/685/1627 6136/686/1630 6135/691/1629
f 6136/686/1630 6137/692/1631 6135/691/1629
f 6137/692/1631 6136/686/1630 6138/514/1632
f 6139/693/1633 6137/692/1631 6138/514/1632
f 6140/694/1634 6141/695/522 6142/516/1635
f 6143/680/1636 6140/694/1634 6142/516/1635
f 6140/694/1634 6143/680/1636 6144/696/1637
f 6143/680/1636 6145/681/1638 6144/696/1637
f 6145/681/1638 6146/697/1639 6144/696/1637
f 6146/697/1639 6145/681/1638 6147/698/1640
f 6145/681/1638 6148/682/519 6147/698/1640
f 6148/682/519 6149/699/520 6147/698/1640
f 6149/699/520 6148/682/519 6150/622/1641
f 6151/700/1642 6149/699/520 6150/622/1641
f 6152/414/1557 6153/413/1557 6154/412/1557
f 6155/415/1558 6152/414/1557 6154/412/1557
f 6156/694/1643 6157/695/1644 6158/516/1645
f 6159/680/1646 6156/694/1643 6158/516/1645
f 6156/694/1643 6159/680/1646 6160/696/1647
f 6159/680/1646 6161/681/1648 6160/696/1647
f 6161/681/1648 6162/697/1649 6160/696/1647
f 6162/697/1649 6161/681/1648 6163/698/1650
f 6161/681/1648 6164/682/1651 6163/698/1650
f 6164/682/1651 6165/699/1651 6163/698/1650
f 6165/699/1651 6164/682/1651 6166/622/1652
f 6167/700/1653 6165/699/1651 6166/622/1652
f 6168/804/586 6169/805/586 6170/800/586
f 6171/801/586 6168/804/586 6170/800/586
f 6172/508/569 6173/509/1654 6174/510/1654
f 6175/511/570 6172/508/569 6174/510/1654
f 6176/892/248 6177/893/248 6178/920/248
f 6179/919/248 6176/892/248 6178/920/248
f 6180/548/579 6181/811/579 6182/810/579
f 6183/549/579 6180/548/579 6182/810/579
f 6184/892/367 6185/919/366 6186/810/366
f 6187/811/366 6184/892/367 6186/810/366
f 6188/807/1655 6189/942/1655 6190/885/1655
f 6191/808/1655 6188/807/1655 6190/885/1655
f 6192/674/1656 6193/672/1656 6194/673/1656
f 6195/675/1656 6192/674/1656 6194/673/1656
f 6196/941/1657 6197/928/1657 6198/882/1657
f 6199/883/1657 6196/941/1657 6198/882/1657
f 6196/941/1657 6199/883/1657 6200/885/1657
f 6201/942/1657 6196/941/1657 6200/885/1657
f 6202/807/1657 6201/942/1657 6200/885/1657
f 6203/808/1657 6202/807/1657 6200/885/1657
f 6204/930/1658 6205/835/1658 6206/836/1658
f 6207/896/1658 6204/930/1658 6206/836/1658
f 6208/804/266 6209/801/266 6210/551/265
f 6211/554/211 6208/804/266 6210/551/265
f 6212/520/352 6213/521/352 6214/522/352
f 6215/523/352 6212/520/352 6214/522/352
f 6216/701/834 6217/702/836 6218/703/836
f 6219/704/834 6216/701/834 6218/703/836
f 6220/705/363 6216/701/834 6219/704/834
f 6221/706/363 6220/705/363 6219/704/834
f 6222/707/626 6220/705/363 6221/706/363
f 6223/708/626 6222/707/626 6221/706/363
f 6224/709/849 6222/707/626 6223/708/626
f 6225/710/849 6224/709/849 6223/708/626
f 6226/711/847 6224/709/849 6225/710/849
f 6227/712/847 6226/711/847 6225/710/849
f 6228/713/846 6226/711/847 6227/712/847
f 6229/714/846 6228/713/846 6227/712/847
f 6230/715/845 6228/713/846 6229/714/846
f 6231/716/845 6230/715/845 6229/714/846
f 6232/717/229 6230/715/845 6231/716/845
f 6233/718/229 6232/717/229 6231/716/845
f 6234/719/341 6235/720/829 6236/721/1659
f 6237/722/341 6234/719/341 6236/721/1659
f 6238/723/828 6234/719/341 6237/722/341
f 6239/724/828 6238/723/828 6237/722/341
f 6240/725/827 6238/723/828 6239/724/828
f 6241/726/827 6240/725/827 6239/724/828
f 6242/727/840 6240/725/827 6241/726/827
f 6243/728/840 6242/727/840 6241/726/827
f 6244/729/839 6242/727/840 6243/728/840
f 6245/730/839 6244/729/839 6243/728/840
f 6246/731/62 6244/729/839 6245/730/839
f 6247/732/62 6246/731/62 6245/730/839
f 6248/733/838 6246/731/62 6247/732/62
f 6249/734/838 6248/733/838 6247/732/62
f 6250/735/837 6248/733/838 6249/734/838
f 6251/736/837 6250/735/837 6249/734/838
f 6217/702/836 6250/735/837 6251/736/837
f 6218/703/836 6217/702/836 6251/736/837
f 6252/737/861 6253/738/862 6254/739/862
f 6255/740/861 6252/737/861 6254/739/862
f 6256/741/860 6252/737/861 6255/740/861
f 6257/742/860 6256/741/860 6255/740/861
f 6258/743/859 6256/741/860 6257/742/860
f 6259/744/859 6258/743/859 6257/742/860
f 6260/745/182 6258/743/859 6259/744/859
f 6261/746/182 6260/745/182 6259/744/859
f 6262/747/833 6260/745/182 6261/746/182
f 6263/748/833 6262/747/833 6261/746/182
f 6264/749/832 6262/747/833 6263/748/833
f 6265/750/832 6264/749/832 6263/748/833
f 6266/751/831 6264/749/832 6265/750/832
f 6267/752/831 6266/751/831 6265/750/832
f 6268/753/830 6266/751/831 6267/752/831
f 6269/754/830 6268/753/830 6267/752/831
f 6235/720/829 6268/753/830 6269/754/830
f 6236/721/1659 6235/720/829 6269/754/830
f 6270/755/853 6271/756/1660 6272/757/1660
f 6273/758/853 6270/755/853 6272/757/1660
f 6274/759/76 6270/755/853 6273/758/853
f 6275/760/76 6274/759/76 6273/758/853
f 6276/761/850 6274/759/76 6275/760/76
f 6277/762/850 6276/761/850 6275/760/76
f 6278/763/1661 6276/761/850 6277/762/850
f 6279/764/1661 6278/763/1661 6277/762/850
f 6280/765/865 6278/763/1661 6279/764/1661
f 6281/766/865 6280/765/865 6279/764/1661
f 6282/767/864 6280/765/865 6281/766/865
f 6283/768/864 6282/767/864 6281/766/865
f 6284/769/366 6282/767/864 6283/768/864
f 6285/770/863 6284/769/366 6283/768/864
f 6286/771/1662 6284/769/366 6285/770/863
f 6287/772/1662 6286/771/1662 6285/770/863
f 6253/738/862 6286/771/1662 6287/772/1662
f 6254/739/862 6253/738/862 6287/772/1662
f 6288/773/844 6289/774/229 6290/775/229
f 6291/776/844 6288/773/844 6290/775/229
f 6292/777/843 6288/773/844 6291/776/844
f 6293/778/843 6292/777/843 6291/776/844
f 6294/779/841 6292/777/843 6293/778/843
f 6295/780/841 6294/779/841 6293/778/843
f 6296/781/842 6294/779/841 6295/780/841
f 6297/782/842 6296/781/842 6295/780/841
f 6298/783/649 6296/781/842 6297/782/842
f 6299/784/649 6298/783/649 6297/782/842
f 6300/785/1663 6298/783/649 6299/784/649
f 6301/786/557 6300/785/1663 6299/784/649
f 6302/787/857 6300/785/1663 6301/786/557
f 6303/788/857 6302/787/857 6301/786/557
f 6304/789/856 6302/787/857 6303/788/857
f 6305/790/856 6304/789/856 6303/788/857
f 6271/756/1660 6304/789/856 6305/790/856
f 6272/757/1660 6271/756/1660 6305/790/856
f 6306/804/1664 6307/801/1664 6308/551/409
f 6309/554/409 6306/804/1664 6308/551/409
f 6310/669/1665 6311/924/1665 6312/876/1665
f 6313/670/1665 6310/669/1665 6312/876/1665
f 6314/668/1665 6310/669/1665 6313/670/1665
f 6315/671/1665 6314/668/1665 6313/670/1665
f 6316/547/352 6317/550/352 6318/918/352
f 6319/891/352 6316/547/352 6318/918/352
f 6320/234/69 6321/232/69 6322/233/69
f 6320/234/69 6322/233/69 6323/235/69
f 6324/111/69 6320/234/69 6323/235/69
f 6324/111/69 6323/235/69 6325/112/69
f 6326/110/69 6324/111/69 6325/112/69
f 6326/110/69 6325/112/69 6327/113/69
f 6328/114/69 6326/110/69 6327/113/69
f 6329/115/69 6328/114/69 6327/113/69
f 6330/116/69 6329/115/69 6327/113/69
f 6331/117/69 6329/115/69 6330/116/69
f 6332/118/69 6331/117/69 6330/116/69
f 6333/119/69 6331/117/69 6332/118/69
f 6334/120/69 6333/119/69 6332/118/69
f 6335/121/69 6333/119/69 6334/120/69
f 6336/122/69 6335/121/69 6334/120/69
f 6337/123/69 6335/121/69 6336/122/69
f 6338/124/69 6337/123/69 6336/122/69
f 6339/125/69 6337/123/69 6338/124/69
f 6340/126/69 6339/125/69 6338/124/69
f 6341/127/69 6339/125/69 6340/126/69
f 6342/94/69 6341/127/69 6340/126/69
f 6343/93/69 6341/127/69 6342/94/69
f 6344/92/69 6343/93/69 6342/94/69
f 6345/95/69 6343/93/69 6344/92/69
f 6346/96/69 6345/95/69 6344/92/69
f 6347/97/69 6345/95/69 6346/96/69
f 6348/98/69 6347/97/69 6346/96/69
f 6349/99/69 6347/97/69 6348/98/69
f 6350/100/69 6349/99/69 6348/98/69
f 6351/101/69 6349/99/69 6350/100/69
f 6352/102/69 6351/101/69 6350/100/69
f 6353/103/69 6351/101/69 6352/102/69
f 6354/104/69 6353/103/69 6352/102/69
f 6355/105/69 6353/103/69 6354/104/69
f 6356/106/69 6355/105/69 6354/104/69
f 6357/107/69 6355/105/69 6356/106/69
f 6358/108/69 6357/107/69 6356/106/69
f 6359/109/69 6357/107/69 6358/108/69
f 6360/298/69 6359/109/69 6358/108/69
f 6361/299/69 6359/109/69 6360/298/69
f 6362/300/69 6361/299/69 6360/298/69
f 6363/301/69 6361/299/69 6362/300/69
f 6364/302/69 6363/301/69 6362/300/69
f 6365/303/69 6363/301/69 6364/302/69
f 6366/304/69 6365/303/69 6364/302/69
f 6367/305/69 6365/303/69 6366/304/69
f 6368/306/69 6367/305/69 6366/304/69
f 6369/307/69 6367/305/69 6368/306/69
f 6370/308/69 6369/307/69 6368/306/69
f 6371/309/69 6369/307/69 6370/308/69
f 6372/310/69 6371/309/69 6370/308/69
f 6371/309/69 6372/310/69 6373/311/69
f 6374/312/69 6371/309/69 6373/311/69
f 6374/312/69 6373/311/69 6375/313/69
f 6376/237/69 6374/312/69 6375/313/69
f 6376/237/69 6375/313/69 6377/238/69
f 6378/236/69 6376/237/69 6377/238/69
f 6378/236/69 6377/238/69 6379/239/69
f 6380/240/69 6378/236/69 6379/239/69
f 6380/240/69 6379/239/69 6381/241/69
f 6382/242/69 6380/240/69 6381/241/69
f 6382/242/69 6381/241/69 6383/243/69
f 6384/244/69 6382/242/69 6383/243/69
f 6384/244/69 6383/243/69 6385/245/69
f 6386/246/69 6384/244/69 6385/245/69
f 6386/246/69 6385/245/69 6387/247/69
f 6388/248/69 6386/246/69 6387/247/69
f 6388/248/69 6387/247/69 6389/249/69
f 6390/250/69 6388/248/69 6389/249/69
f 6390/250/69 6389/249/69 6391/251/69
f 6392/252/69 6390/250/69 6391/251/69
f 6392/252/69 6391/251/69 6393/253/69
f 6394/219/69 6392/252/69 6393/253/69
f 6394/219/69 6393/253/69 6395/220/69
f 6396/218/69 6394/219/69 6395/220/69
f 6396/218/69 6395/220/69 6397/221/69
f 6398/222/69 6396/218/69 6397/221/69
f 6398/222/69 6397/221/69 6399/223/69
f 6400/224/69 6398/222/69 6399/223/69
f 6400/224/69 6399/223/69 6401/225/69
f 6402/226/69 6400/224/69 6401/225/69
f 6402/226/69 6401/225/69 6403/227/69
f 6404/228/69 6402/226/69 6403/227/69
f 6404/228/69 6403/227/69 6405/229/69
f 6406/230/69 6404/228/69 6405/229/69
f 6406/230/69 6405/229/69 6407/231/69
f 6321/232/69 6406/230/69 6407/231/69
f 6321/232/69 6407/231/69 6322/233/69
f 6408/682/243 6409/543/243 6410/681/243
f 6411/805/352 6412/677/352 6413/676/352
f 6414/800/352 6411/805/352 6413/676/352
f 6415/909/242 6416/540/242 6417/539/242
f 6418/910/242 6415/909/242 6417/539/242
f 6419/574/599 6420/536/599 6421/535/1666
f 6422/575/599 6419/574/599 6421/535/1666
f 6423/573/1667 6424/576/242 6425/903/242
f 6426/908/242 6423/573/1667 6425/903/242
f 6427/903/352 6428/904/352 6429/907/352
f 6430/908/352 6427/903/352 6429/907/352
f 6431/912/206 6432/911/206 6433/822/206
f 6434/825/206 6431/912/206 6433/822/206
f 6435/921/206 6431/912/206 6434/825/206
f 6436/826/206 6435/921/206 6434/825/206
f 6437/535/247 6438/536/409 6439/537/409
f 6440/538/1664 6437/535/247 6439/537/409
f 6441/892/599 6442/919/599 6443/810/599
f 6444/811/599 6441/892/599 6443/810/599
f 6445/892/242 6446/893/242 6447/920/242
f 6448/919/242 6445/892/242 6447/920/242
f 6449/417/1668 6450/623/1669 6451/622/1669
f 6452/416/1669 6449/417/1668 6451/622/1669
f 6453/574/881 6454/575/881 6455/576/881
f 6456/573/881 6453/574/881 6455/576/881
f 6457/701/857 6458/702/856 6459/703/856
f 6460/704/857 6457/701/857 6459/703/856
f 6461/705/1663 6457/701/857 6460/704/857
f 6462/706/1663 6461/705/1663 6460/704/857
f 6463/707/858 6461/705/1663 6462/706/1663
f 6464/708/649 6463/707/858 6462/706/1663
f 6465/709/842 6463/707/858 6464/708/649
f 6466/710/842 6465/709/842 6464/708/649
f 6467/711/841 6465/709/842 6466/710/842
f 6468/712/841 6467/711/841 6466/710/842
f 6469/713/843 6467/711/841 6468/712/841
f 6470/714/843 6469/713/843 6468/712/841
f 6471/715/844 6469/713/843 6470/714/843
f 6472/716/844 6471/715/844 6470/714/843
f 6473/717/229 6471/715/844 6472/716/844
f 6474/718/229 6473/717/229 6472/716/844
f 6475/719/863 6476/720/1662 6477/721/1662
f 6478/722/863 6475/719/863 6477/721/1662
f 6479/723/864 6475/719/863 6478/722/863
f 6480/724/864 6479/723/864 6478/722/863
f 6481/725/865 6479/723/864 6480/724/864
f 6482/726/865 6481/725/865 6480/724/864
f 6483/727/1661 6481/725/865 6482/726/865
f 6484/728/1661 6483/727/1661 6482/726/865
f 6485/729/850 6483/727/1661 6484/728/1661
f 6486/730/850 6485/729/850 6484/728/1661
f 6487/731/76 6485/729/850 6486/730/850
f 6488/732/76 6487/731/76 6486/730/850
f 6489/733/853 6487/731/76 6488/732/76
f 6490/734/853 6489/733/853 6488/732/76
f 6491/735/1660 6489/733/853 6490/734/853
f 6492/736/1660 6491/735/1660 6490/734/853
f 6458/702/856 6491/735/1660 6492/736/1660
f 6459/703/856 6458/702/856 6492/736/1660
f 6493/737/831 6494/738/830 6495/739/830
f 6496/740/831 6493/737/831 6495/739/830
f 6497/741/832 6493/737/831 6496/740/831
f 6498/742/832 6497/741/832 6496/740/831
f 6499/743/833 6497/741/832 6498/742/832
f 6500/744/833 6499/743/833 6498/742/832
f 6501/745/182 6499/743/833 6500/744/833
f 6502/746/182 6501/745/182 6500/744/833
f 6503/747/859 6501/745/182 6502/746/182
f 6504/748/859 6503/747/859 6502/746/182
f 6505/749/860 6503/747/859 6504/748/859
f 6506/750/860 6505/749/860 6504/748/859
f 6507/751/861 6505/749/860 6506/750/860
f 6508/752/861 6507/751/861 6506/750/860
f 6509/753/862 6507/751/861 6508/752/861
f 6510/754/862 6509/753/862 6508/752/861
f 6476/720/1662 6509/753/862 6510/754/862
f 6477/721/1662 6476/720/1662 6510/754/862
f 6511/755/838 6512/756/837 6513/757/837
f 6514/758/838 6511/755/838 6513/757/837
f 6515/759/62 6511/755/838 6514/758/838
f 6516/760/62 6515/759/62 6514/758/838
f 6517/761/839 6515/759/62 6516/760/62
f 6518/762/839 6517/761/839 6516/760/62
f 6519/763/840 6517/761/839 6518/762/839
f 6520/764/840 6519/763/840 6518/762/839
f 6521/765/827 6519/763/840 6520/764/840
f 6522/766/827 6521/765/827 6520/764/840
f 6523/767/828 6521/765/827 6522/766/827
f 6524/768/828 6523/767/828 6522/766/827
f 6525/769/341 6523/767/828 6524/768/828
f 6526/770/341 6525/769/341 6524/768/828
f 6527/771/829 6525/769/341 6526/770/341
f 6528/772/829 6527/771/829 6526/770/341
f 6494/738/830 6527/771/829 6528/772/829
f 6495/739/830 6494/738/830 6528/772/829
f 6529/773/845 6530/774/229 6531/775/229
f 6532/776/845 6529/773/845 6531/775/229
f 6533/777/846 6529/773/845 6532/776/845
f 6534/778/846 6533/777/846 6532/776/845
f 6535/779/847 6533/777/846 6534/778/846
f 6536/780/847 6535/779/847 6534/778/846
f 6537/781/849 6535/779/847 6536/780/847
f 6538/782/849 6537/781/849 6536/780/847
f 6539/783/626 6537/781/849 6538/782/849
f 6540/784/626 6539/783/626 6538/782/849
f 6541/785/363 6539/783/626 6540/784/626
f 6542/786/364 6541/785/363 6540/784/626
f 6543/787/834 6541/785/363 6542/786/364
f 6544/788/834 6543/787/834 6542/786/364
f 6545/789/836 6543/787/834 6544/788/834
f 6546/790/836 6545/789/836 6544/788/834
f 6512/756/837 6545/789/836 6546/790/836
f 6513/757/837 6512/756/837 6546/790/836
f 6547/548/867 6548/811/867 6549/810/867
f 6550/549/867 6547/548/867 6549/810/867
f 6551/547/421 6552/550/421 6553/918/421
f 6554/891/421 6551/547/421 6553/918/421
f 6555/668/1670 6556/669/1670 6557/670/1670
f 6558/671/1670 6555/668/1670 6557/670/1670
f 6559/672/1670 6555/668/1670 6558/671/1670
f 6560/673/1670 6559/672/1670 6558/671/1670
f 6561/924/1671 6562/925/1671 6563/874/1671
f 6564/876/1672 6561/924/1671 6563/874/1671
f 6565/669/1671 6561/924/1671 6564/876/1672
f 6566/670/1671 6565/669/1671 6564/876/1672
f 6567/388/198 6568/411/198 6569/410/198
f 6570/369/198 6567/388/198 6569/410/198
f 6571/522/409 6572/533/247 6573/534/1664
f 6574/523/247 6571/522/409 6573/534/1664
f 6575/539/599 6576/540/599 6577/541/599
f 6578/542/600 6575/539/599 6577/541/599
f 6579/551/599 6580/552/599 6581/553/599
f 6582/554/600 6579/551/599 6581/553/599
f 6583/676/242 6584/677/242 6585/678/242
f 6586/679/242 6583/676/242 6585/678/242
f 6587/418/1673 6588/419/865 6589/420/865
f 6590/421/864 6587/418/1673 6589/420/865
f 6591/422/366 6587/418/1673 6590/421/864
f 6592/423/366 6591/422/366 6590/421/864
f 6593/424/423 6591/422/366 6592/423/366
f 6594/425/423 6593/424/423 6592/423/366
f 6595/426/862 6593/424/423 6594/425/423
f 6596/427/862 6595/426/862 6594/425/423
f 6597/428/861 6595/426/862 6596/427/862
f 6598/429/861 6597/428/861 6596/427/862
f 6599/430/860 6597/428/861 6598/429/861
f 6600/431/860 6599/430/860 6598/429/861
f 6601/432/859 6599/430/860 6600/431/860
f 6602/433/859 6601/432/859 6600/431/860
f 6603/434/182 6601/432/859 6602/433/859
f 6604/435/182 6603/434/182 6602/433/859
f 6605/436/557 6606/437/649 6607/438/649
f 6608/439/557 6605/436/557 6607/438/649
f 6609/440/857 6605/436/557 6608/439/557
f 6610/441/1674 6609/440/857 6608/439/557
f 6611/442/856 6609/440/857 6610/441/1674
f 6612/443/856 6611/442/856 6610/441/1674
f 6613/444/1660 6611/442/856 6612/443/856
f 6614/445/854 6613/444/1660 6612/443/856
f 6615/446/853 6613/444/1660 6614/445/854
f 6616/447/853 6615/446/853 6614/445/854
f 6617/448/76 6615/446/853 6616/447/853
f 6618/449/76 6617/448/76 6616/447/853
f 6619/450/850 6617/448/76 6618/449/76
f 6620/451/850 6619/450/850 6618/449/76
f 6621/452/852 6619/450/850 6620/451/850
f 6622/453/852 6621/452/852 6620/451/850
f 6588/419/865 6621/452/852 6622/453/852
f 6589/420/865 6588/419/865 6622/453/852
f 6623/454/847 6624/455/849 6625/456/848
f 6626/457/847 6623/454/847 6625/456/848
f 6627/458/846 6623/454/847 6626/457/847
f 6628/459/846 6627/458/846 6626/457/847
f 6629/460/845 6627/458/846 6628/459/846
f 6630/461/845 6629/460/845 6628/459/846
f 6631/462/229 6629/460/845 6630/461/845
f 6632/463/229 6631/462/229 6630/461/845
f 6633/464/844 6631/462/229 6632/463/229
f 6634/465/844 6633/464/844 6632/463/229
f 6635/466/843 6633/464/844 6634/465/844
f 6636/467/843 6635/466/843 6634/465/844
f 6637/468/841 6635/466/843 6636/467/843
f 6638/469/841 6637/468/841 6636/467/843
f 6639/470/1675 6637/468/841 6638/469/841
f 6640/471/842 6639/470/1675 6638/469/841
f 6606/437/649 6639/470/1675 6640/471/842
f 6607/438/649 6606/437/649 6640/471/842
f 6641/472/839 6642/473/840 6643/474/840
f 6644/475/839 6641/472/839 6643/474/840
f 6645/476/62 6641/472/839 6644/475/839
f 6646/477/62 6645/476/62 6644/475/839
f 6647/478/838 6645/476/62 6646/477/62
f 6648/479/838 6647/478/838 6646/477/62
f 6649/480/837 6647/478/838 6648/479/838
f 6650/481/837 6649/480/837 6648/479/838
f 6651/482/836 6649/480/837 6650/481/837
f 6652/483/836 6651/482/836 6650/481/837
f 6653/484/834 6651/482/836 6652/483/836
f 6654/485/834 6653/484/834 6652/483/836
f 6655/486/364 6653/484/834 6654/485/834
f 6656/487/364 6655/486/364 6654/485/834
f 6657/488/627 6655/486/364 6656/487/364
f 6658/489/626 6657/488/627 6656/487/364
f 6624/455/849 6657/488/627 6658/489/626
f 6625/456/848 6624/455/849 6658/489/626
f 6659/490/833 6660/491/182 6661/492/182
f 6662/493/833 6659/490/833 6661/492/182
f 6663/494/832 6659/490/833 6662/493/833
f 6664/495/832 6663/494/832 6662/493/833
f 6665/496/831 6663/494/832 6664/495/832
f 6666/497/831 6665/496/831 6664/495/832
f 6667/498/830 6665/496/831 6666/497/831
f 6668/499/830 6667/498/830 6666/497/831
f 6669/500/829 6667/498/830 6668/499/830
f 6670/501/829 6669/500/829 6668/499/830
f 6671/502/1676 6669/500/829 6670/501/829
f 6672/503/341 6671/502/1676 6670/501/829
f 6673/504/828 6671/502/1676 6672/503/341
f 6674/505/828 6673/504/828 6672/503/341
f 6675/506/827 6673/504/828 6674/505/828
f 6676/507/827 6675/506/827 6674/505/828
f 6642/473/840 6675/506/827 6676/507/827
f 6643/474/840 6642/473/840 6676/507/827
f 6677/548/442 6678/811/442 6679/810/442
f 6680/549/442 6677/548/442 6679/810/442
f 6681/910/251 6682/521/251 6683/520/251
f 6684/909/251 6681/910/251 6683/520/251
f 6685/805/252 6686/800/252 6687/801/252
f 6688/804/252 6685/805/252 6687/801/252
f 6689/547/409 6690/548/247 6691/549/247
f 6692/550/247 6689/547/409 6691/549/247
f 6693/524/1526 6694/512/1526 6695/513/1526
f 6696/525/1526 6693/524/1526 6695/513/1526
f 6697/574/443 6698/575/443 6699/576/443
f 6700/573/443 6697/574/443 6699/576/443
f 6701/412/994 6702/415/994 6703/414/995
f 6704/413/995 6701/412/994 6703/414/995
f 6705/543/434 6706/413/434 6707/544/434
f 6708/545/434 6705/543/434 6707/544/434
f 6705/543/434 6708/545/434 6709/1/434
f 6710/2/434 6705/543/434 6709/1/434
f 6711/385/181 6712/1750/1677 6713/384/181
f 6714/386/181 6711/385/181 6713/384/181
f 6715/387/181 6714/386/181 6713/384/181
f 6716/366/55 6717/369/55 6718/388/55
f 6716/366/55 6718/388/55 6719/389/55
f 6716/366/55 6719/389/55 6720/390/55
f 6716/366/55 6720/390/55 6721/391/55
f 6716/366/55 6721/391/55 6722/379/55
f 6716/366/55 6722/379/55 6723/380/55
f 6724/414/1678 6725/544/1678 6726/413/1678
f 6727/516/55 6728/412/55 6729/413/55
f 6730/543/55 6727/516/55 6729/413/55
f 6727/516/55 6730/543/55 6731/680/55
f 6732/681/1679 6731/680/55 6730/543/55
f 6733/682/55 6732/681/1679 6730/543/55
f 6734/622/55 6733/682/55 6730/543/55
f 6734/622/55 6730/543/55 6735/2/55
f 6736/416/55 6734/622/55 6735/2/55
f 6737/2/962 6738/1/962 6739/3/962
f 6740/508/229 6741/509/229 6742/519/229
f 6743/683/229 6740/508/229 6742/519/229
f 6744/684/229 6740/508/229 6743/683/229
f 6743/683/229 6745/685/229 6744/684/229
f 6743/683/229 6746/686/229 6745/685/229
f 6746/686/229 6743/683/229 6747/514/229
f 6747/514/229 6743/683/229 6748/525/229
f 6749/513/229 6747/514/229 6748/525/229
f 6750/382/173 6751/362/173 6752/381/173
f 6753/383/173 6750/382/173 6752/381/173
f 6754/1751/919 6753/383/173 6752/381/173
f 6755/416/142 6756/417/142 6757/3/997
f 6758/2/997 6755/416/142 6757/3/997
f 6759/954/55 6760/953/55 6761/952/55
f 6760/953/55 6762/943/55 6761/952/55
f 6761/952/55 6762/943/55 6763/946/55
f 6763/946/55 6762/943/55 6764/945/55
f 6762/943/55 6765/944/55 6764/945/55
f 6763/946/55 6766/949/55 6767/948/55
f 6768/947/55 6763/946/55 6767/948/55
f 6768/947/55 6761/952/55 6763/946/55
f 6769/951/55 6761/952/55 6768/947/55
f 6770/950/55 6769/951/55 6768/947/55
f 6771/565/1680 6772/386/1680 6773/387/1680
f 6774/944/182 6775/945/182 6776/1752/182
f 6777/1753/182 6774/944/182 6776/1752/182
f 6778/1754/182 6779/950/182 6780/951/182
f 6781/1755/182 6778/1754/182 6780/951/182
f 6782/1756/1681 6783/949/182 6784/948/182
f 6785/1757/182 6782/1756/1681 6784/948/182
f 6786/954/182 6787/953/182 6788/1758/182
f 6789/1759/182 6786/954/182 6788/1758/182
f 6790/1760/1682 6791/1761/1683 6792/1762/1684
f 6793/1763/1682 6790/1760/1682 6792/1762/1684
f 6794/1764/1685 6790/1760/1682 6793/1763/1682
f 6795/1765/1685 6794/1764/1685 6793/1763/1682
f 6794/1764/1685 6795/1765/1685 6796/1766/1686
f 6797/1767/1687 6794/1764/1685 6796/1766/1686
f 6798/1768/1688 6797/1767/1687 6796/1766/1686
f 6799/1769/1689 6798/1768/1688 6796/1766/1686
f 6798/1768/1688 6799/1769/1689 6800/1770/1690
f 6801/1771/1690 6798/1768/1688 6800/1770/1690
f 6801/1771/1690 6800/1770/1690 6802/1772/1691
f 6803/1773/1692 6801/1771/1690 6802/1772/1691
f 6804/362/1693 6805/546/1693 6806/365/1693
f 6807/1774/1694 6808/1775/1691 6809/1776/1692
f 6810/1777/1694 6807/1774/1694 6809/1776/1692
f 6811/1778/1695 6807/1774/1694 6810/1777/1694
f 6812/1779/1695 6811/1778/1695 6810/1777/1694
f 6811/1778/1695 6812/1779/1695 6813/1780/1696
f 6814/1781/1696 6811/1778/1695 6813/1780/1696
f 6815/1782/1697 6814/1781/1696 6813/1780/1696
f 6816/1783/1697 6815/1782/1697 6813/1780/1696
f 6815/1782/1697 6816/1783/1697 6817/1784/1698
f 6818/1785/1699 6815/1782/1697 6817/1784/1698
f 6819/1782/1589 6820/1785/1700 6821/1786/1589
f 6822/1787/1701 6819/1782/1589 6821/1786/1589
f 6823/1781/1702 6819/1782/1589 6822/1787/1701
f 6824/1788/1702 6823/1781/1702 6822/1787/1701
f 6823/1781/1702 6824/1788/1702 6825/1789/1550
f 6826/1778/1550 6823/1781/1702 6825/1789/1550
f 6826/1778/1550 6825/1789/1550 6827/1790/1588
f 6828/1774/1550 6826/1778/1550 6827/1790/1588
f 6829/1775/1703 6828/1774/1550 6827/1790/1588
f 6830/1791/1703 6829/1775/1703 6827/1790/1588
f 6831/1792/1704 6832/1793/1704 6833/1794/1704
f 6834/1795/1704 6831/1792/1704 6833/1794/1704
f 6835/1796/1704 6831/1792/1704 6834/1795/1704
f 6836/1797/1704 6835/1796/1704 6834/1795/1704
f 6835/1796/1704 6836/1797/1704 6837/1798/1704
f 6838/1799/1704 6835/1796/1704 6837/1798/1704
f 6839/1800/1704 6838/1799/1704 6837/1798/1704
f 6840/1801/1704 6839/1800/1704 6837/1798/1704
f 6839/1800/1704 6840/1801/1704 6841/1802/1704
f 6842/1803/1704 6839/1800/1704 6841/1802/1704
f 6842/1803/1704 6841/1802/1704 6843/1804/1704
f 6844/1805/1704 6842/1803/1704 6843/1804/1704
f 6845/1806/1704 6846/1807/1704 6847/1808/1704
f 6848/1809/1704 6845/1806/1704 6847/1808/1704
f 6845/1806/1704 6848/1809/1704 6849/1810/1704
f 6850/1811/1704 6845/1806/1704 6849/1810/1704
f 6850/1811/1704 6849/1810/1704 6851/1812/1704
f 6852/1813/1704 6850/1811/1704 6851/1812/1704
f 6853/1814/1704 6852/1813/1704 6851/1812/1704
f 6854/1815/1704 6853/1814/1704 6851/1812/1704
f 6855/1816/1704 6853/1814/1704 6854/1815/1704
f 6856/1817/1704 6855/1816/1704 6854/1815/1704
f 6855/1816/1704 6856/1817/1704 6857/1818/1704
f 6858/1819/1704 6855/1816/1704 6857/1818/1704
f 6859/1820/1704 6858/1819/1704 6857/1818/1704
f 6860/1821/1704 6859/1820/1704 6857/1818/1704
f 6859/1820/1704 6860/1821/1704 6861/1822/1704
f 6862/1823/1704 6859/1820/1704 6861/1822/1704
f 6862/1823/1704 6861/1822/1704 6833/1794/1704
f 6832/1793/1704 6862/1823/1704 6833/1794/1704
f 6863/1824/1704 6864/1825/1704 6865/1826/1704
f 6866/1827/1704 6863/1824/1704 6865/1826/1704
f 6867/1828/1704 6863/1824/1704 6866/1827/1704
f 6868/1829/1704 6867/1828/1704 6866/1827/1704
f 6867/1828/1704 6868/1829/1704 6869/1830/1704
f 6870/1831/1704 6867/1828/1704 6869/1830/1704
f 6871/1832/1704 6870/1831/1704 6869/1830/1704
f 6872/1833/1704 6871/1832/1704 6869/1830/1704
f 6871/1832/1704 6872/1833/1704 6873/1834/1704
f 6874/1835/1704 6871/1832/1704 6873/1834/1704
f 6874/1835/1704 6873/1834/1704 6875/1836/1704
f 6876/1837/1704 6874/1835/1704 6875/1836/1704
f 6877/1838/1704 6876/1837/1704 6875/1836/1704
f 6878/1839/1704 6877/1838/1704 6875/1836/1704
f 6879/1840/1704 6877/1838/1704 6878/1839/1704
f 6880/1841/1704 6879/1840/1704 6878/1839/1704
f 6879/1840/1704 6880/1841/1704 6847/1808/1704
f 6846/1807/1704 6879/1840/1704 6847/1808/1704
f 6881/544/166 6882/413/166 6883/543/166
f 6884/545/166 6881/544/166 6883/543/166
f 6885/1/166 6884/545/166 6883/543/166
f 6886/2/166 6885/1/166 6883/543/166
f 6887/1842/1705 6888/1836/1705 6889/1843/1706
f 6888/1836/1705 6890/1834/1707 6889/1843/1706
f 6889/1843/1706 6890/1834/1707 6891/1833/1708
f 6892/1844/1708 6889/1843/1706 6891/1833/1708
f 6892/1844/1708 6891/1833/1708 6893/1830/1709
f 6894/1845/1709 6892/1844/1708 6893/1830/1709
f 6894/1845/1709 6893/1830/1709 6895/1829/1710
f 6896/1846/1711 6894/1845/1709 6895/1829/1710
f 6896/1846/1711 6895/1829/1710 6897/1827/1712
f 6898/1847/1712 6896/1846/1711 6897/1827/1712
f 6898/1847/1712 6897/1827/1712 6899/1826/1691
f 6900/1848/497 6898/1847/1712 6899/1826/1691
f 6901/1849/1713 6902/1818/1714 6903/1817/1715
f 6904/1850/1716 6901/1849/1713 6903/1817/1715
f 6904/1850/1716 6903/1817/1715 6905/1815/1717
f 6906/1851/1718 6904/1850/1716 6905/1815/1717
f 6906/1851/1718 6905/1815/1717 6907/1812/1719
f 6908/1852/1719 6906/1851/1718 6907/1812/1719
f 6908/1852/1719 6907/1812/1719 6909/1853/1720
f 6907/1812/1719 6910/1810/1721 6909/1853/1720
f 6909/1853/1720 6910/1810/1721 6911/1809/1722
f 6912/1854/1722 6909/1853/1720 6911/1809/1722
f 6912/1854/1722 6911/1809/1722 6913/1808/1723
f 6914/1855/1724 6912/1854/1722 6913/1808/1723
f 6914/1855/1724 6913/1808/1723 6915/1841/1725
f 6916/1856/1725 6914/1855/1724 6915/1841/1725
f 6916/1856/1725 6915/1841/1725 6917/1839/1726
f 6918/1857/1727 6916/1856/1725 6917/1839/1726
f 6918/1857/1727 6917/1839/1726 6888/1836/1705
f 6887/1842/1705 6918/1857/1727 6888/1836/1705
f 6919/1858/1691 6920/1804/497 6921/1859/1728
f 6920/1804/497 6922/1802/1728 6921/1859/1728
f 6921/1859/1728 6922/1802/1728 6923/1801/1729
f 6924/1860/1729 6921/1859/1728 6923/1801/1729
f 6924/1860/1729 6923/1801/1729 6925/1798/1730
f 6926/1861/1731 6924/1860/1729 6925/1798/1730
f 6926/1861/1731 6925/1798/1730 6927/1797/1732
f 6928/1862/1732 6926/1861/1731 6927/1797/1732
f 6928/1862/1732 6927/1797/1732 6929/1795/1733
f 6930/1863/1734 6928/1862/1732 6929/1795/1733
f 6930/1863/1734 6929/1795/1733 6931/1794/1683
f 6932/1864/1683 6930/1863/1734 6931/1794/1683
f 6932/1864/1683 6931/1794/1683 6933/1865/1735
f 6931/1794/1683 6934/1822/1736 6933/1865/1735
f 6933/1865/1735 6934/1822/1736 6935/1821/1737
f 6936/1866/1737 6933/1865/1735 6935/1821/1737
f 6936/1866/1737 6935/1821/1737 6902/1818/1714
f 6901/1849/1713 6936/1866/1737 6902/1818/1714
f 6937/1867/1738 6938/1868/1691 6939/1869/1691
f 6940/1870/1738 6937/1867/1738 6939/1869/1691
f 6937/1867/1738 6940/1870/1738 6941/1871/1739
f 6942/1872/1739 6937/1867/1738 6941/1871/1739
f 6943/1873/1740 6944/1874/1741 6945/1875/1741
f 6946/1876/1740 6943/1873/1740 6945/1875/1741
f 6943/1873/1740 6946/1876/1740 6947/1877/1742
f 6948/1878/1742 6943/1873/1740 6947/1877/1742
f 6949/1879/1743 6948/1878/1742 6947/1877/1742
f 6950/1880/1743 6949/1879/1743 6947/1877/1742
f 6949/1879/1743 6950/1880/1743 6951/1881/1691
f 6952/1882/1744 6949/1879/1743 6951/1881/1691
f 6953/1883/1745 6954/1884/1745 6955/1885/1719
f 6956/1886/1719 6953/1883/1745 6955/1885/1719
f 6957/1887/1746 6956/1886/1719 6955/1885/1719
f 6958/1888/1746 6957/1887/1746 6955/1885/1719
f 6957/1887/1746 6958/1888/1746 6959/1889/1747
f 6960/1890/1747 6957/1887/1746 6959/1889/1747
f 6961/1891/1748 6960/1890/1747 6959/1889/1747
f 6962/1892/1748 6961/1891/1748 6959/1889/1747
f 6961/1891/1748 6962/1892/1748 6963/1893/1749
f 6964/1894/1749 6961/1891/1748 6963/1893/1749
f 6965/1895/1750 6964/1894/1749 6963/1893/1749
f 6966/1896/1750 6965/1895/1750 6963/1893/1749
f 6965/1895/1750 6966/1896/1750 6967/1897/1683
f 6968/1898/1683 6965/1895/1750 6967/1897/1683
f 6969/1899/1751 6968/1898/1683 6967/1897/1683
f 6970/1900/1751 6969/1899/1751 6967/1897/1683
f 6969/1899/1751 6970/1900/1751 6945/1875/1741
f 6944/1874/1741 6969/1899/1751 6945/1875/1741
f 6971/1901/1752 6972/1902/1739 6973/1903/1739
f 6974/1904/1752 6971/1901/1752 6973/1903/1739
f 6971/1901/1752 6974/1904/1752 6975/1905/1753
f 6976/1906/1753 6971/1901/1752 6975/1905/1753
f 6977/1907/1754 6976/1906/1753 6975/1905/1753
f 6978/1908/1754 6977/1907/1754 6975/1905/1753
f 6977/1907/1754 6978/1908/1754 6979/1909/1705
f 6980/1910/1705 6977/1907/1754 6979/1909/1705
f 6981/1911/1755 6980/1910/1705 6979/1909/1705
f 6982/1912/1755 6981/1911/1755 6979/1909/1705
f 6981/1911/1755 6982/1912/1755 6983/1913/1756
f 6984/1914/1756 6981/1911/1755 6983/1913/1756
f 6985/1915/1757 6984/1914/1756 6983/1913/1756
f 6986/1916/1757 6985/1915/1757 6983/1913/1756
f 6985/1915/1757 6986/1916/1757 6987/1917/1758
f 6988/1918/1758 6985/1915/1757 6987/1917/1758
f 6953/1883/1745 6988/1918/1758 6987/1917/1758
f 6954/1884/1745 6953/1883/1745 6987/1917/1758
f 6989/2/1602 6990/3/1602 6991/1/1602
f 6992/1919/1704 6993/1920/1704 6994/1921/1704
f 6995/1922/1704 6992/1919/1704 6994/1921/1704
f 6992/1919/1704 6995/1922/1704 6996/1923/1704
f 6997/1924/1704 6992/1919/1704 6996/1923/1704
f 6997/1924/1704 6996/1923/1704 6998/1925/1704
f 6999/1926/1704 6997/1924/1704 6998/1925/1704
f 7000/1927/1704 6999/1926/1704 6998/1925/1704
f 7001/1928/1704 6999/1926/1704 7000/1927/1704
f 7002/1929/1704 7001/1928/1704 7000/1927/1704
f 7001/1928/1704 7002/1929/1704 7003/1930/1704
f 7004/1931/1704 7001/1928/1704 7003/1930/1704
f 7004/1931/1704 7003/1930/1704 7005/1932/1704
f 7006/1933/1704 7004/1931/1704 7005/1932/1704
f 7006/1933/1704 7005/1932/1704 7007/1934/1759
f 7008/1935/1759 7006/1933/1704 7007/1934/1759
f 7008/1935/1759 7007/1934/1759 7009/1936/1760
f 7010/1937/1704 7011/1938/1704 7012/1939/1704
f 7013/1940/1704 7011/1938/1704 7010/1937/1704
f 7014/1941/1704 7013/1940/1704 7010/1937/1704
f 7015/1942/1704 7013/1940/1704 7014/1941/1704
f 7016/1943/1704 7015/1942/1704 7014/1941/1704
f 7017/1944/1704 7015/1942/1704 7016/1943/1704
f 7018/1945/1704 7017/1944/1704 7016/1943/1704
f 7019/1946/1704 7017/1944/1704 7018/1945/1704
f 7020/1947/1704 7019/1946/1704 7018/1945/1704
f 7019/1946/1704 7020/1947/1704 7021/1948/1704
f 7022/1949/1704 7019/1946/1704 7021/1948/1704
f 7023/1950/1704 7022/1949/1704 7021/1948/1704
f 7024/1951/1704 7022/1949/1704 7023/1950/1704
f 7025/1952/1704 7024/1951/1704 7023/1950/1704
f 7026/1953/1704 7024/1951/1704 7025/1952/1704
f 7027/1954/1704 7026/1953/1704 7025/1952/1704
f 6993/1920/1704 7026/1953/1704 7027/1954/1704
f 6994/1921/1704 6993/1920/1704 7027/1954/1704
f 7028/368/1761 7029/369/1761 7030/532/1761
f 7031/1955/1760 7008/1935/1759 7009/1936/1760
f 7031/1955/1760 7009/1936/1760 7032/1956/1762
f 7033/1957/1762 7031/1955/1760 7032/1956/1762
f 7034/1958/1704 7033/1957/1762 7032/1956/1762
f 7035/1959/1704 7033/1957/1762 7034/1958/1704
f 7036/1960/1704 7035/1959/1704 7034/1958/1704
f 7035/1959/1704 7036/1960/1704 7037/1961/1704
f 7038/1962/1704 7035/1959/1704 7037/1961/1704
f 7038/1962/1704 7037/1961/1704 7039/1963/1704
f 7040/1964/1704 7038/1962/1704 7039/1963/1704
f 7040/1964/1704 7039/1963/1704 7041/1965/1704
f 7042/1966/1704 7040/1964/1704 7041/1965/1704
f 7043/1967/1704 7042/1966/1704 7041/1965/1704
f 7044/1968/1704 7043/1967/1704 7041/1965/1704
f 7043/1967/1704 7044/1968/1704 7045/1969/1704
f 7046/1970/1704 7043/1967/1704 7045/1969/1704
f 7012/1939/1704 7046/1970/1704 7045/1969/1704
f 7011/1938/1704 7046/1970/1704 7012/1939/1704
f 7047/622/1763 7048/543/1763 7049/682/1763
f 7050/1971/46 7051/1972/46 7052/1973/46
f 7053/1974/46 7050/1971/46 7052/1973/46
f 7054/1019/1072 7055/1020/1072 7056/1020/1072
f 7057/1019/1072 7054/1019/1072 7056/1020/1072
f 7058/1020/1073 7059/1021/1073 7060/1021/1073
f 7061/1020/1073 7058/1020/1073 7060/1021/1073
f 7062/1021/1074 7063/1022/1074 7064/1022/1074
f 7065/1021/1074 7062/1021/1074 7064/1022/1074
f 7066/1022/1075 7067/1023/1075 7068/1023/1075
f 7069/1022/1075 7066/1022/1075 7068/1023/1075
f 7070/1023/1076 7071/1024/1076 7072/1024/1076
f 7073/1023/1076 7070/1023/1076 7072/1024/1076
f 7074/1024/1077 7075/1025/1077 7076/1025/1077
f 7077/1024/1077 7074/1024/1077 7076/1025/1077
f 7078/1025/1078 7079/1026/1078 7080/1026/1078
f 7081/1025/1078 7078/1025/1078 7080/1026/1078
f 7082/1026/1079 7083/1019/1079 7084/1019/1079
f 7085/1026/1079 7082/1026/1079 7084/1019/1079
f 7086/1975/1171 7087/1975/1171 7088/1976/1171
f 7089/1976/1171 7086/1975/1171 7088/1976/1171
f 7090/1976/62 7091/1976/62 7092/1977/62
f 7093/1977/62 7090/1976/62 7092/1977/62
f 7094/1977/1489 7095/1977/1489 7096/1978/1489
f 7097/1978/1489 7094/1977/1489 7096/1978/1489
f 7098/1978/1173 7099/1978/1173 7100/1979/1173
f 7101/1979/1173 7098/1978/1173 7100/1979/1173
f 7102/1979/76 7103/1979/76 7104/1980/76
f 7105/1980/76 7102/1979/76 7104/1980/76
f 7106/1980/1488 7107/1980/1488 7108/1975/1488
f 7109/1975/1488 7106/1980/1488 7108/1975/1488
f 7110/1981/148 7111/1981/148 7112/1982/148
f 7113/1982/148 7110/1981/148 7112/1982/148
f 7114/1983/46 7115/1984/46 7116/1985/46
f 7117/1986/46 7114/1983/46 7116/1985/46
f 7118/1986/148 7119/1985/148 7120/1985/148
f 7121/1986/148 7118/1986/148 7120/1985/148
f 7122/1987/229 7123/1985/229 7124/1982/229
f 7125/1981/229 7122/1987/229 7124/1982/229
f 7123/1985/229 7126/1984/229 7127/1983/229
f 7128/1986/229 7123/1985/229 7127/1983/229
f 7123/1985/229 7128/1986/229 7124/1982/229
f 7128/1986/229 7129/1988/229 7124/1982/229
f 7130/872/69 7131/870/69 7132/871/69
f 7130/872/69 7132/871/69 7133/873/69
f 7134/874/69 7130/872/69 7133/873/69
f 7134/874/69 7133/873/69 7135/875/69
f 7136/876/69 7134/874/69 7135/875/69
f 7136/876/69 7135/875/69 7137/877/69
f 7138/670/69 7136/876/69 7137/877/69
f 7139/671/69 7138/670/69 7137/877/69
f 7140/878/69 7139/671/69 7137/877/69
f 7141/673/69 7139/671/69 7140/878/69
f 7142/879/69 7141/673/69 7140/878/69
f 7141/673/69 7142/879/69 7143/880/69
f 7144/675/69 7141/673/69 7143/880/69
f 7144/675/69 7143/880/69 7145/881/69
f 7146/882/69 7144/675/69 7145/881/69
f 7147/883/69 7146/882/69 7145/881/69
f 7148/884/69 7147/883/69 7145/881/69
f 7149/885/69 7147/883/69 7148/884/69
f 7150/886/69 7149/885/69 7148/884/69
f 7149/885/69 7150/886/69 7151/887/69
f 7152/808/69 7149/885/69 7151/887/69
f 7152/808/69 7151/887/69 7153/812/69
f 7154/809/69 7152/808/69 7153/812/69
f 7155/813/69 7154/809/69 7153/812/69
f 7156/814/69 7155/813/69 7153/812/69
f 7157/815/69 7155/813/69 7156/814/69
f 7158/816/69 7157/815/69 7156/814/69
f 7157/815/69 7158/816/69 7159/817/69
f 7160/818/69 7157/815/69 7159/817/69
f 7160/818/69 7159/817/69 7161/819/69
f 7162/528/69 7160/818/69 7161/819/69
f 7163/529/69 7162/528/69 7161/819/69
f 7164/820/69 7163/529/69 7161/819/69
f 7163/529/69 7164/820/69 7165/821/69
f 7166/530/69 7163/529/69 7165/821/69
f 7167/822/69 7166/530/69 7165/821/69
f 7168/823/69 7167/822/69 7165/821/69
f 7167/822/69 7168/823/69 7169/824/69
f 7170/825/69 7167/822/69 7169/824/69
f 7171/826/69 7170/825/69 7169/824/69
f 7172/827/69 7171/826/69 7169/824/69
f 7171/826/69 7172/827/69 7173/828/69
f 7174/829/69 7171/826/69 7173/828/69
f 7175/830/69 7174/829/69 7173/828/69
f 7176/831/69 7175/830/69 7173/828/69
f 7175/830/69 7176/831/69 7177/832/69
f 7178/833/69 7175/830/69 7177/832/69
f 7178/833/69 7177/832/69 7179/834/69
f 7180/835/69 7178/833/69 7179/834/69
f 7181/836/69 7180/835/69 7179/834/69
f 7182/837/69 7181/836/69 7179/834/69
f 7183/838/69 7181/836/69 7182/837/69
f 7184/839/69 7183/838/69 7182/837/69
f 7185/840/69 7183/838/69 7184/839/69
f 7186/841/69 7185/840/69 7184/839/69
f 7185/840/69 7186/841/69 7187/842/69
f 7188/843/69 7185/840/69 7187/842/69
f 7189/844/69 7188/843/69 7187/842/69
f 7190/845/69 7189/844/69 7187/842/69
f 7189/844/69 7190/845/69 7191/846/69
f 7192/847/69 7189/844/69 7191/846/69
f 7193/848/69 7192/847/69 7191/846/69
f 7194/849/69 7193/848/69 7191/846/69
f 7193/848/69 7194/849/69 7195/850/69
f 7196/851/69 7193/848/69 7195/850/69
f 7197/852/69 7196/851/69 7195/850/69
f 7198/853/69 7197/852/69 7195/850/69
f 7197/852/69 7198/853/69 7199/854/69
f 7200/855/69 7197/852/69 7199/854/69
f 7201/856/69 7200/855/69 7199/854/69
f 7202/857/69 7201/856/69 7199/854/69
f 7203/793/69 7201/856/69 7202/857/69
f 7204/858/69 7203/793/69 7202/857/69
f 7205/794/69 7203/793/69 7204/858/69
f 7206/859/69 7205/794/69 7204/858/69
f 7207/795/69 7205/794/69 7206/859/69
f 7208/860/69 7207/795/69 7206/859/69
f 7207/795/69 7208/860/69 7209/861/69
f 7210/862/69 7207/795/69 7209/861/69
f 7210/862/69 7209/861/69 7211/863/69
f 7212/864/69 7210/862/69 7211/863/69
f 7213/865/69 7212/864/69 7211/863/69
f 7214/866/69 7213/865/69 7211/863/69
f 7215/867/69 7213/865/69 7214/866/69
f 7216/868/69 7215/867/69 7214/866/69
f 7215/867/69 7216/868/69 7217/869/69
f 7131/870/69 7215/867/69 7217/869/69
f 7131/870/69 7217/869/69 7132/871/69
f 7218/792/1764 7219/917/1764 7220/856/1764
f 7221/793/1764 7218/792/1764 7220/856/1764
f 7222/791/1764 7218/792/1764 7221/793/1764
f 7223/794/1764 7222/791/1764 7221/793/1764
f 7224/687/1765 7225/508/1766 7226/688/1767
f 7225/508/1766 7227/684/1767 7226/688/1767
f 7226/688/1767 7227/684/1767 7228/689/1768
f 7227/684/1767 7229/685/1769 7228/689/1768
f 7229/685/1769 7230/690/1769 7228/689/1768
f 7230/690/1769 7229/685/1769 7231/691/1770
f 7229/685/1769 7232/686/1771 7231/691/1770
f 7232/686/1771 7233/692/1771 7231/691/1770
f 7233/692/1771 7232/686/1771 7234/514/1772
f 7235/693/1773 7233/692/1771 7234/514/1772
f 7236/694/1774 7237/695/1775 7238/516/1776
f 7239/680/1777 7236/694/1774 7238/516/1776
f 7236/694/1774 7239/680/1777 7240/696/1778
f 7239/680/1777 7241/681/1779 7240/696/1778
f 7241/681/1779 7242/697/1779 7240/696/1778
f 7242/697/1779 7241/681/1779 7243/698/1780
f 7241/681/1779 7244/682/1781 7243/698/1780
f 7244/682/1781 7245/699/736 7243/698/1780
f 7245/699/736 7244/682/1781 7246/622/1782
f 7247/700/1783 7245/699/736 7246/622/1782
f 7248/571/1784 7249/572/1785 7250/381/1785
f 7248/571/1784 7250/381/1785 7251/570/1786
f 7250/381/1785 7252/405/1787 7251/570/1786
f 7251/570/1786 7252/405/1787 7253/569/1788
f 7252/405/1787 7254/406/1789 7253/569/1788
f 7253/569/1788 7254/406/1789 7255/407/1790
f 7256/568/1791 7253/569/1788 7255/407/1790
f 7255/407/1790 7257/384/1792 7256/568/1791
f 7257/384/1792 7258/566/1792 7256/568/1791
f 7258/566/1792 7257/384/1792 7259/567/1793
f 7260/1989/46 7261/1990/46 7262/1015/46
f 7263/1014/46 7260/1989/46 7262/1015/46
f 7260/1989/46 7263/1014/46 7264/1013/46
f 7265/1991/46 7260/1989/46 7264/1013/46
f 7265/1991/46 7264/1013/46 7266/1012/46
f 7267/1992/46 7265/1991/46 7266/1012/46
f 7267/1992/46 7266/1012/46 7268/1011/46
f 7269/1993/46 7267/1992/46 7268/1011/46
f 7269/1993/46 7268/1011/46 7270/1018/46
f 7271/1994/46 7269/1993/46 7270/1018/46
f 7272/1993/46 7271/1994/46 7270/1018/46
f 7273/1011/46 7272/1993/46 7270/1018/46
f 7274/1992/46 7272/1993/46 7273/1011/46
f 7275/1012/46 7274/1992/46 7273/1011/46
f 7276/1991/46 7274/1992/46 7275/1012/46
f 7277/1013/46 7276/1991/46 7275/1012/46
f 7278/1989/46 7276/1991/46 7277/1013/46
f 7279/1014/46 7278/1989/46 7277/1013/46
f 7278/1989/46 7279/1014/46 7280/1015/46
f 7281/1990/46 7278/1989/46 7280/1015/46
f 7281/1990/46 7280/1015/46 7282/1016/46
f 7283/1995/46 7281/1990/46 7282/1016/46
f 7283/1995/46 7282/1016/46 7284/1017/46
f 7285/1996/46 7283/1995/46 7284/1017/46
f 7285/1996/46 7284/1017/46 7286/1007/46
f 7287/1007/46 7285/1996/46 7286/1007/46
f 7288/1997/46 7287/1007/46 7286/1007/46
f 7289/1006/46 7288/1997/46 7286/1007/46
f 7290/1998/46 7288/1997/46 7289/1006/46
f 7291/1005/46 7290/1998/46 7289/1006/46
f 7292/1999/46 7290/1998/46 7291/1005/46
f 7293/1004/46 7292/1999/46 7291/1005/46
f 7294/2000/46 7292/1999/46 7293/1004/46
f 7295/1003/46 7294/2000/46 7293/1004/46
f 7294/2000/46 7295/1003/46 7296/1002/46
f 7297/2001/46 7294/2000/46 7296/1002/46
f 7297/2001/46 7296/1002/46 7298/1008/46
f 7299/2002/46 7297/2001/46 7298/1008/46
f 7299/2002/46 7298/1008/46 7300/1009/46
f 7301/2003/46 7299/2002/46 7300/1009/46
f 7301/2003/46 7300/1009/46 7302/1010/46
f 7303/2004/46 7301/2003/46 7302/1010/46
f 7304/2003/46 7303/2004/46 7302/1010/46
f 7305/1009/46 7304/2003/46 7302/1010/46
f 7306/2002/46 7304/2003/46 7305/1009/46
f 7307/1008/46 7306/2002/46 7305/1009/46
f 7308/2001/46 7306/2002/46 7307/1008/46
f 7309/1002/46 7308/2001/46 7307/1008/46
f 7310/2000/46 7308/2001/46 7309/1002/46
f 7311/1003/46 7310/2000/46 7309/1002/46
f 7310/2000/46 7311/1003/46 7312/1004/46
f 7313/1999/46 7310/2000/46 7312/1004/46
f 7313/1999/46 7312/1004/46 7314/1005/46
f 7315/1998/46 7313/1999/46 7314/1005/46
f 7315/1998/46 7314/1005/46 7316/1006/46
f 7317/1997/46 7315/1998/46 7316/1006/46
f 7317/1997/46 7316/1006/46 7318/1007/46
f 7319/1007/46 7317/1997/46 7318/1007/46
f 7320/1996/46 7319/1007/46 7318/1007/46
f 7321/1017/46 7320/1996/46 7318/1007/46
f 7322/1995/46 7320/1996/46 7321/1017/46
f 7323/1016/46 7322/1995/46 7321/1017/46
f 7261/1990/46 7322/1995/46 7323/1016/46
f 7262/1015/46 7261/1990/46 7323/1016/46
f 7324/936/55 7325/937/55 7326/938/55
f 7327/542/55 7324/936/55 7326/938/55
f 7328/539/55 7327/542/55 7326/938/55
f 7329/910/55 7328/539/55 7326/938/55
f 7330/521/55 7329/910/55 7326/938/55
f 7331/522/55 7330/521/55 7326/938/55
f 7332/533/55 7331/522/55 7326/938/55
f 7333/939/55 7332/533/55 7326/938/55
f 7334/940/1794 7333/939/55 7326/938/55
f 7335/1734/1054 7336/1733/159 7337/1734/1054
f 7335/1734/1054 7337/1734/1054 7338/1735/69
f 7339/1735/69 7335/1734/1054 7338/1735/69
f 7339/1735/69 7338/1735/69 7340/1736/1067
f 7341/1736/1067 7339/1735/69 7340/1736/1067
f 7341/1736/1067 7340/1736/1067 7342/1739/158
f 7343/1739/158 7341/1736/1067 7342/1739/158
f 7343/1739/158 7342/1739/158 7344/1737/1068
f 7345/1737/1068 7343/1739/158 7344/1737/1068
f 7345/1737/1068 7344/1737/1068 7346/1738/1069
f 7347/1730/144 7348/1731/1058 7349/1730/144
f 7347/1730/144 7349/1730/144 7350/1729/1059
f 7351/1729/1059 7347/1730/144 7350/1729/1059
f 7351/1729/1059 7350/1729/1059 7352/1728/62
f 7353/1728/62 7351/1729/1059 7352/1728/62
f 7353/1728/62 7352/1728/62 7354/1727/1061
f 7355/1727/1061 7353/1728/62 7354/1727/1061
f 7355/1727/1061 7354/1727/1061 7356/1726/164
f 7357/1726/164 7355/1727/1061 7356/1726/164
f 7357/1726/164 7356/1726/164 7358/1724/1051
f 7359/1724/1051 7357/1726/164 7358/1724/1051
f 7359/1724/1051 7358/1724/1051 7360/1725/1052
f 7361/1725/1052 7359/1724/1051 7360/1725/1052
f 7361/1725/1052 7360/1725/1052 7362/1732/1053
f 7363/1732/1053 7361/1725/1052 7362/1732/1053
f 7363/1732/1053 7362/1732/1053 7364/1733/159
f 7336/1733/159 7363/1732/1053 7364/1733/159
f 7336/1733/159 7364/1733/159 7337/1734/1054
f 7365/1716/1065 7366/1715/434 7367/1716/1065
f 7365/1716/1065 7367/1716/1065 7368/1717/137
f 7369/1717/137 7365/1716/1065 7368/1717/137
f 7369/1717/137 7368/1717/137 7370/1718/1066
f 7371/1718/1066 7369/1717/137 7370/1718/1066
f 7371/1718/1066 7370/1718/1066 7372/1719/55
f 7373/1719/55 7371/1718/1066 7372/1719/55
f 7373/1719/55 7372/1719/55 7374/1720/1055
f 7375/1720/1055 7373/1719/55 7374/1720/1055
f 7375/1720/1055 7374/1720/1055 7376/1723/148
f 7377/1723/148 7375/1720/1055 7376/1723/148
f 7377/1723/148 7376/1723/148 7378/1721/1056
f 7379/1721/1056 7377/1723/148 7378/1721/1056
f 7379/1721/1056 7378/1721/1056 7380/1722/1057
f 7381/1722/1057 7379/1721/1056 7380/1722/1057
f 7381/1722/1057 7380/1722/1057 7382/1731/1058
f 7348/1731/1058 7381/1722/1057 7382/1731/1058
f 7348/1731/1058 7382/1731/1058 7349/1730/144
f 7383/1738/1069 7345/1737/1068 7346/1738/1069
f 7383/1738/1069 7346/1738/1069 7384/1740/1070
f 7385/1740/1070 7383/1738/1069 7384/1740/1070
f 7385/1740/1070 7384/1740/1070 7386/1741/153
f 7387/1741/153 7385/1740/1070 7386/1741/153
f 7387/1741/153 7386/1741/153 7388/1742/1071
f 7389/1742/1071 7387/1741/153 7388/1742/1071
f 7389/1742/1071 7388/1742/1071 7390/1743/76
f 7391/1743/76 7389/1742/1071 7390/1743/76
f 7391/1743/76 7390/1743/76 7392/1744/1062
f 7393/1744/1062 7391/1743/76 7392/1744/1062
f 7393/1744/1062 7392/1744/1062 7394/1745/141
f 7395/1745/141 7393/1744/1062 7394/1745/141
f 7395/1745/141 7394/1745/141 7396/1714/1064
f 7397/1714/1064 7395/1745/141 7396/1714/1064
f 7397/1714/1064 7396/1714/1064 7398/1715/434
f 7366/1715/434 7397/1714/1064 7398/1715/434
f 7366/1715/434 7398/1715/434 7367/1716/1065
f 7399/843/62 7400/840/62 7401/842/62
f 7402/844/62 7399/843/62 7401/842/62
f 7403/845/62 7402/844/62 7401/842/62
f 7402/844/62 7403/845/62 7404/846/62
f 7405/847/62 7402/844/62 7404/846/62
f 7406/848/62 7405/847/62 7404/846/62
f 7407/849/62 7406/848/62 7404/846/62
f 7406/848/62 7407/849/62 7408/850/62
f 7409/851/62 7406/848/62 7408/850/62
f 7410/852/62 7409/851/62 7408/850/62
f 7411/853/62 7410/852/62 7408/850/62
f 7410/852/62 7411/853/62 7412/854/62
f 7413/855/62 7410/852/62 7412/854/62
f 7414/856/62 7413/855/62 7412/854/62
f 7415/857/62 7414/856/62 7412/854/62
f 7416/793/62 7414/856/62 7415/857/62
f 7417/858/62 7416/793/62 7415/857/62
f 7418/794/62 7416/793/62 7417/858/62
f 7419/859/62 7418/794/62 7417/858/62
f 7420/795/62 7418/794/62 7419/859/62
f 7421/860/62 7420/795/62 7419/859/62
f 7420/795/62 7421/860/62 7422/861/62
f 7423/862/62 7420/795/62 7422/861/62
f 7423/862/62 7422/861/62 7424/863/62
f 7425/864/62 7423/862/62 7424/863/62
f 7426/865/62 7425/864/62 7424/863/62
f 7427/866/62 7426/865/62 7424/863/62
f 7428/867/62 7426/865/62 7427/866/62
f 7429/868/62 7428/867/62 7427/866/62
f 7428/867/62 7429/868/62 7430/869/62
f 7431/870/62 7428/867/62 7430/869/62
f 7431/870/62 7430/869/62 7432/871/62
f 7433/872/62 7431/870/62 7432/871/62
f 7433/872/62 7432/871/62 7434/873/62
f 7435/874/62 7433/872/62 7434/873/62
f 7435/874/62 7434/873/62 7436/875/62
f 7437/876/62 7435/874/62 7436/875/62
f 7437/876/62 7436/875/62 7438/877/62
f 7439/670/62 7437/876/62 7438/877/62
f 7440/671/62 7439/670/62 7438/877/62
f 7441/878/62 7440/671/62 7438/877/62
f 7442/673/62 7440/671/62 7441/878/62
f 7443/879/62 7442/673/62 7441/878/62
f 7442/673/62 7443/879/62 7444/880/62
f 7445/675/62 7442/673/62 7444/880/62
f 7445/675/62 7444/880/62 7446/881/62
f 7447/882/62 7445/675/62 7446/881/62
f 7448/883/62 7447/882/62 7446/881/62
f 7449/884/62 7448/883/62 7446/881/62
f 7450/885/62 7448/883/62 7449/884/62
f 7451/886/62 7450/885/62 7449/884/62
f 7450/885/62 7451/886/62 7452/887/62
f 7453/808/62 7450/885/62 7452/887/62
f 7453/808/62 7452/887/62 7454/812/62
f 7455/809/62 7453/808/62 7454/812/62
f 7456/813/62 7455/809/62 7454/812/62
f 7457/814/62 7456/813/62 7454/812/62
f 7458/815/62 7456/813/62 7457/814/62
f 7459/816/62 7458/815/62 7457/814/62
f 7458/815/62 7459/816/62 7460/817/62
f 7461/818/62 7458/815/62 7460/817/62
f 7461/818/62 7460/817/62 7462/819/62
f 7463/528/62 7461/818/62 7462/819/62
f 7464/529/62 7463/528/62 7462/819/62
f 7465/820/62 7464/529/62 7462/819/62
f 7464/529/62 7465/820/62 7466/821/62
f 7467/530/62 7464/529/62 7466/821/62
f 7468/822/62 7467/530/62 7466/821/62
f 7469/823/62 7468/822/62 7466/821/62
f 7468/822/62 7469/823/62 7470/824/62
f 7471/825/62 7468/822/62 7470/824/62
f 7472/826/62 7471/825/62 7470/824/62
f 7473/827/62 7472/826/62 7470/824/62
f 7472/826/62 7473/827/62 7474/828/62
f 7475/829/62 7472/826/62 7474/828/62
f 7476/830/62 7475/829/62 7474/828/62
f 7477/831/62 7476/830/62 7474/828/62
f 7476/830/62 7477/831/62 7478/832/62
f 7479/833/62 7476/830/62 7478/832/62
f 7479/833/62 7478/832/62 7480/834/62
f 7481/835/62 7479/833/62 7480/834/62
f 7482/836/62 7481/835/62 7480/834/62
f 7483/837/62 7482/836/62 7480/834/62
f 7484/838/62 7482/836/62 7483/837/62
f 7485/839/62 7484/838/62 7483/837/62
f 7400/840/62 7484/838/62 7485/839/62
f 7486/841/62 7400/840/62 7485/839/62
f 7400/840/62 7486/841/62 7401/842/62
f 7487/701/240 7488/702/239 7489/703/239
f 7490/704/240 7487/701/240 7489/703/239
f 7491/705/410 7487/701/240 7490/704/240
f 7492/706/410 7491/705/410 7490/704/240
f 7493/707/242 7491/705/410 7492/706/410
f 7494/708/242 7493/707/242 7492/706/410
f 7495/709/225 7493/707/242 7494/708/242
f 7496/710/225 7495/709/225 7494/708/242
f 7497/711/224 7495/709/225 7496/710/225
f 7498/712/224 7497/711/224 7496/710/225
f 7499/713/227 7497/711/224 7498/712/224
f 7500/714/227 7499/713/227 7498/712/224
f 7501/715/228 7499/713/227 7500/714/227
f 7502/716/228 7501/715/228 7500/714/227
f 7503/717/229 7501/715/228 7502/716/228
f 7504/718/229 7503/717/229 7502/716/228
f 7505/719/248 7506/720/409 7507/721/409
f 7508/722/248 7505/719/248 7507/721/409
f 7509/723/249 7505/719/248 7508/722/248
f 7510/724/249 7509/723/249 7508/722/248
f 7511/725/250 7509/723/249 7510/724/249
f 7512/726/250 7511/725/250 7510/724/249
f 7513/727/236 7511/725/250 7512/726/250
f 7514/728/236 7513/727/236 7512/726/250
f 7515/729/235 7513/727/236 7514/728/236
f 7516/730/235 7515/729/235 7514/728/236
f 7517/731/55 7515/729/235 7516/730/235
f 7518/732/55 7517/731/55 7516/730/235
f 7519/733/237 7517/731/55 7518/732/55
f 7520/734/237 7519/733/237 7518/732/55
f 7521/735/238 7519/733/237 7520/734/237
f 7522/736/238 7521/735/238 7520/734/237
f 7488/702/239 7521/735/238 7522/736/238
f 7489/703/239 7488/702/239 7522/736/238
f 7523/737/213 7524/738/212 7525/739/212
f 7526/740/213 7523/737/213 7525/739/212
f 7527/741/214 7523/737/213 7526/740/213
f 7528/742/214 7527/741/214 7526/740/213
f 7529/743/215 7527/741/214 7528/742/214
f 7530/744/215 7529/743/215 7528/742/214
f 7531/745/182 7529/743/215 7530/744/215
f 7532/746/182 7531/745/182 7530/744/215
f 7533/747/408 7531/745/182 7532/746/182
f 7534/748/243 7533/747/408 7532/746/182
f 7535/749/244 7533/747/408 7534/748/243
f 7536/750/244 7535/749/244 7534/748/243
f 7537/751/245 7535/749/244 7536/750/244
f 7538/752/245 7537/751/245 7536/750/244
f 7539/753/246 7537/751/245 7538/752/245
f 7540/754/246 7539/753/246 7538/752/245
f 7506/720/409 7539/753/246 7540/754/246
f 7507/721/409 7506/720/409 7540/754/246
f 7541/755/221 7542/756/220 7543/757/220
f 7544/758/221 7541/755/221 7543/757/220
f 7545/759/69 7541/755/221 7544/758/221
f 7546/760/69 7545/759/69 7544/758/221
f 7547/761/222 7545/759/69 7546/760/69
f 7548/762/222 7547/761/222 7546/760/69
f 7549/763/223 7547/761/222 7548/762/222
f 7550/764/223 7549/763/223 7548/762/222
f 7551/765/208 7549/763/223 7550/764/223
f 7552/766/208 7551/765/208 7550/764/223
f 7553/767/209 7551/765/208 7552/766/208
f 7554/768/209 7553/767/209 7552/766/208
f 7555/769/271 7553/767/209 7554/768/209
f 7556/770/271 7555/769/271 7554/768/209
f 7557/771/265 7555/769/271 7556/770/271
f 7558/772/265 7557/771/265 7556/770/271
f 7524/738/212 7557/771/265 7558/772/265
f 7525/739/212 7524/738/212 7558/772/265
f 7559/773/230 7560/774/229 7561/775/229
f 7562/776/230 7559/773/230 7561/775/229
f 7563/777/231 7559/773/230 7562/776/230
f 7564/778/231 7563/777/231 7562/776/230
f 7565/779/232 7563/777/231 7564/778/231
f 7566/780/232 7565/779/232 7564/778/231
f 7567/781/234 7565/779/232 7566/780/232
f 7568/782/234 7567/781/234 7566/780/232
f 7569/783/217 7567/781/234 7568/782/234
f 7570/784/217 7569/783/217 7568/782/234
f 7571/785/216 7569/783/217 7570/784/217
f 7572/786/407 7571/785/216 7570/784/217
f 7573/787/218 7571/785/216 7572/786/407
f 7574/788/218 7573/787/218 7572/786/407
f 7575/789/219 7573/787/218 7574/788/218
f 7576/790/219 7575/789/219 7574/788/218
f 7542/756/220 7575/789/219 7576/790/219
f 7543/757/220 7542/756/220 7576/790/219
f 7577/701/58 7578/702/59 7579/703/59
f 7580/704/58 7577/701/58 7579/703/59
f 7581/705/269 7577/701/58 7580/704/58
f 7582/706/269 7581/705/269 7580/704/58
f 7583/707/261 7581/705/269 7582/706/269
f 7584/708/57 7583/707/261 7582/706/269
f 7585/709/73 7583/707/261 7584/708/57
f 7586/710/73 7585/709/73 7584/708/57
f 7587/711/72 7585/709/73 7586/710/73
f 7588/712/72 7587/711/72 7586/710/73
f 7589/713/71 7587/711/72 7588/712/72
f 7590/714/71 7589/713/71 7588/712/72
f 7591/715/70 7589/713/71 7590/714/71
f 7592/716/70 7591/715/70 7590/714/71
f 7593/717/69 7591/715/70 7592/716/70
f 7594/718/69 7593/717/69 7592/716/70
f 7595/719/352 7596/720/50 7597/721/50
f 7598/722/352 7595/719/352 7597/721/50
f 7599/723/47 7595/719/352 7598/722/352
f 7600/724/47 7599/723/47 7598/722/352
f 7601/725/48 7599/723/47 7600/724/47
f 7602/726/48 7601/725/48 7600/724/47
f 7603/727/64 7601/725/48 7602/726/48
f 7604/728/64 7603/727/64 7602/726/48
f 7605/729/143 7603/727/64 7604/728/64
f 7606/730/143 7605/729/143 7604/728/64
f 7607/731/62 7605/729/143 7606/730/143
f 7608/732/62 7607/731/62 7606/730/143
f 7609/733/597 7607/731/62 7608/732/62
f 7610/734/597 7609/733/597 7608/732/62
f 7611/735/60 7609/733/597 7610/734/597
f 7612/736/60 7611/735/60 7610/734/597
f 7578/702/59 7611/735/60 7612/736/60
f 7579/703/59 7578/702/59 7612/736/60
f 7613/737/85 7614/738/86 7615/739/86
f 7616/740/85 7613/737/85 7615/739/86
f 7617/741/84 7613/737/85 7616/740/85
f 7618/742/84 7617/741/84 7616/740/85
f 7619/743/1795 7617/741/84 7618/742/84
f 7620/744/1795 7619/743/1795 7618/742/84
f 7621/745/55 7619/743/1795 7620/744/1795
f 7622/746/55 7621/745/55 7620/744/1795
f 7623/747/151 7621/745/55 7622/746/55
f 7624/748/151 7623/747/151 7622/746/55
f 7625/749/53 7623/747/151 7624/748/151
f 7626/750/53 7625/749/53 7624/748/151
f 7627/751/52 7625/749/53 7626/750/53
f 7628/752/52 7627/751/52 7626/750/53
f 7629/753/51 7627/751/52 7628/752/52
f 7630/754/51 7629/753/51 7628/752/52
f 7596/720/50 7629/753/51 7630/754/51
f 7597/721/50 7596/720/50 7630/754/51
f 7631/755/77 7632/756/78 7633/757/78
f 7634/758/77 7631/755/77 7633/757/78
f 7635/759/76 7631/755/77 7634/758/77
f 7636/760/76 7635/759/76 7634/758/77
f 7637/761/74 7635/759/76 7636/760/76
f 7638/762/74 7637/761/74 7636/760/76
f 7639/763/75 7637/761/74 7638/762/74
f 7640/764/75 7639/763/75 7638/762/74
f 7641/765/90 7639/763/75 7640/764/75
f 7642/766/90 7641/765/90 7640/764/75
f 7643/767/89 7641/765/90 7642/766/90
f 7644/768/89 7643/767/89 7642/766/90
f 7645/769/599 7643/767/89 7644/768/89
f 7646/770/1666 7645/769/599 7644/768/89
f 7647/771/428 7645/769/599 7646/770/1666
f 7648/772/428 7647/771/428 7646/770/1666
f 7614/738/86 7647/771/428 7648/772/428
f 7615/739/86 7614/738/86 7648/772/428
f 7649/773/68 7650/774/69 7651/775/69
f 7652/776/68 7649/773/68 7651/775/69
f 7653/777/67 7649/773/68 7652/776/68
f 7654/778/67 7653/777/67 7652/776/68
f 7655/779/65 7653/777/67 7654/778/67
f 7656/780/65 7655/779/65 7654/778/67
f 7657/781/66 7655/779/65 7656/780/65
f 7658/782/66 7657/781/66 7656/780/65
f 7659/783/598 7657/781/66 7658/782/66
f 7660/784/598 7659/783/598 7658/782/66
f 7661/785/421 7659/783/598 7660/784/598
f 7662/786/421 7661/785/421 7660/784/598
f 7663/787/80 7661/785/421 7662/786/421
f 7664/788/80 7663/787/80 7662/786/421
f 7665/789/79 7663/787/80 7664/788/80
f 7666/790/79 7665/789/79 7664/788/80
f 7632/756/78 7665/789/79 7666/790/79
f 7633/757/78 7632/756/78 7666/790/79
f 7667/226/55 7668/224/55 7669/225/55
f 7667/226/55 7669/225/55 7670/227/1796
f 7671/228/55 7667/226/55 7670/227/1796
f 7671/228/55 7670/227/1796 7672/229/55
f 7673/230/55 7671/228/55 7672/229/55
f 7673/230/55 7672/229/55 7674/231/55
f 7675/232/55 7673/230/55 7674/231/55
f 7675/232/55 7674/231/55 7676/233/55
f 7677/234/55 7675/232/55 7676/233/55
f 7677/234/55 7676/233/55 7678/235/55
f 7679/111/55 7677/234/55 7678/235/55
f 7679/111/55 7678/235/55 7680/112/1679
f 7681/110/55 7679/111/55 7680/112/1679
f 7681/110/55 7680/112/1679 7682/113/1679
f 7683/114/1679 7681/110/55 7682/113/1679
f 7684/115/55 7683/114/1679 7682/113/1679
f 7685/116/1679 7684/115/55 7682/113/1679
f 7686/117/55 7684/115/55 7685/116/1679
f 7687/118/1679 7686/117/55 7685/116/1679
f 7688/119/1797 7686/117/55 7687/118/1679
f 7689/120/1679 7688/119/1797 7687/118/1679
f 7690/121/55 7688/119/1797 7689/120/1679
f 7691/122/55 7690/121/55 7689/120/1679
f 7692/123/1798 7690/121/55 7691/122/55
f 7693/124/1798 7692/123/1798 7691/122/55
f 7694/125/55 7692/123/1798 7693/124/1798
f 7695/126/55 7694/125/55 7693/124/1798
f 7696/127/55 7694/125/55 7695/126/55
f 7697/94/55 7696/127/55 7695/126/55
f 7698/93/55 7696/127/55 7697/94/55
f 7699/92/55 7698/93/55 7697/94/55
f 7700/95/55 7698/93/55 7699/92/55
f 7701/96/55 7700/95/55 7699/92/55
f 7702/97/55 7700/95/55 7701/96/55
f 7703/98/55 7702/97/55 7701/96/55
f 7704/99/55 7702/97/55 7703/98/55
f 7705/100/55 7704/99/55 7703/98/55
f 7706/101/55 7704/99/55 7705/100/55
f 7707/102/55 7706/101/55 7705/100/55
f 7708/103/55 7706/101/55 7707/102/55
f 7709/104/55 7708/103/55 7707/102/55
f 7710/105/55 7708/103/55 7709/104/55
f 7711/106/55 7710/105/55 7709/104/55
f 7712/107/55 7710/105/55 7711/106/55
f 7713/108/55 7712/107/55 7711/106/55
f 7714/109/55 7712/107/55 7713/108/55
f 7715/298/55 7714/109/55 7713/108/55
f 7716/299/55 7714/109/55 7715/298/55
f 7717/300/55 7716/299/55 7715/298/55
f 7718/301/55 7716/299/55 7717/300/55
f 7719/302/55 7718/301/55 7717/300/55
f 7720/303/55 7718/301/55 7719/302/55
f 7721/304/55 7720/303/55 7719/302/55
f 7722/305/55 7720/303/55 7721/304/55
f 7723/306/55 7722/305/55 7721/304/55
f 7724/307/55 7722/305/55 7723/306/55
f 7725/308/55 7724/307/55 7723/306/55
f 7726/309/55 7724/307/55 7725/308/55
f 7727/310/55 7726/309/55 7725/308/55
f 7726/309/55 7727/310/55 7728/311/55
f 7729/312/55 7726/309/55 7728/311/55
f 7729/312/55 7728/311/55 7730/313/55
f 7731/237/55 7729/312/55 7730/313/55
f 7731/237/55 7730/313/55 7732/238/55
f 7733/236/55 7731/237/55 7732/238/55
f 7733/236/55 7732/238/55 7734/239/55
f 7735/240/55 7733/236/55 7734/239/55
f 7735/240/55 7734/239/55 7736/241/55
f 7737/242/55 7735/240/55 7736/241/55
f 7737/242/55 7736/241/55 7738/243/55
f 7739/244/55 7737/242/55 7738/243/55
f 7739/244/55 7738/243/55 7740/245/55
f 7741/246/55 7739/244/55 7740/245/55
f 7741/246/55 7740/245/55 7742/247/55
f 7743/248/55 7741/246/55 7742/247/55
f 7743/248/55 7742/247/55 7744/249/55
f 7745/250/55 7743/248/55 7744/249/55
f 7745/250/55 7744/249/55 7746/251/55
f 7747/252/55 7745/250/55 7746/251/55
f 7747/252/55 7746/251/55 7748/253/55
f 7749/219/55 7747/252/55 7748/253/55
f 7749/219/55 7748/253/55 7750/220/1679
f 7751/218/1798 7749/219/55 7750/220/1679
f 7751/218/1798 7750/220/1679 7752/221/55
f 7753/222/55 7751/218/1798 7752/221/55
f 7753/222/55 7752/221/55 7754/223/55
f 7668/224/55 7753/222/55 7754/223/55
f 7668/224/55 7754/223/55 7669/225/55
f 7755/14/46 7756/11/46 7757/2005/46
f 7755/14/46 7757/2005/46 7758/2006/46
f 7759/15/46 7755/14/46 7758/2006/46
f 7760/18/46 7759/15/46 7758/2006/46
f 7761/2007/46 7760/18/46 7758/2006/46
f 7762/19/46 7760/18/46 7761/2007/46
f 7763/2008/46 7762/19/46 7761/2007/46
f 7762/19/46 7763/2008/46 7764/2009/46
f 7765/22/46 7762/19/46 7764/2009/46
f 7765/22/46 7764/2009/46 7766/2010/46
f 7767/24/46 7765/22/46 7766/2010/46
f 7767/24/46 7766/2010/46 7768/2011/46
f 7769/26/46 7767/24/46 7768/2011/46
f 7769/26/46 7768/2011/46 7770/2012/46
f 7771/28/46 7769/26/46 7770/2012/46
f 7771/28/46 7770/2012/46 7772/2013/46
f 7773/30/46 7771/28/46 7772/2013/46
f 7774/32/46 7773/30/46 7772/2013/46
f 7775/2014/46 7774/32/46 7772/2013/46
f 7776/34/46 7774/32/46 7775/2014/46
f 7777/2015/46 7776/34/46 7775/2014/46
f 7776/34/46 7777/2015/46 7778/2016/46
f 7779/36/46 7776/34/46 7778/2016/46
f 7779/36/46 7778/2016/46 7780/2017/46
f 7781/37/46 7779/36/46 7780/2017/46
f 7782/40/46 7781/37/46 7780/2017/46
f 7783/2018/46 7782/40/46 7780/2017/46
f 7784/41/46 7782/40/46 7783/2018/46
f 7785/2019/46 7784/41/46 7783/2018/46
f 7784/41/46 7785/2019/46 7786/2020/46
f 7787/44/46 7784/41/46 7786/2020/46
f 7787/44/46 7786/2020/46 7788/2021/46
f 7789/46/46 7787/44/46 7788/2021/46
f 7790/48/46 7789/46/46 7788/2021/46
f 7791/2022/46 7790/48/46 7788/2021/46
f 7792/50/46 7790/48/46 7791/2022/46
f 7793/2023/46 7792/50/46 7791/2022/46
f 7794/51/46 7792/50/46 7793/2023/46
f 7795/2024/46 7794/51/46 7793/2023/46
f 7794/51/46 7795/2024/46 7796/2025/46
f 7797/54/46 7794/51/46 7796/2025/46
f 7798/56/46 7797/54/46 7796/2025/46
f 7799/2026/46 7798/56/46 7796/2025/46
f 7798/56/46 7799/2026/46 7800/2027/46
f 7801/57/46 7798/56/46 7800/2027/46
f 7802/59/46 7801/57/46 7800/2027/46
f 7803/2028/46 7802/59/46 7800/2027/46
f 7802/59/46 7803/2028/46 7804/2029/46
f 7805/62/46 7802/59/46 7804/2029/46
f 7806/64/46 7805/62/46 7804/2029/46
f 7807/2030/46 7806/64/46 7804/2029/46
f 7806/64/46 7807/2030/46 7808/2031/46
f 7809/65/46 7806/64/46 7808/2031/46
f 7810/67/46 7809/65/46 7808/2031/46
f 7811/2032/46 7810/67/46 7808/2031/46
f 7810/67/46 7811/2032/46 7812/2033/46
f 7813/69/46 7810/67/46 7812/2033/46
f 7813/69/46 7812/2033/46 7814/2034/46
f 7815/71/46 7813/69/46 7814/2034/46
f 7815/71/46 7814/2034/46 7816/2035/46
f 7817/73/46 7815/71/46 7816/2035/46
f 7817/73/46 7816/2035/46 7818/2036/46
f 7819/75/46 7817/73/46 7818/2036/46
f 7820/77/46 7819/75/46 7818/2036/46
f 7821/2037/46 7820/77/46 7818/2036/46
f 7820/77/46 7821/2037/46 7822/2038/46
f 7823/79/46 7820/77/46 7822/2038/46
f 7824/81/46 7823/79/46 7822/2038/46
f 7825/2039/46 7824/81/46 7822/2038/46
f 7824/81/46 7825/2039/46 7826/2040/46
f 7827/84/46 7824/81/46 7826/2040/46
f 7828/86/46 7827/84/46 7826/2040/46
f 7829/2041/46 7828/86/46 7826/2040/46
f 7828/86/46 7829/2041/46 7830/2042/46
f 7831/88/46 7828/86/46 7830/2042/46
f 7832/89/46 7831/88/46 7830/2042/46
f 7833/2043/46 7832/89/46 7830/2042/46
f 7834/91/46 7832/89/46 7833/2043/46
f 7835/2044/46 7834/91/46 7833/2043/46
f 7836/6/46 7834/91/46 7835/2044/46
f 7837/2045/46 7836/6/46 7835/2044/46
f 7838/8/46 7836/6/46 7837/2045/46
f 7839/2046/46 7838/8/46 7837/2045/46
f 7840/10/46 7838/8/46 7839/2046/46
f 7841/2047/46 7840/10/46 7839/2046/46
f 7756/11/46 7840/10/46 7841/2047/46
f 7842/2048/46 7756/11/46 7841/2047/46
f 7756/11/46 7842/2048/46 7757/2005/46
f 7843/368/1799 7844/369/1799 7845/532/1799
f 7846/2049/1800 7847/2050/59 7848/2051/59
f 7849/2052/58 7846/2049/1800 7848/2051/59
f 7850/2053/56 7846/2049/1800 7849/2052/58
f 7851/2054/56 7850/2053/56 7849/2052/58
f 7852/2055/57 7850/2053/56 7851/2054/56
f 7853/2056/57 7852/2055/57 7851/2054/56
f 7854/2057/73 7852/2055/57 7853/2056/57
f 7855/2058/73 7854/2057/73 7853/2056/57
f 7856/2059/72 7854/2057/73 7855/2058/73
f 7857/2060/72 7856/2059/72 7855/2058/73
f 7858/2061/71 7856/2059/72 7857/2060/72
f 7859/2062/71 7858/2061/71 7857/2060/72
f 7860/2063/70 7858/2061/71 7859/2062/71
f 7861/2064/70 7860/2063/70 7859/2062/71
f 7862/2065/69 7860/2063/70 7861/2064/70
f 7863/2066/69 7862/2065/69 7861/2064/70
f 7864/2067/1801 7865/2068/596 7866/2069/596
f 7867/2070/1801 7864/2067/1801 7866/2069/596
f 7868/2071/47 7864/2067/1801 7867/2070/1801
f 7869/2072/47 7868/2071/47 7867/2070/1801
f 7870/2073/48 7868/2071/47 7869/2072/47
f 7871/2074/48 7870/2073/48 7869/2072/47
f 7872/2075/64 7870/2073/48 7871/2074/48
f 7873/2076/64 7872/2075/64 7871/2074/48
f 7874/2077/63 7872/2075/64 7873/2076/64
f 7875/2078/63 7874/2077/63 7873/2076/64
f 7876/2079/62 7874/2077/63 7875/2078/63
f 7877/2080/62 7876/2079/62 7875/2078/63
f 7878/2081/61 7876/2079/62 7877/2080/62
f 7879/2082/61 7878/2081/61 7877/2080/62
f 7880/2083/60 7878/2081/61 7879/2082/61
f 7881/2084/60 7880/2083/60 7879/2082/61
f 7847/2050/59 7880/2083/60 7881/2084/60
f 7848/2051/59 7847/2050/59 7881/2084/60
f 7882/2085/85 7883/2086/86 7884/2087/86
f 7885/2088/85 7882/2085/85 7884/2087/86
f 7886/2089/84 7882/2085/85 7885/2088/85
f 7887/2090/84 7886/2089/84 7885/2088/85
f 7888/2091/83 7886/2089/84 7887/2090/84
f 7889/2092/83 7888/2091/83 7887/2090/84
f 7890/2093/55 7888/2091/83 7889/2092/83
f 7891/2094/55 7890/2093/55 7889/2092/83
f 7892/2095/54 7890/2093/55 7891/2094/55
f 7893/2096/54 7892/2095/54 7891/2094/55
f 7894/2097/53 7892/2095/54 7893/2096/54
f 7895/2098/53 7894/2097/53 7893/2096/54
f 7896/2099/52 7894/2097/53 7895/2098/53
f 7897/2100/52 7896/2099/52 7895/2098/53
f 7898/2101/51 7896/2099/52 7897/2100/52
f 7899/2102/51 7898/2101/51 7897/2100/52
f 7865/2068/596 7898/2101/51 7899/2102/51
f 7866/2069/596 7865/2068/596 7899/2102/51
f 7900/2103/77 7901/2104/78 7902/2105/78
f 7903/2106/77 7900/2103/77 7902/2105/78
f 7904/2107/76 7900/2103/77 7903/2106/77
f 7905/2108/76 7904/2107/76 7903/2106/77
f 7906/2109/74 7904/2107/76 7905/2108/76
f 7907/2110/74 7906/2109/74 7905/2108/76
f 7908/2111/75 7906/2109/74 7907/2110/74
f 7909/2112/75 7908/2111/75 7907/2110/74
f 7910/2113/90 7908/2111/75 7909/2112/75
f 7911/2114/90 7910/2113/90 7909/2112/75
f 7912/2115/89 7910/2113/90 7911/2114/90
f 7913/2116/89 7912/2115/89 7911/2114/90
f 7914/2117/1802 7912/2115/89 7913/2116/89
f 7915/2118/1802 7914/2117/1802 7913/2116/89
f 7916/2119/428 7914/2117/1802 7915/2118/1802
f 7917/2120/87 7916/2119/428 7915/2118/1802
f 7883/2086/86 7916/2119/428 7917/2120/87
f 7884/2087/86 7883/2086/86 7917/2120/87
f 7918/2121/68 7919/2122/69 7920/2123/69
f 7921/2124/68 7918/2121/68 7920/2123/69
f 7922/2125/67 7918/2121/68 7921/2124/68
f 7923/2126/67 7922/2125/67 7921/2124/68
f 7924/2127/65 7922/2125/67 7923/2126/67
f 7925/2128/65 7924/2127/65 7923/2126/67
f 7926/2129/66 7924/2127/65 7925/2128/65
f 7927/2130/66 7926/2129/66 7925/2128/65
f 7928/2131/598 7926/2129/66 7927/2130/66
f 7929/2132/82 7928/2131/598 7927/2130/66
f 7930/2133/81 7928/2131/598 7929/2132/82
f 7931/2134/1803 7930/2133/81 7929/2132/82
f 7932/2135/80 7930/2133/81 7931/2134/1803
f 7933/2136/80 7932/2135/80 7931/2134/1803
f 7934/2137/79 7932/2135/80 7933/2136/80
f 7935/2138/79 7934/2137/79 7933/2136/80
f 7901/2104/78 7934/2137/79 7935/2138/79
f 7902/2105/78 7901/2104/78 7935/2138/79
f 4701/1424/1382 4700/1423/1381 4750/1469/1415
f 4700/1423/1381 4766/1479/1424 4750/1469/1415
f 4699/1422/1380 4766/1479/1424 4700/1423/1381
f 4699/1422/1380 4768/1481/1426 4766/1479/1424
f 4699/1422/1380 4698/1421/1379 4768/1481/1426
f 4698/1421/1379 4785/1439/1429 4768/1481/1426
f 4698/1421/1379 4697/1420/1378 4785/1439/1429
f 4697/1420/1378 7936/1435/1804 4785/1439/1429
f 4696/1419/1377 7936/1435/1804 4697/1420/1378
f 7936/1435/1804 4696/1419/1377 4711/1434/76
f 7936/1435/1804 4711/1434/76 4785/1439/1429
f 4711/1434/76 4718/1440/141 4785/1439/1429
f 4785/1439/1429 4718/1440/141 4784/1486/434
f 4718/1440/141 4717/1439/1158 4784/1486/434
f 4717/1439/1158 4797/1481/1157 4784/1486/434
f 4784/1486/434 4797/1481/1157 4782/1480/1156
f 4782/1480/1156 4797/1481/1157 4786/1479/1142
f 4782/1480/1156 4786/1479/1142 4781/1478/1122
f 7937/972/69 7938/1007/69 7939/969/1054
f 7940/1997/1067 7938/1007/69 7937/972/69
f 7941/973/1067 7940/1997/1067 7937/972/69
f 7942/1998/158 7940/1997/1067 7941/973/1067
f 7943/975/158 7942/1998/158 7941/973/1067
f 7944/1999/1068 7942/1998/158 7943/975/158
f 7945/977/1068 7944/1999/1068 7943/975/158
f 7946/2000/1069 7944/1999/1068 7945/977/1068
f 7947/979/1069 7946/2000/1069 7945/977/1068
f 7948/2001/1070 7946/2000/1069 7947/979/1069
f 7949/982/1070 7948/2001/1070 7947/979/1069
f 7950/2002/153 7948/2001/1070 7949/982/1070
f 7951/984/153 7950/2002/153 7949/982/1070
f 7952/2003/1071 7950/2002/153 7951/984/153
f 7953/986/1071 7952/2003/1071 7951/984/153
f 7954/2004/1063 7952/2003/1071 7953/986/1071
f 7955/988/1063 7954/2004/1063 7953/986/1071
f 7956/2003/1062 7954/2004/1063 7955/988/1063
f 7957/986/1062 7956/2003/1062 7955/988/1063
f 7958/2002/141 7956/2003/1062 7957/986/1062
f 7959/984/141 7958/2002/141 7957/986/1062
f 7960/2001/1064 7958/2002/141 7959/984/141
f 7961/982/1064 7960/2001/1064 7959/984/141
f 7962/2000/434 7960/2001/1064 7961/982/1064
f 7963/979/434 7962/2000/434 7961/982/1064
f 7964/1999/1065 7962/2000/434 7963/979/434
f 7965/977/1065 7964/1999/1065 7963/979/434
f 7966/1998/137 7964/1999/1065 7965/977/1065
f 7967/975/137 7966/1998/137 7965/977/1065
f 7968/1997/1066 7966/1998/137 7967/975/137
f 7969/973/1066 7968/1997/1066 7967/975/137
f 7970/1007/55 7968/1997/1066 7969/973/1066
f 7971/972/55 7970/1007/55 7969/973/1066
f 7972/1996/1055 7970/1007/55 7971/972/55
f 7973/969/1055 7972/1996/1055 7971/972/55
f 7974/1995/148 7972/1996/1055 7973/969/1055
f 7975/970/148 7974/1995/148 7973/969/1055
f 7976/1990/1056 7974/1995/148 7975/970/148
f 7977/990/1056 7976/1990/1056 7975/970/148
f 7978/1989/1057 7976/1990/1056 7977/990/1056
f 7979/992/1057 7978/1989/1057 7977/990/1056
f 7980/1991/1058 7978/1989/1057 7979/992/1057
f 7981/995/1058 7980/1991/1058 7979/992/1057
f 7982/1992/144 7980/1991/1058 7981/995/1058
f 7983/997/144 7982/1992/144 7981/995/1058
f 7984/1993/1059 7982/1992/144 7983/997/144
f 7985/999/1059 7984/1993/1059 7983/997/144
f 7986/1994/1060 7984/1993/1059 7985/999/1059
f 7987/1001/1060 7986/1994/1060 7985/999/1059
f 7988/1993/1061 7986/1994/1060 7987/1001/1060
f 7989/999/1061 7988/1993/1061 7987/1001/1060
f 7990/1992/164 7988/1993/1061 7989/999/1061
f 7991/997/164 7990/1992/164 7989/999/1061
f 7992/1991/1051 7990/1992/164 7991/997/164
f 7993/995/1051 7992/1991/1051 7991/997/164
f 7994/1989/1052 7992/1991/1051 7993/995/1051
f 7995/992/1052 7994/1989/1052 7993/995/1051
f 7996/1990/1053 7994/1989/1052 7995/992/1052
f 7997/990/1053 7996/1990/1053 7995/992/1052
f 7998/1995/159 7996/1990/1053 7997/990/1053
f 7999/970/159 7998/1995/159 7997/990/1053
f 8000/1996/1054 7998/1995/159 7999/970/159
f 7939/969/1054 8000/1996/1054 7999/970/159
f 7938/1007/69 8000/1996/1054 7939/969/1054
f 8001/2139/1805 8002/2140/1805 8003/2141/1806
f 8002/2140/1805 8001/2139/1805 8004/2142/1807
f 8005/2143/1807 8002/2140/1805 8004/2142/1807
f 8005/2143/1807 8004/2142/1807 8006/2144/1808
f 8004/2142/1807 8007/2145/1809 8006/2144/1808
f 8006/2144/1808 8007/2145/1809 8008/2146/1810
f 8007/2145/1809 8009/2147/1810 8008/2146/1810
f 8009/2147/1810 8010/2148/1811 8008/2146/1810
f 8010/2148/1811 8011/2149/1812 8008/2146/1810
f 8010/2148/1811 8012/2150/1313 8011/2149/1812
f 8012/2150/1313 8013/2151/1313 8011/2149/1812
f 8013/2151/1313 8012/2150/1313 8014/2152/1813
f 8012/2150/1313 8015/2153/1813 8014/2152/1813
f 8014/2152/1813 8015/2153/1813 8016/2154/1814
f 8015/2153/1813 8017/2155/1814 8016/2154/1814
f 8017/2155/1814 8018/2156/1815 8016/2154/1814
f 8018/2156/1815 8019/2157/1815 8016/2154/1814
f 8018/2156/1815 8020/2158/1816 8019/2157/1815
f 8020/2158/1816 8021/2159/1816 8019/2157/1815
f 8021/2159/1816 8020/2158/1816 8022/2160/1817
f 8020/2158/1816 8023/2161/1817 8022/2160/1817
f 8022/2160/1817 8023/2161/1817 8024/2162/1818
f 8023/2161/1817 8025/2163/1818 8024/2162/1818
f 8025/2163/1818 8026/2164/1819 8024/2162/1818
f 8026/2164/1819 8027/2165/1820 8024/2162/1818
f 8026/2164/1819 8028/2166/1544 8027/2165/1820
f 8028/2166/1544 8029/2167/1544 8027/2165/1820
f 8029/2167/1544 8028/2166/1544 8030/2168/1821
f 8028/2166/1544 8031/2169/1821 8030/2168/1821
f 8030/2168/1821 8031/2169/1821 8003/2141/1806
f 8031/2169/1821 8032/2170/1806 8003/2141/1806
f 8032/2170/1806 8001/2139/1805 8003/2141/1806
f 8033/2145/159 8034/2145/159 8035/2142/69
f 8036/2147/1052 8034/2145/159 8033/2145/159
f 8037/2147/1052 8036/2147/1052 8033/2145/159
f 8038/2148/164 8036/2147/1052 8037/2147/1052
f 8039/2148/164 8038/2148/164 8037/2147/1052
f 8040/2150/62 8038/2148/164 8039/2148/164
f 8041/2150/62 8040/2150/62 8039/2148/164
f 8042/2153/144 8040/2150/62 8041/2150/62
f 8043/2153/144 8042/2153/144 8041/2150/62
f 8044/2155/1057 8042/2153/144 8043/2153/144
f 8045/2155/1057 8044/2155/1057 8043/2153/144
f 8046/2156/148 8044/2155/1057 8045/2155/1057
f 8047/2156/148 8046/2156/148 8045/2155/1057
f 8048/2158/55 8046/2156/148 8047/2156/148
f 8049/2158/55 8048/2158/55 8047/2156/148
f 8050/2161/137 8048/2158/55 8049/2158/55
f 8051/2161/137 8050/2161/137 8049/2158/55
f 8052/2163/434 8050/2161/137 8051/2161/137
f 8053/2163/434 8052/2163/434 8051/2161/137
f 8054/2164/141 8052/2163/434 8053/2163/434
f 8055/2164/141 8054/2164/141 8053/2163/434
f 8056/2166/76 8054/2164/141 8055/2164/141
f 8057/2166/76 8056/2166/76 8055/2164/141
f 8058/2169/153 8056/2166/76 8057/2166/76
f 8059/2169/153 8058/2169/153 8057/2166/76
f 8060/2170/1069 8058/2169/153 8059/2169/153
f 8061/2170/1069 8060/2170/1069 8059/2169/153
f 8062/2139/158 8060/2170/1069 8061/2170/1069
f 8063/2139/158 8062/2139/158 8061/2170/1069
f 8064/2142/69 8062/2139/158 8063/2139/158
f 8035/2142/69 8064/2142/69 8063/2139/158
f 8034/2145/159 8064/2142/69 8035/2142/69
f 8065/1288/46 8066/2162/46 8067/1289/46
f 8065/1288/46 8068/1290/46 8066/2162/46
f 8068/1290/46 8069/2160/46 8066/2162/46
f 8070/2159/46 8069/2160/46 8068/1290/46
f 8071/1291/46 8070/2159/46 8068/1290/46
f 8071/1291/46 8072/1282/46 8070/2159/46
f 8072/1282/46 8073/2157/46 8070/2159/46
f 8074/2154/46 8073/2157/46 8072/1282/46
f 8075/1281/46 8074/2154/46 8072/1282/46
f 8075/1281/46 8076/1243/46 8074/2154/46
f 8076/1243/46 8077/2152/46 8074/2154/46
f 8078/2151/46 8077/2152/46 8076/1243/46
f 8079/1242/46 8078/2151/46 8076/1243/46
f 8079/1242/46 8080/1241/46 8078/2151/46
f 8080/1241/46 8081/2149/46 8078/2151/46
f 8082/2146/46 8081/2149/46 8080/1241/46
f 8083/1298/46 8082/2146/46 8080/1241/46
f 8083/1298/46 8084/1299/46 8082/2146/46
f 8084/1299/46 8085/2144/46 8082/2146/46
f 8086/2143/46 8085/2144/46 8084/1299/46
f 8087/1305/46 8086/2143/46 8084/1299/46
f 8087/1305/46 8088/1306/46 8086/2143/46
f 8088/1306/46 8089/2140/46 8086/2143/46
f 8090/2141/46 8089/2140/46 8088/1306/46
f 8091/1307/46 8090/2141/46 8088/1306/46
f 8091/1307/46 8092/1294/46 8090/2141/46
f 8092/1294/46 8093/2168/46 8090/2141/46
f 8094/2167/46 8093/2168/46 8092/1294/46
f 8095/1295/46 8094/2167/46 8092/1294/46
f 8095/1295/46 8067/1289/46 8094/2167/46
f 8067/1289/46 8096/2165/46 8094/2167/46
f 8066/2162/46 8096/2165/46 8067/1289/46
f 8097/2/551 8098/3/551 8099/1/551
f 8100/508/1822 8101/687/1823 8102/688/1824
f 8103/684/1824 8100/508/1822 8102/688/1824
f 8103/684/1824 8102/688/1824 8104/689/1825
f 8105/685/1826 8103/684/1824 8104/689/1825
f 8106/690/1827 8105/685/1826 8104/689/1825
f 8105/685/1826 8106/690/1827 8107/691/1828
f 8108/686/1829 8105/685/1826 8107/691/1828
f 8109/692/1829 8108/686/1829 8107/691/1828
f 8108/686/1829 8109/692/1829 8110/514/1830
f 8109/692/1829 8111/693/1831 8110/514/1830
f 8112/362/1832 8113/546/1832 8114/365/1832
f 8115/516/1833 8116/695/1834 8117/694/1835
f 8118/680/1836 8115/516/1833 8117/694/1835
f 8118/680/1836 8117/694/1835 8119/696/1837
f 8120/681/1838 8118/680/1836 8119/696/1837
f 8121/697/1838 8120/681/1838 8119/696/1837
f 8120/681/1838 8121/697/1838 8122/698/1839
f 8123/682/1840 8120/681/1838 8122/698/1839
f 8124/699/1840 8123/682/1840 8122/698/1839
f 8125/622/1841 8123/682/1840 8124/699/1840
f 8126/700/1842 8125/622/1841 8124/699/1840
f 8127/565/1843 8128/386/1843 8129/387/1843
f 8130/888/76 8131/889/76 8132/890/76
f 8133/891/76 8130/888/76 8132/890/76
f 8134/547/76 8133/891/76 8132/890/76
f 8135/548/1844 8134/547/76 8132/890/76
f 8136/811/1845 8135/548/1844 8132/890/76
f 8137/892/76 8136/811/1845 8132/890/76
f 8138/893/76 8137/892/76 8132/890/76
f 8139/894/76 8138/893/76 8132/890/76
f 8140/895/76 8139/894/76 8132/890/76
f 8141/382/170 8142/362/170 8143/381/170
f 8144/383/170 8141/382/170 8143/381/170
f 8145/1751/170 8144/383/170 8143/381/170
f 8146/1982/1488 8147/1982/1488 8148/1988/1846
f 8149/1988/1846 8146/1982/1488 8148/1988/1846
f 8149/1988/1846 8148/1988/1846 8150/1986/141
f 8151/1986/141 8149/1988/1846 8150/1986/141
f 8151/1986/141 8150/1986/141 8152/1983/141
f 8152/1983/141 8153/1983/141 8151/1986/141
f 8153/1983/141 8154/1986/141 8151/1986/141
f 8150/1986/141 8155/1983/141 8152/1983/141
f 8156/385/166 8157/1750/1847 8158/384/976
f 8159/386/1848 8156/385/166 8158/384/976
f 8160/387/1848 8159/386/1848 8158/384/976
f 8161/1019/55 8162/1026/55 8163/1025/55
f 8164/1020/55 8161/1019/55 8163/1025/55
f 8165/1021/55 8164/1020/55 8163/1025/55
f 8166/1022/55 8165/1021/55 8163/1025/55
f 8167/1023/55 8166/1022/55 8163/1025/55
f 8168/1024/55 8167/1023/55 8163/1025/55
f 8169/544/874 8170/413/198 8171/543/198
f 8172/545/198 8169/544/874 8171/543/198
f 8173/1/198 8172/545/198 8171/543/198
f 8174/2/198 8173/1/198 8171/543/198
f 8175/1748/1849 8176/862/1849 8177/864/1849
f 8178/1749/1849 8175/1748/1849 8177/864/1849
f 8179/1746/1849 8178/1749/1849 8177/864/1849
f 8180/865/1849 8179/1746/1849 8177/864/1849
f 8181/364/1850 8182/621/1850 8183/363/1850
f 8184/898/1050 8185/851/1050 8186/852/1851
f 8187/899/1050 8184/898/1050 8186/852/1851
f 8187/899/1050 8186/852/1851 8188/855/1050
f 8189/916/1050 8187/899/1050 8188/855/1050
f 8189/916/1050 8188/855/1050 8190/856/1050
f 8191/917/1050 8189/916/1050 8190/856/1050
f 8192/797/55 8193/798/1852 8194/799/55
f 8195/679/55 8192/797/55 8194/799/55
f 8196/676/55 8195/679/55 8194/799/55
f 8197/800/55 8196/676/55 8194/799/55
f 8198/801/55 8197/800/55 8194/799/55
f 8199/551/55 8198/801/55 8194/799/55
f 8200/552/55 8199/551/55 8194/799/55
f 8201/802/55 8200/552/55 8194/799/55
f 8202/803/1852 8201/802/55 8194/799/55
f 8203/369/1853 8204/368/1853 8205/532/1853
f 8206/888/55 8207/889/55 8208/890/55
f 8209/891/55 8206/888/55 8208/890/55
f 8210/547/55 8209/891/55 8208/890/55
f 8211/548/55 8210/547/55 8208/890/55
f 8212/811/55 8211/548/55 8208/890/55
f 8213/892/55 8212/811/55 8208/890/55
f 8214/893/55 8213/892/55 8208/890/55
f 8215/894/55 8214/893/55 8208/890/55
f 8216/895/1854 8215/894/55 8208/890/55
f 8217/387/1855 8218/386/1855 8219/565/1855
f 8220/1987/46 8221/1981/46 8222/1982/46
f 8223/1985/46 8220/1987/46 8222/1982/46
f 8224/1986/46 8223/1985/46 8222/1982/46
f 8225/1988/46 8224/1986/46 8222/1982/46
f 8226/393/714 8227/388/714 8228/392/1856
f 8229/394/1857 8228/392/1856 8227/388/714
f 8230/389/1858 8229/394/1857 8227/388/714
f 8231/395/1859 8229/394/1857 8230/389/1858
f 8232/390/1860 8231/395/1859 8230/389/1858
f 8232/390/1860 8233/391/1861 8231/395/1859
f 8233/391/1861 8234/396/1862 8231/395/1859
f 8234/396/1862 8233/391/1861 8235/379/1863
f 8236/397/1864 8234/396/1862 8235/379/1863
f 8236/397/1864 8235/379/1863 8237/398/1864
f 8238/1980/229 8239/1975/229 8240/1976/229
f 8241/1979/229 8238/1980/229 8240/1976/229
f 8242/1978/229 8241/1979/229 8240/1976/229
f 8243/1977/229 8242/1978/229 8240/1976/229
f 8244/544/1865 8245/413/1865 8246/414/1865
f 8247/1976/46 8248/1975/46 8249/1980/46
f 8250/1977/46 8247/1976/46 8249/1980/46
f 8251/1978/46 8250/1977/46 8249/1980/46
f 8252/1979/46 8251/1978/46 8249/1980/46
f 8253/544/195 8254/413/195 8255/543/195
f 8256/545/195 8253/544/195 8255/543/195
f 8257/1/195 8256/545/195 8255/543/195
f 8258/2/195 8257/1/195 8255/543/195
f 8259/1586/76 8260/1585/76 8261/1585/76
f 8262/1586/76 8259/1586/76 8261/1585/76
f 8262/1586/76 8261/1585/76 8263/1585/76
f 8264/1586/76 8262/1586/76 8263/1585/76
f 8265/364/1866 8266/363/1866 8267/621/1866
f 8268/1587/69 8269/1586/69 8270/1586/69
f 8271/1587/69 8268/1587/69 8270/1586/69
f 8271/1587/69 8270/1586/69 8272/1586/69
f 8273/1587/69 8271/1587/69 8272/1586/69
f 8273/1587/69 8274/1589/1867 8271/1587/69
f 8274/1589/1867 8275/1589/1867 8271/1587/69
f 8275/1589/1867 8274/1589/1867 8276/1582/1490
f 8277/1582/1490 8275/1589/1867 8276/1582/1490
f 8278/1583/147 8279/1583/1868 8280/1588/1869
f 8281/1588/1869 8278/1583/147 8280/1588/1869
f 8281/1588/1869 8280/1588/1869 8282/1584/55
f 8283/1584/55 8281/1588/1869 8282/1584/55
f 8283/1584/55 8282/1584/55 8284/1585/55
f 8284/1585/55 8285/1585/55 8283/1584/55
f 8285/1585/55 8286/1584/55 8283/1584/55
f 8282/1584/55 8287/1585/55 8284/1585/55
f 8288/364/1870 8289/621/1870 8290/363/1870
f 8291/1019/69 8292/1020/69 8293/1021/69
f 8294/1026/69 8291/1019/69 8293/1021/69
f 8295/1025/69 8294/1026/69 8293/1021/69
f 8296/1024/69 8295/1025/69 8293/1021/69
f 8297/1023/69 8296/1024/69 8293/1021/69
f 8298/1022/69 8297/1023/69 8293/1021/69
f 8299/2/1871 8300/1/1871 8301/3/1871
f 8302/1972/1872 8303/2171/1872 8304/2172/1873
f 8305/2173/1874 8303/2171/1872 8302/1972/1872
f 8306/2174/1874 8305/2173/1874 8302/1972/1872
f 8307/2175/1875 8305/2173/1874 8306/2174/1874
f 8308/2176/1875 8307/2175/1875 8306/2174/1874
f 8309/2177/1876 8307/2175/1875 8308/2176/1875
f 8310/2178/1876 8309/2177/1876 8308/2176/1875
f 8311/2179/1877 8309/2177/1876 8310/2178/1876
f 8312/2180/1877 8311/2179/1877 8310/2178/1876
f 8313/2181/1878 8311/2179/1877 8312/2180/1877
f 8314/1973/1878 8313/2181/1878 8312/2180/1877
f 8315/2182/1879 8313/2181/1878 8314/1973/1878
f 8316/2183/1879 8315/2182/1879 8314/1973/1878
f 8317/2181/1880 8315/2182/1879 8316/2183/1879
f 8318/1973/1075 8317/2181/1880 8316/2183/1879
f 8317/2181/1880 8318/1973/1075 8319/2179/1881
f 8318/1973/1075 8320/2180/1881 8319/2179/1881
f 8321/2177/1882 8319/2179/1881 8320/2180/1881
f 8322/1974/1883 8318/1973/1075 8316/2183/1879
f 8323/2184/1879 8322/1974/1883 8316/2183/1879
f 8323/2184/1879 8316/2183/1879 8314/1973/1878
f 8324/1974/1878 8323/2184/1879 8314/1973/1878
f 8324/1974/1878 8314/1973/1878 8312/2180/1877
f 8325/2185/1877 8324/1974/1878 8312/2180/1877
f 8325/2185/1877 8312/2180/1877 8310/2178/1876
f 8326/2186/1876 8325/2185/1877 8310/2178/1876
f 8326/2186/1876 8310/2178/1876 8308/2176/1875
f 8327/2187/1875 8326/2186/1876 8308/2176/1875
f 8327/2187/1875 8308/2176/1875 8306/2174/1874
f 8328/2188/1874 8327/2187/1875 8306/2174/1874
f 8328/2188/1874 8306/2174/1874 8302/1972/1872
f 8329/1971/1872 8328/2188/1874 8302/1972/1872
f 8329/1971/1872 8302/1972/1872 8304/2172/1873
f 8330/2189/1873 8329/1971/1872 8304/2172/1873
f 8330/2189/1873 8304/2172/1873 8331/1972/1072
f 8332/1971/1884 8330/2189/1873 8331/1972/1072
f 8333/2178/1882 8321/2177/1882 8320/2180/1881
f 8334/2175/1885 8321/2177/1882 8333/2178/1882
f 8335/2176/1885 8334/2175/1885 8333/2178/1882
f 8336/2173/1886 8334/2175/1885 8335/2176/1885
f 8337/2174/1886 8336/2173/1886 8335/2176/1885
f 8338/2171/1887 8336/2173/1886 8337/2174/1886
f 8331/1972/1072 8338/2171/1887 8337/2174/1886
f 8338/2171/1887 8331/1972/1072 8339/2190/1873
f 8331/1972/1072 8304/2172/1873 8339/2190/1873
f 8303/2171/1872 8339/2190/1873 8304/2172/1873
f 8340/2174/69 8341/2176/69 8342/2178/69
f 8343/1972/69 8340/2174/69 8342/2178/69
f 8344/1973/69 8343/1972/69 8342/2178/69
f 8345/2180/69 8344/1973/69 8342/2178/69
f 8346/365/1888 8347/546/1888 8348/362/1888
f 8349/1974/69 8350/2185/69 8351/2186/69
f 8352/2184/69 8349/1974/69 8351/2186/69
f 8353/1974/69 8352/2184/69 8351/2186/69
f 8354/1971/69 8353/1974/69 8351/2186/69
f 8355/2189/69 8354/1971/69 8351/2186/69
f 8356/1971/69 8355/2189/69 8351/2186/69
f 8357/2188/69 8356/1971/69 8351/2186/69
f 8358/2187/69 8357/2188/69 8351/2186/69
f 8359/532/1889 8360/368/1889 8361/369/1889
f 8362/2181/55 8363/2179/55 8364/2177/55
f 8365/2182/55 8362/2181/55 8364/2177/55
f 8366/2181/55 8365/2182/55 8364/2177/55
f 8367/2179/55 8366/2181/55 8364/2177/55
f 8368/2177/55 8367/2179/55 8364/2177/55
f 8369/2175/55 8368/2177/55 8364/2177/55
f 8370/2173/55 8369/2175/55 8364/2177/55
f 8371/2171/55 8370/2173/55 8364/2177/55
f 8372/2190/55 8371/2171/55 8364/2177/55
f 8373/2171/55 8372/2190/55 8364/2177/55
f 8374/2173/55 8373/2171/55 8364/2177/55
f 8375/2175/55 8374/2173/55 8364/2177/55
f 8376/365/1890 8377/362/1890 8378/546/1890
f 8379/2191/1891 8380/2192/1891 8381/2193/1551
f 8382/2194/1551 8379/2191/1891 8381/2193/1551
f 8383/2195/1551 8382/2194/1551 8381/2193/1551
f 8384/2196/1551 8383/2195/1551 8381/2193/1551
f 8385/2197/1588 8383/2195/1551 8384/2196/1551
f 8386/2198/1588 8385/2197/1588 8384/2196/1551
f 8385/2197/1588 8386/2198/1588 8387/2199/1892
f 8388/2200/1892 8385/2197/1588 8387/2199/1892
f 8388/2200/1892 8387/2199/1892 8389/2201/1893
f 8390/2202/1892 8388/2200/1892 8389/2201/1893
f 8391/2203/1891 8390/2202/1892 8389/2201/1893
f 8392/2204/1891 8391/2203/1891 8389/2201/1893
f 8391/2203/1891 8392/2204/1891 8393/2205/1551
f 8394/2206/1538 8391/2203/1891 8393/2205/1551
f 8395/2207/1538 8394/2206/1538 8393/2205/1551
f 8396/2208/1538 8395/2207/1538 8393/2205/1551
f 8397/2209/1894 8395/2207/1538 8396/2208/1538
f 8398/2210/1894 8397/2209/1894 8396/2208/1538
f 8397/2209/1894 8398/2210/1894 8399/2211/1703
f 8400/2212/1572 8397/2209/1894 8399/2211/1703
f 8400/2212/1572 8399/2211/1703 8401/2213/1551
f 8402/2214/1572 8400/2212/1572 8401/2213/1551
f 8403/2215/1551 8402/2214/1572 8401/2213/1551
f 8404/2216/1703 8403/2215/1551 8401/2213/1551
f 8403/2215/1551 8404/2216/1703 8405/2217/1551
f 8406/2218/1895 8403/2215/1551 8405/2217/1551
f 8407/565/1896 8408/386/1896 8409/387/1896
f 8410/1773/1551 8411/2219/1551 8412/2220/1551
f 8413/1771/1573 8410/1773/1551 8412/2220/1551
f 8414/1768/1573 8413/1771/1573 8412/2220/1551
f 8415/2221/1573 8414/1768/1573 8412/2220/1551
f 8416/1767/1897 8414/1768/1573 8415/2221/1573
f 8417/2222/1897 8416/1767/1897 8415/2221/1573
f 8416/1767/1897 8417/2222/1897 8418/2223/1537
f 8419/1764/1537 8416/1767/1897 8418/2223/1537
f 8419/1764/1537 8418/2223/1537 8420/2224/1537
f 8421/1760/1537 8419/1764/1537 8420/2224/1537
f 8422/1761/1891 8421/1760/1537 8420/2224/1537
f 8423/2225/1891 8422/1761/1891 8420/2224/1537
f 8424/362/1681 8425/363/182 8426/381/182
f 8427/405/182 8426/381/182 8425/363/182
f 8428/406/182 8427/405/182 8425/363/182
f 8429/407/182 8428/406/182 8425/363/182
f 8425/363/182 8430/384/182 8429/407/182
f 8425/363/182 8431/387/182 8430/384/182
f 8432/2218/1754 8433/2226/1898 8434/2227/1899
f 8435/2215/1899 8432/2218/1754 8434/2227/1899
f 8436/2214/1900 8435/2215/1899 8434/2227/1899
f 8437/2228/1900 8436/2214/1900 8434/2227/1899
f 8438/2212/1901 8436/2214/1900 8437/2228/1900
f 8439/2229/1901 8438/2212/1901 8437/2228/1900
f 8438/2212/1901 8439/2229/1901 8440/2230/1902
f 8441/2209/1903 8438/2212/1901 8440/2230/1902
f 8442/2207/1904 8441/2209/1903 8440/2230/1902
f 8443/2231/1905 8442/2207/1904 8440/2230/1902
f 8442/2207/1904 8443/2231/1905 8444/2232/1720
f 8445/2206/1720 8442/2207/1904 8444/2232/1720
f 8445/2206/1720 8444/2232/1720 8446/2233/558
f 8447/2203/558 8445/2206/1720 8446/2233/558
f 8448/2202/1906 8447/2203/558 8446/2233/558
f 8449/2234/1906 8448/2202/1906 8446/2233/558
f 8450/2200/1907 8448/2202/1906 8449/2234/1906
f 8451/2235/1907 8450/2200/1907 8449/2234/1906
f 8450/2200/1907 8451/2235/1907 8452/2236/1908
f 8453/2197/1908 8450/2200/1907 8452/2236/1908
f 8454/2195/1909 8453/2197/1908 8452/2236/1908
f 8455/2237/1909 8454/2195/1909 8452/2236/1908
f 8454/2195/1909 8455/2237/1909 8456/2238/1735
f 8457/2194/1735 8454/2195/1909 8456/2238/1735
f 8457/2194/1735 8456/2238/1735 8458/2239/1683
f 8459/2191/1684 8457/2194/1735 8458/2239/1683
f 8460/379/1910 8461/397/1911 8462/398/1911
f 8461/397/1911 8460/379/1910 8463/396/1912
f 8460/379/1910 8464/391/1913 8463/396/1912
f 8463/396/1912 8464/391/1913 8465/395/1914
f 8464/391/1913 8466/390/1915 8465/395/1914
f 8466/390/1915 8467/389/1916 8465/395/1914
f 8467/389/1916 8468/394/1917 8465/395/1914
f 8468/394/1917 8467/389/1916 8469/388/726
f 8470/392/1918 8468/394/1917 8469/388/726
f 8471/393/726 8470/392/1918 8469/388/726
f 8472/519/182 8473/509/182 8474/508/182
f 8475/683/182 8472/519/182 8474/508/182
f 8476/684/182 8475/683/182 8474/508/182
f 8475/683/182 8476/684/182 8477/685/182
f 8475/683/182 8477/685/182 8478/686/182
f 8478/686/182 8479/514/182 8475/683/182
f 8480/525/182 8475/683/182 8479/514/182
f 8481/513/182 8480/525/182 8479/514/182
f 8482/399/1919 8483/384/1919 8484/400/1919
f 8485/896/1920 8486/836/1920 8487/838/1920
f 8488/897/1920 8485/896/1920 8487/838/1920
f 8488/897/1920 8487/838/1920 8489/840/1920
f 8490/935/1920 8488/897/1920 8489/840/1920
f 8491/934/1920 8490/935/1920 8489/840/1920
f 8492/843/1920 8491/934/1920 8489/840/1920
f 8493/408/1921 8494/381/1921 8495/409/1921
f 8496/791/1922 8497/794/1922 8498/795/1922
f 8499/796/1922 8496/791/1922 8498/795/1922
f 8500/1748/1922 8499/796/1922 8498/795/1922
f 8501/862/1922 8500/1748/1922 8498/795/1922
f 8502/368/1923 8503/532/1923 8504/369/1923
f 8505/1748/135 8506/862/135 8507/864/135
f 8508/1749/135 8505/1748/135 8507/864/135
f 8509/1746/135 8508/1749/135 8507/864/135
f 8510/865/135 8509/1746/135 8507/864/135
f 8511/362/1924 8512/365/1924 8513/546/1924
f 8514/1746/1925 8515/865/1925 8516/867/1925
f 8517/1747/1925 8514/1746/1925 8516/867/1925
f 8517/1747/1925 8516/867/1925 8518/870/1926
f 8519/927/1925 8517/1747/1925 8518/870/1926
f 8520/927/1927 8521/870/1927 8522/872/1928
f 8523/926/1928 8520/927/1927 8522/872/1928
f 8524/925/1928 8523/926/1928 8522/872/1928
f 8525/874/1928 8524/925/1928 8522/872/1928
f 8526/565/1929 8527/387/1929 8528/386/1929
f 8529/927/1930 8530/870/1930 8531/872/1930
f 8532/926/1930 8529/927/1930 8531/872/1930
f 8533/925/1930 8532/926/1930 8531/872/1930
f 8534/874/1930 8533/925/1930 8531/872/1930
f 8535/924/1930 8533/925/1930 8534/874/1930
f 8536/876/1930 8535/924/1930 8534/874/1930
f 8537/384/1931 8538/566/1932 8539/567/1931
f 8538/566/1932 8537/384/1931 8540/568/1933
f 8537/384/1931 8541/407/1934 8540/568/1933
f 8540/568/1933 8541/407/1934 8542/569/1935
f 8541/407/1934 8543/406/1936 8542/569/1935
f 8542/569/1935 8543/406/1936 8544/405/1937
f 8545/570/1938 8542/569/1935 8544/405/1937
f 8545/570/1938 8544/405/1937 8546/381/1939
f 8547/571/1940 8545/570/1938 8546/381/1939
f 8546/381/1939 8548/572/1939 8547/571/1940
f 8549/393/1941 8550/388/1941 8551/392/1942
f 8552/394/1943 8551/392/1942 8550/388/1941
f 8553/389/1943 8552/394/1943 8550/388/1941
f 8554/395/1944 8552/394/1943 8553/389/1943
f 8555/390/1945 8554/395/1944 8553/389/1943
f 8555/390/1945 8556/391/1946 8554/395/1944
f 8556/391/1946 8557/396/1947 8554/395/1944
f 8557/396/1947 8556/391/1946 8558/379/1948
f 8559/397/1949 8557/396/1947 8558/379/1948
f 8559/397/1949 8558/379/1948 8560/398/1948
f 8561/364/1950 8562/363/1950 8563/621/1950
f 8564/1746/1951 8565/865/1951 8566/867/1951
f 8567/1747/1951 8564/1746/1951 8566/867/1951
f 8567/1747/1951 8566/867/1951 8568/870/1951
f 8569/927/1951 8567/1747/1951 8568/870/1951
f 8570/914/1952 8571/815/1952 8572/818/1953
f 8573/915/1953 8570/914/1952 8572/818/1953
f 8574/527/1952 8573/915/1953 8572/818/1953
f 8575/528/1952 8574/527/1952 8572/818/1953
f 8576/526/1953 8574/527/1952 8575/528/1952
f 8577/529/1953 8576/526/1953 8575/528/1952
f 8578/556/1954 8579/555/1955 8580/401/1955
f 8581/557/1956 8578/556/1954 8580/401/1955
f 8582/558/1957 8581/557/1956 8580/401/1955
f 8583/559/1958 8581/557/1956 8582/558/1957
f 8584/560/1959 8583/559/1958 8582/558/1957
f 8583/559/1958 8584/560/1959 8585/561/1960
f 8586/562/1961 8583/559/1958 8585/561/1960
f 8586/562/1961 8585/561/1960 8587/370/1962
f 8588/563/1963 8586/562/1961 8587/370/1962
f 8589/564/1962 8588/563/1963 8587/370/1962
f 8590/526/151 8591/529/151 8592/530/151
f 8593/531/151 8590/526/151 8592/530/151
f 8593/531/151 8592/530/151 8594/822/151
f 8595/911/151 8593/531/151 8594/822/151
f 8596/900/55 8597/901/55 8598/902/55
f 8599/538/55 8596/900/55 8598/902/55
f 8600/535/55 8599/538/55 8598/902/55
f 8601/575/55 8600/535/55 8598/902/55
f 8602/576/55 8601/575/55 8598/902/55
f 8603/903/55 8602/576/55 8598/902/55
f 8604/904/55 8603/903/55 8598/902/55
f 8605/905/55 8604/904/55 8598/902/55
f 8606/906/55 8605/905/55 8598/902/55
f 8607/544/1964 8608/414/1964 8609/413/1964
f 8610/888/69 8611/889/69 8612/890/69
f 8613/891/69 8610/888/69 8612/890/69
f 8614/547/69 8613/891/69 8612/890/69
f 8615/548/69 8614/547/69 8612/890/69
f 8616/811/69 8615/548/69 8612/890/69
f 8617/892/69 8616/811/69 8612/890/69
f 8618/893/69 8617/892/69 8612/890/69
f 8619/894/69 8618/893/69 8612/890/69
f 8620/895/1965 8619/894/69 8612/890/69
f 8621/414/1966 8622/544/1966 8623/413/1966
f 8624/921/1967 8625/826/1967 8626/829/1967
f 8627/922/1967 8624/921/1967 8626/829/1967
f 8627/922/1967 8626/829/1967 8628/830/1967
f 8629/923/1967 8627/922/1967 8628/830/1967
f 8630/923/917 8631/830/917 8632/833/917
f 8633/929/917 8630/923/917 8632/833/917
f 8633/929/917 8632/833/917 8634/835/917
f 8635/930/917 8633/929/917 8634/835/917
f 8636/932/1968 8637/847/1968 8638/848/1968
f 8639/931/1968 8636/932/1968 8638/848/1968
f 8640/898/1968 8639/931/1968 8638/848/1968
f 8641/851/1968 8640/898/1968 8638/848/1968
f 8642/413/1797 8643/412/55 8644/516/55
f 8645/543/55 8642/413/1797 8644/516/55
f 8644/516/55 8646/680/55 8645/543/55
f 8647/681/55 8645/543/55 8646/680/55
f 8648/682/55 8645/543/55 8647/681/55
f 8649/622/55 8645/543/55 8648/682/55
f 8650/2/55 8645/543/55 8649/622/55
f 8651/416/55 8650/2/55 8649/622/55
f 8652/934/237 8653/843/237 8654/844/237
f 8655/933/237 8652/934/237 8654/844/237
f 8656/932/237 8655/933/237 8654/844/237
f 8657/847/237 8656/932/237 8654/844/237
f 8658/2/1040 8659/1/1040 8660/3/1040
f 8661/674/235 8662/675/235 8663/882/235
f 8664/928/235 8661/674/235 8663/882/235
f 8665/941/235 8664/928/235 8663/882/235
f 8666/883/235 8665/941/235 8663/882/235
f 8665/941/235 8666/883/235 8667/885/235
f 8668/942/235 8665/941/235 8667/885/235
f 8669/700/1969 8670/699/543 8671/622/1970
f 8670/699/543 8672/682/543 8671/622/1970
f 8672/682/543 8670/699/543 8673/698/1971
f 8674/681/544 8672/682/543 8673/698/1971
f 8675/697/1972 8674/681/544 8673/698/1971
f 8674/681/544 8675/697/1972 8676/696/1973
f 8677/680/500 8674/681/544 8676/696/1973
f 8678/694/500 8677/680/500 8676/696/1973
f 8677/680/500 8678/694/500 8679/516/1974
f 8678/694/500 8680/695/1975 8679/516/1974
f 8681/401/62 8682/374/62 8683/404/62
f 8681/401/62 8684/558/62 8682/374/62
f 8682/374/62 8684/558/62 8685/560/62
f 8682/374/62 8685/560/62 8686/561/62
f 8682/374/62 8686/561/62 8687/370/62
f 8687/370/62 8688/371/62 8682/374/62
f 8689/513/55 8690/514/55 8691/525/55
f 8690/514/55 8692/683/55 8691/525/55
f 8693/686/55 8692/683/55 8690/514/55
f 8692/683/55 8693/686/55 8694/685/55
f 8692/683/55 8694/685/55 8695/684/55
f 8695/684/55 8696/508/55 8692/683/55
f 8692/683/55 8696/508/55 8697/519/55
f 8696/508/55 8698/509/55 8697/519/55
f 8699/514/1976 8700/693/1977 8701/692/1978
f 8702/686/1979 8699/514/1976 8701/692/1978
f 8702/686/1979 8701/692/1978 8703/691/1980
f 8704/685/1981 8702/686/1979 8703/691/1980
f 8705/690/1982 8704/685/1981 8703/691/1980
f 8704/685/1981 8705/690/1982 8706/689/1983
f 8707/684/1984 8704/685/1981 8706/689/1983
f 8708/688/1985 8707/684/1984 8706/689/1983
f 8707/684/1984 8708/688/1985 8709/508/1986
f 8708/688/1985 8710/687/1987 8709/508/1986
f 8711/514/1988 8712/693/1989 8713/692/719
f 8714/686/1990 8711/514/1988 8713/692/719
f 8714/686/1990 8713/692/719 8715/691/1991
f 8716/685/1992 8714/686/1990 8715/691/1991
f 8717/690/720 8716/685/1992 8715/691/1991
f 8716/685/1992 8717/690/720 8718/689/1993
f 8719/684/1994 8716/685/1992 8718/689/1993
f 8720/688/721 8719/684/1994 8718/689/1993
f 8719/684/1994 8720/688/721 8721/508/1995
f 8720/688/721 8722/687/1996 8721/508/1995
f 8723/362/196 8724/363/69 8725/381/196
f 8726/405/69 8725/381/196 8724/363/69
f 8727/406/69 8726/405/69 8724/363/69
f 8728/407/69 8727/406/69 8724/363/69
f 8724/363/69 8729/384/69 8728/407/69
f 8724/363/69 8730/387/69 8729/384/69
f 8731/366/55 8732/388/55 8733/369/55
f 8731/366/55 8734/389/55 8732/388/55
f 8731/366/55 8735/390/55 8734/389/55
f 8731/366/55 8736/391/55 8735/390/55
f 8731/366/55 8737/379/55 8736/391/55
f 8731/366/55 8738/380/55 8737/379/55
f 8739/513/182 8740/514/182 8741/525/182
f 8740/514/182 8742/683/182 8741/525/182
f 8743/686/1997 8742/683/182 8740/514/182
f 8742/683/182 8743/686/1997 8744/685/182
f 8742/683/182 8744/685/182 8745/684/1997
f 8745/684/1997 8746/508/182 8742/683/182
f 8742/683/182 8746/508/182 8747/519/182
f 8746/508/182 8748/509/182 8747/519/182
f 8749/544/1998 8750/414/1998 8751/413/1998
f 8752/519/69 8753/509/69 8754/508/69
f 8755/683/69 8752/519/69 8754/508/69
f 8756/684/69 8755/683/69 8754/508/69
f 8755/683/69 8756/684/69 8757/685/69
f 8755/683/69 8757/685/69 8758/686/69
f 8758/686/69 8759/514/69 8755/683/69
f 8760/525/69 8755/683/69 8759/514/69
f 8761/513/69 8760/525/69 8759/514/69
f 8762/416/76 8763/622/76 8764/2/76
f 8763/622/76 8765/543/76 8764/2/76
f 8763/622/76 8766/682/76 8765/543/76
f 8766/682/76 8767/681/76 8765/543/76
f 8767/681/76 8768/680/76 8765/543/76
f 8769/516/76 8765/543/76 8768/680/76
f 8765/543/76 8769/516/76 8770/413/1999
f 8769/516/76 8771/412/76 8770/413/1999
f 8772/941/2000 8773/883/2000 8774/885/2000
f 8775/942/2000 8772/941/2000 8774/885/2000
f 8776/807/2000 8775/942/2000 8774/885/2000
f 8777/808/2000 8776/807/2000 8774/885/2000
f 8778/519/55 8779/509/55 8780/508/55
f 8781/683/55 8778/519/55 8780/508/55
f 8782/684/55 8781/683/55 8780/508/55
f 8781/683/55 8782/684/55 8783/685/55
f 8781/683/55 8783/685/55 8784/686/55
f 8784/686/55 8785/514/55 8781/683/55
f 8786/525/55 8781/683/55 8785/514/55
f 8787/513/55 8786/525/55 8785/514/55
f 8788/416/69 8789/622/69 8790/2/2001
f 8789/622/69 8791/543/69 8790/2/2001
f 8789/622/69 8792/682/69 8791/543/69
f 8792/682/69 8793/681/69 8791/543/69
f 8793/681/69 8794/680/69 8791/543/69
f 8795/516/69 8791/543/69 8794/680/69
f 8791/543/69 8795/516/69 8796/413/69
f 8795/516/69 8797/412/69 8796/413/69
f 8798/413/2002 8799/412/62 8800/516/62
f 8801/543/62 8798/413/2002 8800/516/62
f 8800/516/62 8802/680/62 8801/543/62
f 8803/681/62 8801/543/62 8802/680/62
f 8804/682/62 8801/543/62 8803/681/62
f 8805/622/62 8801/543/62 8804/682/62
f 8806/2/62 8801/543/62 8805/622/62
f 8807/416/62 8806/2/62 8805/622/62
f 8808/514/2003 8809/693/2004 8810/692/2005
f 8811/686/2006 8808/514/2003 8810/692/2005
f 8811/686/2006 8810/692/2005 8812/691/2007
f 8813/685/509 8811/686/2006 8812/691/2007
f 8814/690/509 8813/685/509 8812/691/2007
f 8813/685/509 8814/690/509 8815/689/2008
f 8816/684/2009 8813/685/509 8815/689/2008
f 8817/688/2010 8816/684/2009 8815/689/2008
f 8816/684/2009 8817/688/2010 8818/508/2011
f 8817/688/2010 8819/687/2012 8818/508/2011
f 8820/2240/821 8821/965/821 8822/965/821
f 8823/2240/821 8820/2240/821 8822/965/821
f 8823/2240/821 8822/965/821 8824/965/821
f 8825/2240/821 8823/2240/821 8824/965/821
f 8825/2240/821 8824/965/821 8826/2240/821
f 8824/965/821 8827/965/821 8826/2240/821
f 8828/513/76 8829/514/76 8830/525/76
f 8829/514/76 8831/683/76 8830/525/76
f 8832/686/76 8831/683/76 8829/514/76
f 8831/683/76 8832/686/76 8833/685/76
f 8831/683/76 8833/685/76 8834/684/76
f 8834/684/76 8835/508/76 8831/683/76
f 8831/683/76 8835/508/76 8836/519/76
f 8835/508/76 8837/509/76 8836/519/76
f 8838/2241/612 8839/956/612 8840/956/612
f 8841/2241/612 8838/2241/612 8840/956/612
f 8841/2241/612 8840/956/612 8842/2241/612
f 8840/956/612 8843/956/612 8842/2241/612
f 8842/2241/612 8843/956/612 8844/2241/612
f 8843/956/612 8845/956/612 8844/2241/612
f 8846/1748/77 8847/862/77 8848/864/77
f 8849/1749/77 8846/1748/77 8848/864/77
f 8850/1746/77 8849/1749/77 8848/864/77
f 8851/865/77 8850/1746/77 8848/864/77
f 8852/2241/143 8853/956/143 8854/2242/143
f 8855/2242/143 8852/2241/143 8854/2242/143
f 8855/2242/143 8854/2242/143 8856/2243/143
f 8857/2243/143 8855/2242/143 8856/2243/143
f 8857/2243/143 8856/2243/143 8858/2240/143
f 8856/2243/143 8859/965/143 8858/2240/143
f 8860/1746/2013 8861/865/2013 8862/867/2013
f 8863/1747/2013 8860/1746/2013 8862/867/2013
f 8863/1747/2013 8862/867/2013 8864/870/2013
f 8865/927/2013 8863/1747/2013 8864/870/2013
f 8866/413/1692 8867/412/62 8868/516/62
f 8869/543/62 8866/413/1692 8868/516/62
f 8868/516/62 8870/680/62 8869/543/62
f 8871/681/62 8869/543/62 8870/680/62
f 8872/682/62 8869/543/62 8871/681/62
f 8873/622/62 8869/543/62 8872/682/62
f 8874/2/1692 8869/543/62 8873/622/62
f 8875/416/62 8874/2/1692 8873/622/62
f 8876/2240/597 8877/965/597 8878/2243/597
f 8879/2243/597 8876/2240/597 8878/2243/597
f 8879/2243/597 8878/2243/597 8880/2242/597
f 8881/2242/597 8879/2243/597 8880/2242/597
f 8881/2242/597 8880/2242/597 8882/2241/597
f 8880/2242/597 8883/956/597 8882/2241/597
f 8884/531/74 8885/530/74 8886/822/74
f 8887/911/74 8884/531/74 8886/822/74
f 8888/912/74 8887/911/74 8886/822/74
f 8889/825/74 8888/912/74 8886/822/74
f 8890/2244/2014 8891/956/2014 8892/2242/2014
f 8893/2245/2014 8890/2244/2014 8892/2242/2014
f 8893/2245/2014 8892/2242/2014 8894/2243/2014
f 8895/2246/2014 8893/2245/2014 8894/2243/2014
f 8895/2246/2014 8894/2243/2014 8896/2247/2014
f 8894/2243/2014 8897/965/2014 8896/2247/2014
f 8898/413/69 8899/412/69 8900/516/69
f 8901/543/69 8898/413/69 8900/516/69
f 8900/516/69 8902/680/69 8901/543/69
f 8903/681/69 8901/543/69 8902/680/69
f 8904/682/69 8901/543/69 8903/681/69
f 8905/622/69 8901/543/69 8904/682/69
f 8906/2/987 8901/543/69 8905/622/69
f 8907/416/69 8906/2/987 8905/622/69
f 8908/2248/2015 8909/960/2015 8910/958/2015
f 8911/2249/2015 8908/2248/2015 8910/958/2015
f 8911/2249/2015 8910/958/2015 8912/957/2015
f 8913/2250/2015 8911/2249/2015 8912/957/2015
f 8913/2250/2015 8912/957/2015 8914/2244/2015
f 8912/957/2015 8915/956/2015 8914/2244/2015
f 8916/519/62 8917/509/62 8918/508/62
f 8919/683/62 8916/519/62 8918/508/62
f 8920/684/62 8919/683/62 8918/508/62
f 8919/683/62 8920/684/62 8921/685/62
f 8919/683/62 8921/685/62 8922/686/62
f 8922/686/62 8923/514/62 8919/683/62
f 8924/525/62 8919/683/62 8923/514/62
f 8925/513/62 8924/525/62 8923/514/62
f 8926/2251/2016 8927/966/2016 8928/2252/2016
f 8929/2253/2016 8926/2251/2016 8928/2252/2016
f 8929/2253/2016 8928/2252/2016 8930/2254/2016
f 8931/2255/2016 8929/2253/2016 8930/2254/2016
f 8931/2255/2016 8930/2254/2016 8932/2248/2016
f 8930/2254/2016 8933/960/2016 8932/2248/2016
f 8934/936/62 8935/937/62 8936/938/62
f 8937/542/62 8934/936/62 8936/938/62
f 8938/539/62 8937/542/62 8936/938/62
f 8939/910/497 8938/539/62 8936/938/62
f 8940/521/2017 8939/910/497 8936/938/62
f 8941/522/62 8940/521/2017 8936/938/62
f 8942/533/62 8941/522/62 8936/938/62
f 8943/939/62 8942/533/62 8936/938/62
f 8944/940/62 8943/939/62 8936/938/62
f 8945/2247/2018 8946/965/2018 8947/963/2018
f 8948/2256/2018 8945/2247/2018 8947/963/2018
f 8948/2256/2018 8947/963/2018 8949/961/2018
f 8950/2257/2018 8948/2256/2018 8949/961/2018
f 8950/2257/2018 8949/961/2018 8951/2251/2018
f 8949/961/2018 8952/966/2018 8951/2251/2018
f 8953/936/69 8954/937/2019 8955/938/69
f 8956/542/69 8953/936/69 8955/938/69
f 8957/539/69 8956/542/69 8955/938/69
f 8958/910/69 8957/539/69 8955/938/69
f 8959/521/69 8958/910/69 8955/938/69
f 8960/522/69 8959/521/69 8955/938/69
f 8961/533/69 8960/522/69 8955/938/69
f 8962/939/69 8961/533/69 8955/938/69
f 8963/940/69 8962/939/69 8955/938/69
f 8964/2258/2020 8965/960/2020 8966/2254/2020
f 8967/2254/2020 8964/2258/2020 8966/2254/2020
f 8967/2254/2020 8966/2254/2020 8968/2252/2020
f 8969/2252/2020 8967/2254/2020 8968/2252/2020
f 8969/2252/2020 8968/2252/2020 8970/2259/2020
f 8968/2252/2020 8971/966/2020 8970/2259/2020
f 8972/916/2021 8973/855/2021 8974/856/2022
f 8975/917/2022 8972/916/2021 8974/856/2022
f 8975/917/2022 8974/856/2022 8976/793/2021
f 8977/792/2021 8975/917/2022 8976/793/2021
f 8978/797/62 8979/798/62 8980/799/62
f 8981/679/62 8978/797/62 8980/799/62
f 8982/676/62 8981/679/62 8980/799/62
f 8983/800/2017 8982/676/62 8980/799/62
f 8984/801/2023 8983/800/2017 8980/799/62
f 8985/551/62 8984/801/2023 8980/799/62
f 8986/552/62 8985/551/62 8980/799/62
f 8987/802/62 8986/552/62 8980/799/62
f 8988/803/62 8987/802/62 8980/799/62
f 8989/2258/1660 8990/960/1660 8991/960/1660
f 8992/2258/1660 8989/2258/1660 8991/960/1660
f 8992/2258/1660 8991/960/1660 8993/2258/1660
f 8991/960/1660 8994/960/1660 8993/2258/1660
f 8993/2258/1660 8994/960/1660 8995/2258/1660
f 8994/960/1660 8996/960/1660 8995/2258/1660
f 8997/888/62 8998/889/62 8999/890/62
f 9000/891/62 8997/888/62 8999/890/62
f 9001/547/62 9000/891/62 8999/890/62
f 9002/548/2024 9001/547/62 8999/890/62
f 9003/811/2025 9002/548/2024 8999/890/62
f 9004/892/62 9003/811/2025 8999/890/62
f 9005/893/62 9004/892/62 8999/890/62
f 9006/894/62 9005/893/62 8999/890/62
f 9007/895/62 9006/894/62 8999/890/62
f 9008/2259/2026 9009/966/2026 9010/2252/2026
f 9011/2252/2026 9008/2259/2026 9010/2252/2026
f 9011/2252/2026 9010/2252/2026 9012/2254/2026
f 9013/2254/2026 9011/2252/2026 9012/2254/2026
f 9013/2254/2026 9012/2254/2026 9014/2258/2026
f 9012/2254/2026 9015/960/2026 9014/2258/2026
f 9016/1748/143 9017/862/143 9018/864/143
f 9019/1749/143 9016/1748/143 9018/864/143
f 9020/1746/143 9019/1749/143 9018/864/143
f 9021/865/143 9020/1746/143 9018/864/143
f 9022/2259/1661 9023/966/1661 9024/966/1661
f 9025/2259/1661 9022/2259/1661 9024/966/1661
f 9025/2259/1661 9024/966/1661 9026/966/1661
f 9027/2259/1661 9025/2259/1661 9026/966/1661
f 9027/2259/1661 9026/966/1661 9028/2259/1661
f 9026/966/1661 9029/966/1661 9028/2259/1661
f 9030/1746/2027 9031/865/2027 9032/867/2027
f 9033/1747/2027 9030/1746/2027 9032/867/2027
f 9033/1747/2027 9032/867/2027 9034/870/2027
f 9035/927/2027 9033/1747/2027 9034/870/2027
f 9036/927/2028 9037/870/2028 9038/872/2028
f 9039/926/2028 9036/927/2028 9038/872/2028
f 9040/925/2028 9039/926/2028 9038/872/2028
f 9041/874/2028 9040/925/2028 9038/872/2028
f 9042/2247/549 9043/965/549 9044/2243/549
f 9045/2246/549 9042/2247/549 9044/2243/549
f 9045/2246/549 9044/2243/549 9046/2242/549
f 9047/2245/549 9045/2246/549 9046/2242/549
f 9047/2245/549 9046/2242/549 9048/2244/549
f 9046/2242/549 9049/956/549 9048/2244/549
f 9050/791/2029 9051/794/2029 9052/795/2029
f 9053/796/2029 9050/791/2029 9052/795/2029
f 9054/1748/2029 9053/796/2029 9052/795/2029
f 9055/862/2029 9054/1748/2029 9052/795/2029
f 9056/2251/2030 9057/966/2030 9058/2260/2030
f 9059/2261/2030 9056/2251/2030 9058/2260/2030
f 9059/2261/2030 9058/2260/2030 9060/2262/2030
f 9061/2263/2030 9059/2261/2030 9060/2262/2030
f 9061/2263/2030 9060/2262/2030 9062/2247/2030
f 9060/2262/2030 9063/965/2030 9062/2247/2030
f 9064/531/597 9065/530/597 9066/822/597
f 9067/911/2031 9064/531/597 9066/822/597
f 9068/912/597 9067/911/2031 9066/822/597
f 9069/825/597 9068/912/597 9066/822/597
f 9070/2244/2032 9071/956/2032 9072/2264/2032
f 9073/2265/2032 9070/2244/2032 9072/2264/2032
f 9073/2265/2032 9072/2264/2032 9074/2266/2032
f 9072/2264/2032 9075/2267/2032 9074/2266/2032
f 9074/2266/2032 9075/2267/2032 9076/2248/2032
f 9075/2267/2032 9077/960/2032 9076/2248/2032
f 9078/797/69 9079/798/69 9080/799/69
f 9081/679/69 9078/797/69 9080/799/69
f 9082/676/69 9081/679/69 9080/799/69
f 9083/800/69 9082/676/69 9080/799/69
f 9084/801/69 9083/800/69 9080/799/69
f 9085/551/69 9084/801/69 9080/799/69
f 9086/552/69 9085/551/69 9080/799/69
f 9087/802/69 9086/552/69 9080/799/69
f 9088/803/69 9087/802/69 9080/799/69
f 9089/2248/1849 9090/960/1849 9091/2254/1849
f 9092/2255/1849 9089/2248/1849 9091/2254/1849
f 9092/2255/1849 9091/2254/1849 9093/2252/1849
f 9094/2253/1849 9092/2255/1849 9093/2252/1849
f 9094/2253/1849 9093/2252/1849 9095/2251/1849
f 9093/2252/1849 9096/966/1849 9095/2251/1849
f 9097/519/182 9098/509/182 9099/508/182
f 9100/683/182 9097/519/182 9099/508/182
f 9101/684/182 9100/683/182 9099/508/182
f 9100/683/182 9101/684/182 9102/685/182
f 9100/683/182 9102/685/182 9103/686/182
f 9103/686/182 9104/514/182 9100/683/182
f 9105/525/182 9100/683/182 9104/514/182
f 9106/513/182 9105/525/182 9104/514/182
f 9107/1019/55 9108/1026/55 9109/1025/55
f 9110/1020/55 9107/1019/55 9109/1025/55
f 9111/1021/55 9110/1020/55 9109/1025/55
f 9112/1022/55 9111/1021/55 9109/1025/55
f 9113/1023/55 9112/1022/55 9109/1025/55
f 9114/1024/55 9113/1023/55 9109/1025/55
f 9115/1605/159 9116/1604/159 9117/1604/159
f 9118/1605/159 9115/1605/159 9117/1604/159
f 9118/1605/159 9117/1604/159 9119/1604/159
f 9120/1605/159 9118/1605/159 9119/1604/159
f 9121/1019/69 9122/1020/69 9123/1021/69
f 9124/1026/69 9121/1019/69 9123/1021/69
f 9125/1025/69 9124/1026/69 9123/1021/69
f 9126/1024/69 9125/1025/69 9123/1021/69
f 9127/1023/69 9126/1024/69 9123/1021/69
f 9128/1022/69 9127/1023/69 9123/1021/69
f 9129/1606/144 9130/1605/144 9131/1605/144
f 9132/1606/144 9129/1606/144 9131/1605/144
f 9132/1606/144 9131/1605/144 9133/1605/144
f 9134/1606/144 9132/1606/144 9133/1605/144
f 9134/1606/144 9135/1608/2033 9132/1606/144
f 9135/1608/2033 9136/1608/2033 9132/1606/144
f 9136/1608/2033 9135/1608/2033 9137/1602/2034
f 9138/1602/1171 9136/1608/2033 9137/1602/2034
f 9139/1603/1498 9140/1603/1498 9141/1609/2035
f 9142/1609/2035 9139/1603/1498 9141/1609/2035
f 9142/1609/2035 9141/1609/2035 9143/1607/153
f 9144/1607/153 9142/1609/2035 9143/1607/153
f 9144/1607/153 9143/1607/153 9145/1604/153
f 9145/1604/153 9146/1604/153 9144/1607/153
f 9146/1604/153 9147/1607/153 9144/1607/153
f 9143/1607/153 9148/1604/153 9145/1604/153
f 9149/1031/69 9150/2268/69 9151/2269/69
f 9152/1033/69 9149/1031/69 9151/2269/69
f 9153/1031/69 9152/1033/69 9151/2269/69
f 9154/2268/69 9153/1031/69 9151/2269/69
f 9155/2269/69 9154/2268/69 9151/2269/69
f 9156/2270/69 9155/2269/69 9151/2269/69
f 9157/2271/69 9156/2270/69 9151/2269/69
f 9158/2272/69 9157/2271/69 9151/2269/69
f 9159/2273/69 9158/2272/69 9151/2269/69
f 9160/2272/69 9159/2273/69 9151/2269/69
f 9161/2271/69 9160/2272/69 9151/2269/69
f 9162/2270/69 9161/2271/69 9151/2269/69
f 9163/1608/46 9164/1602/46 9165/1603/46
f 9166/1606/46 9163/1608/46 9165/1603/46
f 9167/1607/46 9166/1606/46 9165/1603/46
f 9168/1609/46 9167/1607/46 9165/1603/46
f 9169/1027/55 9170/2274/55 9171/2275/55
f 9172/2276/55 9169/1027/55 9171/2275/55
f 9173/1027/55 9172/2276/55 9171/2275/55
f 9174/1028/55 9173/1027/55 9171/2275/55
f 9175/2277/55 9174/1028/55 9171/2275/55
f 9176/1028/55 9175/2277/55 9171/2275/55
f 9177/2278/55 9176/1028/55 9171/2275/55
f 9178/2279/55 9177/2278/55 9171/2275/55
f 9179/1601/229 9180/1596/229 9181/1597/229
f 9182/1600/229 9179/1601/229 9181/1597/229
f 9183/1599/229 9182/1600/229 9181/1597/229
f 9184/1598/229 9183/1599/229 9181/1597/229
f 9185/2280/55 9186/2281/55 9187/2282/55
f 9188/1029/55 9185/2280/55 9187/2282/55
f 9189/1030/55 9188/1029/55 9187/2282/55
f 9190/2283/55 9189/1030/55 9187/2282/55
f 9191/1597/46 9192/1596/46 9193/1601/46
f 9194/1598/46 9191/1597/46 9193/1601/46
f 9195/1599/46 9194/1598/46 9193/1601/46
f 9196/1600/46 9195/1599/46 9193/1601/46
f 9197/2276/1873 9198/1027/1884 9199/1030/1072
f 9200/2270/1882 9201/2269/1885 9202/2281/1882
f 9201/2269/1885 9203/2282/1885 9202/2281/1882
f 9201/2269/1885 9204/2268/1886 9203/2282/1885
f 9204/2268/1886 9205/2283/1886 9203/2282/1885
f 9204/2268/1886 9206/1031/1887 9205/2283/1886
f 9206/1031/1887 9199/1030/1072 9205/2283/1886
f 9199/1030/1072 9206/1031/1887 9207/1033/2036
f 9208/1032/1873 9199/1030/1072 9207/1033/2036
f 9208/1032/1873 9197/2276/1873 9199/1030/1072
f 9209/1027/1872 9197/2276/1873 9208/1032/1873
f 9210/1030/1872 9209/1027/1872 9208/1032/1873
f 9211/2274/1874 9209/1027/1872 9210/1030/1872
f 9212/2283/1874 9211/2274/1874 9210/1030/1872
f 9213/2275/1875 9211/2274/1874 9212/2283/1874
f 9214/2282/1875 9213/2275/1875 9212/2283/1874
f 9215/2279/1876 9213/2275/1875 9214/2282/1875
f 9216/2281/1876 9215/2279/1876 9214/2282/1875
f 9217/2278/1877 9215/2279/1876 9216/2281/1876
f 9218/1031/2037 9219/2268/1874 9210/1030/1872
f 9219/2268/1874 9212/2283/1874 9210/1030/1872
f 9219/2268/1874 9220/2269/1875 9212/2283/1874
f 9220/2269/1875 9214/2282/1875 9212/2283/1874
f 9220/2269/1875 9221/2270/1876 9214/2282/1875
f 9221/2270/1876 9216/2281/1876 9214/2282/1875
f 9221/2270/1876 9222/2271/1877 9216/2281/1876
f 9222/2271/1877 9223/2280/1877 9216/2281/1876
f 9222/2271/1877 9224/2272/1878 9223/2280/1877
f 9224/2272/1878 9225/1029/1878 9223/2280/1877
f 9224/2272/1878 9226/2273/1879 9225/1029/1878
f 9226/2273/1879 9227/2284/1879 9225/1029/1878
f 9226/2273/1879 9228/2272/1880 9227/2284/1879
f 9228/2272/1880 9229/1029/1075 9227/2284/1879
f 9229/1029/1075 9228/2272/1880 9230/2271/1881
f 9231/2280/1881 9229/1029/1075 9230/2271/1881
f 9230/2271/1881 9200/2270/1882 9231/2280/1881
f 9200/2270/1882 9202/2281/1882 9231/2280/1881
f 9223/2280/1877 9217/2278/1877 9216/2281/1876
f 9232/1028/1878 9217/2278/1877 9223/2280/1877
f 9225/1029/1878 9232/1028/1878 9223/2280/1877
f 9233/2277/1879 9232/1028/1878 9225/1029/1878
f 9227/2284/1879 9233/2277/1879 9225/1029/1878
f 9234/1028/1883 9233/2277/1879 9227/2284/1879
f 9229/1029/1075 9234/1028/1883 9227/2284/1879
f 9235/2285/1108 9236/2286/1353 9237/2287/2038
f 9238/2288/2039 9235/2285/1108 9237/2287/2038
f 9238/2288/2039 9237/2287/2038 9239/2289/1109
f 9237/2287/2038 9240/2290/2040 9239/2289/1109
f 9241/1594/229 9242/1595/229 9243/1590/229
f 9244/1593/229 9241/1594/229 9243/1590/229
f 9245/1592/229 9244/1593/229 9243/1590/229
f 9246/1591/229 9245/1592/229 9243/1590/229
f 9247/1115/46 9248/1114/46 9249/1121/46
f 9250/1116/46 9247/1115/46 9249/1121/46
f 9251/1117/46 9250/1116/46 9249/1121/46
f 9252/1118/46 9251/1117/46 9249/1121/46
f 9253/1119/46 9252/1118/46 9249/1121/46
f 9254/1120/46 9253/1119/46 9249/1121/46
f 9255/1592/46 9256/1591/46 9257/1590/46
f 9258/1593/46 9255/1592/46 9257/1590/46
f 9259/1594/46 9258/1593/46 9257/1590/46
f 9260/1595/46 9259/1594/46 9257/1590/46
f 9261/1121/229 9262/1114/229 9263/1115/229
f 9264/1120/229 9261/1121/229 9263/1115/229
f 9265/1119/229 9264/1120/229 9263/1115/229
f 9266/1118/229 9265/1119/229 9263/1115/229
f 9267/1117/229 9266/1118/229 9263/1115/229
f 9268/1116/229 9267/1117/229 9263/1115/229
f 9269/1984/158 9270/1983/158 9271/1983/2041
f 9272/1984/158 9269/1984/158 9271/1983/2041
f 9272/1984/158 9271/1983/2041 9273/1983/158
f 9274/1984/158 9272/1984/158 9273/1983/158
f 9275/1122/2042 9276/1136/2043 9277/1134/2043
f 9278/1123/2043 9275/1122/2042 9277/1134/2043
f 9279/1126/2043 9278/1123/2043 9277/1134/2043
f 9280/1128/2043 9279/1126/2043 9277/1134/2043
f 9281/1130/2043 9280/1128/2043 9277/1134/2043
f 9282/1132/2044 9281/1130/2043 9277/1134/2043
f 9283/1985/164 9284/1984/164 9285/1984/164
f 9286/1985/164 9283/1985/164 9285/1984/164
f 9286/1985/164 9285/1984/164 9287/1984/164
f 9288/1985/164 9286/1985/164 9287/1984/164
f 9288/1985/164 9289/1987/2045 9286/1985/164
f 9289/1987/2045 9290/1987/2045 9286/1985/164
f 9290/1987/2045 9289/1987/2045 9291/1981/1502
f 9292/1981/1502 9290/1987/2045 9291/1981/1502
f 9293/1587/46 9294/1589/46 9295/1582/46
f 9296/1584/46 9293/1587/46 9295/1582/46
f 9297/1588/46 9296/1584/46 9295/1582/46
f 9298/1583/46 9297/1588/46 9295/1582/46
f 9299/1135/2046 9300/1137/2046 9301/1125/2046
f 9302/1133/2046 9299/1135/2046 9301/1125/2046
f 9303/1131/2046 9302/1133/2046 9301/1125/2046
f 9304/1129/2046 9303/1131/2046 9301/1125/2046
f 9305/1127/2046 9304/1129/2046 9301/1125/2046
f 9306/1124/2046 9305/1127/2046 9301/1125/2046
f 9307/1581/229 9308/1576/229 9309/1577/229
f 9310/1580/229 9307/1581/229 9309/1577/229
f 9311/1579/229 9310/1580/229 9309/1577/229
f 9312/1578/229 9311/1579/229 9309/1577/229
f 9313/1143/2043 9314/1147/2047 9315/1146/2042
f 9316/1144/2043 9313/1143/2043 9315/1146/2042
f 9317/1139/2048 9316/1144/2043 9315/1146/2042
f 9318/1140/2043 9317/1139/2048 9315/1146/2042
f 9319/1150/2042 9318/1140/2043 9315/1146/2042
f 9320/1151/2049 9319/1150/2042 9315/1146/2042
f 9321/1577/46 9322/1576/46 9323/1581/46
f 9324/1578/46 9321/1577/46 9323/1581/46
f 9325/1579/46 9324/1578/46 9323/1581/46
f 9326/1580/46 9325/1579/46 9323/1581/46
f 9327/1153/2050 9328/1152/2046 9329/1149/2046
f 9330/1141/2046 9327/1153/2050 9329/1149/2046
f 9331/1138/2051 9330/1141/2046 9329/1149/2046
f 9332/1145/2052 9331/1138/2051 9329/1149/2046
f 9333/1142/2053 9332/1145/2052 9329/1149/2046
f 9334/1148/2054 9333/1142/2053 9329/1149/2046
f 9335/1571/137 9336/1570/137 9337/1570/137
f 9338/1571/137 9335/1571/137 9337/1570/137
f 9338/1571/137 9337/1570/137 9339/1570/137
f 9340/1571/137 9338/1571/137 9339/1570/137
f 9341/1162/2055 9342/1160/2056 9343/1158/2055
f 9344/1164/2055 9341/1162/2055 9343/1158/2055
f 9345/1166/2055 9344/1164/2055 9343/1158/2055
f 9346/1168/2055 9345/1166/2055 9343/1158/2055
f 9347/1154/2055 9346/1168/2055 9343/1158/2055
f 9348/1155/2055 9347/1154/2055 9343/1158/2055
f 9349/1572/153 9350/1571/153 9351/1571/153
f 9352/1572/153 9349/1572/153 9351/1571/153
f 9352/1572/153 9351/1571/153 9353/1571/153
f 9354/1572/153 9352/1572/153 9353/1571/153
f 9354/1572/153 9355/1575/2057 9352/1572/153
f 9355/1575/2057 9356/1575/2057 9352/1572/153
f 9356/1575/2057 9355/1575/2057 9357/1568/2058
f 9358/1568/2058 9356/1575/2057 9357/1568/2058
f 9359/1569/1501 9360/1569/1501 9361/1574/2059
f 9362/1574/2059 9359/1569/1501 9361/1574/2059
f 9362/1574/2059 9361/1574/2059 9363/1573/144
f 9364/1573/144 9362/1574/2059 9363/1573/144
f 9364/1573/144 9363/1573/144 9365/1570/144
f 9365/1570/144 9366/1570/144 9364/1573/144
f 9366/1570/144 9367/1573/144 9364/1573/144
f 9363/1573/144 9368/1570/144 9365/1570/144
f 9369/1167/2060 9370/1169/2060 9371/1157/2060
f 9372/1165/2060 9369/1167/2060 9371/1157/2060
f 9373/1163/2060 9372/1165/2060 9371/1157/2060
f 9374/1161/2060 9373/1163/2060 9371/1157/2060
f 9375/1159/2060 9374/1161/2060 9371/1157/2060
f 9376/1156/2060 9375/1159/2060 9371/1157/2060
f 9377/1572/46 9378/1575/46 9379/1568/46
f 9380/1573/46 9377/1572/46 9379/1568/46
f 9381/1574/46 9380/1573/46 9379/1568/46
f 9382/1569/46 9381/1574/46 9379/1568/46
f 9383/1184/2061 9384/1183/2062 9385/1172/2061
f 9386/1178/2055 9383/1184/2061 9385/1172/2061
f 9387/1179/2063 9386/1178/2055 9385/1172/2061
f 9388/1174/2055 9387/1179/2063 9385/1172/2061
f 9389/1175/2055 9388/1174/2055 9385/1172/2061
f 9390/1171/2064 9389/1175/2055 9385/1172/2061
f 9391/1566/229 9392/1567/229 9393/1562/229
f 9394/1565/229 9391/1566/229 9393/1562/229
f 9395/1564/229 9394/1565/229 9393/1562/229
f 9396/1563/229 9395/1564/229 9393/1562/229
f 9397/1182/2060 9398/1185/2060 9399/1181/2060
f 9400/1173/2060 9397/1182/2060 9399/1181/2060
f 9401/1170/2065 9400/1173/2060 9399/1181/2060
f 9402/1176/2065 9401/1170/2065 9399/1181/2060
f 9403/1177/2066 9402/1176/2065 9399/1181/2060
f 9404/1180/2067 9403/1177/2066 9399/1181/2060
f 9405/1564/46 9406/1563/46 9407/1562/46
f 9408/1565/46 9405/1564/46 9407/1562/46
f 9409/1566/46 9408/1565/46 9407/1562/46
f 9410/1567/46 9409/1566/46 9407/1562/46
f 9411/1194/2068 9412/1192/2069 9413/1190/2068
f 9414/1192/2070 9411/1194/2068 9413/1190/2068
f 9415/1190/2069 9414/1192/2070 9413/1190/2068
f 9416/1187/2068 9415/1190/2069 9413/1190/2068
f 9417/1186/2068 9416/1187/2068 9413/1190/2068
f 9418/1187/2070 9417/1186/2068 9413/1190/2068
f 9419/1557/148 9420/1556/148 9421/1556/2071
f 9422/1557/148 9419/1557/148 9421/1556/2071
f 9422/1557/148 9421/1556/2071 9423/1556/148
f 9424/1557/148 9422/1557/148 9423/1556/148
f 9425/1191/2072 9426/1188/1413 9427/1189/2072
f 9428/1193/1413 9425/1191/2072 9427/1189/2072
f 9429/1195/1413 9428/1193/1413 9427/1189/2072
f 9430/1193/1413 9429/1195/1413 9427/1189/2072
f 9431/1191/1413 9430/1193/1413 9427/1189/2072
f 9432/1188/1413 9431/1191/1413 9427/1189/2072
f 9433/1558/141 9434/1557/141 9435/1557/141
f 9436/1558/141 9433/1558/141 9435/1557/141
f 9436/1558/141 9435/1557/141 9437/1557/141
f 9438/1558/141 9436/1558/141 9437/1557/141
f 9438/1558/141 9439/1560/2073 9436/1558/141
f 9439/1560/2073 9440/1560/2073 9436/1558/141
f 9440/1560/2073 9439/1560/2073 9441/1554/1497
f 9442/1554/1497 9440/1560/2073 9441/1554/1497
f 9443/1555/1489 9444/1555/1489 9445/1561/2074
f 9446/1561/2074 9443/1555/1489 9445/1561/2074
f 9446/1561/2074 9445/1561/2074 9447/1559/164
f 9448/1559/164 9446/1561/2074 9447/1559/164
f 9448/1559/164 9447/1559/164 9449/1556/164
f 9449/1556/164 9450/1556/164 9448/1559/164
f 9450/1556/164 9451/1559/164 9448/1559/164
f 9447/1559/164 9452/1556/164 9449/1556/164
f 9453/1209/2070 9454/1197/2068 9455/1196/2069
f 9456/1210/2069 9453/1209/2070 9455/1196/2069
f 9457/1205/2070 9456/1210/2069 9455/1196/2069
f 9458/1206/2070 9457/1205/2070 9455/1196/2069
f 9459/1201/2069 9458/1206/2070 9455/1196/2069
f 9460/1202/2068 9459/1201/2069 9455/1196/2069
f 9461/1560/46 9462/1554/46 9463/1555/46
f 9464/1558/46 9461/1560/46 9463/1555/46
f 9465/1559/46 9464/1558/46 9463/1555/46
f 9466/1561/46 9465/1559/46 9463/1555/46
f 9467/1203/2072 9468/1199/1413 9469/1198/1413
f 9470/1200/1413 9467/1203/2072 9469/1198/1413
f 9471/1207/2072 9470/1200/1413 9469/1198/1413
f 9472/1204/1413 9471/1207/2072 9469/1198/1413
f 9473/1211/1413 9472/1204/1413 9469/1198/1413
f 9474/1208/1413 9473/1211/1413 9469/1198/1413
f 9475/1553/229 9476/1548/229 9477/1549/229
f 9478/1552/229 9475/1553/229 9477/1549/229
f 9479/1551/229 9478/1552/229 9477/1549/229
f 9480/1550/229 9479/1551/229 9477/1549/229
f 9481/1335/2075 9482/2291/2075 9483/1337/2076
f 9482/2291/2075 9481/1335/2075 9484/1334/2077
f 9485/2292/2077 9482/2291/2075 9484/1334/2077
f 9485/2292/2077 9484/1334/2077 9486/1332/2078
f 9487/2293/2078 9485/2292/2077 9486/1332/2078
f 9487/2293/2078 9486/1332/2078 9488/1330/2079
f 9489/2294/2079 9487/2293/2078 9488/1330/2079
f 9489/2294/2079 9488/1330/2079 9490/1327/2080
f 9491/2295/2080 9489/2294/2079 9490/1327/2080
f 9492/2296/2081 9491/2295/2080 9490/1327/2080
f 9493/1325/2081 9492/2296/2081 9490/1327/2080
f 9494/2297/2082 9492/2296/2081 9493/1325/2081
f 9495/1323/2082 9494/2297/2082 9493/1325/2081
f 9496/2298/2083 9494/2297/2082 9495/1323/2082
f 9497/1321/2083 9496/2298/2083 9495/1323/2082
f 9498/2299/2084 9496/2298/2083 9497/1321/2083
f 9499/1319/2084 9498/2299/2084 9497/1321/2083
f 9498/2299/2084 9499/1319/2084 9500/1318/2085
f 9501/2300/2085 9498/2299/2084 9500/1318/2085
f 9501/2300/2085 9500/1318/2085 9502/1316/2086
f 9503/2301/2086 9501/2300/2085 9502/1316/2086
f 9503/2301/2086 9502/1316/2086 9504/1314/2087
f 9505/2302/2087 9503/2301/2086 9504/1314/2087
f 9505/2302/2087 9504/1314/2087 9506/1311/2070
f 9507/2303/2070 9505/2302/2087 9506/1311/2070
f 9508/2304/2088 9507/2303/2070 9506/1311/2070
f 9509/1310/2088 9508/2304/2088 9506/1311/2070
f 9510/2305/2089 9508/2304/2088 9509/1310/2088
f 9511/1339/2089 9510/2305/2089 9509/1310/2088
f 9512/2306/2076 9510/2305/2089 9511/1339/2089
f 9483/1337/2076 9512/2306/2076 9511/1339/2089
f 9482/2291/2075 9512/2306/2076 9483/1337/2076
f 9513/1244/46 9514/1245/46 9515/1246/46
f 9516/1232/46 9513/1244/46 9515/1246/46
f 9517/1231/46 9516/1232/46 9515/1246/46
f 9518/1230/46 9517/1231/46 9515/1246/46
f 9519/1229/46 9518/1230/46 9515/1246/46
f 9520/1228/46 9519/1229/46 9515/1246/46
f 9521/1274/46 9520/1228/46 9515/1246/46
f 9522/1273/46 9521/1274/46 9515/1246/46
f 9523/1271/46 9522/1273/46 9515/1246/46
f 9524/1264/46 9523/1271/46 9515/1246/46
f 9525/1265/46 9524/1264/46 9515/1246/46
f 9526/1268/46 9525/1265/46 9515/1246/46
f 9527/1267/46 9526/1268/46 9515/1246/46
f 9528/1262/46 9527/1267/46 9515/1246/46
f 9529/1549/46 9530/1548/46 9531/1553/46
f 9532/1550/46 9529/1549/46 9531/1553/46
f 9533/1551/46 9532/1550/46 9531/1553/46
f 9534/1552/46 9533/1551/46 9531/1553/46
f 9535/2145/229 9536/2142/229 9537/2139/229
f 9538/2147/229 9535/2145/229 9537/2139/229
f 9539/2148/229 9538/2147/229 9537/2139/229
f 9540/2150/229 9539/2148/229 9537/2139/229
f 9541/2153/229 9540/2150/229 9537/2139/229
f 9542/2155/229 9541/2153/229 9537/2139/229
f 9543/2156/229 9542/2155/229 9537/2139/229
f 9544/2158/229 9543/2156/229 9537/2139/229
f 9545/2161/229 9544/2158/229 9537/2139/229
f 9546/2163/229 9545/2161/229 9537/2139/229
f 9547/2164/229 9546/2163/229 9537/2139/229
f 9548/2166/229 9547/2164/229 9537/2139/229
f 9549/2169/229 9548/2166/229 9537/2139/229
f 9550/2170/229 9549/2169/229 9537/2139/229
f 9551/1544/62 9552/1543/62 9553/1543/62
f 9554/1544/62 9551/1544/62 9553/1543/62
f 9554/1544/62 9553/1543/62 9555/1543/62
f 9556/1544/62 9554/1544/62 9555/1543/62
f 9557/1324/46 9558/1326/46 9559/1328/46
f 9560/1322/46 9557/1324/46 9559/1328/46
f 9561/1320/46 9560/1322/46 9559/1328/46
f 9562/1317/46 9561/1320/46 9559/1328/46
f 9563/1315/46 9562/1317/46 9559/1328/46
f 9564/1313/46 9563/1315/46 9559/1328/46
f 9565/1312/46 9564/1313/46 9559/1328/46
f 9566/1308/46 9565/1312/46 9559/1328/46
f 9567/1309/46 9566/1308/46 9559/1328/46
f 9568/1338/46 9567/1309/46 9559/1328/46
f 9569/1336/46 9568/1338/46 9559/1328/46
f 9570/1333/46 9569/1336/46 9559/1328/46
f 9571/1331/46 9570/1333/46 9559/1328/46
f 9572/1329/46 9571/1331/46 9559/1328/46
f 9573/1545/55 9574/1544/55 9575/1544/55
f 9576/1545/55 9573/1545/55 9575/1544/55
f 9576/1545/55 9575/1544/55 9577/1544/55
f 9578/1545/55 9576/1545/55 9577/1544/55
f 9578/1545/55 9579/1546/2090 9576/1545/55
f 9579/1546/2090 9580/1546/2090 9576/1545/55
f 9580/1546/2090 9579/1546/2090 9581/1540/1492
f 9582/1540/1492 9580/1546/2090 9581/1540/1492
f 9583/1541/2091 9584/1541/2091 9585/1547/2092
f 9586/1547/2092 9583/1541/2091 9585/1547/2092
f 9586/1547/2092 9585/1547/2092 9587/1542/69
f 9588/1542/69 9586/1547/2092 9587/1542/69
f 9588/1542/69 9587/1542/69 9589/1543/69
f 9589/1543/69 9590/1543/69 9588/1542/69
f 9590/1543/69 9591/1542/69 9588/1542/69
f 9587/1542/69 9592/1543/69 9589/1543/69
f 9593/1545/46 9594/1546/46 9595/1540/46
f 9596/1542/46 9593/1545/46 9595/1540/46
f 9597/1547/46 9596/1542/46 9595/1540/46
f 9598/1541/46 9597/1547/46 9595/1540/46
