# This file uses centimeters as units for non-parametric coordinates.

mtllib StartingShip_Blockout.mtl
g default
v -0.719749 -0.526769 10.144194
v 0.719749 -0.526769 10.144194
v -0.317794 0.457443 9.832836
v 0.317794 0.457443 9.832836
v -0.433362 0.724024 8.392310
v 0.433362 0.724024 8.392310
v -0.719749 -0.239834 10.144194
v -0.835317 0.130239 8.144441
v 0.835317 0.130239 8.144441
v 0.719749 -0.239834 10.144194
v -0.835317 -0.239834 8.144441
v -0.835317 -0.526769 8.572111
v 0.835317 -0.239834 8.144441
v 0.835317 -0.526769 8.572111
v -0.775351 -1.094235 8.572111
v 0.775351 -1.094235 8.572111
v 0.659783 -0.879863 10.144194
v -0.659783 -0.879863 10.144194
v 0.388014 0.619419 8.957568
v -0.388014 0.619419 8.957568
v 0.793120 -0.004884 8.874606
v 0.795625 -0.239834 8.831271
v -0.793120 -0.004884 8.874606
v -0.795625 -0.239834 8.831271
v -0.786494 -0.988785 8.572111
v -0.670926 -0.814250 10.144194
v 0.670926 -0.814250 10.144194
v 0.786494 -0.988785 8.572111
v -0.835317 0.525388 6.009186
v 0.835317 0.525388 6.009186
v 0.835317 0.155315 6.009186
v -0.835317 0.155315 6.009186
v -0.433362 1.119174 6.257055
v 0.433362 1.119174 6.257055
v 0.918317 0.154090 8.148854
v 0.918317 0.155315 6.009186
v 0.918317 0.549240 6.013600
v -0.918317 0.154090 8.148854
v -0.918317 0.549240 6.013600
v -0.918317 0.155315 6.009186
v -0.478821 0.805639 8.407413
v 0.478821 0.805639 8.407413
v 0.478821 1.200788 6.272159
v -0.478821 1.200788 6.272159
v 0.918317 -0.125092 8.145726
v 0.918317 -0.216174 8.016586
v -0.918317 -0.125092 8.145726
v -0.918317 -0.216174 8.016586
v 0.835317 -0.125092 8.144441
v -0.835317 -0.125092 8.144441
v 0.835317 -0.216174 8.016586
v -0.835317 -0.216174 8.016586
v 1.747540 -1.560950 -0.705753
v 2.638612 -2.363275 -0.705753
v 1.911572 -1.378774 -0.705753
v 2.802644 -2.181098 -0.705753
v 1.911572 -1.378774 -0.975853
v 2.802644 -2.181098 -0.975853
v 1.747540 -1.560950 -0.975853
v 2.638612 -2.363275 -0.975853
v 2.086435 -2.440456 -0.670001
v 3.042862 -2.440456 -0.670001
v 2.086435 -2.152899 -0.670001
v 3.042862 -2.152899 -0.670001
v 2.086435 -2.152899 -1.404857
v 3.042862 -2.152899 -1.404857
v 2.086435 -2.440456 -1.404857
v 3.042862 -2.440456 -1.404857
v 1.747540 -1.560950 -1.117794
v 2.638612 -2.363275 -1.117794
v 1.911572 -1.378774 -1.117794
v 2.802644 -2.181098 -1.117794
v 1.911572 -1.378774 -1.387894
v 2.802644 -2.181098 -1.387894
v 1.747540 -1.560950 -1.387894
v 2.638612 -2.363275 -1.387894
v -1.747540 -1.560950 -0.705753
v -2.638612 -2.363275 -0.705753
v -1.911572 -1.378774 -0.705753
v -2.802644 -2.181098 -0.705753
v -1.911572 -1.378774 -0.975853
v -2.802644 -2.181098 -0.975853
v -1.747540 -1.560950 -0.975853
v -2.638612 -2.363275 -0.975853
v -2.086435 -2.440456 -0.670001
v -3.042862 -2.440456 -0.670001
v -2.086435 -2.152899 -0.670001
v -3.042862 -2.152899 -0.670001
v -2.086435 -2.152899 -1.404857
v -3.042862 -2.152899 -1.404857
v -2.086435 -2.440456 -1.404857
v -3.042862 -2.440456 -1.404857
v -1.747540 -1.560950 -1.117794
v -2.638612 -2.363275 -1.117794
v -1.911572 -1.378774 -1.117794
v -2.802644 -2.181098 -1.117794
v -1.911572 -1.378774 -1.387894
v -2.802644 -2.181098 -1.387894
v -1.747540 -1.560950 -1.387894
v -2.638612 -2.363275 -1.387894
v -0.331676 -1.560950 3.395267
v -0.331676 -2.363275 4.286339
v -0.331676 -1.378774 3.559299
v -0.331676 -2.181098 4.450371
v -0.061575 -1.378774 3.559299
v -0.061575 -2.181098 4.450371
v -0.061575 -1.560950 3.395267
v -0.061575 -2.363275 4.286339
v -0.367428 -2.440456 3.734162
v -0.367428 -2.440456 4.690589
v -0.367428 -2.152899 3.734162
v -0.367428 -2.152899 4.690589
v 0.367428 -2.152899 3.734162
v 0.367428 -2.152899 4.690589
v 0.367428 -2.440456 3.734162
v 0.367428 -2.440456 4.690589
v 0.080365 -1.560950 3.395267
v 0.080365 -2.363275 4.286339
v 0.080365 -1.378774 3.559299
v 0.080365 -2.181098 4.450371
v 0.350466 -1.378774 3.559299
v 0.350466 -2.181098 4.450371
v 0.350466 -1.560950 3.395267
v 0.350466 -2.363275 4.286339
v 0.853527 1.177501 -2.087989
v 0.853527 1.177501 -7.006206
v -0.853527 1.177501 -7.006206
v -0.853527 0.252303 -7.006206
v -0.853527 1.177501 -2.087989
v 0.853527 0.252303 -7.006206
v -0.853527 -0.125679 -5.969711
v 0.853527 -0.125679 -5.969711
v 0.775466 -1.356902 -2.087989
v 0.832611 -1.299517 -2.087989
v 0.853527 -1.221128 -2.087989
v 0.697405 -1.377906 -2.087989
v 0.853527 -1.024315 -4.233538
v 0.832611 -1.101124 -4.250762
v 0.775466 -1.157353 -4.263370
v 0.697405 -1.177934 -4.267985
v -0.832611 -1.299517 -2.087989
v -0.775466 -1.356902 -2.087989
v -0.697405 -1.377906 -2.087989
v -0.853527 -1.221128 -2.087989
v -0.697405 -1.177934 -4.267985
v -0.775466 -1.157353 -4.263370
v -0.832611 -1.101124 -4.250762
v -0.853527 -1.024315 -4.233538
v 0.832611 -0.474270 -5.969711
v 0.775466 -0.535096 -5.969711
v 0.697405 -0.557359 -5.969711
v 0.853527 -0.391180 -5.969711
v -0.775466 -0.535096 -5.969711
v -0.832611 -0.474270 -5.969711
v -0.853527 -0.391180 -5.969711
v -0.697405 -0.557359 -5.969711
v -1.207791 -0.239835 8.144441
v -1.207791 -0.526770 8.572111
v 1.207791 -0.239835 8.144441
v 1.207791 -0.526770 8.572111
v -0.989575 -1.265625 8.572111
v 0.989575 -1.265625 8.572111
v 1.207791 0.160247 5.982523
v -1.207791 0.160247 5.982523
v -0.889765 -1.589402 6.197714
v 0.889765 -1.589402 6.197714
v -0.889765 -1.643874 2.954233
v 0.889765 -1.643874 2.954233
v -1.207791 -0.282039 2.739043
v 1.207791 -0.282039 2.739043
v -1.207791 -0.526770 2.775877
v 1.207791 -0.526770 2.775877
v -1.364086 2.265457 -0.841561
v 1.364086 2.265457 -0.841561
v -1.364086 2.265457 -4.582150
v 1.364086 2.265457 -4.582150
v 0.000000 2.265457 -0.841561
v 0.000000 2.265457 -4.582150
v 0.862713 2.265457 -0.841561
v -0.862713 2.265457 -0.841561
v 1.809218 1.158748 -0.927195
v -1.809218 1.158748 -0.927195
v -1.215990 1.996250 1.350950
v -1.660874 1.006973 1.265474
v 1.660874 1.006973 1.265474
v 1.215990 1.996250 1.350950
v 0.758964 1.996250 1.350950
v 0.000000 1.996250 1.350950
v -0.758964 1.996250 1.350950
v -0.862713 2.425457 -0.831776
v 0.000000 2.425457 -0.831776
v 0.000000 2.425457 -4.582150
v 1.473293 2.425338 -0.829504
v 1.958367 1.217105 -0.920514
v 1.475272 2.425433 -4.584004
v 0.862713 2.425457 -0.831776
v -1.473293 2.425338 -0.829504
v -1.475272 2.425433 -4.584004
v -1.958367 1.217105 -0.920514
v -1.807886 1.068108 1.281281
v -1.321657 2.154335 1.376326
v 1.807886 1.068108 1.281281
v 1.321657 2.154335 1.376326
v 0.758964 2.155057 1.370449
v 0.000000 2.155057 1.370449
v -0.758964 2.155057 1.370449
v 1.364086 2.265457 -5.525649
v 1.557874 1.618503 -5.525941
v 1.475769 2.425457 -5.527504
v 1.708050 1.673648 -5.528435
v 0.862713 2.265457 -5.525649
v 0.862713 2.425457 -5.525649
v -1.364086 2.265457 -5.525649
v -0.862713 2.265457 -5.525649
v -1.475769 2.425457 -5.527504
v -0.862713 2.425457 -5.525649
v -1.557874 1.618503 -5.525941
v -1.708050 1.673648 -5.528435
v -0.862713 2.265457 -5.169485
v -0.275378 2.265457 -4.582150
v -0.862713 2.265457 -4.080827
v -0.862713 2.425457 -5.169485
v -1.363590 2.425457 -4.583665
v -0.862713 2.425457 -4.081271
v -0.275378 2.425457 -4.582150
v 0.862713 2.265457 -5.169485
v 0.862713 2.265457 -4.080827
v 0.275377 2.265457 -4.582150
v 0.862713 2.425457 -5.169485
v 0.275377 2.425457 -4.582150
v 0.862713 2.425457 -4.081271
v 1.363590 2.425457 -4.583665
v 1.746158 1.042438 1.274644
v 1.277289 2.087957 1.365671
v 0.758964 2.088377 1.362261
v 0.000000 2.088377 1.362261
v -0.758964 2.088377 1.362261
v -1.277289 2.087957 1.365671
v -1.746158 1.042438 1.274644
v 1.730894 1.014396 1.517555
v 1.268589 2.057082 1.608667
v 1.792623 1.040067 1.524192
v 1.312957 2.123460 1.619322
v 0.757904 2.056615 1.605201
v 0.757904 2.123296 1.613389
v -0.000000 2.058518 1.605435
v 0.000000 2.125199 1.613622
v -0.757904 2.056615 1.605201
v -0.757904 2.123296 1.613389
v -1.268589 2.057082 1.608667
v -1.312957 2.123460 1.619322
v -1.730894 1.014396 1.517555
v -1.792623 1.040067 1.524192
v 1.660495 1.336261 -4.794453
v 1.701025 1.238698 -4.336905
v 1.723742 1.201422 -3.869379
v 1.488419 1.878894 -4.582737
v 1.602897 1.492315 -5.233618
v 1.850865 1.294715 -4.339376
v 1.810453 1.391972 -4.797002
v 1.752964 1.547750 -5.236280
v 1.635830 1.933157 -4.584942
v 1.873454 1.257770 -3.871816
v -1.701025 1.238698 -4.336905
v -1.660495 1.336261 -4.794453
v -1.602897 1.492315 -5.233618
v -1.488419 1.878894 -4.582737
v -1.723742 1.201422 -3.869379
v -1.810453 1.391972 -4.797002
v -1.850865 1.294715 -4.339376
v -1.873454 1.257770 -3.871816
v -1.635830 1.933157 -4.584942
v -1.752964 1.547750 -5.236280
v 1.707080 2.440455 -9.949989
v 1.503984 2.370523 -9.949989
v 1.725462 1.727308 -6.796492
v 1.646486 1.956668 -6.796492
v 1.849582 2.026600 -6.796492
v 1.928558 1.797237 -6.796492
v 1.784201 2.216483 -9.949989
v 1.863176 1.987121 -9.949989
v 1.581104 2.146552 -9.949989
v 1.660080 1.917190 -9.949989
v 1.707080 2.440455 -7.931613
v 1.503984 2.370523 -7.931613
v 1.646486 1.956668 -7.931613
v 1.725462 1.727308 -7.931613
v 1.867963 1.313451 -7.931613
v 2.071060 1.383383 -7.931613
v 1.928558 1.797237 -7.931613
v 1.849582 2.026600 -7.931613
v 1.707080 2.440455 -7.135835
v 1.503984 2.370523 -7.135835
v 1.646486 1.956668 -7.135835
v 1.725462 1.727308 -7.135835
v 1.867963 1.313451 -7.135835
v 2.071060 1.383383 -7.135835
v 1.928558 1.797237 -7.135835
v 1.849582 2.026600 -7.135835
v 0.679342 1.623655 -6.557176
v 0.758318 1.394292 -6.557176
v 0.679342 1.623655 -7.352954
v 0.758318 1.394292 -7.352954
v 1.503984 2.370523 -6.966486
v 1.559328 2.209793 -6.796492
v 1.762425 2.279723 -6.796492
v 1.707080 2.440455 -6.966486
v 1.867963 1.313451 -6.966486
v 1.812619 1.474184 -6.796492
v 2.015716 1.544114 -6.796492
v 2.071060 1.383383 -6.966486
v 2.071060 1.383383 -8.195718
v 2.040089 1.473327 -8.882652
v 1.949509 1.736392 -9.517885
v 1.746413 1.666461 -9.517885
v 1.836993 1.403395 -8.882652
v 1.867963 1.313451 -8.195718
v -1.707080 2.440456 -9.949989
v -1.503984 2.370524 -9.949989
v -1.725462 1.727308 -6.796492
v -1.646486 1.956669 -6.796492
v -1.849582 2.026601 -6.796492
v -1.928558 1.797238 -6.796492
v -1.784201 2.216484 -9.949989
v -1.863176 1.987122 -9.949989
v -1.581104 2.146553 -9.949989
v -1.660080 1.917191 -9.949989
v -1.707080 2.440456 -7.931613
v -1.503984 2.370524 -7.931613
v -1.646486 1.956669 -7.931613
v -1.725462 1.727308 -7.931613
v -1.867963 1.313452 -7.931613
v -2.071060 1.383384 -7.931613
v -1.928558 1.797238 -7.931613
v -1.849582 2.026601 -7.931613
v -1.707080 2.440456 -7.135835
v -1.503984 2.370524 -7.135835
v -1.646486 1.956669 -7.135835
v -1.725462 1.727308 -7.135835
v -1.867963 1.313452 -7.135835
v -2.071060 1.383384 -7.135835
v -1.928558 1.797238 -7.135835
v -1.849582 2.026601 -7.135835
v -0.679342 1.623656 -6.557176
v -0.758318 1.394293 -6.557176
v -0.679342 1.623656 -7.352954
v -0.758318 1.394293 -7.352954
v -1.503984 2.370524 -6.966486
v -1.559328 2.209794 -6.796492
v -1.762425 2.279724 -6.796492
v -1.707080 2.440456 -6.966486
v -1.867963 1.313452 -6.966486
v -1.812619 1.474185 -6.796492
v -2.015716 1.544115 -6.796492
v -2.071060 1.383384 -6.966486
v -2.071060 1.383384 -8.195718
v -2.040089 1.473328 -8.882652
v -1.949509 1.736392 -9.517885
v -1.746413 1.666461 -9.517885
v -1.836993 1.403396 -8.882652
v -1.867963 1.313452 -8.195718
v 0.947220 1.876824 1.793587
v 0.947220 -0.349579 1.793587
v 3.433924 1.165961 0.925732
v 3.433924 0.477394 0.925732
v 4.268066 0.888561 -3.078771
v 3.433924 0.477394 -3.078770
v 0.947220 1.992934 -3.078771
v 0.947220 -0.349579 -3.078770
v 6.782566 0.052346 -0.230437
v 6.782566 -0.176484 -0.230437
v 6.782565 -0.176484 -2.610314
v 6.782565 0.052346 -2.610315
v 3.433924 1.165961 -1.910721
v 0.947220 1.992934 -1.910721
v 0.947220 -0.349579 -1.910720
v 3.433924 0.477394 -1.910721
v 6.782565 -0.176484 -1.910721
v 6.782565 0.052346 -1.910721
v -0.947220 1.876824 1.793587
v -0.947220 -0.349579 1.793587
v -3.433924 1.165961 0.925732
v -3.433924 0.477394 0.925732
v -4.268067 0.888561 -3.078771
v -3.433924 0.477394 -3.078770
v -0.947220 1.992934 -3.078771
v -0.947220 -0.349579 -3.078770
v -2.575430 1.451460 0.925732
v -2.575430 0.191893 0.925732
v -6.782566 0.052346 -0.230437
v -6.782566 -0.176484 -0.230437
v -6.782565 -0.176484 -2.610314
v -6.782565 0.052346 -2.610315
v -3.433924 1.165961 -1.910721
v -2.575430 1.451460 -1.910721
v -0.947220 1.992934 -1.910721
v -0.947220 -0.349579 -1.910720
v -2.575430 0.191893 -1.910720
v -3.433924 0.477394 -1.910721
v -6.782565 -0.176484 -1.910721
v -6.782565 0.052346 -1.910721
v 1.054194 1.598813 2.646684
v 1.054194 0.044540 2.646684
v 2.704140 0.593242 2.646684
v 2.704140 1.050111 2.646684
v -1.054194 1.598813 2.646684
v -1.054194 0.044540 2.646684
v -2.704140 1.050111 2.646684
v -2.704140 0.593242 2.646684
v 4.268066 0.622992 -3.078771
v -4.268067 0.622992 -3.078771
v 0.947220 1.727363 -3.078771
v -0.947220 1.727363 -3.078771
v 0.947220 1.727363 -3.963267
v 0.947220 1.992934 -3.963267
v -0.947220 1.992934 -3.963267
v -0.947220 1.727363 -3.963267
v 4.171737 0.333323 -3.078770
v -4.171737 0.333323 -3.078770
v 1.446854 1.468232 2.646683
v 1.908380 0.328606 2.646684
v -1.446853 1.468232 2.646683
v -1.908380 0.328606 2.646684
v 1.803154 0.588435 2.646683
v 2.073067 0.383374 2.646684
v -1.803154 0.588435 2.646683
v -2.073067 0.383374 2.646684
v 1.499054 1.419257 2.646683
v 1.827866 0.607336 2.646683
v 2.078615 0.416834 2.646684
v 2.674140 0.614881 2.646684
v 2.674140 1.028472 2.646684
v -2.674141 1.028472 2.646684
v -2.674141 0.614881 2.646684
v -1.827866 0.607336 2.646683
v -2.078615 0.416834 2.646684
v -1.499054 1.419257 2.646683
v 1.499055 1.419257 2.072151
v 1.827867 0.607336 2.072151
v 2.078615 0.416834 2.072152
v 2.674140 0.614881 2.072152
v 2.674140 1.028472 2.072152
v -2.674141 1.028472 2.072152
v -2.674141 0.614881 2.072152
v -1.827866 0.607336 2.072151
v -2.078615 0.416834 2.072152
v -1.499054 1.419257 2.072151
v -0.842220 1.316814 6.884505
v 0.842220 1.316814 6.884505
v -1.364086 2.265457 -0.841561
v 1.364086 2.265457 -0.841561
v -1.364086 2.265457 -3.259862
v 1.364086 2.265457 -3.259862
v -1.663581 -0.643858 5.176751
v -1.286476 0.623916 6.799429
v 1.663581 -0.643858 5.176751
v 1.286476 0.623916 6.799429
v -1.364086 2.265457 -8.029290
v 1.364086 2.265457 -8.029290
v 1.675606 1.225454 -8.029297
v -1.675606 1.225454 -8.029297
v 0.000000 1.316814 6.884505
v 0.000000 2.265457 -0.841561
v 0.000000 2.265457 -3.259862
v 0.000000 2.265457 -8.500294
v 0.000000 0.972600 -8.500301
v 0.000000 -1.170875 4.502200
v 1.165432 -1.170875 4.502200
v 1.174234 0.972600 -8.500301
v 0.862713 2.265457 -8.500294
v 0.862713 2.265457 -3.259862
v 0.862713 2.265457 -0.841561
v 0.497117 1.316814 6.884505
v -1.165432 -1.170875 4.502200
v -1.174234 0.972600 -8.500301
v -0.862713 2.265457 -8.500294
v -0.862713 2.265457 -3.259862
v -0.862713 2.265457 -0.841561
v -0.497117 1.316814 6.884505
v 1.809218 1.158748 -0.927195
v -1.809218 1.158748 -0.927195
v 1.112292 1.225454 -8.500300
v 0.000000 1.225454 -8.500301
v -1.112293 1.225454 -8.500300
v -0.497117 1.161976 6.865494
v 0.000000 1.161976 6.865494
v -1.075722 -1.074832 4.625130
v 0.000000 -1.074832 4.625130
v 1.075722 -1.074832 4.625130
v 1.499745 -0.626236 5.199305
v 1.136306 0.623916 6.799429
v 0.497117 1.161976 6.865494
v 0.756585 1.161976 6.865494
v -1.136306 0.623916 6.799429
v -0.756585 1.161976 6.865494
v -1.499745 -0.626236 5.199305
v -0.497117 1.173427 5.527353
v -0.901248 0.815853 5.483449
v 0.000000 0.815853 5.483449
v 0.000000 1.173427 5.527353
v -1.075722 -0.770945 3.452441
v 0.000000 -0.770945 3.452441
v 0.901248 0.815853 5.483449
v 1.075722 -0.770945 3.452441
v 1.499745 -0.322350 4.026617
v 1.136306 0.815853 5.483449
v 0.497117 1.173427 5.527353
v 0.756585 1.173427 5.527353
v -1.136306 0.815852 5.483449
v -0.756585 1.173427 5.527353
v -1.499745 -0.322350 4.026617
v -1.215990 1.996250 1.350950
v -1.660874 1.006973 1.265474
v -1.865543 -0.975810 -0.356270
v -1.378298 -1.517189 -0.449324
v 0.000000 -1.517189 -0.449324
v 1.378298 -1.517189 -0.449324
v 1.865543 -0.975810 -0.356270
v 1.660874 1.006973 1.265474
v 1.215990 1.996250 1.350950
v 0.758964 1.996250 1.350950
v 0.000000 1.996250 1.350950
v -0.758964 1.996250 1.350950
v -1.917531 -0.641411 -2.215201
v -1.886368 -0.595802 -3.103328
v -1.922857 -1.070013 -1.926458
v -1.415167 -1.221984 -2.897736
v -1.434726 -1.608991 -1.761899
v 0.000000 -1.241004 -2.876338
v 0.000000 -1.610989 -1.790458
v 1.415166 -1.221984 -2.897736
v 1.434725 -1.608991 -1.761899
v 1.917531 -0.641411 -2.215201
v 1.922857 -1.070013 -1.926458
v 1.886368 -0.595802 -3.103328
v -1.714261 0.891427 -4.716229
v -1.709666 1.208450 -4.020261
v -1.519862 1.745403 -4.169263
v -1.675606 1.225454 -5.629666
v -1.174234 0.972600 -5.873273
v -1.211089 0.636903 -4.989154
v 0.000000 0.972600 -5.859642
v 0.000000 0.645217 -4.998509
v 1.174234 0.972600 -5.873273
v 1.211089 0.636903 -4.989154
v 1.714261 0.891427 -4.716229
v 1.675606 1.225454 -5.629666
v 1.519862 1.745403 -4.169263
v 1.709666 1.208450 -4.020261
v -1.158753 -1.701975 2.923364
v 1.158753 -1.701975 2.923364
v -1.858096 0.434454 3.516066
v -1.359514 0.933036 3.516066
v 1.359514 0.933036 3.516066
v 1.858096 0.434454 3.516066
v 2.039440 -0.738249 3.516066
v -2.039440 -0.738249 3.516066
v -2.261922 0.348034 -2.474321
v -2.529281 0.492567 -2.170368
v -2.538329 -0.738295 -2.168970
v -2.258600 -0.738297 -2.474321
v -1.359514 1.414880 -2.174599
v -0.872449 1.440259 -2.474321
v 2.256257 0.345276 -2.474321
v 2.529281 0.492567 -2.170368
v 2.538329 -0.738295 -2.168970
v 2.258600 -0.738297 -2.474321
v 1.359514 1.414880 -2.174599
v 0.872449 1.440259 -2.474321
v -1.635823 -1.701975 -1.510692
v -1.864762 -1.701975 -1.142845
v 1.635823 -1.701975 -1.510692
v 1.864762 -1.701975 -1.142845
v -1.498462 -1.268299 3.516066
v -2.167867 -1.268319 -1.604601
v -1.916073 -1.268320 -1.944325
v 1.916073 -1.268320 -1.944325
v 2.167867 -1.268319 -1.604601
v 1.498462 -1.268299 3.516066
v -0.335930 1.061081 -8.069312
v 0.335930 1.061081 -8.069312
v 0.335930 0.282727 -8.096492
v -0.335930 0.282727 -8.096492
v 0.335930 0.059131 -3.805474
v 0.335930 0.586948 -8.085869
v -0.335930 0.059131 -3.805474
v -0.335930 0.586948 -8.085869
v 1.209347 0.059131 -3.805474
v 1.209347 0.586948 -8.085869
v 1.209347 1.061081 -8.069312
v 1.209347 0.282727 -8.096492
v -1.209347 0.059131 -3.805474
v -1.209347 0.586948 -8.085869
v -1.209347 0.282727 -8.096492
v -1.209347 1.061081 -8.069312
v 0.335930 0.482013 -3.808863
v 1.209347 0.482013 -3.808863
v -0.335930 0.482013 -3.808863
v -1.209347 0.482013 -3.808863
v 0.335930 1.374356 -4.798703
v 1.209347 1.374356 -4.798703
v -0.335930 1.374356 -4.798703
v -1.209347 1.374356 -4.798703
v 1.073346 0.059131 -3.805474
v 1.045789 0.059131 -3.805474
v 1.045789 0.482014 -3.808863
v 1.073346 0.482014 -3.808863
v 1.045789 1.374357 -4.798703
v 1.073346 1.374357 -4.798703
v 1.045789 1.061081 -8.069312
v 1.073346 1.061081 -8.069312
v 1.045789 0.586948 -8.085869
v 1.073346 0.586948 -8.085869
v 1.045789 0.282727 -8.096492
v 1.073346 0.282727 -8.096492
v -1.045789 0.059131 -3.805474
v -1.073346 0.059131 -3.805474
v -1.073346 0.482013 -3.808863
v -1.045789 0.482013 -3.808863
v -1.073346 1.374357 -4.798703
v -1.045789 1.374357 -4.798703
v -1.073346 1.061081 -8.069312
v -1.045789 1.061081 -8.069312
v -1.073346 0.586948 -8.085869
v -1.045789 0.586948 -8.085869
v -1.073346 0.282727 -8.096492
v -1.045789 0.282727 -8.096492
v 1.073346 0.128941 -3.919038
v 1.045789 0.128941 -3.919038
v 1.073346 0.431382 -3.921461
v 1.045789 0.431382 -3.921461
v 1.073346 1.257130 -4.837431
v 1.045789 1.257130 -4.837431
v 1.073346 0.958051 -7.959842
v 1.045789 0.958051 -7.959842
v 1.073346 0.583004 -7.972938
v 1.045789 0.583004 -7.972938
v 1.073346 0.357236 -7.980823
v 1.045789 0.357236 -7.980823
v -1.045789 0.128941 -3.919038
v -1.073346 0.128941 -3.919038
v -1.045789 0.431382 -3.921461
v -1.073346 0.431382 -3.921461
v -1.045789 1.257130 -4.837431
v -1.073346 1.257130 -4.837431
v -1.045789 0.958051 -7.959842
v -1.073346 0.958051 -7.959842
v -1.045789 0.583004 -7.972938
v -1.073346 0.583004 -7.972938
v -1.045789 0.357236 -7.980823
v -1.073346 0.357236 -7.980823
v 0.335930 -0.390274 -4.711555
v 0.335930 -0.446178 -6.330199
v 1.045789 -0.390274 -4.711555
v 1.045789 -0.446178 -6.330199
v -1.209347 -0.390274 -4.711555
v -1.209347 -0.446178 -6.330199
v -1.073346 -0.390274 -4.711555
v -1.073346 -0.446178 -6.330199
v 1.209347 -0.446178 -6.330199
v 1.209347 -0.390274 -4.711555
v 1.073346 -0.446178 -6.330199
v 1.073346 -0.390274 -4.711555
v -0.335930 -0.446178 -6.330199
v -0.335930 -0.390274 -4.711555
v -1.045789 -0.446178 -6.330199
v -1.045789 -0.390274 -4.711555
v 1.045789 -0.266263 -4.715837
v 1.045789 -0.322167 -6.334482
v 1.073346 -0.266263 -4.715837
v 1.073346 -0.322167 -6.334482
v -1.073346 -0.266263 -4.715837
v -1.073346 -0.322167 -6.334482
v -1.045789 -0.266263 -4.715837
v -1.045789 -0.322167 -6.334482
v 1.209347 0.115968 -3.897933
v 1.209347 0.583737 -7.993925
v 1.209347 -0.299016 -4.734612
v 1.209347 -0.353547 -6.313493
v 1.209347 0.343389 -8.002318
v 1.209347 0.440792 -3.900536
v 1.209347 1.278915 -4.830233
v 1.209347 0.977197 -7.980186
v -1.209347 0.115968 -3.897933
v -1.209347 0.583737 -7.993925
v -1.209347 0.440792 -3.900536
v -1.209347 1.278915 -4.830233
v -1.209347 0.977197 -7.980186
v -1.209347 -0.299016 -4.734612
v -1.209347 -0.353547 -6.313493
v -1.209347 0.343389 -8.002318
vt 0.375000 0.000000
vt 0.375000 0.250000
vt 0.625000 0.250000
vt 0.375000 0.500000
vt 0.625000 0.500000
vt 0.875000 0.250000
vt 0.125000 0.250000
vt 0.375000 0.093823
vt 0.625000 0.093823
vt 0.125000 0.061072
vt 0.175483 0.000000
vt 0.125000 0.093822
vt 0.625000 0.000000
vt 0.824517 0.000000
vt 0.875000 0.061072
vt 0.875000 0.093822
vt 0.375000 0.800483
vt 0.625000 1.000000
vt 0.375000 1.000000
vt 0.375000 0.656178
vt 0.625000 0.656178
vt 0.625000 0.688928
vt 0.375000 0.688928
vt 0.625000 0.800483
vt 0.375000 0.800483
vt 0.625000 0.800483
vt 0.625000 1.000000
vt 0.375000 1.000000
vt 0.625000 0.401901
vt 0.776901 0.250000
vt 0.223099 0.250000
vt 0.375000 0.401901
vt 0.783718 0.093822
vt 0.789135 0.072321
vt 0.216282 0.093822
vt 0.210865 0.072321
vt 0.375000 0.800483
vt 0.375000 1.000000
vt 0.625000 1.000000
vt 0.625000 0.800483
vt 0.625000 0.656178
vt 0.625000 0.688928
vt 0.375000 0.688928
vt 0.375000 0.656178
vt 0.375000 0.500000
vt 0.625000 0.500000
vt 0.625000 0.656178
vt 0.625000 0.688928
vt 0.625000 0.656178
vt 0.375000 0.656178
vt 0.375000 0.656178
vt 0.375000 0.688928
vt 0.375000 0.500000
vt 0.625000 0.500000
vt 0.625000 0.500000
vt 0.375000 0.500000
vt 0.625000 0.679388
vt 0.625000 0.688928
vt 0.375000 0.679388
vt 0.375000 0.688928
vt 0.625000 0.678773
vt 0.875000 0.071227
vt 0.125000 0.071227
vt 0.375000 0.678773
vt 0.625000 0.688928
vt 0.375000 0.688928
vt 0.375000 0.000000
vt 0.625000 0.000000
vt 0.625000 0.250000
vt 0.375000 0.250000
vt 0.625000 0.500000
vt 0.375000 0.500000
vt 0.625000 0.750000
vt 0.375000 0.750000
vt 0.625000 1.000000
vt 0.375000 1.000000
vt 0.875000 0.000000
vt 0.875000 0.250000
vt 0.125000 0.000000
vt 0.125000 0.250000
vt 0.375000 0.000000
vt 0.625000 0.000000
vt 0.625000 0.250000
vt 0.375000 0.250000
vt 0.625000 0.500000
vt 0.375000 0.500000
vt 0.625000 0.750000
vt 0.375000 0.750000
vt 0.625000 1.000000
vt 0.375000 1.000000
vt 0.875000 0.000000
vt 0.875000 0.250000
vt 0.125000 0.000000
vt 0.125000 0.250000
vt 0.375000 0.000000
vt 0.625000 0.000000
vt 0.625000 0.250000
vt 0.375000 0.250000
vt 0.625000 0.500000
vt 0.375000 0.500000
vt 0.625000 0.750000
vt 0.375000 0.750000
vt 0.625000 1.000000
vt 0.375000 1.000000
vt 0.875000 0.000000
vt 0.875000 0.250000
vt 0.125000 0.000000
vt 0.125000 0.250000
vt 0.375000 0.000000
vt 0.625000 0.000000
vt 0.625000 0.250000
vt 0.375000 0.250000
vt 0.625000 0.500000
vt 0.375000 0.500000
vt 0.625000 0.750000
vt 0.375000 0.750000
vt 0.625000 1.000000
vt 0.375000 1.000000
vt 0.875000 0.000000
vt 0.875000 0.250000
vt 0.125000 0.000000
vt 0.125000 0.250000
vt 0.375000 0.000000
vt 0.625000 0.000000
vt 0.625000 0.250000
vt 0.375000 0.250000
vt 0.625000 0.500000
vt 0.375000 0.500000
vt 0.625000 0.750000
vt 0.375000 0.750000
vt 0.625000 1.000000
vt 0.375000 1.000000
vt 0.875000 0.000000
vt 0.875000 0.250000
vt 0.125000 0.000000
vt 0.125000 0.250000
vt 0.375000 0.000000
vt 0.625000 0.000000
vt 0.625000 0.250000
vt 0.375000 0.250000
vt 0.625000 0.500000
vt 0.375000 0.500000
vt 0.625000 0.750000
vt 0.375000 0.750000
vt 0.625000 1.000000
vt 0.375000 1.000000
vt 0.875000 0.000000
vt 0.875000 0.250000
vt 0.125000 0.000000
vt 0.125000 0.250000
vt 0.375000 0.000000
vt 0.625000 0.000000
vt 0.625000 0.250000
vt 0.375000 0.250000
vt 0.625000 0.500000
vt 0.375000 0.500000
vt 0.625000 0.750000
vt 0.375000 0.750000
vt 0.625000 1.000000
vt 0.375000 1.000000
vt 0.875000 0.000000
vt 0.875000 0.250000
vt 0.125000 0.000000
vt 0.125000 0.250000
vt 0.375000 0.000000
vt 0.625000 0.000000
vt 0.625000 0.250000
vt 0.375000 0.250000
vt 0.625000 0.500000
vt 0.375000 0.500000
vt 0.625000 0.750000
vt 0.375000 0.750000
vt 0.625000 1.000000
vt 0.375000 1.000000
vt 0.875000 0.000000
vt 0.875000 0.250000
vt 0.125000 0.000000
vt 0.125000 0.250000
vt 0.375000 0.000000
vt 0.625000 0.000000
vt 0.625000 0.250000
vt 0.375000 0.250000
vt 0.625000 0.500000
vt 0.375000 0.500000
vt 0.625000 0.750000
vt 0.375000 0.750000
vt 0.625000 1.000000
vt 0.375000 1.000000
vt 0.875000 0.000000
vt 0.875000 0.250000
vt 0.125000 0.000000
vt 0.125000 0.250000
vt 0.375000 0.250000
vt 0.625000 0.250000
vt 0.625000 0.500000
vt 0.375000 0.500000
vt 0.625000 0.572798
vt 0.375000 0.572798
vt -0.992186 3.139573
vt 0.992186 3.139573
vt 0.992186 3.139573
vt -0.992186 3.139573
vt 0.000000 0.000000
vt 0.000000 0.000000
vt 0.000000 0.000000
vt 0.000000 0.000000
vt 0.625000 1.000000
vt 0.613907 1.000000
vt 0.613941 0.850346
vt 0.625000 0.850346
vt 0.602136 1.000000
vt 0.602136 0.850346
vt 0.397864 1.000000
vt 0.386094 1.000000
vt 0.386059 0.850346
vt 0.397864 0.850346
vt 0.375000 1.000000
vt 0.375000 0.850346
vt 0.000000 0.000000
vt 0.000000 0.000000
vt 0.000000 0.000000
vt 0.000000 0.000000
vt 0.000000 0.000000
vt 0.000000 0.000000
vt 0.000000 0.000000
vt 0.000000 0.000000
vt 0.000000 0.000000
vt 0.000000 0.000000
vt 0.000000 0.000000
vt 0.000000 0.000000
vt 0.000000 0.000000
vt 0.000000 0.000000
vt 0.000000 0.000000
vt 0.000000 0.000000
vt 0.000000 0.000000
vt 0.000000 0.000000
vt 0.375000 0.000000
vt 0.386094 -0.000000
vt 0.397864 -0.000000
vt 0.602136 -0.000000
vt 0.613907 -0.000000
vt 0.625000 -0.000000
vt 0.625000 0.015338
vt 0.375000 0.015338
vt 0.386223 0.606764
vt 0.375000 0.606764
vt 0.375000 0.593689
vt 0.375000 0.572798
vt 0.625000 0.572798
vt 0.625000 0.593689
vt 0.625000 0.606764
vt 0.613777 0.606764
vt 0.602136 0.606764
vt 0.397864 0.606764
vt 0.000000 0.000000
vt 0.000000 0.000000
vt 0.000000 0.000000
vt 0.000000 0.000000
vt 0.000000 0.000000
vt 0.000000 0.000000
vt 0.000000 0.000000
vt 0.000000 0.000000
vt 0.000000 0.000000
vt 0.000000 0.000000
vt 0.375000 0.800483
vt 0.625000 0.800483
vt 0.625000 0.688928
vt 0.375000 0.688928
vt 0.375000 0.800483
vt 0.625000 0.800483
vt 0.624996 0.688928
vt 0.375005 0.688928
vt 0.625000 0.800483
vt 0.375000 0.800483
vt 0.375000 0.800483
vt 0.375000 0.800483
vt 0.375000 0.800483
vt 0.375000 0.800483
vt 0.375000 0.800483
vt 0.375000 0.800483
vt 0.375000 0.800483
vt 0.375000 0.800483
vt 0.625000 0.500000
vt 0.625000 0.581547
vt 0.625000 0.717171
vt 0.625000 0.606294
vt 0.625000 0.500000
vt 0.500000 0.500000
vt 0.500000 0.500000
vt 0.587569 0.500000
vt 0.587569 0.500000
vt 0.527952 0.500000
vt 0.375000 0.500000
vt 0.412431 0.500000
vt 0.412431 0.500000
vt 0.381849 0.500000
vt 0.375000 0.500000
vt 0.125000 0.168453
vt 0.195945 0.168603
vt 0.195945 0.250000
vt 0.125000 0.250000
vt 0.804055 0.250000
vt 0.804055 0.168603
vt 0.875000 0.168453
vt 0.875000 0.250000
vt 0.587569 0.429055
vt 0.625000 0.429055
vt 0.500000 0.429055
vt 0.412431 0.429055
vt 0.375000 0.429055
vt 0.625000 0.500000
vt 0.624998 0.500000
vt 0.624999 0.591718
vt 0.625000 0.717085
vt 0.625000 0.581547
vt 0.500000 0.500000
vt 0.527952 0.500000
vt 0.587569 0.500000
vt 0.587569 0.500000
vt 0.500000 0.500000
vt 0.375000 0.500000
vt 0.375002 0.500000
vt 0.412431 0.500000
vt 0.412431 0.500000
vt 0.125000 0.168453
vt 0.125000 0.250000
vt 0.195945 0.250000
vt 0.195945 0.168603
vt 0.804055 0.250000
vt 0.875000 0.250000
vt 0.875000 0.168453
vt 0.804055 0.168603
vt 0.625000 0.429055
vt 0.587569 0.429055
vt 0.500000 0.429055
vt 0.412431 0.429055
vt 0.375000 0.429055
vt 0.472048 0.500000
vt 0.472048 0.500000
vt 0.625000 0.750000
vt 0.625000 0.500000
vt 0.625000 0.500000
vt 0.625000 0.750000
vt 0.587569 0.500000
vt 0.587569 0.500000
vt 0.412431 0.500000
vt 0.375000 0.500000
vt 0.375000 0.500000
vt 0.412431 0.500000
vt 0.375000 0.717171
vt 0.375000 0.717090
vt 0.375000 0.581547
vt 0.375000 0.581547
vt 0.375000 0.750000
vt 0.375000 0.750000
vt 0.195945 0.168603
vt 0.195945 0.168603
vt 0.195945 0.250000
vt 0.195945 0.250000
vt 0.804055 0.250000
vt 0.804055 0.168603
vt 0.804055 0.168603
vt 0.804055 0.250000
vt 0.587569 0.429055
vt 0.625000 0.429055
vt 0.625000 0.429055
vt 0.587569 0.429055
vt 0.500000 0.429055
vt 0.500000 0.429055
vt 0.412431 0.429055
vt 0.412431 0.429055
vt 0.375000 0.429055
vt 0.375000 0.429055
vt 0.625000 0.750000
vt 0.625000 0.750000
vt 0.587569 0.500000
vt 0.587569 0.500000
vt 0.412430 0.500000
vt 0.412431 0.500000
vt 0.375001 0.591718
vt 0.375000 0.750000
vt 0.375000 0.750000
vt 0.618151 0.500000
vt 0.804055 0.250000
vt 0.804055 0.168603
vt 0.804055 0.168603
vt 0.804055 0.250000
vt 0.587569 0.429055
vt 0.625000 0.429055
vt 0.625000 0.429055
vt 0.587569 0.429055
vt 0.500000 0.429055
vt 0.500000 0.429055
vt 0.412431 0.429055
vt 0.412431 0.429055
vt 0.375000 0.429055
vt 0.375000 0.429055
vt 0.195945 0.168603
vt 0.195945 0.250000
vt 0.195945 0.250000
vt 0.195945 0.168603
vt 0.375000 0.606294
vt 0.625000 0.679020
vt 0.625000 0.676130
vt 0.624999 0.640953
vt 0.625000 0.658537
vt 0.375000 0.698632
vt 0.375000 0.697013
vt 0.375000 0.750000
vt 0.375000 0.718528
vt 0.624999 0.640953
vt 0.625000 0.679020
vt 0.375000 0.750000
vt 0.645113 0.250000
vt 0.645113 -0.000000
vt 0.665149 0.000000
vt 0.665149 0.250000
vt 0.334851 0.250000
vt 0.334851 0.000000
vt 0.354887 0.000000
vt 0.354887 0.250000
vt 0.527122 1.000000
vt 0.472878 1.000000
vt 0.472878 0.959851
vt 0.527122 0.959851
vt 0.472878 0.000000
vt 0.527122 0.000001
vt 0.527122 0.250000
vt 0.472878 0.250000
vt 0.527122 0.290149
vt 0.472878 0.290149
vt 0.472878 0.500000
vt 0.527122 0.500000
vt 0.527122 0.750000
vt 0.472878 0.750000
vt 0.413014 0.250000
vt 0.413014 0.000000
vt 0.375000 0.500000
vt 0.375000 0.750000
vt 0.375000 0.959851
vt 0.413014 1.000000
vt 0.375000 0.979887
vt 0.586987 0.000000
vt 0.586987 0.250000
vt 0.625000 0.290149
vt 0.625000 0.270113
vt 0.567770 0.500000
vt 0.567770 0.750000
vt 0.625000 0.959851
vt 0.625000 0.979887
vt 0.586986 1.000000
vt 0.125000 0.000000
vt 0.240699 0.000000
vt 0.240699 0.250000
vt 0.125000 0.250000
vt 0.472878 0.865699
vt 0.375000 0.865699
vt 0.527122 0.865699
vt 0.759301 0.250000
vt 0.759301 0.000000
vt 0.790548 0.000000
vt 0.790548 0.250000
vt 0.472878 0.384301
vt 0.527122 0.384301
vt 0.375000 0.384301
vt 0.527122 0.959851
vt 0.472878 0.959851
vt 0.472878 0.865699
vt 0.527122 0.865699
vt 0.625000 0.865699
vt 0.625000 0.384301
vt 0.375000 0.290149
vt 0.375000 0.270113
vt 0.625000 0.500000
vt 0.625000 0.750000
vt 0.875000 0.250000
vt 0.875000 0.000000
vt 0.625000 0.415548
vt 0.625000 0.834452
vt 0.645113 0.250000
vt 0.645113 -0.000000
vt 0.665149 0.000000
vt 0.665149 0.250000
vt 0.334851 0.250000
vt 0.334851 0.000000
vt 0.354887 0.000000
vt 0.354887 0.250000
vt 0.527122 1.000000
vt 0.472878 1.000000
vt 0.472878 0.959851
vt 0.527122 0.959851
vt 0.472878 0.000000
vt 0.527122 0.000001
vt 0.527122 0.250000
vt 0.472878 0.250000
vt 0.527122 0.290149
vt 0.472878 0.290149
vt 0.472878 0.500000
vt 0.527122 0.500000
vt 0.527122 0.750000
vt 0.472878 0.750000
vt 0.413014 0.250000
vt 0.413014 0.000000
vt 0.375000 0.500000
vt 0.375000 0.750000
vt 0.375000 0.959851
vt 0.413014 1.000000
vt 0.375000 0.979887
vt 0.586987 0.000000
vt 0.586987 0.250000
vt 0.625000 0.290149
vt 0.625000 0.270113
vt 0.567770 0.500000
vt 0.567770 0.750000
vt 0.625000 0.959851
vt 0.625000 0.979887
vt 0.586986 1.000000
vt 0.125000 0.000000
vt 0.240699 0.000000
vt 0.240699 0.250000
vt 0.125000 0.250000
vt 0.472878 0.865699
vt 0.375000 0.865699
vt 0.527122 0.865699
vt 0.759301 0.250000
vt 0.759301 0.000000
vt 0.790548 0.000000
vt 0.790548 0.250000
vt 0.472878 0.384301
vt 0.527122 0.384301
vt 0.375000 0.384301
vt 0.527122 0.959851
vt 0.472878 0.959851
vt 0.472878 0.865699
vt 0.527122 0.865699
vt 0.625000 0.865699
vt 0.625000 0.384301
vt 0.375000 0.290149
vt 0.375000 0.270113
vt 0.625000 0.500000
vt 0.625000 0.750000
vt 0.875000 0.250000
vt 0.875000 0.000000
vt 0.625000 0.415548
vt 0.625000 0.834452
vt 0.375000 0.052627
vt 0.568001 0.100381
vt 0.625000 0.136556
vt 0.625000 0.250000
vt 0.375000 0.250000
vt 0.375000 0.250000
vt 0.625000 0.250000
vt 0.625000 0.427079
vt 0.375000 0.427079
vt 0.375000 0.822921
vt 0.625000 0.822921
vt 0.625000 1.000000
vt 0.375000 1.000000
vt 0.625000 0.000000
vt 0.802079 0.000000
vt 0.802079 0.250000
vt 0.625000 0.250000
vt 0.197921 0.250000
vt 0.197921 0.000000
vt 0.375000 0.000000
vt 0.375000 0.250000
vt 0.453327 0.501896
vt 0.403342 0.750000
vt 0.403342 0.750000
vt 0.625000 0.427079
vt 0.625000 0.500000
vt 0.625000 0.500000
vt 0.375000 0.427079
vt 0.125003 0.249993
vt 0.125000 0.000000
vt 0.375000 0.750000
vt 0.625000 0.750000
vt 0.875000 0.000000
vt 0.875000 0.250000
vt 0.625000 0.500000
vt 0.375000 0.500000
vt 0.379854 0.529317
vt 0.375000 0.000000
vt 0.375000 0.052627
vt 0.568001 0.100381
vt 0.625000 0.114484
vt 0.625000 0.000000
vt 0.375000 0.250000
vt 0.375000 0.427079
vt 0.625000 0.427079
vt 0.625000 0.250000
vt 0.375000 0.822921
vt 0.375000 1.000000
vt 0.625000 1.000000
vt 0.625000 0.822921
vt 0.625000 0.000000
vt 0.625000 0.144793
vt 0.802079 0.144793
vt 0.802079 0.000000
vt 0.197921 0.144793
vt 0.375000 0.144793
vt 0.375000 0.000000
vt 0.197921 0.000000
vt 0.197921 0.250000
vt 0.375000 0.250000
vt 0.625000 0.250000
vt 0.802079 0.250000
vt 0.375000 0.250000
vt 0.625000 0.250000
vt 0.625000 0.136556
vt 0.568001 0.100381
vt 0.375000 0.052627
vt 0.625000 0.427079
vt 0.448983 0.523183
vt 0.625000 0.500000
vt 0.625000 0.500000
vt 0.375000 0.500000
vt 0.366977 0.499999
vt 0.375000 0.427079
vt 0.125000 0.000000
vt 0.125003 0.249993
vt 0.375000 0.749151
vt 0.625000 0.750000
vt 0.403342 0.750000
vt 0.875000 0.250000
vt 0.875000 0.000000
vt 0.625000 0.500000
vt 0.625000 0.000000
vt 0.375000 0.000000
vt 0.625000 0.136556
vt 0.625000 0.114484
vt 0.625000 0.250000
vt 0.375000 0.250000
vt 0.375000 0.052627
vt 0.375000 0.250000
vt 0.625000 0.250000
vt 0.625000 0.136556
vt 0.375000 0.750000
vt 0.420225 0.500818
vt 0.392209 0.500008
vt 0.403342 0.750000
vt 0.375000 0.605634
vt 0.375000 0.486184
vt 0.568001 0.100381
vt 0.568001 0.100381
vt 0.375000 0.052627
vt 0.625000 0.136556
vt 0.625000 0.250000
vt 0.375000 0.250000
vt 0.625000 0.250000
vt 0.375000 0.250000
vt 0.625000 0.136556
vt 0.568001 0.100381
vt 0.375000 0.052627
vt 0.412431 0.250000
vt 0.412430 0.168983
vt 0.500000 0.168983
vt 0.500000 0.250000
vt 0.500000 0.429055
vt 0.412431 0.429055
vt 0.412431 0.250000
vt 0.500000 0.250000
vt 0.500000 0.701106
vt 0.412431 0.701106
vt 0.412431 0.500000
vt 0.500000 0.500000
vt 0.412430 0.953235
vt 0.412431 0.807674
vt 0.500000 0.807674
vt 0.500000 0.953235
vt 0.195945 0.168603
vt 0.182674 0.000000
vt 0.328235 0.000000
vt 0.375000 0.168983
vt 0.412431 0.500000
vt 0.412431 0.500000
vt 0.500000 0.500000
vt 0.500000 0.500000
vt 0.625000 0.500000
vt 0.625000 0.581547
vt 0.625000 0.707059
vt 0.625000 0.625012
vt 0.625000 0.500000
vt 0.625000 0.168983
vt 0.804055 0.168603
vt 0.804055 0.250000
vt 0.625000 0.250000
vt 0.379669 0.000000
vt 0.500000 0.000000
vt 0.625000 0.750000
vt 0.625000 0.750000
vt 0.625000 0.500000
vt 0.625000 0.429055
vt 0.587569 0.429055
vt 0.587569 0.250000
vt 0.587569 0.500000
vt 0.587569 0.500000
vt 0.587569 0.500000
vt 0.587569 0.701106
vt 0.587570 0.953235
vt 0.587569 0.807674
vt 0.625000 0.807674
vt 0.625000 0.953235
vt 0.587569 0.168983
vt 0.620331 0.000000
vt 0.671765 0.000000
vt 0.625000 0.168983
vt 0.587569 0.250000
vt 0.625000 0.250000
vt 0.375000 0.807674
vt 0.375000 0.953235
vt 0.375000 0.500000
vt 0.375000 0.750000
vt 0.375000 0.500000
vt 0.375000 0.500000
vt 0.375000 0.250000
vt 0.375000 0.429055
vt 0.375000 0.168983
vt 0.375000 0.250000
vt 0.328235 0.000000
vt 0.671765 0.000000
vt 0.817326 0.000000
vt 0.195945 0.250000
vt 0.587569 0.750000
vt 0.500000 0.750000
vt 0.412431 0.750000
vt 0.412431 0.250000
vt 0.500000 0.250000
vt 0.379669 0.000000
vt 0.500000 0.000000
vt 0.500000 0.000000
vt 0.379669 0.000000
vt 0.620331 0.000000
vt 0.671765 0.000000
vt 0.620331 0.000000
vt 0.625000 0.168983
vt 0.625000 0.250000
vt 0.587569 0.250000
vt 0.375000 0.250000
vt 0.375000 0.168983
vt 0.328235 0.000000
vt 0.125000 0.168453
vt 0.125000 0.250000
vt 0.858634 0.000000
vt 0.875000 0.034635
vt 0.875000 0.168453
vt 0.875000 0.250000
vt 0.125000 0.034635
vt 0.141366 0.000000
vt 0.375000 0.750000
vt 0.375000 0.715365
vt 0.375000 0.581547
vt 0.375000 0.707059
vt 0.375000 0.750000
vt 0.375000 0.766366
vt 0.412431 0.750000
vt 0.412431 0.769088
vt 0.500000 0.750000
vt 0.500000 0.768249
vt 0.587569 0.750000
vt 0.587569 0.769088
vt 0.625000 0.750000
vt 0.625000 0.766366
vt 0.625000 0.715365
vt 0.375000 0.625013
vt 0.375000 0.750000
vt 0.625000 0.750000
vt 0.412431 0.750000
vt 0.412431 0.750000
vt 0.500000 0.750000
vt 0.500000 0.750000
vt 0.587569 0.750000
vt 0.587569 0.750000
vt 0.375000 0.000000
vt 0.625000 0.000000
vt 0.625000 0.039222
vt 0.375000 0.039222
vt 0.452669 0.500000
vt 0.426245 0.487492
vt 0.426245 0.250000
vt 0.573755 0.250000
vt 0.573755 0.487492
vt 0.547331 0.500000
vt 0.375000 0.805567
vt 0.393978 0.790216
vt 0.606022 0.790216
vt 0.625000 0.805567
vt 0.625000 1.000000
vt 0.375000 1.000000
vt 0.390356 0.567238
vt 0.376817 0.551838
vt 0.389937 0.662845
vt 0.376306 0.662845
vt 0.161296 0.039220
vt 0.149542 0.033968
vt 0.165216 0.000000
vt 0.180567 0.000000
vt 0.873878 0.185153
vt 0.862315 0.198755
vt 0.862257 0.087155
vt 0.873886 0.087155
vt 0.623285 0.551679
vt 0.609947 0.564847
vt 0.850458 0.033968
vt 0.838704 0.039220
vt 0.819433 -0.000000
vt 0.834784 -0.000000
vt 0.625000 0.087159
vt 0.625000 0.198755
vt 0.610063 0.662845
vt 0.375000 0.198755
vt 0.375000 0.533359
vt 0.625000 0.533359
vt 0.137743 0.087155
vt 0.375000 0.087159
vt 0.137685 0.198755
vt 0.392159 0.732899
vt 0.607841 0.732899
vt 0.130385 0.075485
vt 0.869615 0.075485
vt 0.625000 0.652287
vt 0.625000 0.652287
vt 0.625000 0.704284
vt 0.625000 0.750000
vt 0.625000 0.750000
vt 0.375000 0.652287
vt 0.375000 0.652287
vt 0.375000 0.606590
vt 0.375000 0.500000
vt 0.375000 0.500000
vt 0.625000 0.652287
vt 0.625000 0.750000
vt 0.625000 0.750000
vt 0.625000 0.704284
vt 0.625000 0.652287
vt 0.375000 0.652287
vt 0.375000 0.500000
vt 0.375000 0.500000
vt 0.375000 0.606590
vt 0.375000 0.652287
vt 0.625000 0.606590
vt 0.625000 0.500000
vt 0.625000 0.500000
vt 0.625000 0.500000
vt 0.625000 0.606590
vt 0.625000 0.500000
vt 0.625000 0.652287
vt 0.625000 0.652287
vt 0.625000 0.606590
vt 0.625000 0.606590
vt 0.625000 0.500000
vt 0.625000 0.500000
vt 0.625000 0.500000
vt 0.625000 0.500000
vt 0.625000 0.652287
vt 0.625000 0.652287
vt 0.375000 0.750000
vt 0.375000 0.750000
vt 0.375000 0.750000
vt 0.375000 0.750000
vt 0.375000 0.652287
vt 0.375000 0.652287
vt 0.375000 0.606590
vt 0.375000 0.606590
vt 0.375000 0.500000
vt 0.375000 0.500000
vt 0.375000 0.500000
vt 0.375000 0.500000
vt 0.375000 0.652287
vt 0.375000 0.652287
vt 0.625000 0.750000
vt 0.625000 0.750000
vt 0.625000 0.750000
vt 0.625000 0.750000
vt 0.625000 0.652287
vt 0.625000 0.606590
vt 0.625000 0.500000
vt 0.625000 0.652287
vt 0.625000 0.500000
vt 0.375000 0.750000
vt 0.375000 0.750000
vt 0.375000 0.750000
vt 0.375000 0.750000
vt 0.625000 0.750000
vt 0.625000 0.750000
vt 0.625000 0.750000
vt 0.625000 0.750000
vt 0.375000 0.652287
vt 0.375000 0.606590
vt 0.375000 0.606590
vt 0.375000 0.652287
vt 0.375000 0.500000
vt 0.375000 0.500000
vt 0.375000 0.500000
vt 0.375000 0.500000
vt 0.375000 0.652287
vt 0.375000 0.652287
vt 0.625000 0.606590
vt 0.625000 0.606590
vt 0.625000 0.652287
vt 0.625000 0.652287
vt 0.625000 0.500000
vt 0.625000 0.500000
vt 0.625000 0.500000
vt 0.625000 0.500000
vt 0.625000 0.652287
vt 0.625000 0.652287
vt 0.375000 0.750000
vt 0.375000 0.750000
vt 0.375000 0.750000
vt 0.375000 0.750000
vt 0.375000 0.606590
vt 0.375000 0.652287
vt 0.375000 0.500000
vt 0.375000 0.500000
vt 0.375000 0.652287
vt 0.625000 0.750000
vt 0.625000 0.750000
vt 0.625000 0.750000
vt 0.625000 0.750000
vt 0.375000 0.750000
vt 0.375000 0.704284
vt 0.375000 0.750000
vt 0.375000 0.704284
vt 0.375000 0.750000
vt 0.375000 0.750000
vt 0.375000 0.698003
vt 0.375000 0.683319
vt 0.375000 0.683319
vt 0.375000 0.698003
vt 0.375000 0.684827
vt 0.375000 0.701139
vt 0.625000 0.698003
vt 0.625000 0.683319
vt 0.625000 0.683319
vt 0.625000 0.698003
vt 0.625000 0.684827
vt 0.625000 0.701139
vt 0.375000 0.683319
vt 0.375000 0.698003
vt 0.375000 0.698003
vt 0.375000 0.683319
vt 0.375000 0.701139
vt 0.375000 0.684827
vt 0.625000 0.683319
vt 0.625000 0.698003
vt 0.625000 0.698003
vt 0.625000 0.683319
vt 0.625000 0.701139
vt 0.625000 0.684827
vt 0.375000 0.750000
vt 0.375000 0.750000
vt 0.625000 0.750000
vt 0.625000 0.750000
vt 0.375000 0.750000
vt 0.375000 0.750000
vt 0.625000 0.750000
vt 0.625000 0.750000
vt 0.375000 0.750000
vt 0.375000 0.750000
vt 0.625000 0.750000
vt 0.625000 0.750000
vt 0.625000 0.704284
vt 0.625000 0.750000
vt 0.625000 0.750000
vt 0.375000 0.750000
vt 0.375000 0.704284
vt 0.375000 0.750000
vn 0.000000 0.000000 1.000000
vn 0.000000 0.000000 1.000000
vn 0.000000 0.237593 0.971365
vn 0.000000 0.237593 0.971365
vn 0.000000 0.983304 0.181969
vn 0.000000 0.983304 0.181969
vn 0.000000 0.983304 0.181969
vn 0.000000 0.983304 0.181969
vn 0.006159 0.183656 -0.982971
vn -0.006159 0.183656 -0.982971
vn 0.001257 0.000282 -0.999999
vn -0.001257 0.000282 -0.999999
vn 0.000000 -0.990830 0.135111
vn 0.000000 -0.990830 0.135111
vn 0.000000 -0.990830 0.135111
vn 0.000000 -0.990830 0.135111
vn 0.998334 0.000000 0.057695
vn 0.997414 0.035160 0.062687
vn 0.997882 0.022757 0.060934
vn 0.998334 0.000000 0.057695
vn 0.998334 0.000000 0.057695
vn -0.835376 0.527728 0.153786
vn -0.835335 0.527791 0.153793
vn -0.831097 0.534235 0.154504
vn -0.831097 0.534235 0.154504
vn 0.007407 0.365217 -0.930893
vn -0.007407 0.365217 -0.930893
vn 0.835376 0.527728 0.153786
vn 0.835335 0.527791 0.153793
vn 0.842442 0.516737 0.152559
vn 0.842442 0.516737 0.152559
vn 0.000000 0.407731 0.913102
vn 0.000000 0.407731 0.913102
vn -0.997882 0.022757 0.060934
vn -0.996759 0.048069 0.064501
vn -0.996759 0.048069 0.064501
vn -0.996851 0.046447 0.064274
vn -0.997414 0.035160 0.062687
vn 0.000000 -0.830415 -0.557146
vn 0.000000 -0.830415 -0.557146
vn 0.000000 -0.830415 -0.557146
vn 0.000000 -0.830415 -0.557146
vn 0.000000 0.000000 -1.000000
vn 0.000000 0.000000 -1.000000
vn 0.000000 0.000000 -1.000000
vn 0.000000 0.000000 -1.000000
vn 0.988456 -0.128779 0.079813
vn 0.988456 -0.128779 0.079813
vn 0.988339 -0.128763 0.081277
vn 0.988312 -0.128759 0.081612
vn 0.000000 0.000000 1.000000
vn 0.000000 0.000000 1.000000
vn -0.988456 -0.128779 0.079813
vn -0.988456 -0.128779 0.079813
vn -0.988312 -0.128759 0.081612
vn -0.988339 -0.128763 0.081278
vn 0.996759 0.048069 0.064501
vn 0.996759 0.048069 0.064501
vn 0.996851 0.046447 0.064274
vn -0.998334 0.000000 0.057695
vn 0.000000 0.983304 0.181969
vn 0.000000 0.983304 0.181969
vn 0.831097 0.534235 0.154504
vn 0.831097 0.534235 0.154504
vn -0.842442 0.516737 0.152559
vn -0.842442 0.516737 0.152560
vn -0.998334 0.000000 0.057695
vn -0.998334 0.000000 0.057695
vn -0.987727 -0.128682 0.088527
vn -0.987727 -0.128682 0.088527
vn 0.000000 0.000000 1.000000
vn 0.000000 0.000000 1.000000
vn 0.987727 -0.128682 0.088527
vn 0.987727 -0.128682 0.088527
vn 0.000000 0.000000 -1.000000
vn 0.000000 0.000000 -1.000000
vn 1.000000 0.000000 0.000000
vn 1.000000 0.000000 0.000000
vn 1.000000 0.000000 0.000000
vn 1.000000 0.000000 0.000000
vn 1.000000 0.000000 0.000000
vn 0.000000 -0.983304 -0.181970
vn 0.000000 -0.983304 -0.181970
vn 0.000000 -0.983304 -0.181970
vn 0.000000 -0.983304 -0.181970
vn 0.000000 -0.983304 -0.181970
vn 0.000000 -0.983304 -0.181970
vn 0.000000 0.983304 0.181970
vn 0.000000 0.983304 0.181970
vn 0.000000 0.983304 0.181970
vn 0.000000 0.983304 0.181970
vn 0.842630 0.529503 0.097990
vn 0.842630 0.529503 0.097990
vn 0.842630 0.529503 0.097990
vn 0.842630 0.529503 0.097990
vn -0.842630 0.529503 0.097990
vn -0.842630 0.529503 0.097990
vn -0.842630 0.529503 0.097990
vn -0.842630 0.529503 0.097990
vn 0.000000 -0.983304 -0.181970
vn 0.000000 -0.983304 -0.181970
vn -0.067049 0.213351 -0.974672
vn 0.025753 0.005776 -0.999652
vn 0.033461 -0.005849 0.999423
vn 0.033461 -0.005849 0.999423
vn -0.075060 -0.235460 0.968981
vn -0.075050 -0.235440 0.968987
vn -0.025755 0.005776 -0.999652
vn 0.067046 0.213351 -0.974672
vn -0.051488 -0.242008 0.968907
vn 0.051488 -0.242008 0.968907
vn 0.051796 -0.242364 0.968802
vn -0.051796 -0.242364 0.968802
vn 0.051787 0.242367 -0.968802
vn -0.051788 0.242367 -0.968801
vn 0.075058 -0.235460 0.968982
vn 0.075049 -0.235440 0.968987
vn -1.000000 -0.000000 0.000000
vn -1.000000 -0.000000 0.000000
vn -1.000000 -0.000000 0.000000
vn -1.000000 -0.000000 0.000000
vn -1.000000 -0.000000 0.000000
vn -0.033465 -0.005849 0.999423
vn -0.033465 -0.005849 0.999423
vn 0.000000 -0.983304 -0.181970
vn 0.000000 -0.983304 -0.181970
vn -0.004477 -0.815828 0.578277
vn -0.004477 -0.815828 0.578277
vn -0.004477 -0.815828 0.578277
vn -0.004477 -0.815828 0.578277
vn 0.004477 -0.815828 0.578277
vn 0.004477 -0.815828 0.578277
vn 0.004477 -0.815828 0.578277
vn 0.004477 -0.815828 0.578277
vn 1.000000 0.000000 0.000000
vn 1.000000 0.000000 0.000000
vn 1.000000 0.000000 0.000000
vn -1.000000 0.000000 0.000000
vn -1.000000 0.000000 0.000000
vn -1.000000 0.000000 0.000000
vn 0.000000 0.000000 1.000000
vn 0.000000 0.000000 1.000000
vn 0.000000 0.000000 1.000000
vn 0.000000 0.000000 1.000000
vn 0.669131 0.743145 0.000000
vn 0.669131 0.743145 0.000000
vn 0.669131 0.743145 0.000000
vn 0.669131 0.743145 0.000000
vn 0.000000 0.000000 -1.000000
vn 0.000000 0.000000 -1.000000
vn 0.000000 0.000000 -1.000000
vn 0.000000 0.000000 -1.000000
vn -0.669131 -0.743144 0.000000
vn -0.669131 -0.743144 0.000000
vn -0.669131 -0.743144 0.000000
vn -0.669131 -0.743144 0.000000
vn 0.743146 -0.669130 0.000000
vn 0.743146 -0.669130 0.000000
vn 0.743146 -0.669130 0.000000
vn 0.743146 -0.669130 0.000000
vn -0.743144 0.669131 0.000000
vn -0.743144 0.669131 0.000000
vn -0.743144 0.669131 0.000000
vn -0.743144 0.669131 0.000000
vn 0.000000 0.000000 1.000000
vn 0.000000 0.000000 1.000000
vn 0.000000 0.000000 1.000000
vn 0.000000 0.000000 1.000000
vn 0.000000 1.000000 0.000000
vn 0.000000 1.000000 0.000000
vn 0.000000 1.000000 0.000000
vn 0.000000 1.000000 0.000000
vn 0.000000 0.000000 -1.000000
vn 0.000000 0.000000 -1.000000
vn 0.000000 0.000000 -1.000000
vn 0.000000 0.000000 -1.000000
vn 0.000000 -1.000000 0.000000
vn 0.000000 -1.000000 0.000000
vn 0.000000 -1.000000 0.000000
vn 0.000000 -1.000000 0.000000
vn 1.000000 0.000000 0.000000
vn 1.000000 0.000000 0.000000
vn 1.000000 0.000000 0.000000
vn 1.000000 0.000000 0.000000
vn -1.000000 0.000000 0.000000
vn -1.000000 0.000000 0.000000
vn -1.000000 0.000000 0.000000
vn -1.000000 0.000000 0.000000
vn 0.000000 0.000000 1.000000
vn 0.000000 0.000000 1.000000
vn 0.000000 0.000000 1.000000
vn 0.000000 0.000000 1.000000
vn 0.669131 0.743145 0.000000
vn 0.669131 0.743145 0.000000
vn 0.669131 0.743145 0.000000
vn 0.669131 0.743145 0.000000
vn 0.000000 0.000000 -1.000000
vn 0.000000 0.000000 -1.000000
vn 0.000000 0.000000 -1.000000
vn 0.000000 0.000000 -1.000000
vn -0.669131 -0.743144 0.000000
vn -0.669131 -0.743144 0.000000
vn -0.669131 -0.743144 0.000000
vn -0.669131 -0.743144 0.000000
vn 0.743146 -0.669129 0.000000
vn 0.743146 -0.669129 0.000000
vn 0.743146 -0.669129 0.000000
vn 0.743146 -0.669129 0.000000
vn -0.743144 0.669131 0.000000
vn -0.743144 0.669131 0.000000
vn -0.743144 0.669131 0.000000
vn -0.743144 0.669131 0.000000
vn -0.000000 0.000000 1.000000
vn -0.000000 0.000000 1.000000
vn -0.000000 0.000000 1.000000
vn -0.000000 0.000000 1.000000
vn -0.669131 0.743145 0.000000
vn -0.669131 0.743145 0.000000
vn -0.669131 0.743145 0.000000
vn -0.669131 0.743145 0.000000
vn 0.000000 0.000000 -1.000000
vn 0.000000 0.000000 -1.000000
vn 0.000000 0.000000 -1.000000
vn 0.000000 0.000000 -1.000000
vn 0.669131 -0.743144 0.000000
vn 0.669131 -0.743144 0.000000
vn 0.669131 -0.743144 0.000000
vn 0.669131 -0.743144 0.000000
vn -0.743146 -0.669130 0.000000
vn -0.743146 -0.669130 0.000000
vn -0.743146 -0.669130 0.000000
vn -0.743146 -0.669130 0.000000
vn 0.743144 0.669131 0.000000
vn 0.743144 0.669131 0.000000
vn 0.743144 0.669131 0.000000
vn 0.743144 0.669131 0.000000
vn 0.000000 0.000000 1.000000
vn 0.000000 0.000000 1.000000
vn 0.000000 0.000000 1.000000
vn 0.000000 0.000000 1.000000
vn 0.000000 1.000000 0.000000
vn 0.000000 1.000000 0.000000
vn 0.000000 1.000000 0.000000
vn 0.000000 1.000000 0.000000
vn 0.000000 0.000000 -1.000000
vn 0.000000 0.000000 -1.000000
vn 0.000000 0.000000 -1.000000
vn 0.000000 0.000000 -1.000000
vn 0.000000 -1.000000 0.000000
vn 0.000000 -1.000000 0.000000
vn 0.000000 -1.000000 0.000000
vn 0.000000 -1.000000 0.000000
vn -1.000000 0.000000 0.000000
vn -1.000000 0.000000 0.000000
vn -1.000000 0.000000 0.000000
vn -1.000000 0.000000 0.000000
vn 1.000000 0.000000 0.000000
vn 1.000000 0.000000 0.000000
vn 1.000000 0.000000 0.000000
vn 1.000000 0.000000 0.000000
vn 0.000000 0.000000 1.000000
vn 0.000000 0.000000 1.000000
vn 0.000000 0.000000 1.000000
vn 0.000000 0.000000 1.000000
vn -0.669131 0.743145 0.000000
vn -0.669131 0.743145 0.000000
vn -0.669131 0.743145 0.000000
vn -0.669131 0.743145 0.000000
vn -0.000000 0.000000 -1.000000
vn -0.000000 0.000000 -1.000000
vn -0.000000 0.000000 -1.000000
vn -0.000000 0.000000 -1.000000
vn 0.669131 -0.743144 0.000000
vn 0.669131 -0.743144 0.000000
vn 0.669131 -0.743144 0.000000
vn 0.669131 -0.743144 0.000000
vn -0.743146 -0.669129 0.000000
vn -0.743146 -0.669129 0.000000
vn -0.743146 -0.669129 0.000000
vn -0.743146 -0.669129 0.000000
vn 0.743144 0.669131 0.000000
vn 0.743144 0.669131 0.000000
vn 0.743144 0.669131 0.000000
vn 0.743144 0.669131 0.000000
vn -1.000000 -0.000000 0.000000
vn -1.000000 -0.000000 0.000000
vn -1.000000 -0.000000 0.000000
vn -1.000000 -0.000000 0.000000
vn 0.000000 0.743145 0.669131
vn 0.000000 0.743145 0.669131
vn 0.000000 0.743145 0.669131
vn 0.000000 0.743145 0.669131
vn 1.000000 -0.000000 0.000000
vn 1.000000 -0.000000 0.000000
vn 1.000000 -0.000000 0.000000
vn 1.000000 -0.000000 0.000000
vn 0.000000 -0.743144 -0.669131
vn 0.000000 -0.743144 -0.669131
vn 0.000000 -0.743144 -0.669131
vn 0.000000 -0.743144 -0.669131
vn 0.000000 -0.669129 0.743146
vn 0.000000 -0.669129 0.743146
vn 0.000000 -0.669129 0.743146
vn 0.000000 -0.669129 0.743146
vn 0.000000 0.669131 -0.743144
vn 0.000000 0.669131 -0.743144
vn 0.000000 0.669131 -0.743144
vn 0.000000 0.669131 -0.743144
vn -1.000000 0.000000 0.000000
vn -1.000000 0.000000 0.000000
vn -1.000000 0.000000 0.000000
vn -1.000000 0.000000 0.000000
vn 0.000000 1.000000 0.000000
vn 0.000000 1.000000 0.000000
vn 0.000000 1.000000 0.000000
vn 0.000000 1.000000 0.000000
vn 1.000000 0.000000 0.000000
vn 1.000000 0.000000 0.000000
vn 1.000000 0.000000 0.000000
vn 1.000000 0.000000 0.000000
vn 0.000000 -1.000000 0.000000
vn 0.000000 -1.000000 0.000000
vn 0.000000 -1.000000 0.000000
vn 0.000000 -1.000000 0.000000
vn 0.000000 0.000000 1.000000
vn 0.000000 0.000000 1.000000
vn 0.000000 0.000000 1.000000
vn 0.000000 0.000000 1.000000
vn 0.000000 0.000000 -1.000000
vn 0.000000 0.000000 -1.000000
vn 0.000000 0.000000 -1.000000
vn 0.000000 0.000000 -1.000000
vn -1.000000 0.000000 0.000000
vn -1.000000 0.000000 0.000000
vn -1.000000 0.000000 0.000000
vn -1.000000 0.000000 0.000000
vn 0.000000 0.743145 0.669131
vn 0.000000 0.743145 0.669131
vn 0.000000 0.743145 0.669131
vn 0.000000 0.743145 0.669131
vn 1.000000 -0.000000 0.000000
vn 1.000000 -0.000000 0.000000
vn 1.000000 -0.000000 0.000000
vn 1.000000 -0.000000 0.000000
vn 0.000000 -0.743144 -0.669131
vn 0.000000 -0.743144 -0.669131
vn 0.000000 -0.743144 -0.669131
vn 0.000000 -0.743144 -0.669131
vn 0.000000 -0.669129 0.743146
vn 0.000000 -0.669129 0.743146
vn 0.000000 -0.669129 0.743146
vn 0.000000 -0.669129 0.743146
vn 0.000000 0.669131 -0.743144
vn 0.000000 0.669131 -0.743144
vn 0.000000 0.669131 -0.743144
vn 0.000000 0.669131 -0.743144
vn 0.000000 1.000000 0.000000
vn 0.000000 1.000000 0.000000
vn 0.000000 1.000000 0.000000
vn 0.000000 1.000000 0.000000
vn 0.000000 0.000000 -1.000000
vn 0.000000 0.000000 -1.000000
vn 0.000000 0.000000 -1.000000
vn 0.000000 0.000000 -1.000000
vn 0.000000 -0.939480 -0.342604
vn 0.000000 -0.939480 -0.342604
vn 0.000000 -0.939480 -0.342604
vn 0.000000 -0.939480 -0.342604
vn 0.999986 -0.005290 -0.000485
vn 0.858898 -0.510005 -0.046783
vn 0.858451 -0.501702 -0.106566
vn 0.999987 -0.005001 -0.001066
vn 0.492901 -0.866448 -0.079480
vn 0.493660 -0.850783 -0.180190
vn 0.013983 -0.995722 -0.091338
vn 0.014028 -0.978282 -0.206805
vn -0.013983 -0.995722 -0.091338
vn -0.492901 -0.866448 -0.079480
vn -0.493660 -0.850783 -0.180190
vn -0.014028 -0.978282 -0.206805
vn -0.707106 -0.704151 -0.064592
vn -0.710031 -0.688839 -0.146140
vn -0.965926 -0.257738 -0.023642
vn -0.999986 -0.005290 -0.000485
vn -0.999987 -0.005001 -0.001066
vn -0.966459 -0.251176 -0.053552
vn -0.015022 -0.939374 -0.342565
vn 0.015022 -0.939374 -0.342565
vn 0.999997 -0.002452 -0.000894
vn 1.000000 0.000000 0.000000
vn 1.000000 0.000000 0.000000
vn 1.000000 0.000000 0.000000
vn 1.000000 0.000000 0.000000
vn -1.000000 0.000000 0.000000
vn -1.000000 0.000000 0.000000
vn -0.999997 -0.002452 -0.000894
vn -1.000000 0.000000 0.000000
vn -1.000000 0.000000 0.000000
vn 0.000000 0.000000 1.000000
vn 0.000000 0.000000 1.000000
vn 0.000000 0.000000 1.000000
vn 0.000000 0.000000 1.000000
vn 0.000000 0.000000 1.000000
vn 0.000000 0.000000 1.000000
vn 0.000000 0.000000 1.000000
vn 0.000000 0.000000 1.000000
vn 0.000000 0.000000 1.000000
vn 0.000000 0.000000 1.000000
vn -0.000000 0.000000 -1.000000
vn -0.000000 0.000000 -1.000000
vn -0.000000 0.000000 -1.000000
vn -0.000000 0.000000 -1.000000
vn -0.000000 0.000000 -1.000000
vn -0.000000 0.000000 -1.000000
vn -0.000000 0.000000 -1.000000
vn -0.000000 0.000000 -1.000000
vn -0.000000 0.000000 -1.000000
vn -0.000000 0.000000 -1.000000
vn 0.524725 -0.799753 -0.291649
vn 0.965926 -0.243155 -0.088672
vn 0.707106 -0.664313 -0.242257
vn -0.965926 -0.243155 -0.088672
vn -0.524725 -0.799753 -0.291649
vn -0.707106 -0.664313 -0.242257
vn 0.000000 0.830415 0.557146
vn 0.000000 0.830415 0.557146
vn 0.000000 0.830415 0.557146
vn 0.000000 0.830415 0.557146
vn 0.000000 0.000000 1.000000
vn 0.000000 0.000000 1.000000
vn 0.000000 0.000000 1.000000
vn 0.000000 0.000000 1.000000
vn 0.000000 0.983304 0.181969
vn 0.000000 0.983304 0.181969
vn 0.000000 0.983304 0.181969
vn 0.000000 0.983304 0.181969
vn 0.000000 -0.990830 0.135111
vn 0.000000 -0.990830 0.135111
vn 0.000000 -0.990830 0.135111
vn 0.000000 -0.990830 0.135111
vn 0.000000 -0.157663 -0.987493
vn 0.000000 -0.157663 -0.987493
vn 0.000000 -0.155599 -0.987820
vn 0.000000 -0.155599 -0.987820
vn 0.000000 -0.999859 0.016792
vn 0.000000 -0.999859 0.016792
vn 0.000000 -0.999859 0.016792
vn 0.000000 -0.999859 0.016792
vn 0.000000 0.990830 -0.135111
vn 0.000000 0.990830 -0.135111
vn 0.000000 0.990830 -0.135111
vn 0.000000 0.990830 -0.135111
vn 0.000000 -0.148831 -0.988863
vn 0.000000 -0.148831 -0.988863
vn -0.959434 -0.281931 0.001183
vn -0.959434 -0.281931 0.001183
vn -0.959434 -0.281931 0.001183
vn -0.959434 -0.281931 0.001183
vn -0.959434 -0.281931 0.001183
vn 1.000000 -0.000000 -0.000000
vn 1.000000 -0.000000 -0.000000
vn 1.000000 -0.000000 -0.000000
vn 1.000000 -0.000000 -0.000000
vn 1.000000 -0.000000 -0.000000
vn 0.959434 -0.281931 0.001183
vn 0.959434 -0.281931 0.001183
vn 0.959434 -0.281931 0.001183
vn 0.959434 -0.281931 0.001183
vn 0.959434 -0.281931 0.001183
vn -1.000000 -0.000000 -0.000000
vn -1.000000 -0.000000 -0.000000
vn -1.000000 -0.000000 -0.000000
vn -1.000000 -0.000000 -0.000000
vn -1.000000 -0.000000 -0.000000
vn 0.932515 0.359621 0.033002
vn 0.932870 0.358890 0.030834
vn 0.938758 0.344428 -0.010177
vn 0.940804 0.338812 -0.009679
vn 0.940776 0.338897 -0.009470
vn 0.000000 1.000000 -0.000000
vn 0.000000 0.998990 0.044938
vn 0.000010 0.998982 0.045119
vn 0.000048 1.000000 0.000006
vn 0.000000 1.000000 -0.000000
vn -0.000028 0.999000 0.044700
vn -0.000010 0.998982 0.045119
vn -0.000048 1.000000 0.000006
vn -0.000092 1.000000 0.000012
vn -0.000107 1.000000 0.000014
vn -0.932870 0.358890 0.030834
vn -0.918599 0.382653 0.098758
vn -0.918592 0.382671 0.098752
vn -0.932515 0.359621 0.033002
vn 0.918592 0.382671 0.098752
vn 0.918599 0.382653 0.098758
vn -0.000016 0.992490 0.122324
vn -0.000201 0.992477 0.122435
vn 0.000028 0.999000 0.044700
vn -0.000000 0.992501 0.122233
vn 0.000016 0.992490 0.122324
vn 0.000201 0.992477 0.122435
vn -0.932580 -0.359466 -0.032853
vn -0.941286 -0.337465 0.009843
vn -0.941347 -0.337290 0.010076
vn -0.939162 -0.343317 0.010413
vn -0.932964 -0.358666 -0.030611
vn 0.000000 -1.000000 0.000000
vn 0.000000 -1.000000 0.000000
vn 0.000000 -1.000000 0.000000
vn 0.000000 -0.998983 -0.045083
vn 0.000000 -0.998992 -0.044891
vn 0.000000 -0.998997 -0.044775
vn 0.000000 -1.000000 0.000000
vn 0.000000 -1.000000 0.000000
vn 0.000000 -0.998983 -0.045083
vn 0.932964 -0.358666 -0.030611
vn 0.932580 -0.359466 -0.032853
vn 0.918827 -0.382095 -0.098795
vn 0.918827 -0.382095 -0.098795
vn -0.918827 -0.382095 -0.098795
vn -0.918827 -0.382095 -0.098795
vn 0.000000 -0.998997 -0.044775
vn 0.000000 -0.992546 -0.121870
vn 0.000000 -0.992546 -0.121870
vn 0.000000 -0.992546 -0.121870
vn 0.000000 -0.992546 -0.121870
vn 0.000000 -0.992546 -0.121870
vn 0.000000 0.000000 -1.000000
vn 0.000000 0.000000 -1.000000
vn 0.000000 0.000000 -1.000000
vn 0.000000 0.000000 -1.000000
vn 0.366137 -0.930090 -0.029610
vn 0.357223 -0.933441 -0.032873
vn 0.357236 -0.933439 -0.032781
vn 0.366233 -0.930050 -0.029686
vn -0.013857 -0.003346 -0.999898
vn -0.008602 -0.004152 -0.999954
vn -0.008351 -0.004190 -0.999956
vn -0.013857 -0.003346 -0.999898
vn -0.001665 -0.005216 -0.999985
vn -0.001665 -0.005216 -0.999985
vn 0.000000 0.000000 -1.000000
vn 0.000000 0.000000 -1.000000
vn 0.001665 -0.005216 -0.999985
vn 0.008602 -0.004152 -0.999954
vn 0.008351 -0.004190 -0.999956
vn 0.001665 -0.005216 -0.999985
vn -0.357236 -0.933439 -0.032781
vn -0.357223 -0.933440 -0.032873
vn -0.366137 -0.930090 -0.029610
vn -0.366233 -0.930050 -0.029686
vn 0.013857 -0.003346 -0.999898
vn 0.013857 -0.003346 -0.999898
vn -0.376362 -0.925703 -0.037766
vn -0.376686 -0.925530 -0.038761
vn -0.376996 -0.925363 -0.039716
vn 0.062598 -0.114115 0.991494
vn 0.044647 -0.121756 0.991555
vn 0.044993 -0.121610 0.991558
vn 0.062598 -0.114115 0.991493
vn -0.044648 -0.121756 0.991555
vn -0.062599 -0.114115 0.991493
vn -0.062599 -0.114115 0.991493
vn -0.044994 -0.121609 0.991558
vn 0.376686 -0.925530 -0.038761
vn 0.376362 -0.925703 -0.037766
vn 0.376996 -0.925363 -0.039716
vn -0.001378 -0.128599 0.991696
vn -0.001378 -0.128599 0.991696
vn 0.000000 -0.121869 0.992546
vn 0.000000 -0.121869 0.992546
vn 0.001378 -0.128600 0.991696
vn 0.001378 -0.128600 0.991696
vn 0.952926 0.303136 -0.006397
vn 0.953165 0.302395 -0.005781
vn 0.953165 0.302395 -0.005781
vn 0.314904 -0.869810 -0.379824
vn 0.315028 -0.870063 -0.379142
vn 0.307925 -0.855474 -0.416350
vn 0.307925 -0.855474 -0.416350
vn 0.000000 -1.000000 0.000000
vn 0.000000 -1.000000 0.000000
vn 0.000000 -1.000000 0.000000
vn 0.000000 -1.000000 0.000000
vn -1.000000 0.000000 0.000000
vn -1.000000 0.000000 0.000000
vn -1.000000 0.000000 0.000000
vn -1.000000 0.000000 0.000000
vn -0.000014 1.000000 0.000002
vn -0.000026 1.000000 0.000003
vn -0.000026 1.000000 0.000003
vn 1.000000 0.000000 0.000000
vn 1.000000 0.000000 0.000000
vn 1.000000 0.000000 0.000000
vn 1.000000 0.000000 0.000000
vn 0.941286 -0.337465 0.009843
vn 0.941347 -0.337290 0.010076
vn 0.954773 -0.297236 0.007692
vn 0.955102 -0.296197 0.006927
vn 0.955102 -0.296197 0.006927
vn -0.307925 -0.855474 -0.416350
vn -0.315028 -0.870063 -0.379141
vn -0.314904 -0.869810 -0.379823
vn -0.307925 -0.855474 -0.416350
vn 0.000000 -1.000000 0.000000
vn 0.000000 -1.000000 0.000000
vn 0.000000 -1.000000 0.000000
vn 0.000000 -1.000000 0.000000
vn 0.000000 1.000000 -0.000000
vn 0.000014 1.000000 0.000002
vn 0.000092 1.000000 0.000012
vn 0.000107 1.000000 0.000014
vn 0.000026 1.000000 0.000003
vn 0.000026 1.000000 0.000003
vn 0.707107 0.000000 -0.707107
vn 0.707107 0.000000 -0.707107
vn 0.707107 0.000000 -0.707107
vn 0.707107 0.000000 -0.707107
vn -0.707107 0.000000 -0.707107
vn -0.707107 0.000000 -0.707107
vn -0.707107 0.000000 -0.707107
vn -0.707107 0.000000 -0.707107
vn -0.045467 -0.121699 0.991525
vn -0.062299 -0.114454 0.991473
vn -0.062299 -0.114454 0.991473
vn -0.045733 -0.121584 0.991527
vn -0.003573 -0.128277 0.991732
vn -0.003571 -0.128273 0.991732
vn 0.000000 -0.121869 0.992546
vn 0.000000 -0.121869 0.992546
vn 0.003573 -0.128276 0.991732
vn 0.003571 -0.128272 0.991733
vn 0.045467 -0.121698 0.991525
vn 0.045733 -0.121584 0.991527
vn 0.062299 -0.114454 0.991473
vn 0.062299 -0.114454 0.991473
vn -0.912327 -0.398685 -0.093333
vn -0.912327 -0.398685 -0.093333
vn -0.912327 -0.398685 -0.093333
vn -0.912327 -0.398685 -0.093333
vn 0.390155 -0.917148 -0.081359
vn 0.390155 -0.917148 -0.081359
vn 0.912588 0.398100 0.093274
vn 0.912588 0.398100 0.093274
vn -0.000389 -0.991955 -0.126592
vn 0.000899 -0.991797 -0.127823
vn 0.000899 -0.991797 -0.127823
vn -0.000390 -0.991955 -0.126591
vn 0.000364 0.991949 0.126634
vn -0.000856 0.991797 0.127823
vn -0.000000 -0.992061 -0.125756
vn -0.000000 -0.992061 -0.125756
vn -0.000000 0.992061 0.125756
vn 0.000389 -0.991955 -0.126592
vn 0.000390 -0.991955 -0.126591
vn -0.000364 0.991949 0.126634
vn -0.000899 -0.991797 -0.127823
vn -0.000899 -0.991797 -0.127823
vn 0.000856 0.991797 0.127823
vn 0.912327 -0.398685 -0.093333
vn 0.912327 -0.398685 -0.093333
vn 0.912327 -0.398685 -0.093333
vn 0.912327 -0.398685 -0.093333
vn -0.912588 0.398100 0.093273
vn -0.912588 0.398100 0.093273
vn -0.390154 -0.917148 -0.081359
vn -0.390154 -0.917148 -0.081359
vn -0.954773 -0.297235 0.007692
vn -0.955102 -0.296197 0.006927
vn -0.955102 -0.296197 0.006927
vn 0.939162 -0.343317 0.010413
vn -0.940804 0.338812 -0.009679
vn -0.938758 0.344428 -0.010177
vn -0.940776 0.338897 -0.009470
vn -0.952926 0.303136 -0.006397
vn -0.953165 0.302395 -0.005781
vn -0.953165 0.302395 -0.005781
vn 0.343522 -0.925766 -0.157953
vn 0.343505 -0.925738 -0.158159
vn 0.329064 -0.898878 -0.289369
vn 0.328938 -0.898623 -0.290304
vn -0.329064 -0.898878 -0.289369
vn -0.328938 -0.898623 -0.290304
vn -0.343522 -0.925767 -0.157953
vn -0.343504 -0.925738 -0.158159
vn -0.951172 -0.308202 0.016850
vn -0.951179 -0.307946 0.020663
vn 0.949803 0.312208 -0.020012
vn 0.949789 0.312510 -0.015424
vn 0.951179 -0.307946 0.020663
vn 0.951172 -0.308202 0.016850
vn -0.949789 0.312510 -0.015424
vn -0.949803 0.312208 -0.020012
vn 0.325570 -0.945518 0.000000
vn 0.325570 -0.945518 0.000000
vn 0.325570 -0.945518 0.000000
vn 0.325570 -0.945518 0.000000
vn -0.325571 0.945518 0.000000
vn -0.325571 0.945518 0.000000
vn -0.325571 0.945518 0.000000
vn -0.325571 0.945518 0.000000
vn -0.945518 -0.325569 -0.000000
vn -0.945518 -0.325569 -0.000000
vn -0.945519 -0.325568 -0.000000
vn -0.945519 -0.325568 -0.000000
vn 0.000002 0.000000 1.000000
vn 0.000001 0.000000 1.000000
vn 0.000001 0.000000 1.000000
vn 0.000002 0.000000 1.000000
vn 0.945518 0.325569 -0.000000
vn 0.945518 0.325569 0.000000
vn 0.945518 0.325569 0.000000
vn 0.945518 0.325568 -0.000000
vn 0.000001 0.000000 -1.000000
vn 0.210997 -0.612786 -0.761560
vn 0.210997 -0.612786 -0.761560
vn 0.000001 0.000000 -1.000000
vn 0.000004 0.000000 1.000000
vn 0.000004 0.000000 1.000000
vn 0.000000 0.000000 -1.000000
vn 0.000000 0.000000 -1.000000
vn -0.945519 -0.325567 -0.000000
vn -0.945519 -0.325568 -0.000000
vn -0.945519 -0.325568 -0.000000
vn 0.000002 0.000000 1.000000
vn 0.000002 0.000000 1.000000
vn 0.945518 0.325569 0.000000
vn 0.945518 0.325570 0.000000
vn 0.945518 0.325569 0.000000
vn 0.290130 -0.842603 -0.453701
vn 0.290130 -0.842603 -0.453701
vn -0.945519 -0.325567 -0.000000
vn -0.945519 -0.325567 -0.000001
vn -0.945519 -0.325567 -0.000001
vn -0.325570 0.945518 0.000000
vn -0.325570 0.945518 0.000000
vn -0.325570 0.945518 0.000000
vn -0.325570 0.945518 0.000000
vn -0.945519 -0.325567 0.000000
vn -0.945518 -0.325569 -0.000000
vn -0.945518 -0.325569 -0.000000
vn -0.945519 -0.325567 0.000000
vn -0.945519 -0.325568 0.000000
vn -0.945518 -0.325570 -0.000000
vn 0.325570 -0.945518 0.000000
vn 0.325570 -0.945518 0.000000
vn 0.323953 -0.940824 -0.099527
vn 0.323953 -0.940824 -0.099527
vn 0.945519 0.325568 0.000000
vn 0.945518 0.325568 0.000000
vn 0.945519 0.325567 -0.000000
vn 0.945518 0.325569 0.000000
vn 0.945518 0.325570 0.000000
vn 0.945518 0.325570 0.000000
vn -0.945519 -0.325568 0.000000
vn -0.945519 -0.325568 0.000000
vn -0.945519 -0.325568 0.000000
vn -0.945519 -0.325568 0.000000
vn -0.945519 -0.325567 0.000000
vn 0.945518 0.325570 0.000000
vn 0.945518 0.325569 -0.000000
vn 0.465562 0.160307 0.870376
vn 0.465562 0.160307 0.870376
vn 0.465562 0.160307 0.870376
vn 0.465562 0.160307 0.870376
vn -0.325568 0.945519 0.000000
vn -0.325568 0.945519 0.000000
vn -0.325568 0.945519 0.000000
vn -0.325568 0.945519 0.000000
vn -0.465562 -0.160307 -0.870376
vn -0.465562 -0.160307 -0.870376
vn -0.465562 -0.160307 -0.870376
vn -0.465562 -0.160307 -0.870376
vn 0.325569 -0.945518 0.000000
vn 0.325569 -0.945518 0.000000
vn 0.325569 -0.945518 0.000000
vn 0.325569 -0.945518 0.000000
vn 0.945518 0.325569 -0.000000
vn 0.945518 0.325569 -0.000000
vn -0.230210 0.668587 0.707104
vn -0.230210 0.668587 0.707104
vn -0.230210 0.668587 0.707104
vn -0.230210 0.668587 0.707104
vn 0.230210 -0.668586 0.707104
vn 0.230210 -0.668586 0.707104
vn 0.230210 -0.668586 0.707104
vn 0.230210 -0.668586 0.707104
vn 0.313316 -0.909937 -0.271750
vn 0.313317 -0.909937 -0.271750
vn 0.945518 0.325570 0.000000
vn 0.945518 0.325570 0.000000
vn 0.945518 0.325570 0.000000
vn -0.945519 -0.325567 0.000000
vn -0.945519 -0.325567 0.000000
vn -0.945519 -0.325567 0.000000
vn -0.325570 -0.945518 0.000000
vn -0.325570 -0.945518 0.000000
vn -0.325570 -0.945518 0.000000
vn -0.325570 -0.945518 0.000000
vn 0.325571 0.945518 0.000000
vn 0.325571 0.945518 0.000000
vn 0.325571 0.945518 0.000000
vn 0.325571 0.945518 0.000000
vn 0.945519 -0.325568 -0.000000
vn 0.945519 -0.325568 -0.000000
vn 0.945519 -0.325568 -0.000000
vn 0.945518 -0.325569 -0.000000
vn -0.000001 0.000000 1.000000
vn -0.000001 0.000000 1.000000
vn 0.000001 0.000000 1.000000
vn 0.000001 0.000000 1.000000
vn -0.945518 0.325568 -0.000000
vn -0.945518 0.325568 -0.000000
vn -0.945518 0.325569 -0.000000
vn -0.945518 0.325569 -0.000000
vn 0.000000 0.000000 -1.000000
vn 0.000000 0.000000 -1.000000
vn -0.210997 -0.612785 -0.761560
vn -0.210997 -0.612786 -0.761560
vn -0.000003 0.000000 1.000000
vn -0.000003 0.000000 1.000000
vn 0.000000 0.000000 -1.000000
vn 0.000000 0.000000 -1.000000
vn 0.945519 -0.325567 -0.000000
vn 0.945519 -0.325567 -0.000000
vn 0.945519 -0.325567 -0.000000
vn 0.000002 0.000000 1.000000
vn 0.000002 0.000000 1.000000
vn -0.945518 0.325570 -0.000000
vn -0.945518 0.325570 -0.000000
vn -0.945518 0.325570 -0.000000
vn -0.290130 -0.842603 -0.453702
vn -0.290130 -0.842603 -0.453701
vn 0.945519 -0.325567 -0.000000
vn 0.945519 -0.325567 -0.000000
vn 0.945519 -0.325568 -0.000000
vn 0.325570 0.945518 0.000000
vn 0.325570 0.945518 0.000000
vn 0.325570 0.945518 0.000000
vn 0.325570 0.945518 0.000000
vn 0.945519 -0.325567 0.000000
vn 0.945519 -0.325567 0.000000
vn 0.945518 -0.325569 -0.000000
vn 0.945518 -0.325569 -0.000000
vn 0.945518 -0.325568 -0.000000
vn 0.945518 -0.325570 -0.000000
vn -0.325570 -0.945518 0.000000
vn -0.323953 -0.940823 -0.099527
vn -0.323953 -0.940823 -0.099527
vn -0.325570 -0.945518 0.000000
vn -0.945518 0.325568 0.000000
vn -0.945518 0.325569 0.000000
vn -0.945519 0.325568 -0.000000
vn -0.945519 0.325569 0.000000
vn -0.945518 0.325570 0.000000
vn -0.945518 0.325570 0.000000
vn 0.945519 -0.325568 0.000000
vn 0.945519 -0.325568 0.000000
vn 0.945519 -0.325568 0.000000
vn 0.945519 -0.325568 0.000000
vn 0.945519 -0.325567 0.000000
vn -0.945518 0.325570 0.000000
vn -0.945518 0.325569 -0.000000
vn -0.465562 0.160307 0.870375
vn -0.465562 0.160307 0.870375
vn -0.465562 0.160307 0.870375
vn -0.465563 0.160307 0.870375
vn 0.325568 0.945519 0.000000
vn 0.325568 0.945519 0.000000
vn 0.325568 0.945519 0.000000
vn 0.325568 0.945519 0.000000
vn 0.465562 -0.160307 -0.870376
vn 0.465562 -0.160307 -0.870376
vn 0.465562 -0.160307 -0.870376
vn 0.465562 -0.160307 -0.870376
vn -0.325568 -0.945519 0.000000
vn -0.325568 -0.945519 0.000000
vn -0.325568 -0.945519 0.000000
vn -0.325568 -0.945519 0.000000
vn -0.945518 0.325569 -0.000000
vn -0.945518 0.325569 -0.000000
vn 0.230211 0.668587 0.707103
vn 0.230211 0.668587 0.707103
vn 0.230211 0.668587 0.707103
vn 0.230211 0.668587 0.707103
vn -0.230211 -0.668587 0.707103
vn -0.230211 -0.668587 0.707103
vn -0.230211 -0.668587 0.707103
vn -0.230211 -0.668587 0.707103
vn -0.313317 -0.909937 -0.271750
vn -0.313317 -0.909936 -0.271750
vn -0.945518 0.325570 0.000000
vn -0.945518 0.325570 0.000000
vn -0.945518 0.325570 0.000000
vn 0.945519 -0.325567 0.000000
vn 0.945519 -0.325567 0.000000
vn 0.945519 -0.325567 0.000000
vn -0.000000 0.000000 1.000000
vn -0.000000 0.000000 1.000000
vn -0.000000 0.000000 1.000000
vn -0.000000 0.000000 1.000000
vn -0.000000 0.000000 1.000000
vn 1.000000 0.000002 -0.000001
vn 1.000000 0.000002 -0.000001
vn 1.000000 0.000003 -0.000000
vn 1.000000 0.000003 -0.000000
vn -1.000000 0.000000 0.000000
vn -1.000000 0.000000 0.000000
vn -0.999884 0.000000 0.015245
vn -0.999867 0.000000 0.016320
vn 0.329543 -0.940789 0.079486
vn 0.315565 -0.948904 0.000000
vn 0.070575 -0.997507 0.000000
vn 0.152363 -0.988024 0.024380
vn 0.309186 0.950981 0.006198
vn 0.303280 0.952827 0.011914
vn 0.307911 0.948175 0.078459
vn 0.307138 0.951242 0.028362
vn -0.315565 -0.948904 0.000000
vn -0.315565 -0.948904 0.000000
vn -0.315565 -0.948904 0.000000
vn 0.326360 0.000000 0.945246
vn 0.326360 0.000000 0.945246
vn 0.326360 0.000000 0.945246
vn 0.326360 0.000000 0.945246
vn -0.191647 -0.981464 0.000000
vn -0.191647 -0.981464 0.000000
vn -0.000000 -0.000001 -1.000000
vn 0.179142 -0.014008 -0.983723
vn 0.156590 -0.019240 -0.987476
vn 0.315565 0.948904 -0.000000
vn 0.315565 0.948904 -0.000000
vn 0.315565 0.948904 0.000000
vn 0.315565 0.948904 0.000000
vn -1.000000 0.000000 0.000000
vn -1.000000 0.000000 0.000000
vn -1.000000 0.000000 0.000000
vn 0.315565 -0.948904 0.000000
vn 0.051764 -0.998659 0.000000
vn -0.191647 -0.981464 0.000000
vn -0.191647 -0.981464 0.000000
vn 1.000000 0.000003 0.000000
vn 1.000000 0.000003 0.000000
vn 0.315565 0.948904 0.000000
vn -0.000001 0.000000 1.000000
vn -0.000001 0.000000 1.000000
vn -0.000001 0.000000 1.000000
vn -0.000001 0.000000 1.000000
vn -0.000001 0.000000 1.000000
vn -1.000000 0.000002 -0.000001
vn -1.000000 0.000002 -0.000000
vn -1.000000 0.000002 -0.000000
vn -1.000000 0.000002 -0.000001
vn 1.000000 0.000000 -0.000000
vn 1.000000 0.000000 0.000000
vn 1.000000 0.000000 0.000000
vn 1.000000 0.000000 -0.000000
vn -0.315565 -0.948904 0.000000
vn -0.315565 -0.948904 0.000000
vn -0.315565 -0.948904 -0.000000
vn -0.315565 -0.948904 -0.000000
vn -0.305836 0.952064 0.006188
vn -0.295785 0.955172 0.012551
vn -0.288740 0.957257 0.016993
vn -0.299313 0.954099 0.010321
vn -0.315565 0.948904 0.000000
vn -0.315565 0.948904 -0.000000
vn 0.042662 -0.999090 0.000000
vn 0.021307 -0.999773 -0.000000
vn 0.000000 0.000000 1.000000
vn 0.000000 0.000000 1.000000
vn 0.000000 0.000000 1.000000
vn 0.000000 0.000000 1.000000
vn 0.000000 0.000000 1.000000
vn -0.326360 0.000000 0.945246
vn -0.326360 0.000000 0.945246
vn -0.326360 0.000000 0.945246
vn -0.326360 0.000000 0.945246
vn 0.191647 -0.981464 0.000000
vn 0.191647 -0.981464 0.000000
vn -0.179142 -0.014008 -0.983723
vn -0.156590 -0.019240 -0.987476
vn -0.176442 -0.021679 -0.984072
vn -0.176442 -0.021679 -0.984072
vn -0.222613 -0.009373 -0.974862
vn -0.315565 0.948904 0.000000
vn -0.315565 0.948904 -0.000000
vn -0.315565 0.948904 0.000000
vn -0.315565 0.948904 0.000000
vn 1.000000 -0.000000 -0.000000
vn 1.000000 0.000000 -0.000000
vn 1.000000 -0.000000 -0.000000
vn -0.051764 -0.998659 -0.000000
vn -0.315565 -0.948904 -0.000001
vn 0.191647 -0.981464 0.000000
vn 0.191647 -0.981464 0.000000
vn -1.000000 0.000002 0.000000
vn -1.000000 0.000002 0.000000
vn -0.315565 0.948904 0.000000
vn -0.992230 0.000000 0.124421
vn -0.992230 0.000000 0.124421
vn 0.353729 -0.897495 0.263398
vn 0.353729 -0.897495 0.263398
vn 0.353729 -0.897495 0.263398
vn 0.353729 -0.897495 0.263398
vn 0.920643 0.000000 0.390406
vn 0.920643 0.000000 0.390406
vn 0.920643 0.000000 0.390406
vn 0.920643 0.000000 0.390406
vn 0.326045 0.919499 0.219583
vn 0.326045 0.919499 0.219583
vn 0.326045 0.919499 0.219583
vn -0.324578 0.922727 0.207904
vn -0.324578 0.922727 0.207904
vn -0.324578 0.922727 0.207904
vn -0.324578 0.922727 0.207904
vn -0.324578 0.922727 0.207904
vn -0.324578 0.922727 0.207904
vn 0.992230 0.000000 0.124421
vn 0.992230 0.000000 0.124421
vn 0.992230 0.000000 0.124421
vn 0.992230 0.000000 0.124421
vn -0.920643 0.000000 0.390406
vn -0.920643 0.000000 0.390406
vn -0.920643 0.000000 0.390406
vn -0.920643 0.000000 0.390406
vn -0.350444 -0.907373 0.232083
vn -0.350444 -0.907373 0.232083
vn -0.350444 -0.907373 0.232083
vn -0.350444 -0.907373 0.232083
vn -0.350444 -0.907373 0.232083
vn -0.350444 -0.907373 0.232083
vn -0.350444 -0.907373 0.232083
vn 0.000000 -0.000000 -1.000000
vn -0.000000 -0.000000 -1.000000
vn 0.257374 0.000000 -0.966312
vn 0.257374 0.000000 -0.966312
vn 0.222613 -0.009373 -0.974862
vn 0.000000 -0.000000 -1.000000
vn 0.000000 -0.000000 -1.000000
vn 0.000000 -0.000001 -1.000000
vn -0.257374 0.000000 -0.966312
vn -0.257374 0.000000 -0.966312
vn -1.000000 0.000000 0.000000
vn -1.000000 0.000000 0.000000
vn 0.315565 0.948904 0.000000
vn -0.315565 0.948904 0.000000
vn 1.000000 -0.000001 0.000000
vn 1.000000 -0.000001 0.000000
vn 0.176442 -0.021679 -0.984072
vn 0.176442 -0.021679 -0.984072
vn 0.000000 0.000000 1.000000
vn 0.000000 0.000000 1.000000
vn 0.000000 0.000000 1.000000
vn 0.000000 0.000000 1.000000
vn 0.000000 0.000000 1.000000
vn -0.000001 0.000001 1.000000
vn 0.000001 0.000001 1.000000
vn 0.000006 0.000000 1.000000
vn 0.000002 -0.000000 1.000000
vn 0.000002 0.000000 1.000000
vn 0.000002 0.000000 1.000000
vn 0.000002 0.000000 1.000000
vn -0.000002 -0.000000 1.000000
vn -0.000002 -0.000000 1.000000
vn 0.000002 -0.000000 1.000000
vn -0.000002 0.000000 1.000000
vn -0.000002 0.000000 1.000000
vn 0.000002 -0.000000 1.000000
vn -0.000003 0.000000 1.000000
vn -0.000004 0.000000 1.000000
vn -0.000000 -0.000000 1.000000
vn 0.926876 0.375367 0.000000
vn 0.865722 0.500526 0.000000
vn 0.865722 0.500526 0.000000
vn 0.926876 0.375367 0.000000
vn -0.008916 0.999960 0.000000
vn -0.008916 0.999960 0.000000
vn -0.315566 0.948904 0.000000
vn -0.315566 0.948904 0.000000
vn -1.000000 0.000000 0.000000
vn -1.000000 0.000000 0.000000
vn -1.000000 0.000000 0.000000
vn -1.000000 0.000000 0.000000
vn -0.315565 -0.948904 0.000000
vn -0.315565 -0.948904 0.000000
vn -0.315565 -0.948904 0.000000
vn -0.315565 -0.948904 0.000000
vn 1.000000 0.000000 0.000000
vn 1.000000 0.000000 0.000000
vn 1.000000 0.000000 0.000000
vn 1.000000 0.000000 0.000000
vn 0.315565 0.948904 0.000000
vn 0.315565 0.948904 0.000000
vn 0.008916 0.999960 0.000000
vn 0.008916 0.999960 0.000000
vn -0.865721 0.500526 0.000000
vn -0.865722 0.500526 0.000000
vn -0.926876 0.375367 0.000000
vn -0.926876 0.375367 0.000000
vn 0.315565 -0.948904 0.000000
vn 0.315565 -0.948904 0.000000
vn 0.315565 -0.948904 0.000000
vn 0.315565 -0.948904 0.000000
vn 0.315565 -0.948904 0.000000
vn 0.315565 -0.948904 0.000000
vn 0.315565 -0.948904 0.000000
vn -0.000000 -0.121868 0.992546
vn -0.000000 -0.121867 0.992546
vn -0.000000 -0.121868 0.992546
vn -0.000000 -0.121868 0.992546
vn 0.000000 0.992546 0.121869
vn 0.000000 0.992546 0.121869
vn 0.000000 0.992546 0.121869
vn 0.000000 0.992546 0.121869
vn 0.000000 0.000006 -1.000000
vn 0.000000 0.000006 -1.000000
vn 0.000000 0.000007 -1.000000
vn 0.000000 0.000007 -1.000000
vn 0.000000 -0.997563 0.069770
vn -0.000000 -0.997563 0.069770
vn 0.000000 -0.997563 0.069770
vn 0.000000 -0.997563 0.069770
vn -0.992532 0.110202 0.052296
vn -0.995736 0.075834 0.052526
vn -0.990753 0.125244 0.052176
vn -0.990753 0.125244 0.052176
vn 0.000000 1.000000 0.000000
vn 0.000000 0.998411 0.056355
vn 0.000000 0.998408 0.056401
vn 0.000000 1.000000 0.000000
vn 0.931486 0.362194 0.033904
vn 0.931861 0.361440 0.031551
vn 0.983280 0.180394 -0.024859
vn 0.952689 0.303891 -0.005882
vn 0.942200 0.334840 -0.011921
vn 0.883643 0.456563 0.103565
vn 0.896059 0.432046 0.102051
vn 0.895675 0.432830 0.102100
vn 0.883643 0.456563 0.103565
vn 0.000000 -0.788011 0.615662
vn 0.000000 -0.788011 0.615662
vn 0.000000 -0.788011 0.615662
vn 0.000000 -0.788011 0.615662
vn 0.000000 1.000000 0.000000
vn 0.000000 1.000000 0.000000
vn 0.958629 0.284657 -0.000774
vn 0.957948 0.286942 0.000000
vn 0.957948 0.286942 0.000000
vn 0.000000 0.992546 0.121869
vn 0.000000 0.992546 0.121869
vn 0.000000 0.992546 0.121869
vn 0.000000 0.992546 0.121869
vn 0.000000 1.000000 0.000000
vn 0.000000 0.998411 0.056355
vn 0.000000 0.998454 0.055589
vn 0.000000 1.000000 0.000000
vn 0.000000 1.000000 0.000000
vn 0.000000 1.000000 0.000000
vn 0.651716 0.175308 -0.737925
vn 0.650653 0.174107 -0.739147
vn 0.652301 0.175969 -0.737251
vn 0.652301 0.175969 -0.737251
vn 0.706224 -0.704163 0.073496
vn 0.715607 -0.694657 0.073203
vn 0.713214 -0.697105 0.073279
vn 0.706224 -0.704163 0.073496
vn 0.000000 -0.788011 0.615662
vn 0.000000 -0.788011 0.615662
vn 0.000000 -0.788010 0.615662
vn 0.000000 -0.788010 0.615662
vn 0.000000 -0.121868 0.992546
vn 0.000001 -0.121867 0.992546
vn 0.000001 -0.121866 0.992547
vn 0.000001 -0.121866 0.992546
vn 0.000000 -0.997563 0.069770
vn 0.000000 -0.997563 0.069770
vn 0.000000 0.000006 -1.000000
vn 0.000000 0.000007 -1.000000
vn -0.713214 -0.697105 0.073279
vn -0.715607 -0.694657 0.073203
vn -0.706224 -0.704163 0.073496
vn -0.706224 -0.704163 0.073496
vn -0.652301 0.175969 -0.737251
vn -0.652301 0.175969 -0.737251
vn -0.650653 0.174107 -0.739147
vn -0.651716 0.175308 -0.737925
vn 0.000000 1.000000 0.000000
vn 0.000000 1.000000 0.000000
vn 0.000000 0.998454 0.055589
vn 0.000000 0.992546 0.121869
vn 0.000000 0.992546 0.121869
vn 0.000000 -0.121867 0.992546
vn 0.000000 -0.121867 0.992546
vn 0.000001 -0.788011 0.615662
vn 0.000001 -0.788011 0.615662
vn 0.990753 0.125244 0.052176
vn 0.990753 0.125244 0.052176
vn 0.995736 0.075834 0.052526
vn 0.992532 0.110202 0.052296
vn -0.895675 0.432830 0.102100
vn -0.896059 0.432046 0.102051
vn -0.883643 0.456563 0.103565
vn -0.883643 0.456563 0.103565
vn 0.633675 0.155234 -0.757864
vn 0.000000 0.000002 -1.000000
vn 0.000000 0.000002 -1.000000
vn 0.000000 0.000002 -1.000000
vn -0.633675 0.155234 -0.757864
vn 0.000000 -0.121868 0.992546
vn 0.000000 -0.121868 0.992546
vn 0.000000 -0.121868 0.992546
vn 0.000000 -0.121868 0.992546
vn 0.000001 -0.788011 0.615661
vn 0.000000 -0.788012 0.615660
vn 0.000000 -0.788012 0.615660
vn 0.000001 -0.788011 0.615661
vn -0.000001 -0.788011 0.615661
vn -0.000002 -0.788011 0.615661
vn -0.000002 -0.788011 0.615661
vn -0.000001 -0.788011 0.615661
vn -0.000002 -0.788011 0.615661
vn -0.000002 -0.788011 0.615661
vn -0.000002 -0.121868 0.992546
vn -0.000002 -0.121868 0.992546
vn -0.000002 -0.121868 0.992546
vn -0.000002 -0.121868 0.992546
vn 0.000000 -0.121868 0.992546
vn 0.000000 -0.121868 0.992546
vn 0.000002 -0.121868 0.992546
vn 0.000002 -0.121868 0.992546
vn 0.000002 -0.121868 0.992546
vn 0.000002 -0.121868 0.992546
vn 0.000002 -0.788011 0.615661
vn 0.000002 -0.788011 0.615661
vn 0.000002 -0.788011 0.615661
vn 0.000002 -0.788011 0.615661
vn 0.000000 -0.999963 -0.008557
vn 0.000000 -0.999963 -0.008557
vn 0.000000 -0.999963 -0.008557
vn 0.000000 -0.999963 -0.008557
vn 0.000000 0.968026 0.250852
vn 0.000000 0.968026 0.250852
vn 0.000000 0.968026 0.250852
vn 0.000000 0.968026 0.250852
vn -0.806440 0.572409 0.148333
vn -0.806440 0.572409 0.148333
vn -0.806440 0.572409 0.148333
vn -0.806440 0.572409 0.148333
vn -0.970763 -0.235413 -0.046902
vn -0.970763 -0.235413 -0.046902
vn -0.970763 -0.235413 -0.046902
vn -0.970763 -0.235413 -0.046902
vn -0.764765 -0.642426 -0.049230
vn -0.764765 -0.642426 -0.049230
vn -0.764765 -0.642426 -0.049230
vn -0.764765 -0.642426 -0.049230
vn 0.000000 -0.999963 -0.008557
vn 0.000000 -0.999963 -0.008557
vn 0.000000 -0.999963 -0.008557
vn 0.000000 -0.999963 -0.008557
vn 0.000000 0.968026 0.250852
vn 0.000000 0.968026 0.250852
vn 0.000000 -0.999963 -0.008557
vn 0.000000 -0.999963 -0.008557
vn 0.764765 -0.642426 -0.049229
vn 0.764765 -0.642426 -0.049229
vn 0.764765 -0.642426 -0.049229
vn 0.764765 -0.642426 -0.049229
vn 0.970763 -0.235414 -0.046902
vn 0.970763 -0.235414 -0.046902
vn 0.970763 -0.235414 -0.046902
vn 0.970763 -0.235414 -0.046902
vn 0.806440 0.572409 0.148332
vn 0.806440 0.572410 0.148332
vn 0.806440 0.572409 0.148333
vn 0.806440 0.572409 0.148332
vn -0.931861 0.361440 0.031551
vn -0.931486 0.362194 0.033904
vn 0.997868 0.039837 0.051700
vn 0.998141 0.060336 0.008583
vn 0.998215 0.053159 0.027222
vn -0.998141 0.060336 0.008583
vn -0.997868 0.039837 0.051700
vn -0.998215 0.053159 0.027222
vn -0.996206 0.081410 -0.030774
vn -0.983280 0.180394 -0.024859
vn -0.992465 0.119356 -0.027698
vn -0.730926 -0.673127 -0.112459
vn -0.599564 -0.604107 -0.524956
vn -0.654266 -0.637624 -0.406659
vn -0.738438 -0.673026 -0.041765
vn -0.003736 -0.993131 -0.116946
vn -0.002522 -0.824903 -0.565269
vn 0.000000 -0.824523 -0.565829
vn 0.000000 -0.992756 -0.120150
vn 0.002522 -0.824903 -0.565269
vn 0.003736 -0.993131 -0.116946
vn 0.738438 -0.673026 -0.041765
vn 0.654266 -0.637624 -0.406659
vn 0.599564 -0.604107 -0.524956
vn 0.730926 -0.673127 -0.112459
vn 0.996206 0.081410 -0.030774
vn -0.952689 0.303891 -0.005882
vn -0.942200 0.334840 -0.011921
vn -0.958629 0.284656 -0.000774
vn -0.957948 0.286942 0.000000
vn -0.957948 0.286942 0.000000
vn 0.992465 0.119356 -0.027698
vn -0.568524 -0.630005 -0.529032
vn -0.496881 -0.859006 -0.123361
vn -0.169536 -0.981573 -0.088159
vn -0.568455 -0.651935 -0.501837
vn 0.000854 -0.796954 -0.604039
vn -0.000000 -0.995360 -0.096220
vn 0.000000 -0.800610 -0.599186
vn 0.169536 -0.981573 -0.088159
vn -0.000854 -0.796954 -0.604039
vn 0.568455 -0.651935 -0.501837
vn 0.496881 -0.859006 -0.123361
vn 0.568524 -0.630005 -0.529032
vn 0.000000 -1.000000 0.000000
vn -0.092701 -0.995694 0.000000
vn 0.092701 -0.995694 0.000000
vn 0.450300 -0.892878 0.000000
vn -0.450300 -0.892877 0.000000
vn 0.000000 -0.807035 0.590503
vn 0.000000 -0.807035 0.590503
vn 0.000000 -0.807035 0.590503
vn 0.000000 -0.807035 0.590503
vn -0.000000 0.996434 0.084371
vn -0.000000 0.996435 0.084371
vn -0.000000 0.996435 0.084371
vn -0.000000 0.996435 0.084371
vn -0.000000 0.996435 0.084371
vn -0.000000 0.996434 0.084371
vn 0.000000 -1.000000 -0.000000
vn 0.000000 -1.000000 -0.000000
vn 0.000000 -1.000000 -0.000000
vn 0.000000 -1.000000 -0.000000
vn 0.000000 -1.000000 -0.000000
vn 0.000000 -1.000000 -0.000000
vn -0.453824 0.575101 -0.680664
vn -0.453823 0.575101 -0.680664
vn -0.453823 0.575101 -0.680664
vn -0.453824 0.575101 -0.680664
vn -0.743904 0.001435 -0.668284
vn -0.743904 0.001435 -0.668284
vn -0.743904 0.001435 -0.668284
vn -0.743904 0.001435 -0.668284
vn -0.525292 -0.756170 -0.390225
vn -0.517272 -0.758035 -0.397256
vn -0.546399 -0.750757 -0.371231
vn -0.546399 -0.750757 -0.371231
vn 0.740248 0.003237 -0.672326
vn 0.740248 0.003237 -0.672326
vn 0.740248 0.003237 -0.672326
vn 0.740248 0.003237 -0.672326
vn 0.452364 0.571183 -0.684921
vn 0.452364 0.571183 -0.684921
vn 0.452364 0.571183 -0.684921
vn 0.452364 0.571183 -0.684921
vn 0.517272 -0.758035 -0.397256
vn 0.525292 -0.756170 -0.390225
vn 0.546399 -0.750757 -0.371231
vn 0.546399 -0.750757 -0.371231
vn 0.991629 0.078609 0.102436
vn 0.991629 0.078609 0.102436
vn 0.991629 0.078609 0.102436
vn 0.991629 0.078609 0.102436
vn 0.000000 0.000000 -1.000000
vn 0.000000 0.000000 -1.000000
vn 0.000000 0.000000 -1.000000
vn 0.000000 0.000000 -1.000000
vn 0.000000 0.000000 -1.000000
vn 0.000000 0.000000 -1.000000
vn -0.646494 0.759304 0.074176
vn -0.646494 0.759304 0.074176
vn -0.646494 0.759304 0.074176
vn -0.646494 0.759304 0.074176
vn 0.646494 0.759304 0.074176
vn 0.646494 0.759304 0.074176
vn 0.646494 0.759304 0.074176
vn 0.646494 0.759304 0.074176
vn 0.789161 -0.602715 0.118151
vn 0.789161 -0.602715 0.118151
vn 0.779572 -0.619756 0.090383
vn 0.780716 -0.617842 0.093567
vn -0.991629 0.078609 0.102436
vn -0.991629 0.078609 0.102436
vn -0.991629 0.078609 0.102436
vn -0.991629 0.078609 0.102436
vn -0.780716 -0.617842 0.093567
vn -0.779572 -0.619756 0.090383
vn -0.789161 -0.602715 0.118151
vn -0.789161 -0.602715 0.118151
vn 0.000000 -0.707088 -0.707125
vn 0.000000 -0.707089 -0.707125
vn 0.000000 -0.707089 -0.707125
vn 0.000000 -0.707088 -0.707125
vn -0.777261 -0.623540 0.084040
vn -0.777261 -0.623540 0.084040
vn -0.500051 -0.761699 -0.412024
vn -0.500051 -0.761699 -0.412024
vn 0.000000 -0.707089 -0.707125
vn 0.000000 -0.707089 -0.707125
vn 0.500051 -0.761699 -0.412024
vn 0.500051 -0.761699 -0.412024
vn 0.777261 -0.623540 0.084040
vn 0.777261 -0.623540 0.084040
vn 0.000000 0.000000 1.000000
vn 0.000000 0.000000 1.000000
vn 0.000000 0.000000 1.000000
vn 0.000000 0.000000 1.000000
vn 0.000000 0.000000 1.000000
vn 0.000000 0.000000 1.000000
vn 0.000000 0.000000 1.000000
vn 0.000000 0.000000 1.000000
vn 1.000000 0.000000 0.000000
vn 1.000000 0.000000 0.000000
vn 1.000000 0.000000 0.000000
vn 1.000000 0.000000 0.000000
vn 1.000000 0.000000 0.000000
vn -1.000000 -0.000000 0.000000
vn -1.000000 0.000000 0.000000
vn -1.000000 -0.000000 0.000000
vn -1.000000 -0.000000 0.000000
vn -1.000000 0.000000 0.000000
vn -1.000000 -0.000000 0.000000
vn -1.000000 0.000000 0.000000
vn -1.000000 0.000000 0.000000
vn -1.000000 0.000000 0.000000
vn -1.000000 -0.000000 0.000000
vn 1.000000 -0.000000 0.000000
vn 1.000000 0.000000 0.000000
vn 1.000000 0.000000 0.000000
vn 1.000000 0.000000 0.000000
vn 1.000000 -0.000000 0.000000
vn -1.000000 -0.000000 0.000000
vn -1.000000 -0.000000 0.000000
vn -1.000000 -0.000000 0.000000
vn 1.000000 0.000000 0.000000
vn 1.000000 0.000000 0.000000
vn 1.000000 0.000000 0.000000
vn 0.000000 0.008012 0.999968
vn 0.000000 0.008012 0.999968
vn 0.000000 0.008012 0.999968
vn 0.000000 0.008012 0.999968
vn 0.000000 0.742740 0.669580
vn 0.000000 0.742740 0.669580
vn 0.000000 0.742740 0.669580
vn 0.000000 0.742740 0.669580
vn 0.000000 0.995444 -0.095348
vn 0.000000 0.995444 -0.095348
vn 0.000000 0.995444 -0.095348
vn 0.000000 0.995444 -0.095348
vn 0.000000 0.034897 -0.999391
vn 0.000000 0.034897 -0.999391
vn 0.000000 0.034899 -0.999391
vn 0.000000 0.034899 -0.999391
vn 0.000000 0.034904 -0.999391
vn 0.000000 0.034904 -0.999391
vn 0.000000 0.008012 0.999968
vn 0.000000 0.008012 0.999968
vn 0.000000 0.008012 0.999968
vn 0.000000 0.008012 0.999968
vn 0.000000 0.742740 0.669580
vn 0.000000 0.742740 0.669580
vn 0.000000 0.742740 0.669580
vn 0.000000 0.742740 0.669580
vn 0.000000 0.995444 -0.095348
vn 0.000000 0.995444 -0.095348
vn 0.000000 0.995444 -0.095348
vn 0.000000 0.995444 -0.095348
vn 0.000000 0.034897 -0.999391
vn 0.000000 0.034897 -0.999391
vn 0.000000 0.034899 -0.999391
vn 0.000000 0.034899 -0.999391
vn 0.000000 0.034904 -0.999391
vn 0.000000 0.034904 -0.999391
vn 0.000000 0.008014 0.999968
vn 0.000000 0.008014 0.999968
vn 0.000000 0.008014 0.999968
vn 0.000000 0.008014 0.999968
vn 0.000000 0.034898 -0.999391
vn 0.000000 0.034899 -0.999391
vn 0.000000 0.034899 -0.999391
vn 0.000000 0.034898 -0.999391
vn -0.000001 0.995444 -0.095348
vn -0.000001 0.995444 -0.095348
vn -0.000001 0.995444 -0.095348
vn -0.000001 0.995444 -0.095348
vn 0.000000 0.034897 -0.999391
vn 0.000000 0.034897 -0.999391
vn 0.000000 0.034898 -0.999391
vn 0.000000 0.034897 -0.999391
vn 0.000000 0.034897 -0.999391
vn 0.000000 0.034898 -0.999391
vn 0.000000 0.008014 0.999968
vn 0.000000 0.008014 0.999968
vn 0.000000 0.008014 0.999968
vn 0.000000 0.008014 0.999968
vn -0.000004 0.995444 -0.095349
vn -0.000004 0.995444 -0.095349
vn -0.000004 0.995444 -0.095349
vn -0.000004 0.995444 -0.095349
vn 0.000000 0.034899 -0.999391
vn 0.000000 0.034899 -0.999391
vn -0.000001 0.742739 0.669581
vn -0.000001 0.742739 0.669581
vn -0.000001 0.742739 0.669581
vn -0.000001 0.742739 0.669581
vn -0.000004 0.742739 0.669581
vn -0.000004 0.742739 0.669581
vn -0.000004 0.742739 0.669581
vn -0.000004 0.742739 0.669581
vn 0.000000 0.008014 0.999968
vn 0.000000 0.008014 0.999968
vn 0.000000 0.008014 0.999968
vn 0.000000 0.008014 0.999968
vn 0.000008 0.742739 0.669581
vn 0.000008 0.742739 0.669581
vn 0.000008 0.742739 0.669581
vn 0.000008 0.742739 0.669581
vn 0.000004 0.995444 -0.095349
vn 0.000004 0.995444 -0.095349
vn 0.000004 0.995444 -0.095349
vn 0.000004 0.995444 -0.095349
vn 0.000000 0.034898 -0.999391
vn 0.000000 0.034899 -0.999391
vn 0.000000 0.034899 -0.999391
vn 0.000000 0.034898 -0.999391
vn 0.000000 0.034897 -0.999391
vn 0.000000 0.034897 -0.999391
vn 0.000000 0.008014 0.999968
vn 0.000000 0.008014 0.999968
vn 0.000000 0.008014 0.999968
vn 0.000000 0.008014 0.999968
vn 0.000001 0.742739 0.669581
vn 0.000001 0.742739 0.669581
vn 0.000001 0.742739 0.669581
vn 0.000001 0.742739 0.669581
vn 0.000001 0.995444 -0.095348
vn 0.000001 0.995444 -0.095348
vn 0.000001 0.995444 -0.095348
vn 0.000001 0.995444 -0.095348
vn 0.000000 0.034899 -0.999391
vn 0.000000 0.034898 -0.999391
vn 0.000000 0.034898 -0.999391
vn 0.000000 0.034899 -0.999391
vn 0.000000 0.034897 -0.999391
vn 0.000000 0.034897 -0.999391
vn -1.000000 0.000000 0.000000
vn -1.000000 0.000000 0.000000
vn -1.000000 0.000000 0.000000
vn -1.000000 0.000000 0.000000
vn 1.000000 0.000000 0.000000
vn 1.000000 0.000000 0.000000
vn 1.000000 0.000000 0.000000
vn 1.000000 0.000000 0.000000
vn -1.000000 -0.000000 0.000000
vn -1.000000 -0.000000 0.000000
vn 1.000000 0.000000 0.000000
vn 1.000000 0.000000 0.000000
vn -1.000000 -0.000000 0.000000
vn -1.000000 -0.000000 0.000000
vn 1.000000 0.000000 0.000000
vn 1.000000 0.000000 0.000000
vn -1.000000 0.000000 0.000000
vn -1.000000 0.000000 0.000000
vn 1.000000 0.000000 0.000000
vn 1.000000 0.000000 0.000000
vn -1.000000 -0.000000 0.000000
vn -1.000000 -0.000000 0.000000
vn 1.000000 -0.000000 0.000000
vn 1.000000 -0.000000 0.000000
vn -1.000000 0.000000 0.000000
vn -1.000000 -0.000000 0.000000
vn -1.000000 -0.000000 0.000000
vn -1.000000 0.000000 0.000000
vn 1.000000 0.000000 0.000000
vn 1.000000 0.000000 0.000000
vn 1.000000 0.000000 0.000000
vn 1.000000 0.000000 0.000000
vn -1.000000 -0.000000 0.000000
vn -1.000000 -0.000000 0.000000
vn 1.000000 0.000000 0.000000
vn 1.000000 0.000000 0.000000
vn -1.000000 -0.000000 0.000000
vn -1.000000 -0.000000 0.000000
vn 1.000000 0.000000 0.000000
vn 1.000000 0.000000 0.000000
vn -1.000000 -0.000000 0.000000
vn -1.000000 0.000000 0.000000
vn 1.000000 0.000000 0.000000
vn 1.000000 0.000000 0.000000
vn -1.000000 -0.000000 0.000000
vn -1.000000 -0.000000 0.000000
vn 1.000000 0.000000 0.000000
vn 1.000000 0.000000 0.000000
vn -1.000000 -0.000000 0.000000
vn -1.000000 0.000000 0.000000
vn -1.000000 -0.000000 0.000000
vn 1.000000 -0.000000 0.000000
vn 1.000000 -0.000000 0.000000
vn 1.000000 -0.000000 0.000000
vn 0.000000 -0.980554 0.196252
vn 0.000000 -0.980802 -0.195005
vn 0.000000 -0.980802 -0.195005
vn 0.000000 -0.980554 0.196252
vn 1.000000 -0.000000 0.000000
vn 1.000000 -0.000000 0.000000
vn 1.000000 -0.000000 0.000000
vn 1.000000 -0.000000 0.000000
vn 0.000000 -0.980554 0.196252
vn 0.000000 -0.980802 -0.195005
vn 0.000000 -0.980802 -0.195005
vn 0.000000 -0.980554 0.196252
vn 1.000000 0.000000 0.000000
vn 1.000000 0.000000 0.000000
vn 1.000000 0.000000 0.000000
vn 1.000000 0.000000 0.000000
vn 0.000000 -0.980802 -0.195005
vn 0.000000 -0.980554 0.196252
vn 0.000000 -0.980554 0.196252
vn 0.000000 -0.980802 -0.195005
vn -1.000000 -0.000000 0.000000
vn -1.000000 -0.000000 0.000000
vn -1.000000 -0.000000 0.000000
vn -1.000000 -0.000000 0.000000
vn 0.000000 -0.980802 -0.195005
vn 0.000000 -0.980554 0.196252
vn 0.000000 -0.980554 0.196252
vn 0.000000 -0.980802 -0.195005
vn -1.000000 -0.000000 0.000000
vn -1.000000 -0.000000 0.000000
vn -1.000000 -0.000000 0.000000
vn -1.000000 -0.000000 0.000000
vn 0.000000 -0.983004 0.183586
vn 0.000000 -0.982250 -0.187576
vn 0.000000 -0.982250 -0.187576
vn 0.000000 -0.983004 0.183586
vn 0.000000 -0.983004 0.183586
vn 0.000000 -0.982250 -0.187576
vn 0.000000 -0.982250 -0.187576
vn 0.000000 -0.983004 0.183586
vn 0.000000 -0.895860 0.444336
vn 0.000000 -0.895860 0.444336
vn 0.000000 -0.924382 -0.381469
vn 0.000000 -0.924382 -0.381469
vn 0.000000 -0.895860 0.444336
vn 0.000000 -0.895860 0.444336
vn 0.000000 -0.924382 -0.381469
vn 0.000000 -0.924382 -0.381469
vn 0.000000 -0.895860 0.444336
vn 0.000000 -0.895860 0.444336
vn 0.000000 -0.924382 -0.381469
vn 0.000000 -0.924382 -0.381469
vn 0.000000 -0.895860 0.444336
vn 0.000000 -0.895860 0.444336
vn 0.000000 -0.924382 -0.381469
vn 0.000000 -0.924382 -0.381469
vn 0.000000 -0.924382 -0.381469
vn 0.000000 -0.924382 -0.381469
vn 0.000000 -0.895860 0.444336
vn 0.000000 -0.895860 0.444336
vn 0.000000 -0.924382 -0.381469
vn 0.000000 -0.924382 -0.381469
vn 0.000000 -0.895860 0.444336
vn 0.000000 -0.895860 0.444336
vn 1.000000 0.000000 0.000000
vn 1.000000 0.000000 0.000000
vn 1.000000 -0.000000 0.000000
vn 1.000000 -0.000000 0.000000
vn 1.000000 0.000000 0.000000
vn 1.000000 0.000000 0.000000
vn 1.000000 0.000000 0.000000
vn 1.000000 -0.000000 0.000000
vn -1.000000 0.000000 0.000000
vn -1.000000 -0.000000 0.000000
vn -1.000000 0.000000 0.000000
vn -1.000000 0.000000 0.000000
vn -1.000000 0.000000 0.000000
vn -1.000000 -0.000000 0.000000
vn -1.000000 0.000000 0.000000
vn -1.000000 -0.000000 0.000000
s 1
g pCube27
usemtl initialShadingGroup
f 1/1/1 2/13/2 10/9/3 7/8/4
s 2
f 3/2/5 4/3/6 19/29/7 20/32/8
s 3
f 29/44/9 30/41/10 31/42/11 32/43/12
s off
f 15/25/13 16/26/14 17/27/15 18/28/16
s 4
f 21/33/17 22/34/18 13/15/19 49/62/20 9/16/21
s 5
f 20/31/22 23/35/23 7/8/24 3/2/25
s 3
f 33/45/26 34/46/27 30/41/10 29/44/9
s 6
f 19/30/28 21/33/29 9/16/30 6/6/31
s 1
f 7/8/4 10/9/3 4/3/32 3/2/33
s 7
f 11/10/34 12/11/35 1/1/36 7/8/37 24/36/38
s off
f 12/17/39 11/23/40 13/22/41 14/24/42
s 8
f 12/17/43 14/24/44 28/40/45 25/37/46
s 9
f 14/24/47 2/18/48 27/39/49 28/40/50
s 1
f 2/18/2 1/19/1 26/38/51 27/39/52
s 10
f 1/19/53 12/17/54 25/37/55 26/38/56
s 4
f 2/13/57 14/14/58 13/15/19 22/34/18 10/9/59
s 7
f 23/35/60 24/36/38 7/8/37
s 2
f 20/32/8 19/29/7 6/5/61 5/4/62
s 6
f 19/30/28 4/3/63 10/9/64 21/33/29
s 4
f 10/9/59 22/34/18 21/33/17
s 5
f 8/12/65 23/35/23 20/31/22 5/7/66
s 7
f 11/10/34 24/36/38 23/35/60 8/12/67 50/63/68
s 10
f 26/38/56 25/37/55 15/25/69 18/28/70
s 1
f 27/39/52 26/38/51 18/28/71 17/27/72
s 9
f 28/40/50 27/39/49 17/27/73 16/26/74
s 8
f 25/37/46 28/40/45 16/26/75 15/25/76
s off
f 35/47/77 45/57/78 46/58/79 36/48/80 37/49/81
s 11
f 13/22/82 11/23/83 52/66/84 32/43/85 31/42/86 51/65/87
s off
f 41/53/88 42/54/89 43/55/90 44/56/91
f 42/54/92 35/47/93 37/49/94 43/55/95
f 38/50/96 41/53/97 44/56/98 39/51/99
s 11
f 46/58/100 51/65/87 31/42/86 36/48/101
s 3
f 31/42/11 30/41/10 37/49/102 36/48/103
s 12
f 47/59/104 50/64/105 8/20/106 38/50/107
s 3
f 29/44/9 32/43/12 40/52/108 39/51/109
s 12
f 5/4/110 6/5/111 42/54/112 41/53/113
s 3
f 34/46/27 33/45/26 44/56/114 43/55/115
s 12
f 6/5/111 9/21/116 35/47/117 42/54/112
s 3
f 30/41/10 34/46/27 43/55/115 37/49/102
s 12
f 8/20/106 5/4/110 41/53/113 38/50/107
s 3
f 33/45/26 29/44/9 39/51/109 44/56/114
s off
f 48/60/118 47/59/119 38/50/120 39/51/121 40/52/122
s 12
f 9/21/116 49/61/123 45/57/124 35/47/117
s 11
f 32/43/85 52/66/84 48/60/125 40/52/126
s off
f 45/57/127 49/61/128 51/65/129 46/58/130
f 50/64/131 47/59/132 48/60/133 52/66/134
f 51/65/135 49/62/136 13/22/137
f 52/66/138 11/10/139 50/64/140
f 53/67/141 54/68/142 56/69/143 55/70/144
f 55/70/145 56/69/146 58/71/147 57/72/148
f 57/72/149 58/71/150 60/73/151 59/74/152
f 59/74/153 60/73/154 54/75/155 53/76/156
f 54/68/157 60/77/158 58/78/159 56/69/160
f 59/79/161 53/67/162 55/70/163 57/80/164
f 61/81/165 62/82/166 64/83/167 63/84/168
f 63/84/169 64/83/170 66/85/171 65/86/172
f 65/86/173 66/85/174 68/87/175 67/88/176
f 67/88/177 68/87/178 62/89/179 61/90/180
f 62/82/181 68/91/182 66/92/183 64/83/184
f 67/93/185 61/81/186 63/84/187 65/94/188
f 69/95/189 70/96/190 72/97/191 71/98/192
f 71/98/193 72/97/194 74/99/195 73/100/196
f 73/100/197 74/99/198 76/101/199 75/102/200
f 75/102/201 76/101/202 70/103/203 69/104/204
f 70/96/205 76/105/206 74/106/207 72/97/208
f 75/107/209 69/95/210 71/98/211 73/108/212
f 77/109/213 79/112/214 80/111/215 78/110/216
f 79/112/217 81/114/218 82/113/219 80/111/220
f 81/114/221 83/116/222 84/115/223 82/113/224
f 83/116/225 77/118/226 78/117/227 84/115/228
f 78/110/229 80/111/230 82/120/231 84/119/232
f 83/121/233 81/122/234 79/112/235 77/109/236
f 85/123/237 87/126/238 88/125/239 86/124/240
f 87/126/241 89/128/242 90/127/243 88/125/244
f 89/128/245 91/130/246 92/129/247 90/127/248
f 91/130/249 85/132/250 86/131/251 92/129/252
f 86/124/253 88/125/254 90/134/255 92/133/256
f 91/135/257 89/136/258 87/126/259 85/123/260
f 93/137/261 95/140/262 96/139/263 94/138/264
f 95/140/265 97/142/266 98/141/267 96/139/268
f 97/142/269 99/144/270 100/143/271 98/141/272
f 99/144/273 93/146/274 94/145/275 100/143/276
f 94/138/277 96/139/278 98/148/279 100/147/280
f 99/149/281 97/150/282 95/140/283 93/137/284
f 101/151/285 102/152/286 104/153/287 103/154/288
f 103/154/289 104/153/290 106/155/291 105/156/292
f 105/156/293 106/155/294 108/157/295 107/158/296
f 107/158/297 108/157/298 102/159/299 101/160/300
f 102/152/301 108/161/302 106/162/303 104/153/304
f 107/163/305 101/151/306 103/154/307 105/164/308
f 109/165/309 110/166/310 112/167/311 111/168/312
f 111/168/313 112/167/314 114/169/315 113/170/316
f 113/170/317 114/169/318 116/171/319 115/172/320
f 115/172/321 116/171/322 110/173/323 109/174/324
f 110/166/325 116/175/326 114/176/327 112/167/328
f 115/177/329 109/165/330 111/168/331 113/178/332
f 117/179/333 118/180/334 120/181/335 119/182/336
f 119/182/337 120/181/338 122/183/339 121/184/340
f 121/184/341 122/183/342 124/185/343 123/186/344
f 123/186/345 124/185/346 118/187/347 117/188/348
f 118/180/349 124/189/350 122/190/351 120/181/352
f 123/191/353 117/179/354 119/182/355 121/192/356
f 129/193/357 125/194/358 126/195/359 127/196/360
f 127/196/361 126/195/362 130/197/363 128/198/364
f 128/199/365 130/200/366 132/201/367 131/202/368
s 14
f 135/203/369 134/204/370 138/205/371 137/206/372
f 134/207/370 133/208/373 139/209/374 138/210/371
f 133/208/373 136/211/375 140/212/376 139/209/374
f 143/213/377 142/214/378 146/215/379 145/216/380
f 142/214/378 141/217/381 147/218/382 146/215/379
s 16
f 141/219/383 144/220/384 148/221/385 147/222/386
s 14
f 145/216/380 140/212/376 136/211/375 143/213/377
f 145/223/380 156/224/387 151/225/388 140/226/376
f 137/206/372 152/227/389 132/228/390 130/229/391 126/230/392 125/231/393 135/203/369
s 16
f 128/232/394 131/233/395 155/234/396 148/221/385 144/220/384 129/235/397 127/236/398
s off
f 141/237/399 142/238/400 143/239/401 136/240/402 133/241/403 134/242/404 135/243/405 125/194/406 129/193/407 144/244/408
f 153/245/409 154/246/410 155/247/411 131/248/412 132/249/413 152/250/414 149/251/415 150/252/416 151/253/417 156/254/418
s 14
f 139/255/374 140/226/376 151/225/388 150/256/419
f 137/206/372 138/205/371 149/257/420 152/227/389
f 138/258/371 139/255/374 150/256/419 149/259/421
s 16
f 147/222/386 148/221/385 155/234/396 154/260/422
s 14
f 145/223/380 146/261/379 153/262/423 156/224/387
f 146/261/379 147/263/382 154/264/424 153/262/423
s off
f 158/265/425 160/266/426 159/267/427 157/268/428
f 158/265/429 161/269/430 162/270/431 160/266/432
f 159/267/433 163/271/434 164/272/435 157/268/436
f 162/270/437 161/273/438 165/269/439 166/274/440
s 17
f 168/275/441 167/276/442 171/277/443 172/278/444
s off
f 166/269/445 165/274/446 167/276/447 168/275/448
f 164/279/449 163/280/450 170/281/451 169/282/452
s 17
f 172/278/444 171/277/443 169/282/453 170/281/454
s off
f 158/265/455 171/277/456 167/276/457 165/269/458 161/269/459
f 172/278/460 170/281/461 163/271/462 159/267/463 160/266/464
f 172/278/465 160/266/466 162/270/467 166/269/468 168/275/469
f 157/268/470 164/279/471 169/282/472 171/277/473 158/265/474
s 18
f 193/283/475 194/284/476 263/285/477 262/286/478 195/287/479
s 19
f 192/288/480 191/289/481 196/290/482 231/291/483 230/292/484
f 197/293/485 190/294/486 224/295/487 223/296/488 198/297/489
s 21
f 199/298/490 200/299/491 201/300/492 197/301/493
s 18
f 203/302/494 202/303/495 194/304/476 193/305/475
s 19
f 196/290/482 204/306/496 203/307/497 193/283/498
f 191/289/481 205/308/499 204/306/496 196/290/482
f 190/294/486 206/309/500 205/308/499 191/289/481
f 201/310/501 206/309/500 190/294/486 197/293/485
s 22
f 174/311/502 176/312/503 257/313/504 256/314/505 181/315/506
s 23
f 178/316/507 228/317/508 227/318/509 179/319/510 177/320/511
f 173/321/512 175/322/513 221/323/514 180/324/515
s 25
f 182/325/516 173/326/517 183/327/518 184/328/519
s 22
f 186/329/520 174/330/502 181/331/506 185/332/521
s 23
f 179/319/510 174/311/522 186/333/523 187/334/524
f 177/320/511 179/319/510 187/334/524 188/335/525
f 180/324/515 177/320/511 188/335/525 189/336/526
f 183/337/527 173/321/512 180/324/515 189/336/526
s 26
f 192/288/528 178/316/529 220/338/530 225/339/531
s 27
f 181/315/532 256/314/533 263/285/534 194/284/535
s 28
f 208/340/536 207/341/537 209/342/538 210/343/539
f 207/341/537 211/344/540 212/345/541 209/342/538
s 26
f 228/317/542 178/316/529 192/288/528 230/292/543
s 29
f 214/346/544 213/347/545 215/348/546 216/349/547
s 30
f 271/350/548 268/351/549 182/352/550 199/353/551
s 29
f 213/347/545 217/354/552 218/355/553 215/348/546
s 30
f 182/325/550 184/356/554 239/357/555 200/299/556 199/298/551
s 31
f 184/356/557 183/358/558 238/359/559 239/357/560
f 186/360/561 185/361/562 233/362/563 234/363/564
s 27
f 233/362/565 185/361/566 181/331/532 194/304/535 202/303/567
s 31
f 187/364/568 186/365/561 234/366/564 235/367/569
f 188/368/570 187/364/568 235/367/569 236/369/571
f 189/370/572 188/368/570 236/369/571 237/371/573
f 183/372/558 189/370/572 237/371/573 238/373/559
s 18
f 195/287/479 262/286/478 261/374/574 210/343/575 209/342/576
s 27
f 261/374/577 258/375/578 208/340/579 210/343/580
s 23
f 176/312/581 226/376/582 211/344/583 207/341/584
s off
f 211/344/585 226/376/586 229/377/587 212/345/588
s 19
f 198/297/489 223/296/488 222/378/589 216/349/590 215/348/591
s off
f 219/379/592 214/346/593 216/349/594 222/378/595
s 25
f 175/322/596 267/380/597 266/381/598 217/354/599 213/347/600
s 30
f 217/354/601 266/381/602 273/382/603 218/355/604
s 23
f 219/379/605 175/322/513 213/347/606 214/346/607
f 221/323/514 220/338/608 178/316/507 177/320/511 180/324/515
s 19
f 225/339/609 224/295/487 190/294/486 191/289/481 192/288/480
s 23
f 227/318/509 176/312/581 174/311/522 179/319/510
s 19
f 229/377/610 232/383/611 195/287/612 209/342/613 212/345/614
f 232/383/611 231/291/483 196/290/482 193/283/498 195/287/612
s off
f 220/338/615 219/379/616 222/378/617 225/339/618
f 226/376/619 228/317/620 230/292/621 229/377/622
s 23
f 219/379/605 220/338/608 221/323/514 175/322/513
s 19
f 222/378/589 223/296/488 224/295/487 225/339/609
s 23
f 226/376/582 176/312/581 227/318/509 228/317/508
s 19
f 229/377/610 230/292/484 231/291/483 232/383/611
s 35
f 241/384/623 240/385/624 242/386/625 243/387/626
f 244/388/627 241/389/623 243/390/626 245/391/628
f 246/392/629 244/388/627 245/391/628 247/393/630
f 248/394/631 246/392/629 247/393/630 249/395/632
f 250/396/633 248/394/631 249/395/632 251/397/634
f 252/398/635 250/399/633 251/400/634 253/401/636
s off
f 234/363/637 233/362/638 240/385/639 241/384/640
s 27
f 233/362/565 202/303/567 242/386/641 240/385/642
s 18
f 202/303/495 203/302/494 243/387/643 242/386/644
s 36
f 235/367/645 234/366/646 241/389/647 244/388/648
s 19
f 203/307/497 204/306/496 245/391/649 243/390/650
s 36
f 236/369/651 235/367/645 244/388/648 246/392/652
s 19
f 204/306/496 205/308/499 247/393/653 245/391/649
s 36
f 237/371/654 236/369/651 246/392/652 248/394/655
s 19
f 205/308/499 206/309/500 249/395/656 247/393/653
s 36
f 238/373/657 237/371/654 248/394/655 250/396/658
s 19
f 206/309/500 201/310/501 251/397/659 249/395/656
s off
f 239/357/660 238/359/661 250/399/662 252/398/663
s 21
f 201/300/492 200/299/491 253/401/664 251/400/665
s 30
f 200/299/556 239/357/555 252/398/666 253/401/667
s 22
f 258/375/668 257/313/504 176/312/503 207/341/669 208/340/670
s 25
f 268/351/671 267/380/597 175/322/596 173/321/517 182/352/516
s 21
f 272/402/672 271/350/673 199/353/490 197/293/493 198/297/674
f 273/382/675 272/402/672 198/297/674 215/348/676 218/355/677
s 27
f 256/314/533 255/403/678 259/404/679 263/285/534
f 255/403/678 254/405/680 260/406/681 259/404/679
f 254/405/680 258/375/578 261/374/577 260/406/681
s 30
f 266/381/602 265/407/682 269/408/683 273/382/603
f 265/407/682 264/409/684 270/410/685 269/408/683
f 264/409/684 268/351/549 271/350/548 270/410/685
s 22
f 257/313/504 258/375/668 254/405/686
f 257/313/504 254/411/686 255/412/687
f 257/313/504 255/412/687 256/314/505
s 18
f 262/286/478 263/285/477 259/404/688
f 262/286/478 259/404/688 260/406/689
f 262/286/478 260/406/689 261/374/574
s 25
f 267/380/597 268/351/671 264/413/690
f 267/380/597 264/409/690 265/407/691
f 267/380/597 265/407/691 266/381/598
s 21
f 272/402/672 273/382/675 269/408/692
f 272/402/672 269/408/692 270/410/693
f 272/402/672 270/410/693 271/350/673
s 37
f 311/414/694 308/415/695 296/416/696 297/417/697
s 38
f 292/418/698 293/419/699 304/420/700 307/421/701
s 39
f 276/422/702 277/423/703 294/424/704 295/425/705
s 40
f 277/426/706 276/427/707 279/428/708 278/429/709
s 41
f 278/429/710 279/428/711 298/430/712 299/431/713
s 37
f 280/432/714 281/433/715 283/434/716 282/435/717
s 40
f 306/436/718 305/437/719 277/426/706 278/429/709
s 37
f 274/438/720 280/432/714 282/435/717 275/439/721
s 39
f 293/440/722 294/424/704 277/423/703 305/441/723 304/442/724
s 40
f 279/428/708 276/427/707 309/443/725 310/444/726
s 41
f 297/445/727 298/430/712 279/428/711 310/444/728 311/446/729
s 37
f 283/434/716 281/433/715 314/447/730 315/448/731
s 39
f 276/422/702 295/425/705 296/449/732 308/450/733 309/451/734
s 38
f 275/452/735 285/453/736 284/454/737 274/455/738
s 39
f 275/439/739 282/435/740 286/456/741 285/457/742
f 287/458/743 286/456/741 282/435/740 283/434/744
s 37
f 289/459/745 288/460/746 317/461/747 312/462/748
s 41
f 291/463/749 290/464/750 281/433/751 280/432/752
f 284/465/753 291/463/749 280/432/752 274/438/754
s 38
f 284/454/737 285/453/736 293/419/699 292/418/698
s 39
f 285/457/742 286/456/741 294/424/704 293/440/722
s off
f 301/466/755 300/467/756 302/468/757 303/469/758
s 39
f 296/449/732 295/425/705 287/458/743 288/470/759
s 37
f 297/417/697 296/416/696 288/460/746 289/459/745
s 41
f 289/471/760 290/464/750 298/430/712 297/445/727
f 299/431/713 298/430/712 290/464/750 291/463/749
f 292/472/761 299/431/713 291/463/749 284/465/753
s off
f 295/425/762 294/424/763 300/467/764 301/466/765
f 294/424/766 286/456/767 302/468/768 300/467/769
f 286/456/770 287/458/771 303/469/772 302/468/773
f 287/458/774 295/425/775 301/466/776 303/469/777
s 41
f 307/473/778 306/436/779 278/429/710 299/431/713 292/472/761
s off
f 304/420/780 305/437/781 306/436/782 307/421/783
f 309/443/784 308/415/785 311/414/786 310/444/787
s 37
f 314/447/730 313/474/788 316/475/789 315/448/731
f 313/476/788 312/462/748 317/461/747 316/477/789
s 41
f 281/433/751 290/464/750 289/471/760 312/478/790 313/474/791 314/447/792
s 39
f 288/470/759 287/458/743 283/434/744 315/448/793 316/475/794 317/479/795
s 44
f 355/480/796 341/483/797 340/482/798 352/481/799
s 45
f 336/484/800 351/487/801 348/486/802 337/485/803
s 46
f 320/488/804 339/491/805 338/490/806 321/489/807
s 47
f 321/492/808 322/495/809 323/494/810 320/493/811
s 48
f 322/495/812 343/497/813 342/496/814 323/494/815
s 44
f 324/498/816 326/501/817 327/500/818 325/499/819
s 47
f 350/502/820 322/495/809 321/492/808 349/503/821
s 44
f 318/504/822 319/505/823 326/501/817 324/498/816
s 46
f 337/506/824 348/508/825 349/507/826 321/489/807 338/490/806
s 47
f 323/494/810 354/510/827 353/509/828 320/493/811
s 48
f 341/511/829 355/512/830 354/510/831 323/494/815 342/496/814
s 44
f 327/500/818 359/514/832 358/513/833 325/499/819
s 46
f 320/488/804 353/517/834 352/516/835 340/515/836 339/491/805
s 45
f 319/518/837 318/521/838 328/520/839 329/519/840
s 46
f 319/505/841 329/523/842 330/522/843 326/501/844
f 331/524/845 327/500/846 326/501/844 330/522/843
s 44
f 333/525/847 356/528/848 361/527/849 332/526/850
s 48
f 335/529/851 324/498/852 325/499/853 334/530/854
f 328/531/855 318/504/856 324/498/852 335/529/851
s 45
f 328/520/839 336/484/800 337/485/803 329/519/840
s 46
f 329/523/842 337/506/824 338/490/806 330/522/843
s off
f 345/532/857 347/535/858 346/534/859 344/533/860
s 46
f 340/515/836 332/536/861 331/524/845 339/491/805
s 44
f 341/483/797 333/525/847 332/526/850 340/482/798
s 48
f 333/537/862 341/511/829 342/496/814 334/530/854
f 343/497/813 335/529/851 334/530/854 342/496/814
f 336/538/863 328/531/855 335/529/851 343/497/813
s off
f 339/491/864 345/532/865 344/533/866 338/490/867
f 338/490/868 344/533/869 346/534/870 330/522/871
f 330/522/872 346/534/873 347/535/874 331/524/875
f 331/524/876 347/535/877 345/532/878 339/491/879
s 48
f 351/539/880 336/538/863 343/497/813 322/495/812 350/502/881
s off
f 348/486/882 351/487/883 350/502/884 349/503/885
f 353/509/886 354/510/887 355/480/888 352/481/889
s 44
f 358/513/833 359/514/832 360/541/890 357/540/891
f 357/542/891 360/543/890 361/527/849 356/528/848
s 48
f 325/499/853 358/513/892 357/540/893 356/544/894 333/537/862 334/530/854
s 46
f 332/536/861 361/545/895 360/541/896 359/514/897 327/500/846 331/524/845
s off
f 438/546/898 439/547/899 440/548/900 441/549/901 442/550/902
s 52
f 370/551/903 371/552/904 378/553/905 379/554/906
s 53
f 375/555/907 376/556/908 363/557/909 362/558/910
s 54
f 363/559/911 376/560/912 377/561/913 365/562/914
s 55
f 374/563/915 375/564/916 362/565/917 364/566/918
s off
f 410/567/919 412/568/920 414/569/921
f 364/566/922 365/562/923 371/552/924 370/551/925
s 54
f 365/562/914 377/570/913 378/553/926 371/552/927
s 56
f 367/571/928 410/567/929 418/572/930
s 55
f 379/554/931 374/573/915 364/566/918 370/551/932
f 366/574/933 368/575/934 375/564/916 374/563/915
s 53
f 368/576/935 412/568/936 369/577/937 376/556/908 375/555/907
s 54
f 376/560/912 369/578/938 367/579/939 377/561/913
f 378/553/926 377/570/913 367/571/939 418/572/940 372/580/941
s 52
f 379/554/906 378/553/905 372/580/942 373/581/943
s 55
f 366/582/933 374/573/915 379/554/931 373/581/944
s 57
f 406/583/945 422/584/946 426/585/947 423/586/948 407/587/949
s 58
f 390/588/950 401/589/951 400/590/952 391/591/953
s 59
f 396/592/954 380/593/955 381/594/956 397/595/957
s 60
f 381/596/958 389/597/959 398/598/960 397/599/961
s 61
f 395/600/962 388/601/963 380/602/964 396/603/965
f 394/604/966 382/605/967 388/601/963 395/600/962
s 60
f 389/597/959 383/606/968 399/607/969 398/598/960
s off
f 443/608/970 444/609/971 446/610/972 445/611/973 447/612/974
f 382/605/975 390/588/976 391/591/977 383/606/978
s 60
f 383/606/968 391/591/979 400/590/980 399/613/969
s 62
f 411/614/981 419/615/982 392/616/983 393/617/984 384/618/985
s 61
f 401/589/986 390/588/987 382/605/967 394/619/966
f 386/620/988 384/621/989 394/604/966 395/600/962 396/603/965
s 59
f 386/622/990 396/592/954 397/595/957 387/623/991 413/624/992
s 60
f 398/598/960 399/607/969 385/625/993 387/626/994 397/599/961
f 400/590/980 392/616/995 419/615/996 385/627/993 399/613/969
s 58
f 401/589/951 393/617/997 392/616/998 400/590/952
s 61
f 384/618/989 393/617/999 401/589/986 394/619/966
s 53
f 362/565/910 363/559/909 403/628/1000 402/629/1001
s 54
f 425/630/1002 421/631/1003 403/628/1004 363/559/911 365/562/914 404/632/1005
s off
f 365/562/1006 364/566/1007 405/633/1008 404/632/1009
s 55
f 405/633/1010 364/566/918 362/565/917 402/629/1011 420/634/1012
s off
f 422/584/1013 406/583/1014 380/602/1015 388/601/1016 382/605/1017 408/635/1018
f 381/596/1019 380/602/1020 406/583/1021 407/587/1022
f 382/605/1023 383/606/1024 409/636/1025 408/635/1026
f 409/636/1027 383/606/1028 389/597/1029 381/596/1030 407/587/1031 423/586/1032 427/637/1033
s 56
f 367/571/928 369/577/1034 412/568/1035
f 414/569/1036 415/638/1037 366/582/1038 410/567/929
s 62
f 413/624/1039 387/623/1040 385/627/1041
f 411/639/981 384/640/985 416/622/1042 417/641/1043
s 53
f 412/568/936 368/576/935 415/638/1044 414/569/1045
s 55
f 415/638/1046 368/576/934 366/582/933
s 61
f 416/642/1047 384/643/989 386/642/988
s 59
f 386/622/990 413/624/992 417/641/1048 416/622/1049
s 62
f 411/567/981 413/624/1039 385/627/1041
s 56
f 418/572/930 410/567/929 366/582/1038 373/581/1050 372/580/1051
s 62
f 385/627/1041 419/615/982 411/614/981
s 64
f 402/629/1052 403/628/1053 421/631/1054 424/644/1055 420/634/1056
s 57
f 423/586/948 426/585/947 427/637/1057
s 64
f 425/630/1058 424/644/1055 421/631/1054
f 420/634/1056 424/644/1055 429/645/1059 428/646/1060
f 424/644/1055 425/630/1058 430/647/1061 429/645/1059
f 430/647/1061 425/630/1058 404/632/1062 431/648/1063
f 404/632/1062 405/633/1064 432/649/1065 431/648/1063
f 432/649/1065 405/633/1064 420/634/1056 428/646/1060
s 57
f 408/635/1066 409/636/1067 434/650/1068 433/651/1069
f 434/650/1068 409/636/1067 427/637/1057 436/652/1070
f 427/637/1057 426/585/947 435/653/1071 436/652/1070
f 426/585/947 422/584/946 437/654/1072 435/653/1071
f 437/654/1072 422/584/946 408/635/1066 433/651/1069
s 66
f 428/646/1073 429/645/1074 439/547/1075 438/546/1076
f 429/645/1074 430/647/1077 440/548/1078 439/547/1075
f 440/548/1078 430/647/1077 431/648/1079 441/549/1080
s off
f 431/648/1081 432/649/1082 442/550/1083 441/549/1084
f 438/546/1085 442/550/1086 432/649/1087 428/646/1088
f 433/651/1089 434/650/1090 444/609/1091 443/608/1092
s 67
f 444/609/1093 434/650/1094 436/652/1095 446/610/1096
f 436/652/1095 435/653/1097 445/611/1098 446/610/1096
f 435/653/1097 437/654/1099 447/612/1100 445/611/1098
s off
f 443/608/1101 447/612/1102 437/654/1103 433/651/1104
s 56
f 410/567/929 367/571/928 412/568/1035
s off
f 411/567/1105 417/641/1106 413/624/1107
s 68
f 497/655/1108 498/656/1109 499/657/1110 500/658/1111
s 69
f 522/659/1112 523/660/1113 479/661/1114 462/662/1115
s 70
f 483/663/1116 484/664/1117 476/665/1118 465/666/1119
s 71
f 474/667/1120 515/668/1121 516/669/1122 467/670/1123
s 72
f 513/671/1124 514/672/1125 454/673/1126 455/674/1127
s 69
f 477/675/1128 478/676/1129 463/677/1130 464/678/1131
s 74
f 451/679/1132 480/680/1133 549/681/1134 548/682/1135 453/683/1136
f 457/684/1137 519/685/1138 520/686/1139 449/687/1140
s 75
f 498/656/1141 501/688/1142 502/689/1143 499/657/1144
s 69
f 476/665/1145 477/675/1128 464/678/1131 465/666/1146
s 74
f 453/683/1136 548/682/1135 547/690/1147 460/691/1148 459/692/1149
s 69
f 520/693/1150 521/694/1151 473/695/1152 449/687/1153
f 471/696/1154 472/697/1155 451/679/1156 453/683/1157
f 470/698/1158 471/696/1154 453/683/1157 459/692/1159
s 77
f 460/691/1160 482/699/1161 470/698/1162 459/692/1163
s 71
f 468/700/1164 517/701/1165 518/702/1166 456/703/1167
s 75
f 503/704/1168 504/705/1169 505/706/1170 506/707/1171
s 68
f 507/708/1172 503/704/1173 506/707/1174 508/709/1175
s 71
f 467/670/1123 516/669/1122 517/701/1176 468/700/1177
s 70
f 482/699/1178 483/663/1116 465/666/1119 470/698/1179
s 69
f 465/666/1146 464/678/1131 471/696/1154 470/698/1158
f 464/678/1131 463/677/1130 472/697/1155 471/696/1154
f 521/694/1151 522/659/1112 462/662/1115 473/695/1152
s 68
f 500/658/1111 499/657/1110 503/704/1173 507/708/1172
s 75
f 499/657/1144 502/689/1143 504/705/1169 503/704/1168
s 71
f 514/710/1180 515/668/1181 474/667/1182 454/711/1183
s 80
f 458/712/1184 476/665/1185 484/664/1186 461/713/1187
s 69
f 452/714/1188 477/675/1128 476/665/1145 458/712/1189
f 450/715/1190 478/676/1129 477/675/1128 452/714/1188
f 448/716/1191 479/661/1114 523/660/1113 512/717/1192
s 68
f 509/718/1193 498/656/1109 497/655/1108 510/719/1194
s 75
f 509/718/1195 511/720/1196 501/688/1142 498/656/1141
s 74
f 457/684/1197 456/721/1198 518/722/1199 519/685/1200
s 72
f 512/723/1201 513/671/1202 455/674/1203 448/716/1204
s 77
f 469/724/1205 482/699/1161 460/691/1160
s 70
f 466/725/1206 483/663/1116 482/699/1178 469/724/1207
f 475/726/1208 484/664/1117 483/663/1116 466/725/1206
s 80
f 461/713/1187 484/664/1186 475/726/1209
s 83
f 462/662/1210 479/661/1211 485/727/1212 486/728/1213
s 84
f 474/729/1214 467/730/1215 488/731/1216 487/732/1217
f 468/733/1218 456/721/1219 490/734/1220 489/735/1221
f 456/721/1219 457/684/1222 491/736/1223 490/734/1220
s 83
f 457/684/1224 449/687/1225 493/737/1226 491/736/1227
f 449/687/1225 473/695/1228 492/738/1229 493/737/1226
f 473/695/1228 462/662/1210 486/728/1213 492/738/1229
s 84
f 467/730/1215 468/733/1218 489/735/1221 488/731/1216
s 83
f 479/661/1211 448/716/1230 495/739/1231 485/727/1212
f 448/716/1230 455/674/1232 494/740/1233 495/739/1231
s 84
f 455/674/1234 454/673/1235 496/741/1236 494/740/1237
f 454/673/1235 474/729/1214 487/732/1217 496/741/1236
s 87
f 486/728/1238 485/727/1239 497/655/1240 500/658/1241
s 88
f 487/732/1242 488/731/1243 502/689/1244 501/688/1245
s off
f 489/735/1246 490/734/1247 505/706/1248 504/705/1249
f 490/734/1250 491/736/1251 506/707/1252 505/706/1253
f 491/736/1254 493/737/1255 508/709/1256 506/707/1257
s 87
f 493/737/1258 492/738/1259 507/708/1260 508/709/1261
f 492/738/1259 486/728/1238 500/658/1241 507/708/1260
s 88
f 488/731/1243 489/735/1262 504/705/1263 502/689/1244
s 87
f 485/727/1239 495/739/1264 510/719/1265 497/655/1240
s off
f 495/739/1266 494/740/1267 509/718/1268 510/719/1269
f 494/740/1270 496/741/1271 511/720/1272 509/718/1273
f 496/741/1274 487/732/1275 501/688/1276 511/720/1277
s 72
f 481/742/1278 513/671/1202 512/723/1201 450/743/1279
s 74
f 519/685/1200 518/722/1199 534/744/1280 533/745/1281 480/746/1282
f 520/686/1139 519/685/1138 480/746/1133 451/747/1132
s 69
f 472/697/1155 521/694/1151 520/693/1150 451/679/1156
f 463/677/1130 522/659/1112 521/694/1151 472/697/1155
f 478/676/1129 523/660/1113 522/659/1112 463/677/1130
f 512/717/1192 523/660/1113 478/676/1129 450/715/1190
s 72
f 524/748/1283 526/749/1284 514/672/1125 513/671/1124 481/742/1285
f 525/750/1286 524/751/1283 481/752/1285 537/753/1287 536/754/1288
s 71
f 526/755/1289 525/750/1290 527/756/1291 528/757/1292
f 528/757/1293 527/756/1294 529/758/1295 530/759/1296
f 530/759/1296 529/758/1295 531/760/1297 532/761/1298
f 532/761/1299 531/760/1300 535/762/1301 534/763/1302
f 526/755/1289 528/757/1292 515/668/1181 514/710/1180
f 516/669/1122 515/668/1121 528/757/1293 530/759/1296
f 517/701/1176 516/669/1122 530/759/1296 532/761/1298
f 518/702/1166 517/701/1165 532/761/1299 534/763/1302
s 72
f 524/751/1283 525/750/1286 526/755/1284
s 74
f 533/764/1281 534/763/1280 535/762/1303
s 72
f 538/765/1304 537/753/1287 481/752/1278 450/715/1279 452/714/1305
f 539/766/1306 538/765/1304 452/714/1305 458/712/1307 461/713/1308
s 74
f 546/767/1309 549/681/1134 480/680/1282 533/764/1281 535/762/1303
s 71
f 536/754/1310 539/766/1311 540/768/1312 541/769/1313
f 541/769/1314 540/768/1312 542/770/1315 543/771/1316
f 543/771/1316 542/770/1315 544/772/1317 545/773/1318
f 545/773/1319 544/772/1317 547/690/1320 546/767/1321
f 466/725/1322 542/770/1315 540/768/1312 475/726/1323
f 547/690/1320 544/772/1317 469/724/1324 460/691/1325
f 469/724/1324 544/772/1317 542/770/1315 466/725/1322
f 475/726/1323 540/768/1312 539/766/1311 461/713/1326
f 543/771/1316 529/758/1295 527/756/1294 541/769/1314
f 535/762/1301 531/760/1300 545/773/1319 546/767/1321
f 545/773/1318 531/760/1297 529/758/1295 543/771/1316
f 541/769/1313 527/756/1291 525/750/1290 536/754/1310
s 72
f 536/754/1288 537/753/1287 538/765/1304 539/766/1306
s 74
f 546/767/1309 547/690/1147 548/682/1135 549/681/1134
s off
f 550/774/1327 551/775/1328 579/776/1329 574/777/1330
f 563/778/1331 562/779/1332 553/780/1333 554/781/1334 568/782/1335 569/783/1336
f 571/784/1337 570/785/1338 572/786/1339 573/787/1340 551/788/1341 550/789/1342
f 558/790/1343 559/791/1344 562/779/1345 563/778/1346
f 559/791/1347 558/790/1348 561/792/1349 560/793/1350
s 95
f 575/794/1351 576/795/1352 570/796/1353 571/797/1354
s off
f 564/798/1355 565/799/1356 566/800/1357 567/801/1358
f 565/802/1359 564/803/1360 569/783/1361 568/782/1362
s 96
f 577/804/1363 578/805/1364 573/806/1365 572/807/1366
s off
f 556/808/1367 566/800/1368 565/799/1369 555/809/1370
f 558/790/1371 563/778/1372 569/783/1373 564/803/1374 567/810/1375 561/792/1376
f 552/811/1377 553/780/1378 562/779/1379 559/812/1380
f 554/781/1381 555/809/1382 565/813/1383 568/782/1384
s 97
f 551/775/1385 573/806/1386 578/805/1387 579/776/1388
s off
f 560/814/1389 557/815/1390 552/811/1391 559/816/1392
s 98
f 574/777/1393 575/794/1394 571/797/1395 550/774/1396
s 99
f 570/785/1397 576/817/1398 577/818/1399 572/786/1400
s 98
f 560/814/1401 575/794/1394 574/777/1393 557/815/1402
s 95
f 560/814/1403 561/819/1404 576/795/1352 575/794/1351
s 99
f 577/818/1399 576/817/1398 561/792/1405 567/810/1406
s 96
f 567/820/1407 566/800/1408 578/805/1364 577/804/1363
s 97
f 579/776/1388 578/805/1387 566/800/1409 556/808/1410
s off
f 574/777/1411 579/776/1412 556/808/1413 555/809/1414 554/781/1415 553/780/1416 552/811/1417 557/815/1418
s 100
f 677/821/1419 676/822/1420 678/823/1421 679/824/1422 680/825/1423
s 101
f 685/826/1424 684/827/1425 686/828/1426 687/829/1427 688/830/1428
s 102
f 585/831/1429 582/832/1430 653/833/1431 652/834/1432 584/835/1433
s 103
f 587/836/1434 580/837/1435 602/838/1436 598/839/1437 586/840/1438
s 102
f 596/841/1439 600/842/1440 581/843/1441 585/831/1429 584/835/1433
s 100
f 682/844/1442 681/845/1443 676/822/1420 677/821/1419 683/846/1444
s off
f 629/847/1445 628/848/1446 630/849/1447 631/850/1448
f 631/850/1449 630/849/1450 632/851/1451 633/852/1452
f 633/852/1453 632/851/1454 634/853/1455 635/854/1456
s 104
f 635/854/1457 634/853/1458 636/855/1459 637/856/1460
f 637/857/1460 636/858/1459 638/859/1461 639/860/1462
s off
f 641/861/1463 640/862/1464 642/863/1465 643/864/1466
f 643/864/1467 642/863/1468 644/865/1469 645/866/1470
f 645/866/1471 644/865/1472 646/867/1473 647/868/1474
s 105
f 647/868/1475 646/867/1476 648/869/1477 649/870/1478
f 649/871/1478 648/872/1477 650/873/1479 651/874/1480
s off
f 605/875/1481 606/876/1482 596/841/1483 584/835/1484
s 106
f 585/831/1485 581/843/1486 610/877/1487 612/878/1488
s off
f 581/843/1489 600/842/1490 608/879/1491 610/877/1492
s 106
f 582/880/1493 585/881/1485 612/882/1488 614/883/1494
s 107
f 624/884/1495 626/885/1496 594/886/1497 593/887/1498
s off
f 617/888/1499 618/889/1500 599/890/1501 592/891/1502
f 603/892/1503 620/893/1504 622/894/1505 595/895/1506
s 107
f 622/894/1507 624/896/1495 593/897/1498 595/895/1508
s off
f 606/876/1509 608/879/1510 600/842/1511 596/841/1512
f 618/889/1513 620/893/1514 603/892/1515 599/890/1516
f 597/898/1517 607/899/1518 604/900/1519 588/901/1520
f 601/902/1521 609/903/1522 607/899/1523 597/898/1524
f 611/904/1525 609/903/1526 601/902/1527 590/905/1528
s 108
f 613/906/1529 611/904/1530 590/905/1531 589/907/1532
f 615/908/1533 613/909/1529 589/910/1532 591/911/1534
s off
f 586/840/1535 598/839/1536 619/912/1537 616/913/1538
f 598/839/1539 602/838/1540 621/914/1541 619/912/1542
f 623/915/1543 621/914/1544 602/838/1545 580/837/1546
s 109
f 580/837/1547 587/836/1548 625/916/1549 623/915/1550
f 587/917/1548 583/918/1551 627/919/1552 625/920/1549
s 110
f 604/900/1553 607/899/1554 630/849/1555 628/848/1556
s 111
f 606/876/1557 605/875/1558 629/847/1559 631/850/1560
s 110
f 607/899/1554 609/903/1561 632/851/1562 630/849/1555
s 111
f 608/879/1563 606/876/1557 631/850/1560 633/852/1564
s 110
f 609/903/1561 611/904/1565 634/853/1566 632/851/1562
s 111
f 610/877/1567 608/879/1563 633/852/1564 635/854/1568
s 110
f 611/904/1565 613/906/1569 636/855/1570 634/853/1566
s 111
f 612/878/1571 610/877/1567 635/854/1568 637/856/1572
s 110
f 613/909/1569 615/908/1573 638/859/1574 636/858/1570
s 111
f 614/883/1575 612/882/1571 637/857/1572 639/860/1576
s 112
f 616/913/1577 619/912/1578 642/863/1579 640/862/1580
s 113
f 618/889/1581 617/888/1582 641/861/1583 643/864/1584
s 112
f 619/912/1578 621/914/1585 644/865/1586 642/863/1579
s 113
f 620/893/1587 618/889/1581 643/864/1584 645/866/1588
s 112
f 621/914/1585 623/915/1589 646/867/1590 644/865/1586
s 113
f 622/894/1591 620/893/1587 645/866/1588 647/868/1592
s 112
f 623/915/1589 625/916/1593 648/869/1594 646/867/1590
s 113
f 624/896/1595 622/894/1591 647/868/1592 649/870/1596
s 112
f 625/920/1593 627/919/1597 650/873/1598 648/872/1594
s 113
f 626/885/1599 624/884/1595 649/871/1596 651/874/1600
s 101
f 690/921/1601 689/922/1602 684/827/1425 685/826/1424 691/923/1603
s 103
f 665/924/1604 664/925/1605 583/926/1606 587/836/1434 586/840/1438
s 114
f 652/927/1607 653/928/1608 655/929/1609 654/930/1610
s 111
f 654/930/1611 655/929/1612 669/931/1613 668/932/1614
s 115
f 656/933/1615 657/934/1616 659/935/1617 658/936/1618
s 113
f 658/936/1619 659/935/1620 673/937/1621 672/938/1622
s 116
f 660/939/1623 661/940/1624 663/941/1625 662/942/1626
s 110
f 662/942/1627 663/941/1628 670/943/1629 671/944/1630
s 117
f 664/945/1631 665/946/1632 667/947/1633 666/948/1634
s 112
f 666/948/1635 667/947/1636 674/949/1637 675/950/1638
s 118
f 668/932/1639 669/931/1640 671/944/1641 670/943/1642
s 119
f 672/938/1643 673/937/1644 675/950/1645 674/949/1646
s 118
f 628/951/1647 629/952/1648 668/932/1639 670/943/1642
f 639/860/1649 638/859/1650 671/944/1641 669/931/1640
s 119
f 640/953/1651 641/954/1652 672/938/1643 674/949/1646
f 651/874/1653 650/873/1654 675/950/1645 673/937/1644
s 114
f 584/955/1655 652/927/1607 654/930/1610 605/956/1656
f 655/929/1609 653/928/1608 582/880/1657 614/883/1658
s 115
f 658/936/1618 617/957/1659 592/958/1660 656/933/1615
f 626/885/1661 659/935/1617 657/934/1616 594/886/1662
s 116
f 662/942/1626 615/908/1663 591/911/1664 660/939/1623
f 604/959/1665 663/941/1625 661/940/1624 588/960/1666
s 117
f 583/918/1667 664/945/1631 666/948/1634 627/919/1668
f 667/947/1633 665/946/1632 586/961/1669 616/962/1670
s 111
f 605/956/1558 654/930/1611 668/932/1614 629/952/1559
s 110
f 663/941/1628 604/959/1553 628/951/1556 670/943/1629
f 615/908/1573 662/942/1627 671/944/1630 638/859/1574
s 111
f 655/929/1612 614/883/1575 639/860/1576 669/931/1613
s 113
f 617/957/1582 658/936/1619 672/938/1622 641/954/1583
s 112
f 667/947/1636 616/962/1577 640/953/1580 674/949/1637
f 627/919/1597 666/948/1635 675/950/1638 650/873/1598
s 113
f 659/935/1620 626/885/1599 651/874/1600 673/937/1621
s 100
f 588/901/1671 661/963/1672 678/823/1421 676/822/1420
f 661/963/1672 660/964/1673 679/824/1422 678/823/1421
f 660/964/1673 591/965/1674 680/825/1423 679/824/1422
f 591/965/1674 589/907/1675 677/821/1419 680/825/1423
f 601/891/1676 597/890/1677 681/828/1443 682/827/1442
f 597/890/1677 588/892/1671 676/829/1420 681/828/1443
f 589/892/1675 590/895/1678 683/830/1444 677/829/1419
f 590/895/1678 601/897/1676 682/826/1442 683/830/1444
s 101
f 592/902/1679 599/898/1680 686/845/1426 684/844/1425
f 599/898/1680 603/901/1681 687/822/1427 686/845/1426
f 603/907/1681 595/905/1682 688/846/1428 687/821/1427
f 595/905/1682 593/902/1683 685/844/1424 688/846/1428
f 657/966/1684 656/967/1685 689/922/1602 690/921/1601
f 656/967/1685 592/891/1679 684/827/1425 689/922/1602
f 593/897/1683 594/968/1686 691/923/1603 685/826/1424
f 594/968/1686 657/966/1684 690/921/1601 691/923/1603
