o hull_0
v -74.02167 85.90936 164.6737
v -39.254944 113.72275 192.48709
v -39.254944 113.72275 136.86032
v -74.02167 92.86273 164.6737
v -39.254944 99.81607 199.44043
v -39.254944 85.90936 199.44043
v -39.254944 85.90936 136.86032
v -53.16162 113.72275 192.48709
v -53.16162 99.81607 199.44043
v -60.114975 106.76941 192.48709
v -60.114975 92.86273 199.44043
v -60.114975 85.90936 199.44043
v -60.114975 85.90936 136.86032
v -67.06831 113.72275 178.58038
v -67.06831 113.72275 136.86032
v -67.06831 99.81607 136.86032
v -67.06831 99.81607 192.48709
v -74.02167 92.86273 185.53372
v -74.02167 85.90936 185.53372
f 16 15 3
f 16 3 7
f 16 7 13
f 16 13 1
f 19 1 13
f 19 13 7
f 19 7 6
f 19 6 12
f 5 6 7
f 5 7 3
f 5 3 2
f 17 10 14
f 17 19 12
f 8 14 10
f 8 2 3
f 8 3 15
f 8 15 14
f 11 17 12
f 11 10 17
f 4 15 16
f 4 16 1
f 18 17 14
f 18 14 15
f 18 15 4
f 18 4 1
f 18 1 19
f 18 19 17
f 9 11 12
f 9 12 6
f 9 6 5
f 9 5 2
f 9 2 8
f 9 8 10
f 9 10 11
o hull_1
v 58.091904 85.90936 -85.64671
v 78.95192 120.67609 -2.2065735
v 85.90526 120.67609 -2.2065735
v 85.90526 120.67609 -99.553406
v 85.90526 85.90936 -2.2065735
v 78.95192 85.90936 -2.2065735
v 85.90526 85.90936 -99.553406
v 78.95192 85.90936 -99.553406
v 65.04524 85.90936 -92.60005
v 58.091904 120.67609 -16.113266
v 58.091904 113.72275 -16.113266
v 58.091904 120.67609 -99.553406
v 58.091904 106.76941 -99.553406
v 58.091904 92.86273 -92.60005
v 58.091904 85.90936 -23.066605
f 22 24 26
f 22 26 23
f 27 32 31
f 27 31 23
f 27 23 26
f 28 27 26
f 28 26 24
f 28 24 25
f 28 25 34
f 28 34 20
f 28 32 27
f 21 25 24
f 21 24 22
f 21 22 23
f 21 23 31
f 21 31 29
f 30 25 21
f 30 21 29
f 30 34 25
f 33 28 20
f 33 20 34
f 33 34 30
f 33 30 29
f 33 29 31
f 33 31 32
f 33 32 28
o hull_2
v 113.71864 99.81607 -134.32013
v 169.34541 92.86273 -127.36678
v 169.34541 85.90936 -127.36678
v 169.34541 92.86273 -134.32013
v 113.71864 99.81607 -127.36678
v 169.34541 85.90936 -134.32013
v 162.39207 106.76941 -127.36678
v 162.39207 106.76941 -134.32013
v 162.39207 92.86273 -141.27347
v 155.4387 106.76941 -141.27347
v 155.4387 92.86273 -148.2268
v 155.4387 85.90936 -148.2268
v 141.53203 127.629456 -127.36678
v 141.53203 120.67609 -141.27347
v 141.53203 106.76941 -148.2268
v 134.57869 134.5828 -127.36678
v 134.57869 134.5828 -134.32013
v 127.62535 106.76941 -148.2268
v 127.62535 85.90936 -148.2268
v 113.71864 120.67609 -134.32013
v 120.67198 134.5828 -127.36678
v 120.67198 134.5828 -134.32013
v 120.67198 120.67609 -141.27347
v 113.71864 120.67609 -127.36678
v 120.67198 85.90936 -134.32013
v 120.67198 85.90936 -127.36678
f 46 40 37
f 46 37 60
f 46 60 59
f 46 59 53
f 50 47 51
f 56 54 58
f 56 58 55
f 56 55 50
f 56 50 51
f 35 53 59
f 35 59 60
f 35 60 39
f 35 39 58
f 35 58 54
f 49 45 46
f 49 46 53
f 49 53 52
f 49 52 56
f 49 56 51
f 49 51 48
f 49 48 44
f 49 44 45
f 43 40 46
f 43 46 45
f 36 41 47
f 36 47 50
f 36 50 55
f 36 55 58
f 36 58 39
f 36 39 60
f 36 60 37
f 57 52 53
f 57 53 35
f 57 35 54
f 57 54 56
f 57 56 52
f 38 36 37
f 38 37 40
f 38 40 43
f 42 38 43
f 42 43 45
f 42 45 44
f 42 44 48
f 42 48 51
f 42 51 47
f 42 47 41
f 42 41 36
f 42 36 38
o hull_3
v 85.90526 -115.737625 -176.04019
v 92.85863 -115.737625 -176.04019
v 99.811966 51.14264 -141.27347
v 106.765305 51.14264 -141.27347
v 106.765305 51.14264 -196.90024
v 106.765305 37.235962 -127.36678
v 106.765305 37.235962 -203.85358
v 106.765305 -32.297485 -203.85358
v 106.765305 -60.11087 -196.90024
v 106.765305 -80.9709 -189.94688
v 106.765305 -108.78428 -176.04019
v 106.765305 -115.737625 -127.36678
v 99.811966 -115.737625 -127.36678
v 106.765305 -115.737625 -169.08685
v 99.811966 -53.157516 -203.85358
v 99.811966 -74.01756 -196.90024
v 85.90526 51.14264 -155.18016
v 85.90526 51.14264 -203.85358
v 92.85863 51.14264 -203.85358
v 85.90526 37.235962 -127.36678
v 85.90526 37.235962 -210.80692
v 92.85863 37.235962 -210.80692
v 92.85863 -32.297485 -210.80692
v 85.90526 -32.297485 -210.80692
v 92.85863 -60.11087 -203.85358
v 85.90526 -60.11087 -203.85358
v 92.85863 -80.9709 -196.90024
v 85.90526 -80.9709 -196.90024
v 85.90526 -108.78428 -127.36678
v 92.85863 -108.78428 -182.99355
v 85.90526 -108.78428 -182.99355
v 85.90526 -115.737625 -141.27347
f 89 73 72
f 89 72 66
f 89 66 80
f 67 79 65
f 88 87 90
f 88 90 91
f 75 83 68
f 74 62 90
f 74 90 71
f 92 73 89
f 82 81 78
f 82 78 79
f 82 79 67
f 82 67 68
f 82 68 83
f 82 83 84
f 82 84 81
f 63 64 65
f 63 65 79
f 63 79 78
f 63 78 77
f 63 77 80
f 63 80 66
f 63 66 64
f 61 92 89
f 61 89 80
f 61 80 77
f 61 77 78
f 61 78 81
f 61 81 84
f 61 84 86
f 61 86 88
f 61 88 91
f 61 91 90
f 61 90 62
f 61 62 74
f 61 74 72
f 61 72 73
f 61 73 92
f 85 86 84
f 85 84 83
f 85 83 75
f 85 87 88
f 85 88 86
f 69 75 68
f 69 68 67
f 69 67 65
f 69 65 64
f 69 64 66
f 69 66 72
f 69 72 74
f 69 74 71
f 69 71 70
f 76 70 71
f 76 71 90
f 76 90 87
f 76 87 85
f 76 85 75
f 76 75 69
f 76 69 70
o hull_4
v 120.67198 65.04935 -134.32013
v 176.29875 78.956024 -127.36678
v 176.29875 78.956024 -134.32013
v 176.29875 65.04935 -127.36678
v 120.67198 65.04935 -127.36678
v 176.29875 65.04935 -134.32013
v 169.34541 85.90936 -127.36678
v 169.34541 85.90936 -134.32013
v 162.39207 85.90936 -148.2268
v 148.48537 72.002686 -162.13351
v 148.48537 65.04935 -162.13351
v 134.57869 72.002686 -162.13351
v 134.57869 65.04935 -162.13351
v 127.62535 85.90936 -148.2268
v 127.62535 72.002686 -155.18016
v 127.62535 65.04935 -155.18016
v 120.67198 85.90936 -127.36678
v 120.67198 85.90936 -134.32013
f 93 97 109
f 93 109 110
f 98 96 97
f 98 97 93
f 98 93 108
f 98 108 105
f 98 105 103
f 107 108 93
f 107 93 110
f 107 110 106
f 95 98 101
f 102 101 98
f 102 98 103
f 104 107 106
f 104 106 101
f 104 101 102
f 104 102 103
f 104 103 105
f 104 105 108
f 104 108 107
f 100 95 101
f 100 101 106
f 100 106 110
f 100 110 109
f 100 109 99
f 94 95 100
f 94 100 99
f 94 99 109
f 94 109 97
f 94 97 96
f 94 96 98
f 94 98 95
o hull_5
v 92.85863 78.956024 -106.50675
v 197.1588 65.04935 -99.553406
v 197.1588 65.04935 -106.50675
v 92.85863 85.90936 -106.50675
v 92.85863 78.956024 -99.553406
v 197.1588 58.09601 -113.46009
v 197.1588 37.235962 -99.553406
v 92.85863 85.90936 -99.553406
v 197.1588 37.235962 -113.46009
v 190.20543 85.90936 -99.553406
v 190.20543 85.90936 -106.50675
v 190.20543 78.956024 -113.46009
v 190.20543 51.14264 -127.36678
v 190.20543 37.235962 -127.36678
v 183.25209 85.90936 -120.41344
v 183.25209 72.002686 -127.36678
v 176.29875 85.90936 -127.36678
v 127.62535 37.235962 -99.553406
v 120.67198 37.235962 -113.46009
v 120.67198 37.235962 -127.36678
v 113.71864 85.90936 -127.36678
v 113.71864 78.956024 -127.36678
f 132 130 111
f 132 111 114
f 132 114 131
f 115 111 130
f 115 130 129
f 115 129 128
f 115 118 114
f 115 114 111
f 116 122 121
f 126 123 124
f 126 124 130
f 126 130 132
f 126 132 131
f 126 131 127
f 126 116 123
f 125 121 122
f 125 122 116
f 125 116 126
f 125 126 127
f 125 127 131
f 125 131 114
f 125 114 118
f 125 118 120
f 125 120 121
f 112 120 118
f 112 118 115
f 112 115 128
f 112 128 117
f 119 117 128
f 119 128 129
f 119 129 130
f 119 130 124
f 119 124 123
f 119 123 116
f 113 112 117
f 113 117 119
f 113 119 116
f 113 116 121
f 113 121 120
f 113 120 112
o hull_6
v 65.04524 78.956024 -85.64671
v 204.11214 51.14264 -78.693375
v 204.11214 51.14264 -99.553406
v 65.04524 85.90936 -85.64671
v 65.04524 78.956024 -78.693375
v 204.11214 37.235962 -78.693375
v 204.11214 37.235962 -99.553406
v 65.04524 85.90936 -78.693375
v 197.1588 72.002686 -78.693375
v 197.1588 72.002686 -99.553406
v 190.20543 85.90936 -78.693375
v 190.20543 85.90936 -99.553406
v 127.62535 37.235962 -78.693375
v 127.62535 37.235962 -99.553406
v 85.90526 85.90936 -99.553406
v 85.90526 78.956024 -99.553406
v 71.99858 78.956024 -92.60005
v 85.90526 58.09601 -78.693375
v 85.90526 58.09601 -85.64671
v 71.99858 85.90936 -92.60005
v 78.95192 72.002686 -92.60005
f 146 139 138
f 146 138 145
f 146 145 150
f 146 150 151
f 153 146 151
f 148 146 153
f 148 153 149
f 134 138 139
f 134 139 135
f 147 148 149
f 147 149 152
f 147 152 136
f 147 136 140
f 147 140 143
f 147 143 144
f 141 143 140
f 141 140 137
f 141 137 150
f 141 150 145
f 141 145 138
f 141 138 134
f 133 136 152
f 133 152 149
f 133 149 153
f 133 153 151
f 133 151 150
f 133 150 137
f 133 137 140
f 133 140 136
f 142 141 134
f 142 134 135
f 142 135 139
f 142 139 146
f 142 146 148
f 142 148 147
f 142 147 144
f 142 144 143
f 142 143 141
o hull_7
v -87.928345 -199.17776 18.653458
v -60.114975 -157.4577 60.373535
v -60.114975 -157.4577 32.56015
v -60.114975 -164.41104 74.28021
v -60.114975 -164.41104 25.606796
v -60.114975 -171.36438 81.23355
v -60.114975 -185.27107 18.653458
v -60.114975 -199.17776 81.23355
v -67.06831 -199.17776 81.23355
v -60.114975 -199.17776 18.653458
v -60.114975 -206.1311 67.32687
v -67.06831 -206.1311 67.32687
v -60.114975 -206.1311 25.606796
v -67.06831 -150.50435 53.420197
v -67.06831 -150.50435 32.56015
v -67.06831 -164.41104 18.653458
v -74.02167 -206.1311 60.373535
v -74.02167 -150.50435 60.373535
v -74.02167 -150.50435 18.653458
v -80.975006 -171.36438 81.23355
v -74.02167 -171.36438 11.700119
v -74.02167 -178.31773 11.700119
v -80.975006 -192.22443 81.23355
v -80.975006 -206.1311 46.466827
v -80.975006 -206.1311 25.606796
v -87.928345 -150.50435 60.373535
v -87.928345 -150.50435 11.700119
v -80.975006 -150.50435 11.700119
v -87.928345 -164.41104 74.28021
v -87.928345 -192.22443 74.28021
v -80.975006 -192.22443 11.700119
v -87.928345 -192.22443 11.700119
v -87.928345 -199.17776 60.373535
f 162 165 164
f 162 164 161
f 170 165 162
f 170 162 176
f 170 176 183
f 170 183 186
f 185 178 154
f 172 168 156
f 182 173 179
f 182 179 180
f 182 180 185
f 182 185 154
f 182 154 186
f 182 186 183
f 182 183 176
f 182 176 173
f 159 173 176
f 159 176 162
f 159 162 161
f 171 167 168
f 171 168 172
f 171 172 181
f 171 181 180
f 171 180 179
f 171 179 173
f 171 173 159
f 171 159 157
f 171 157 167
f 155 167 157
f 155 156 168
f 155 168 167
f 177 170 186
f 177 186 154
f 177 154 178
f 177 178 166
f 177 166 164
f 177 164 165
f 177 165 170
f 158 172 156
f 158 156 155
f 158 155 157
f 158 157 159
f 158 159 161
f 158 161 164
f 158 164 166
f 158 166 163
f 158 163 160
f 174 160 163
f 174 163 175
f 184 175 163
f 184 163 166
f 184 166 178
f 184 178 185
f 184 185 180
f 184 180 181
f 184 181 174
f 184 174 175
f 169 158 160
f 169 160 174
f 169 174 181
f 169 181 172
f 169 172 158
o hull_8
v -74.02167 85.90936 -9.159927
v 58.091904 204.11624 11.700119
v 58.091904 204.11624 -9.159927
v 58.091904 120.67609 -9.159927
v 58.091904 113.72275 11.700119
v 58.091904 113.72275 4.746765
v 51.138535 211.06958 -2.2065735
v 51.138535 211.06958 -9.159927
v 44.185196 211.06958 11.700119
v 44.185196 85.90936 11.700119
v 44.185196 85.90936 4.746765
v 30.278503 85.90936 -9.159927
v 23.325165 224.97626 -2.2065735
v 23.325165 224.97626 -9.159927
v 23.325165 218.02292 11.700119
v -18.394897 224.97626 -2.2065735
v -18.394897 224.97626 -9.159927
v -18.394897 218.02292 11.700119
v -32.30159 218.02292 -2.2065735
v -32.30159 218.02292 -9.159927
v -74.02167 85.90936 11.700119
v -32.30159 211.06958 11.700119
v -39.254944 211.06958 -2.2065735
v -46.208282 204.11624 -2.2065735
v -46.208282 204.11624 -9.159927
v -53.16162 190.20953 11.700119
v -60.114975 176.30286 11.700119
v -74.02167 148.48947 -2.2065735
v -74.02167 148.48947 -9.159927
v -74.02167 141.53613 11.700119
f 189 194 193
f 189 193 188
f 192 190 189
f 192 189 188
f 192 188 191
f 197 190 192
f 197 192 191
f 197 191 196
f 197 196 207
f 197 207 187
f 197 187 198
f 197 198 190
f 214 216 213
f 214 215 187
f 214 187 207
f 214 207 216
f 209 206 211
f 210 209 211
f 210 211 215
f 210 215 214
f 210 214 213
f 210 208 209
f 205 206 209
f 205 209 208
f 204 202 205
f 204 205 208
f 199 202 204
f 199 204 201
f 199 201 195
f 199 195 188
f 199 188 193
f 199 193 194
f 199 194 200
f 203 200 194
f 203 194 189
f 203 189 190
f 203 190 198
f 203 198 187
f 203 187 215
f 203 215 211
f 203 211 206
f 203 206 205
f 203 205 202
f 203 202 199
f 203 199 200
f 212 210 213
f 212 213 216
f 212 216 207
f 212 207 196
f 212 196 191
f 212 191 188
f 212 188 195
f 212 195 201
f 212 201 204
f 212 204 208
f 212 208 210
o hull_9
v -39.254944 85.90936 136.86032
v 2.4651337 113.72275 192.48709
v 2.4651337 113.72275 136.86032
v 2.4651337 106.76941 199.44043
v 2.4651337 92.86273 206.39377
v 2.4651337 85.90936 206.39377
v 2.4651337 85.90936 136.86032
v -32.30159 92.86273 206.39377
v -32.30159 85.90936 206.39377
v -39.254944 113.72275 192.48709
v -39.254944 113.72275 136.86032
v -39.254944 106.76941 199.44043
v -39.254944 85.90936 199.44043
f 219 223 217
f 219 217 227
f 218 219 227
f 218 227 226
f 228 226 227
f 228 227 217
f 228 217 229
f 225 224 228
f 225 228 229
f 225 229 217
f 225 217 223
f 225 223 222
f 221 224 225
f 221 225 222
f 220 221 222
f 220 222 223
f 220 223 219
f 220 219 218
f 220 218 226
f 220 226 228
f 220 228 224
f 220 224 221
o hull_10
v 2.4651337 85.90936 136.86032
v 37.231857 106.76941 185.53372
v 37.231857 106.76941 178.58038
v 37.231857 99.81607 199.44043
v 37.231857 99.81607 164.6737
v 37.231857 85.90936 199.44043
v 37.231857 85.90936 164.6737
v 30.278503 113.72275 185.53372
v 30.278503 113.72275 164.6737
v 30.278503 92.86273 206.39377
v 30.278503 85.90936 206.39377
v 23.325165 113.72275 192.48709
v 23.325165 106.76941 199.44043
v 23.325165 106.76941 150.767
v 23.325165 92.86273 143.81366
v 23.325165 85.90936 143.81366
v 16.371826 92.86273 136.86032
v 16.371826 85.90936 136.86032
v 2.4651337 113.72275 192.48709
v 2.4651337 113.72275 143.81366
v 9.418472 113.72275 143.81366
v 2.4651337 106.76941 199.44043
v 2.4651337 106.76941 136.86032
v 9.418472 106.76941 136.86032
v 2.4651337 92.86273 206.39377
v 2.4651337 85.90936 206.39377
f 250 253 252
f 250 252 249
f 237 241 233
f 237 238 250
f 237 250 249
f 237 249 248
f 237 248 241
f 242 233 241
f 235 240 255
f 235 255 230
f 235 230 247
f 235 247 245
f 235 245 236
f 243 253 250
f 243 250 238
f 246 244 245
f 246 245 247
f 246 247 230
f 246 230 252
f 246 252 253
f 246 253 243
f 246 243 244
f 251 242 241
f 251 241 248
f 251 248 249
f 251 249 252
f 251 252 230
f 251 230 255
f 251 255 254
f 234 236 245
f 234 245 244
f 234 244 243
f 234 243 238
f 234 238 232
f 231 232 238
f 231 238 237
f 231 237 233
f 231 233 235
f 231 235 236
f 231 236 234
f 231 234 232
f 239 233 242
f 239 242 251
f 239 251 254
f 239 254 255
f 239 255 240
f 239 240 235
f 239 235 233
o hull_11
v -80.975006 127.629456 136.86032
v -39.254944 155.44281 143.81366
v -39.254944 155.44281 136.86032
v -39.254944 148.48947 157.72037
v -80.975006 127.629456 143.81366
v -39.254944 113.72275 157.72037
v -39.254944 113.72275 136.86032
v -53.16162 162.39618 143.81366
v -53.16162 162.39618 136.86032
v -67.06831 148.48947 157.72037
v -67.06831 113.72275 157.72037
v -74.02167 162.39618 143.81366
v -74.02167 162.39618 136.86032
v -74.02167 113.72275 143.81366
v -74.02167 113.72275 136.86032
v -80.975006 155.44281 143.81366
v -80.975006 155.44281 136.86032
f 269 260 256
f 269 256 270
f 269 270 262
f 269 262 261
f 269 261 266
f 269 266 260
f 257 263 259
f 257 259 261
f 257 261 262
f 257 262 258
f 264 263 257
f 264 257 258
f 264 268 267
f 264 267 263
f 265 266 261
f 265 261 259
f 265 259 263
f 265 263 267
f 271 260 266
f 271 266 265
f 271 265 267
f 272 271 267
f 272 267 268
f 272 268 264
f 272 264 258
f 272 258 262
f 272 262 270
f 272 270 256
f 272 256 260
f 272 260 271
o hull_12
v -67.06831 113.72275 157.72037
v -46.208282 141.53613 171.62704
v -39.254944 141.53613 171.62704
v -39.254944 141.53613 157.72037
v -67.06831 113.72275 164.6737
v -46.208282 127.629456 185.53372
v -39.254944 127.629456 185.53372
v -39.254944 113.72275 185.53372
v -39.254944 113.72275 157.72037
v -53.16162 120.67609 185.53372
v -53.16162 113.72275 185.53372
v -60.114975 141.53613 164.6737
v -60.114975 141.53613 157.72037
v -60.114975 127.629456 178.58038
v -60.114975 113.72275 178.58038
v -67.06831 134.5828 164.6737
v -67.06831 134.5828 157.72037
f 289 285 276
f 289 276 281
f 289 281 273
f 277 287 286
f 277 286 288
f 277 288 289
f 277 289 273
f 283 287 277
f 283 277 273
f 283 273 281
f 283 281 280
f 284 285 289
f 284 289 288
f 284 288 286
f 278 274 284
f 278 284 286
f 275 274 278
f 275 278 279
f 275 279 280
f 275 280 281
f 275 281 276
f 275 276 285
f 275 285 284
f 275 284 274
f 282 278 286
f 282 286 287
f 282 287 283
f 282 283 280
f 282 280 279
f 282 279 278
o hull_13
v -39.254944 113.72275 136.86032
v -4.48822 134.5828 171.62704
v -4.48822 134.5828 136.86032
v -4.48822 127.629456 185.53372
v -4.48822 120.67609 192.48709
v -4.48822 113.72275 192.48709
v -4.48822 113.72275 136.86032
v -11.441559 134.5828 178.58038
v -18.394897 148.48947 143.81366
v -18.394897 148.48947 136.86032
v -32.30159 120.67609 192.48709
v -32.30159 113.72275 192.48709
v -39.254944 155.44281 143.81366
v -32.30159 155.44281 143.81366
v -39.254944 155.44281 136.86032
v -32.30159 155.44281 136.86032
v -39.254944 141.53613 171.62704
v -32.30159 141.53613 171.62704
v -39.254944 127.629456 185.53372
v -39.254944 113.72275 185.53372
f 305 299 292
f 305 292 296
f 305 296 290
f 305 290 304
f 302 303 305
f 302 305 304
f 307 303 302
f 307 302 306
f 298 303 291
f 298 291 292
f 298 292 299
f 298 299 305
f 298 305 303
f 308 306 302
f 308 302 304
f 308 304 290
f 308 290 309
f 301 300 308
f 301 308 309
f 301 309 290
f 301 290 296
f 301 296 295
f 293 307 306
f 293 306 308
f 294 293 308
f 294 308 300
f 294 300 301
f 294 301 295
f 294 295 296
f 294 296 292
f 294 292 291
f 294 291 293
f 297 293 291
f 297 291 303
f 297 303 307
f 297 307 293
o hull_14
v -4.48822 113.72275 136.86032
v 2.4651337 113.72275 136.86032
v 23.325165 120.67609 185.53372
v 23.325165 113.72275 185.53372
v 23.325165 120.67609 164.6737
v 23.325165 113.72275 164.6737
v 9.418472 127.629456 185.53372
v 9.418472 127.629456 157.72037
v 9.418472 120.67609 192.48709
v 9.418472 113.72275 192.48709
v 9.418472 120.67609 143.81366
v 9.418472 113.72275 143.81366
v -4.48822 127.629456 185.53372
v -4.48822 127.629456 136.86032
v 2.4651337 127.629456 136.86032
v -4.48822 120.67609 192.48709
v -4.48822 113.72275 192.48709
f 318 319 313
f 318 313 312
f 318 312 316
f 324 311 310
f 324 310 323
f 321 315 313
f 321 313 319
f 321 319 326
f 321 326 310
f 321 310 311
f 321 311 324
f 321 324 320
f 314 317 316
f 314 316 312
f 314 312 313
f 314 313 315
f 314 315 321
f 314 321 320
f 314 320 324
f 314 324 317
f 322 316 317
f 322 317 324
f 322 324 323
f 325 322 323
f 325 323 310
f 325 310 326
f 325 326 319
f 325 319 318
f 325 318 316
f 325 316 322
o hull_15
v 58.091904 120.67609 -99.553406
v 85.90526 162.39618 4.746765
v 85.90526 162.39618 -85.64671
v 85.90526 155.44281 -92.60005
v 85.90526 141.53613 -99.553406
v 85.90526 127.629456 4.746765
v 85.90526 120.67609 -2.2065735
v 85.90526 120.67609 -99.553406
v 58.091904 162.39618 4.746765
v 58.091904 162.39618 -99.553406
v 65.04524 162.39618 -99.553406
v 58.091904 127.629456 4.746765
v 58.091904 120.67609 -2.2065735
f 333 339 327
f 333 327 334
f 337 331 334
f 337 334 327
f 337 327 336
f 337 336 335
f 337 335 328
f 337 328 329
f 338 339 333
f 338 333 332
f 338 332 328
f 338 328 335
f 338 335 336
f 338 336 327
f 338 327 339
f 330 337 329
f 330 329 328
f 330 328 332
f 330 332 333
f 330 333 334
f 330 334 331
f 330 331 337
o hull_16
v 58.091904 162.39618 -99.553406
v 65.04524 162.39618 -99.553406
v 85.90526 204.11624 4.746765
v 85.90526 204.11624 -50.87999
v 85.90526 197.1629 -64.78668
v 85.90526 190.20953 -71.74002
v 85.90526 176.30286 -78.693375
v 85.90526 162.39618 4.746765
v 85.90526 162.39618 -78.693375
v 78.95192 204.11624 -64.78668
v 71.99858 211.06958 -23.066605
v 71.99858 211.06958 -57.83333
v 58.091904 211.06958 -16.113266
v 65.04524 211.06958 -16.113266
v 58.091904 211.06958 -71.74002
v 65.04524 211.06958 -71.74002
v 58.091904 204.11624 4.746765
v 58.091904 190.20953 -92.60005
v 65.04524 190.20953 -92.60005
v 58.091904 176.30286 -99.553406
v 65.04524 176.30286 -99.553406
v 58.091904 162.39618 4.746765
f 347 342 356
f 347 356 361
f 352 356 342
f 352 342 353
f 341 348 347
f 341 347 361
f 341 361 340
f 359 357 358
f 359 358 360
f 359 360 341
f 359 341 340
f 359 340 361
f 359 361 356
f 359 356 352
f 359 352 354
f 359 354 357
f 355 358 357
f 355 357 354
f 344 345 358
f 346 345 344
f 346 344 343
f 346 343 342
f 346 342 347
f 346 347 348
f 346 348 341
f 346 341 360
f 346 360 358
f 346 358 345
f 350 351 355
f 350 355 354
f 350 354 352
f 350 352 353
f 350 353 342
f 350 342 343
f 350 343 351
f 349 344 358
f 349 358 355
f 349 355 351
f 349 351 343
f 349 343 344
o hull_17
v 58.091904 113.72275 18.653458
v 65.04524 113.72275 18.653458
v 65.04524 120.67609 18.653458
v 58.091904 120.67609 18.653458
v 58.091904 113.72275 25.606796
v 65.04524 113.72275 25.606796
v 65.04524 120.67609 25.606796
v 58.091904 120.67609 25.606796
f 367 366 362
f 367 362 363
f 367 363 364
f 367 364 368
f 365 364 363
f 365 363 362
f 369 365 362
f 369 362 366
f 369 366 367
f 369 367 368
f 369 368 364
f 369 364 365
o hull_18
v 58.091904 85.90936 46.466827
v 65.04524 85.90936 46.466827
v 85.90526 120.67609 116.000275
v 85.90526 113.72275 116.000275
v 85.90526 120.67609 39.51349
v 85.90526 106.76941 39.51349
v 85.90526 92.86273 95.14026
v 85.90526 92.86273 53.420197
v 85.90526 85.90936 81.23355
v 85.90526 85.90936 67.32687
v 71.99858 120.67609 116.000275
v 71.99858 113.72275 116.000275
v 78.95192 120.67609 32.56015
v 78.95192 113.72275 32.56015
v 65.04524 99.81607 102.0936
v 65.04524 92.86273 95.14026
v 58.091904 120.67609 102.0936
v 58.091904 120.67609 25.606796
v 65.04524 120.67609 25.606796
v 58.091904 106.76941 102.0936
v 65.04524 106.76941 25.606796
v 58.091904 106.76941 25.606796
v 58.091904 85.90936 81.23355
f 389 386 387
f 389 387 391
f 389 391 370
f 389 370 392
f 380 386 389
f 380 389 381
f 384 389 392
f 384 381 389
f 385 384 392
f 378 376 385
f 378 385 392
f 378 392 370
f 378 370 371
f 378 371 379
f 373 372 380
f 373 380 381
f 373 381 384
f 373 384 385
f 373 385 376
f 390 375 371
f 390 371 370
f 390 370 391
f 390 391 387
f 390 387 388
f 377 375 374
f 377 374 372
f 377 372 373
f 377 373 376
f 377 376 378
f 377 378 379
f 377 379 371
f 377 371 375
f 383 375 390
f 382 383 390
f 382 390 388
f 382 388 387
f 382 387 386
f 382 386 380
f 382 380 372
f 382 372 374
f 382 374 375
f 382 375 383
o hull_19
v 58.091904 120.67609 11.700119
v 65.04524 120.67609 11.700119
v 78.95192 204.11624 18.653458
v 85.90526 204.11624 18.653458
v 78.95192 204.11624 4.746765
v 85.90526 204.11624 4.746765
v 85.90526 197.1629 25.606796
v 85.90526 134.5828 25.606796
v 85.90526 134.5828 4.746765
v 78.95192 127.629456 25.606796
v 78.95192 127.629456 18.653458
v 71.99858 127.629456 4.746765
v 58.091904 120.67609 25.606796
v 65.04524 120.67609 25.606796
v 58.091904 197.1629 25.606796
v 58.091904 197.1629 4.746765
v 58.091904 127.629456 4.746765
f 393 394 406
f 393 406 405
f 393 405 407
f 393 407 408
f 393 408 409
f 404 394 393
f 404 393 409
f 402 400 399
f 402 399 407
f 402 407 405
f 402 405 406
f 401 404 409
f 401 409 408
f 401 408 397
f 401 397 398
f 401 398 396
f 401 396 399
f 401 399 400
f 401 394 404
f 395 396 398
f 395 398 397
f 395 397 408
f 395 408 407
f 395 407 399
f 395 399 396
f 403 401 400
f 403 400 402
f 403 402 406
f 403 406 394
f 403 394 401
o hull_20
v 58.091904 120.67609 25.606796
v 85.90526 204.11624 67.32687
v 85.90526 204.11624 32.56015
v 85.90526 197.1629 88.18692
v 85.90526 197.1629 25.606796
v 85.90526 183.2562 116.000275
v 85.90526 169.34952 129.90698
v 78.95192 155.44281 136.86032
v 85.90526 155.44281 136.86032
v 85.90526 134.5828 136.86032
v 78.95192 134.5828 136.86032
v 85.90526 127.629456 25.606796
v 85.90526 120.67609 122.95364
v 85.90526 120.67609 32.56015
v 78.95192 197.1629 95.14026
v 78.95192 190.20953 109.046936
v 71.99858 127.629456 129.90698
v 71.99858 120.67609 122.95364
v 78.95192 120.67609 25.606796
v 71.99858 183.2562 122.95364
v 65.04524 134.5828 129.90698
v 58.091904 204.11624 88.18692
v 65.04524 204.11624 88.18692
v 58.091904 204.11624 25.606796
v 65.04524 204.11624 25.606796
v 58.091904 190.20953 116.000275
v 65.04524 190.20953 116.000275
v 58.091904 176.30286 129.90698
v 65.04524 176.30286 129.90698
v 58.091904 148.48947 129.90698
v 58.091904 134.5828 122.95364
v 58.091904 120.67609 109.046936
f 423 422 427
f 423 427 441
f 423 441 410
f 423 410 428
f 434 412 414
f 440 441 427
f 421 423 428
f 421 428 410
f 421 410 433
f 421 433 434
f 421 434 414
f 430 439 440
f 430 440 427
f 426 430 427
f 420 426 427
f 420 427 422
f 420 422 419
f 420 419 418
f 420 418 417
f 420 417 437
f 420 437 439
f 420 439 430
f 420 430 426
f 435 431 433
f 435 433 410
f 435 410 441
f 435 441 440
f 435 440 439
f 435 439 437
f 429 436 435
f 429 435 437
f 429 416 415
f 438 429 437
f 438 437 417
f 438 417 418
f 438 418 416
f 438 416 429
f 425 424 436
f 425 436 429
f 425 429 415
f 425 415 424
f 413 424 415
f 413 415 416
f 413 416 418
f 413 418 419
f 413 419 422
f 413 422 423
f 413 423 421
f 413 421 414
f 413 414 412
f 413 412 411
f 432 424 413
f 432 413 411
f 432 411 412
f 432 412 434
f 432 434 433
f 432 433 431
f 432 431 435
f 432 435 436
f 432 436 424
o hull_21
v 85.90526 85.90936 -30.019958
v 197.1588 120.67609 18.653458
v 197.1588 120.67609 11.700119
v 197.1588 113.72275 32.56015
v 197.1588 113.72275 -2.2065735
v 197.1588 99.81607 -2.2065735
v 197.1588 92.86273 32.56015
v 197.1588 92.86273 4.746765
v 190.20543 127.629456 32.56015
v 190.20543 127.629456 -16.113266
v 190.20543 120.67609 -23.066605
v 190.20543 106.76941 -23.066605
v 190.20543 92.86273 -16.113266
v 190.20543 85.90936 32.56015
v 190.20543 85.90936 -2.2065735
v 183.25209 127.629456 -30.019958
v 183.25209 92.86273 -30.019958
v 176.29875 85.90936 -30.019958
v 113.71864 85.90936 32.56015
v 106.765305 92.86273 32.56015
v 92.85863 127.629456 32.56015
v 92.85863 120.67609 32.56015
v 85.90526 127.629456 4.746765
v 85.90526 127.629456 -30.019958
v 85.90526 85.90936 4.746765
f 458 459 442
f 458 442 465
f 458 465 457
f 456 459 458
f 451 457 465
f 451 465 464
f 451 464 462
f 451 462 450
f 466 463 462
f 466 462 464
f 466 464 465
f 466 465 442
f 466 442 459
f 466 459 456
f 466 456 455
f 466 455 460
f 454 456 458
f 454 458 453
f 454 453 447
f 449 456 454
f 449 454 447
f 449 448 455
f 449 455 456
f 446 451 444
f 452 451 446
f 452 446 447
f 452 447 453
f 452 453 458
f 452 458 457
f 452 457 451
f 443 445 448
f 443 448 449
f 443 449 447
f 443 447 446
f 443 446 444
f 443 444 451
f 443 451 450
f 443 450 445
f 461 466 460
f 461 460 455
f 461 455 448
f 461 448 445
f 461 445 450
f 461 450 462
f 461 462 463
f 461 463 466
o hull_22
v 85.90526 92.86273 46.466827
v 190.20543 127.629456 39.51349
v 190.20543 127.629456 32.56015
v 190.20543 120.67609 46.466827
v 190.20543 92.86273 46.466827
v 190.20543 92.86273 32.56015
v 183.25209 127.629456 53.420197
v 183.25209 99.81607 53.420197
v 183.25209 85.90936 39.51349
v 183.25209 85.90936 32.56015
v 176.29875 148.48947 39.51349
v 176.29875 148.48947 32.56015
v 85.90526 92.86273 60.373535
v 176.29875 120.67609 60.373535
v 176.29875 113.72275 60.373535
v 176.29875 85.90936 46.466827
v 169.34541 148.48947 60.373535
v 169.34541 99.81607 60.373535
v 162.39207 162.39618 46.466827
v 162.39207 92.86273 60.373535
v 148.48537 176.30286 39.51349
v 148.48537 176.30286 32.56015
v 148.48537 85.90936 60.373535
v 141.53203 176.30286 60.373535
v 127.62535 190.20953 46.466827
v 127.62535 190.20953 32.56015
v 120.67198 190.20953 60.373535
v 113.71864 85.90936 32.56015
v 113.71864 197.1629 46.466827
v 113.71864 197.1629 32.56015
v 106.765305 85.90936 39.51349
v 106.765305 197.1629 60.373535
v 99.811966 85.90936 60.373535
v 99.811966 85.90936 53.420197
v 85.90526 204.11624 46.466827
v 92.85863 204.11624 46.466827
v 85.90526 204.11624 32.56015
v 92.85863 204.11624 32.56015
v 85.90526 197.1629 60.373535
v 85.90526 113.72275 32.56015
f 467 479 505
f 467 505 501
f 467 501 503
f 467 503 506
f 467 506 494
f 497 467 494
f 502 504 503
f 502 503 501
f 490 491 493
f 500 499 479
f 500 479 467
f 500 467 497
f 482 471 486
f 482 486 489
f 474 486 471
f 498 502 501
f 498 501 505
f 498 493 491
f 498 491 495
f 498 495 502
f 468 470 471
f 468 471 472
f 468 472 469
f 473 470 468
f 473 468 483
f 473 474 471
f 473 471 470
f 496 504 502
f 496 502 495
f 487 491 490
f 475 482 489
f 475 489 499
f 475 499 500
f 475 500 497
f 475 497 494
f 475 494 476
f 475 476 472
f 475 472 471
f 475 471 482
f 484 474 481
f 484 486 474
f 480 473 483
f 480 483 490
f 480 490 493
f 480 493 498
f 480 498 505
f 480 505 479
f 480 479 499
f 480 499 489
f 480 489 486
f 480 486 484
f 480 484 481
f 480 481 474
f 480 474 473
f 492 496 495
f 492 495 491
f 492 491 487
f 492 487 488
f 485 487 490
f 485 490 483
f 485 488 487
f 478 469 472
f 478 472 476
f 478 476 494
f 478 494 506
f 478 506 503
f 478 503 504
f 478 504 496
f 478 496 492
f 478 492 488
f 478 488 485
f 477 478 485
f 477 485 483
f 477 483 468
f 477 468 469
f 477 469 478
o hull_23
v -171.36848 2.4692383 -148.2268
v -108.78838 30.282608 -78.693375
v -108.78838 23.32927 -78.693375
v -171.36848 9.422577 -148.2268
v -108.78838 30.282608 -162.13351
v -108.78838 2.4692383 -85.64671
v -108.78838 2.4692383 -162.13351
v -143.55511 30.282608 -78.693375
v -143.55511 23.32927 -78.693375
v -157.46179 30.282608 -92.60005
v -157.46179 30.282608 -162.13351
v -157.46179 9.422577 -85.64671
v -157.46179 2.4692383 -85.64671
v -157.46179 2.4692383 -162.13351
v -164.41515 30.282608 -106.50675
v -164.41515 30.282608 -148.2268
v -164.41515 23.32927 -155.18016
v -164.41515 9.422577 -92.60005
v -171.36848 16.37593 -113.46009
v -171.36848 16.37593 -134.32013
v -171.36848 9.422577 -99.553406
v -171.36848 2.4692383 -99.553406
f 517 511 513
f 517 513 520
f 523 517 520
f 523 522 517
f 507 523 520
f 509 512 513
f 509 513 511
f 509 511 508
f 519 528 507
f 519 507 520
f 519 520 513
f 519 513 512
f 524 528 519
f 524 519 518
f 527 528 524
f 527 524 516
f 527 516 521
f 525 527 521
f 514 508 511
f 514 511 517
f 514 517 522
f 514 522 521
f 514 521 516
f 514 516 524
f 514 524 518
f 526 525 521
f 526 521 522
f 515 514 518
f 515 518 519
f 515 519 512
f 515 512 509
f 515 509 508
f 515 508 514
f 510 526 522
f 510 522 523
f 510 523 507
f 510 507 528
f 510 528 527
f 510 527 525
f 510 525 526
o hull_24
v -185.27518 72.002686 -85.64671
v -150.50845 85.90936 -78.693375
v -150.50845 85.90936 -92.60005
v -150.50845 65.04935 -78.693375
v -185.27518 72.002686 -78.693375
v -150.50845 65.04935 -92.60005
v -164.41515 65.04935 -92.60005
v -171.36848 85.90936 -92.60005
v -171.36848 72.002686 -92.60005
v -171.36848 65.04935 -78.693375
v -171.36848 65.04935 -85.64671
v -185.27518 85.90936 -85.64671
v -185.27518 85.90936 -78.693375
f 532 534 531
f 532 531 530
f 533 538 532
f 533 532 530
f 533 530 541
f 540 529 533
f 540 533 541
f 535 529 537
f 536 537 529
f 536 529 540
f 536 540 541
f 536 541 530
f 536 530 531
f 536 531 534
f 536 534 535
f 536 535 537
f 539 535 534
f 539 534 532
f 539 532 538
f 539 538 533
f 539 533 529
f 539 529 535
o hull_25
v -150.50845 65.04935 -99.553406
v 2.4651337 85.90936 -78.693375
v 2.4651337 78.956024 -78.693375
v 2.4651337 85.90936 -92.60005
v 2.4651337 78.956024 -92.60005
v -4.48822 85.90936 -99.553406
v -4.48822 78.956024 -99.553406
v -18.394897 65.04935 -78.693375
v -18.394897 65.04935 -92.60005
v -39.254944 65.04935 -120.41344
v -46.208282 85.90936 -134.32013
v -46.208282 78.956024 -134.32013
v -60.114975 85.90936 -141.27347
v -67.06831 72.002686 -148.2268
v -67.06831 65.04935 -148.2268
v -94.8817 85.90936 -141.27347
v -108.78838 85.90936 -134.32013
v -108.78838 72.002686 -148.2268
v -108.78838 65.04935 -148.2268
v -143.55511 72.002686 -113.46009
v -150.50845 65.04935 -78.693375
v -143.55511 65.04935 -113.46009
v -150.50845 85.90936 -78.693375
v -150.50845 85.90936 -99.553406
f 544 543 564
f 544 564 562
f 544 562 549
f 544 549 550
f 544 550 546
f 551 546 550
f 563 560 556
f 563 556 551
f 563 551 550
f 563 550 549
f 563 549 562
f 563 562 542
f 545 543 544
f 545 544 546
f 555 554 552
f 555 552 553
f 555 553 556
f 565 561 563
f 565 563 542
f 565 542 562
f 565 562 564
f 548 546 551
f 548 551 556
f 548 556 553
f 559 560 563
f 559 563 561
f 559 561 565
f 559 565 558
f 559 558 557
f 559 557 554
f 559 554 555
f 559 555 556
f 559 556 560
f 547 548 553
f 547 553 552
f 547 552 554
f 547 554 557
f 547 557 558
f 547 558 565
f 547 565 564
f 547 564 543
f 547 543 545
f 547 545 546
f 547 546 548
o hull_26
v 51.138535 -46.204178 -210.80692
v 78.95192 51.14264 -155.18016
v 85.90526 51.14264 -155.18016
v 85.90526 51.14264 -203.85358
v 78.95192 44.1893 -141.27347
v 85.90526 44.1893 -141.27347
v 85.90526 44.1893 -210.80692
v 85.90526 30.282608 -127.36678
v 85.90526 -46.204178 -127.36678
v 85.90526 -46.204178 -210.80692
v 78.95192 51.14264 -210.80692
v 71.99858 37.235962 -134.32013
v 71.99858 30.282608 -127.36678
v 78.95192 23.32927 -217.76027
v 78.95192 -18.390793 -217.76027
v 71.99858 37.235962 -217.76027
v 71.99858 -32.297485 -217.76027
v 65.04524 -39.25084 -217.76027
v 51.138535 65.04935 -189.94688
v 58.091904 65.04935 -189.94688
v 51.138535 65.04935 -210.80692
v 58.091904 65.04935 -210.80692
v 51.138535 51.14264 -217.76027
v 58.091904 51.14264 -217.76027
v 51.138535 44.1893 -162.13351
v 51.138535 9.422577 -127.36678
v 51.138535 -39.25084 -217.76027
v 51.138535 -46.204178 -127.36678
f 575 574 593
f 575 593 566
f 581 572 579
f 580 579 572
f 580 572 575
f 571 573 574
f 571 574 575
f 571 575 572
f 571 572 569
f 571 569 568
f 583 575 566
f 583 566 592
f 587 589 588
f 587 588 586
f 590 577 584
f 590 584 586
f 590 586 588
f 590 588 592
f 590 592 566
f 590 566 593
f 590 593 591
f 590 591 577
f 578 577 591
f 578 591 593
f 578 593 574
f 578 574 573
f 582 583 592
f 582 592 588
f 582 588 589
f 582 589 581
f 582 581 579
f 582 579 580
f 582 580 575
f 582 575 583
f 576 587 569
f 576 569 572
f 576 572 581
f 576 581 589
f 576 589 587
f 585 587 586
f 585 586 584
f 585 584 567
f 585 567 568
f 585 568 569
f 585 569 587
f 570 567 584
f 570 584 577
f 570 577 578
f 570 578 573
f 570 573 571
f 570 571 568
f 570 568 567
o hull_27
v 120.67198 -129.64432 -134.32013
v 134.57869 -122.69097 -127.36678
v 134.57869 -129.64432 -127.36678
v 120.67198 -122.69097 -134.32013
v 120.67198 -129.64432 -127.36678
v 134.57869 -122.69097 -134.32013
v 134.57869 -129.64432 -134.32013
v 120.67198 -122.69097 -127.36678
f 596 598 594
f 596 594 600
f 597 599 600
f 597 600 594
f 595 596 600
f 595 600 599
f 601 597 594
f 601 594 598
f 601 598 596
f 601 596 595
f 601 595 599
f 601 599 597
o hull_28
v 51.138535 -94.877594 -99.553406
v 99.811966 9.422577 -92.60005
v 99.811966 9.422577 -99.553406
v 99.811966 2.4692383 -78.693375
v 51.138535 -94.877594 -92.60005
v 99.811966 -108.78428 -78.693375
v 92.85863 -108.78428 -78.693375
v 99.811966 -108.78428 -99.553406
v 92.85863 -108.78428 -99.553406
v 85.90526 9.422577 -92.60005
v 85.90526 9.422577 -99.553406
v 65.04524 2.4692383 -99.553406
v 51.138535 2.4692383 -78.693375
v 51.138535 2.4692383 -85.64671
v 51.138535 -4.4841156 -99.553406
v 51.138535 -87.92424 -78.693375
f 608 610 609
f 608 609 607
f 615 614 611
f 615 611 612
f 603 604 612
f 603 612 611
f 605 607 609
f 605 609 604
f 605 604 603
f 605 603 611
f 605 611 614
f 605 614 617
f 605 617 608
f 605 608 607
f 606 608 617
f 606 617 614
f 606 614 615
f 606 615 616
f 606 616 602
f 606 602 610
f 606 610 608
f 613 615 612
f 613 612 604
f 613 604 609
f 613 609 610
f 613 610 602
f 613 602 616
f 613 616 615
o hull_29
v -157.46179 -157.4577 -16.113266
v -129.64842 -150.50435 67.32687
v -129.64842 -150.50435 -30.019958
v -157.46179 -150.50435 -16.113266
v -129.64842 -157.4577 -30.019958
v -129.64842 -164.41104 67.32687
v -136.60178 -164.41104 67.32687
v -129.64842 -171.36438 60.373535
v -136.60178 -171.36438 60.373535
v -129.64842 -178.31773 32.56015
v -136.60178 -178.31773 32.56015
v -129.64842 -178.31773 -9.159927
v -136.60178 -178.31773 -9.159927
v -143.55511 -150.50435 67.32687
v -143.55511 -157.4577 67.32687
v -143.55511 -150.50435 -30.019958
v -143.55511 -157.4577 -30.019958
v -143.55511 -171.36438 -16.113266
v -150.50845 -150.50435 60.373535
v -150.50845 -157.4577 60.373535
v -150.50845 -164.41104 46.466827
v -157.46179 -150.50435 46.466827
v -157.46179 -157.4577 46.466827
f 633 620 622
f 633 622 634
f 618 621 633
f 618 633 634
f 639 621 618
f 639 618 640
f 629 630 634
f 629 634 622
f 638 626 640
f 628 627 625
f 628 625 626
f 628 626 638
f 628 638 640
f 628 640 618
f 628 618 630
f 628 630 629
f 628 629 627
f 623 625 627
f 623 627 629
f 623 629 622
f 623 622 620
f 623 620 619
f 637 640 626
f 637 626 632
f 635 618 634
f 635 634 630
f 635 630 618
f 624 623 619
f 624 619 631
f 624 631 632
f 624 632 626
f 624 626 625
f 624 625 623
f 636 631 619
f 636 619 620
f 636 620 633
f 636 633 621
f 636 621 639
f 636 639 640
f 636 640 637
f 636 637 632
f 636 632 631
o hull_30
v -53.16162 -192.22443 88.18692
v -4.48822 -178.31773 95.14026
v -4.48822 -178.31773 88.18692
v -4.48822 -192.22443 95.14026
v -4.48822 -192.22443 88.18692
v -11.441559 -171.36438 95.14026
v -11.441559 -171.36438 88.18692
v -11.441559 -178.31773 116.000275
v -11.441559 -185.27107 116.000275
v -11.441559 -192.22443 109.046936
v -11.441559 -199.17776 95.14026
v -11.441559 -199.17776 88.18692
v -53.16162 -192.22443 102.0936
v -18.394897 -171.36438 102.0936
v -18.394897 -199.17776 102.0936
v -32.30159 -178.31773 116.000275
v -32.30159 -185.27107 116.000275
v -32.30159 -199.17776 102.0936
v -39.254944 -171.36438 102.0936
v -53.16162 -178.31773 88.18692
v -46.208282 -171.36438 95.14026
v -46.208282 -171.36438 88.18692
v -46.208282 -178.31773 109.046936
v -46.208282 -192.22443 109.046936
v -46.208282 -199.17776 95.14026
v -46.208282 -199.17776 88.18692
v -53.16162 -178.31773 102.0936
f 661 662 660
f 661 660 667
f 663 664 657
f 663 657 656
f 653 664 663
f 653 663 667
f 653 667 660
f 653 660 641
f 650 644 649
f 650 649 657
f 650 657 664
f 659 661 667
f 659 667 663
f 659 663 656
f 646 642 643
f 646 643 647
f 646 647 662
f 646 662 661
f 646 661 659
f 646 659 654
f 648 649 644
f 648 644 642
f 648 642 646
f 648 646 654
f 648 654 659
f 648 659 656
f 648 656 657
f 648 657 649
f 665 664 653
f 651 644 650
f 651 650 655
f 645 643 642
f 645 642 644
f 645 644 651
f 645 651 652
f 666 665 653
f 666 653 641
f 666 641 660
f 666 660 662
f 666 662 647
f 666 647 643
f 666 643 645
f 666 645 652
f 658 665 666
f 658 666 652
f 658 652 651
f 658 651 655
f 658 655 650
f 658 650 664
f 658 664 665
o hull_31
v 2.4651337 -178.31773 4.746765
v 37.231857 -150.50435 88.18692
v 44.185196 -150.50435 88.18692
v 44.185196 -157.4577 88.18692
v 37.231857 -157.4577 88.18692
v 37.231857 -150.50435 -23.066605
v 44.185196 -150.50435 -23.066605
v 44.185196 -164.41104 -23.066605
v 37.231857 -164.41104 -23.066605
v 44.185196 -178.31773 67.32687
v 37.231857 -178.31773 67.32687
v 44.185196 -178.31773 -16.113266
v 37.231857 -178.31773 -16.113266
v 30.278503 -171.36438 -16.113266
v 23.325165 -150.50435 -16.113266
v 23.325165 -157.4577 -16.113266
v 2.4651337 -150.50435 74.28021
v 2.4651337 -150.50435 -2.2065735
v 2.4651337 -157.4577 -2.2065735
v 2.4651337 -164.41104 74.28021
v 2.4651337 -178.31773 60.373535
f 687 672 669
f 687 669 684
f 687 688 672
f 678 672 688
f 671 670 669
f 671 669 672
f 671 672 678
f 671 678 677
f 671 677 679
f 671 679 675
f 671 675 674
f 671 674 670
f 686 668 688
f 686 688 687
f 686 687 684
f 686 684 685
f 673 682 685
f 673 685 684
f 673 684 669
f 673 669 670
f 673 670 674
f 676 673 674
f 676 674 675
f 680 681 676
f 680 676 675
f 680 675 679
f 680 679 677
f 680 677 678
f 680 678 688
f 680 688 668
f 680 668 681
f 683 676 681
f 683 681 668
f 683 668 686
f 683 686 685
f 683 685 682
f 683 682 673
f 683 673 676
o hull_32
v 44.185196 65.04935 39.51349
v 51.138535 65.04935 39.51349
v 58.091904 85.90936 74.28021
v 58.091904 78.956024 74.28021
v 58.091904 85.90936 39.51349
v 58.091904 78.956024 39.51349
v 44.185196 85.90936 81.23355
v 51.138535 85.90936 81.23355
v 51.138535 78.956024 81.23355
v 44.185196 78.956024 81.23355
v 44.185196 85.90936 39.51349
v 51.138535 72.002686 74.28021
v 44.185196 65.04935 53.420197
v 51.138535 65.04935 53.420197
v 44.185196 72.002686 74.28021
f 697 692 691
f 697 691 696
f 695 698 697
f 695 697 696
f 695 696 691
f 695 691 693
f 695 693 699
f 694 690 689
f 694 689 699
f 694 699 693
f 694 693 691
f 694 691 692
f 702 690 694
f 702 694 692
f 700 702 692
f 700 692 697
f 701 689 690
f 701 690 702
f 703 701 702
f 703 702 700
f 703 700 697
f 703 697 698
f 703 698 695
f 703 695 699
f 703 699 689
f 703 689 701
o hull_33
v 44.185196 -150.50435 88.18692
v 113.71864 -115.737625 150.767
v 113.71864 -122.69097 150.767
v 113.71864 -115.737625 88.18692
v 113.71864 -122.69097 88.18692
v 106.765305 -136.59766 143.81366
v 106.765305 -136.59766 116.000275
v 99.811966 -115.737625 164.6737
v 99.811966 -122.69097 164.6737
v 92.85863 -129.64432 164.6737
v 92.85863 -150.50435 143.81366
v 92.85863 -150.50435 88.18692
v 85.90526 -115.737625 171.62704
v 85.90526 -122.69097 171.62704
v 78.95192 -129.64432 171.62704
v 78.95192 -143.551 157.72037
v 78.95192 -150.50435 150.767
v 65.04524 -150.50435 150.767
v 58.091904 -129.64432 171.62704
v 58.091904 -143.551 157.72037
v 44.185196 -150.50435 109.046936
v 58.091904 -150.50435 143.81366
v 51.138535 -115.737625 171.62704
v 51.138535 -122.69097 171.62704
v 51.138535 -129.64432 164.6737
v 51.138535 -143.551 143.81366
v 51.138535 -150.50435 129.90698
v 44.185196 -115.737625 157.72037
v 44.185196 -122.69097 157.72037
v 44.185196 -115.737625 88.18692
f 713 718 719
f 713 719 714
f 708 715 704
f 708 704 733
f 708 733 707
f 708 707 705
f 708 705 706
f 721 723 725
f 722 723 719
f 722 719 718
f 726 716 711
f 726 711 705
f 726 705 707
f 726 707 733
f 726 733 731
f 726 731 732
f 726 732 727
f 710 708 706
f 710 706 709
f 710 709 714
f 710 714 715
f 710 715 708
f 717 716 726
f 717 726 727
f 717 727 722
f 717 722 718
f 712 711 716
f 712 716 717
f 712 717 718
f 712 718 713
f 712 713 714
f 712 714 709
f 712 709 706
f 712 706 705
f 712 705 711
f 720 714 719
f 720 719 723
f 720 723 721
f 724 732 731
f 724 731 733
f 724 733 704
f 728 723 722
f 728 722 727
f 728 727 732
f 730 724 704
f 730 704 715
f 730 715 714
f 730 714 720
f 730 720 721
f 730 721 725
f 730 725 723
f 729 730 723
f 729 723 728
f 729 728 732
f 729 732 724
f 729 724 730
o hull_34
v 183.25209 2.4692383 88.18692
v 204.11214 9.422577 95.14026
v 204.11214 2.4692383 95.14026
v 183.25209 9.422577 88.18692
v 183.25209 2.4692383 95.14026
v 204.11214 9.422577 88.18692
v 204.11214 2.4692383 88.18692
v 183.25209 9.422577 95.14026
f 736 738 734
f 736 734 740
f 737 739 740
f 737 740 734
f 735 736 740
f 735 740 739
f 741 737 734
f 741 734 738
f 741 738 736
f 741 736 735
f 741 735 739
f 741 739 737
o hull_35
v 134.57869 -4.4841156 122.95364
v 141.53203 -4.4841156 122.95364
v 141.53203 2.4692383 122.95364
v 134.57869 2.4692383 122.95364
v 148.48537 9.422577 171.62704
v 148.48537 9.422577 143.81366
v 148.48537 -4.4841156 171.62704
v 148.48537 2.4692383 136.86032
v 148.48537 -4.4841156 136.86032
v 134.57869 16.37593 171.62704
v 141.53203 16.37593 171.62704
v 134.57869 16.37593 143.81366
v 141.53203 16.37593 143.81366
v 134.57869 9.422577 178.58038
v 141.53203 9.422577 178.58038
v 141.53203 -4.4841156 178.58038
v 134.57869 -4.4841156 178.58038
f 749 750 743
f 749 743 744
f 752 754 753
f 752 753 751
f 752 756 746
f 748 746 756
f 748 756 757
f 745 753 754
f 745 754 744
f 745 744 743
f 745 743 742
f 755 756 752
f 755 752 751
f 758 757 756
f 758 756 755
f 758 755 751
f 758 751 753
f 758 753 745
f 758 745 742
f 758 742 743
f 758 743 750
f 758 750 748
f 758 748 757
f 747 749 744
f 747 744 754
f 747 754 752
f 747 752 746
f 747 746 748
f 747 748 750
f 747 750 749
o hull_36
v -157.46179 155.44281 -50.87999
v -122.695076 176.30286 -36.973297
v -129.64842 176.30286 -78.693375
v -157.46179 162.39618 -50.87999
v -122.695076 176.30286 -78.693375
v -122.695076 169.34952 -16.113266
v -129.64842 169.34952 -92.60005
v -122.695076 169.34952 -92.60005
v -122.695076 155.44281 -16.113266
v -129.64842 162.39618 -99.553406
v -122.695076 162.39618 -99.553406
v -122.695076 155.44281 -99.553406
v -129.64842 155.44281 -99.553406
v -129.64842 176.30286 -16.113266
v -136.60178 176.30286 -64.78668
v -129.64842 169.34952 -9.159927
v -129.64842 155.44281 -9.159927
v -136.60178 162.39618 -92.60005
v -136.60178 155.44281 -92.60005
v -143.55511 176.30286 -16.113266
v -143.55511 176.30286 -23.066605
v -143.55511 169.34952 -9.159927
v -157.46179 162.39618 -9.159927
v -157.46179 155.44281 -9.159927
f 781 762 759
f 781 759 782
f 781 780 778
f 779 762 781
f 779 781 778
f 779 773 762
f 776 762 773
f 761 765 776
f 761 776 773
f 766 765 761
f 766 761 763
f 766 763 760
f 766 760 764
f 766 764 767
f 766 767 770
f 766 770 769
f 774 780 781
f 774 781 782
f 774 782 775
f 774 775 767
f 774 767 764
f 772 760 763
f 772 763 761
f 772 761 773
f 772 773 779
f 772 779 778
f 772 778 780
f 772 780 774
f 772 774 764
f 772 764 760
f 768 776 765
f 768 765 766
f 768 766 769
f 768 769 770
f 768 770 771
f 777 776 768
f 777 768 771
f 777 771 770
f 777 770 767
f 777 767 775
f 777 775 782
f 777 782 759
f 777 759 762
f 777 762 776
o hull_37
v -122.695076 85.90936 -23.066605
v -74.02167 155.44281 -16.113266
v -74.02167 155.44281 -23.066605
v -80.975006 127.629456 11.700119
v -74.02167 127.629456 11.700119
v -74.02167 85.90936 11.700119
v -74.02167 85.90936 -23.066605
v -122.695076 155.44281 -16.113266
v -122.695076 155.44281 -23.066605
v -122.695076 148.48947 -9.159927
v -122.695076 113.72275 11.700119
v -122.695076 85.90936 11.700119
f 783 789 788
f 783 788 794
f 791 785 789
f 791 789 783
f 784 787 788
f 784 788 789
f 784 789 785
f 790 784 785
f 790 785 791
f 790 791 783
f 790 783 794
f 790 794 793
f 790 793 792
f 786 792 793
f 786 793 794
f 786 794 788
f 786 788 787
f 786 787 784
f 786 784 790
f 786 790 792
o hull_38
v -164.41515 85.90936 11.700119
v -80.975006 127.629456 25.606796
v -74.02167 127.629456 25.606796
v -80.975006 127.629456 11.700119
v -74.02167 127.629456 11.700119
v -74.02167 85.90936 25.606796
v -74.02167 85.90936 11.700119
v -143.55511 113.72275 18.653458
v -143.55511 113.72275 11.700119
v -150.50845 106.76941 25.606796
v -157.46179 106.76941 18.653458
v -157.46179 106.76941 11.700119
v -164.41515 85.90936 25.606796
v -164.41515 99.81607 18.653458
v -164.41515 99.81607 11.700119
v -164.41515 92.86273 25.606796
f 800 807 795
f 800 795 801
f 800 801 799
f 800 799 797
f 802 805 804
f 806 805 802
f 806 802 803
f 806 803 798
f 806 798 799
f 806 799 801
f 806 801 795
f 806 795 809
f 808 805 806
f 808 806 809
f 808 804 805
f 796 802 804
f 796 797 799
f 796 799 798
f 796 798 803
f 796 803 802
f 810 808 809
f 810 809 795
f 810 795 807
f 810 807 800
f 810 800 797
f 810 797 796
f 810 796 804
f 810 804 808
o hull_39
v -129.64842 169.34952 25.606796
v -74.02167 176.30286 109.046936
v -74.02167 169.34952 109.046936
v -129.64842 176.30286 25.606796
v -74.02167 176.30286 67.32687
v -74.02167 169.34952 67.32687
v -80.975006 169.34952 53.420197
v -94.8817 190.20953 53.420197
v -94.8817 190.20953 11.700119
v -94.8817 183.2562 11.700119
v -101.835045 176.30286 109.046936
v -101.835045 169.34952 109.046936
v -94.8817 169.34952 32.56015
v -101.835045 176.30286 11.700119
v -115.74173 190.20953 53.420197
v -115.74173 190.20953 11.700119
v -115.74173 176.30286 11.700119
v -115.74173 176.30286 95.14026
v -115.74173 169.34952 95.14026
v -108.78838 169.34952 18.653458
v -122.695076 183.2562 67.32687
v -122.695076 169.34952 18.653458
v -129.64842 176.30286 74.28021
v -129.64842 169.34952 74.28021
f 822 813 812
f 822 812 821
f 818 825 821
f 818 821 812
f 815 812 813
f 815 813 816
f 819 826 825
f 819 825 818
f 819 818 812
f 819 812 815
f 819 815 816
f 819 816 820
f 828 821 825
f 817 823 820
f 817 820 816
f 824 820 823
f 824 823 830
f 832 811 814
f 832 814 826
f 833 814 811
f 833 811 834
f 829 828 833
f 829 833 834
f 829 834 811
f 829 811 832
f 829 832 830
f 829 830 823
f 829 823 817
f 829 817 816
f 829 816 813
f 829 813 822
f 829 822 821
f 829 821 828
f 827 832 826
f 827 826 819
f 827 819 820
f 827 820 824
f 827 824 830
f 827 830 832
f 831 833 828
f 831 828 825
f 831 825 826
f 831 826 814
f 831 814 833
o hull_40
v 16.371826 85.90936 11.700119
v 58.091904 134.5828 109.046936
v 58.091904 134.5828 11.700119
v 58.091904 120.67609 109.046936
v 58.091904 113.72275 11.700119
v 58.091904 99.81607 95.14026
v 58.091904 99.81607 18.653458
v 58.091904 92.86273 88.18692
v 58.091904 85.90936 81.23355
v 58.091904 85.90936 32.56015
v 51.138535 92.86273 11.700119
v 51.138535 85.90936 88.18692
v 51.138535 85.90936 18.653458
v 44.185196 85.90936 11.700119
v 30.278503 85.90936 102.0936
v 16.371826 134.5828 109.046936
v 16.371826 134.5828 11.700119
v 23.325165 113.72275 109.046936
v 16.371826 113.72275 109.046936
v 16.371826 85.90936 102.0936
f 836 837 851
f 836 851 850
f 846 843 842
f 853 850 851
f 853 851 835
f 853 835 854
f 840 846 842
f 838 836 850
f 838 850 853
f 838 853 852
f 845 848 835
f 845 835 851
f 845 851 837
f 845 837 839
f 849 840 838
f 849 838 852
f 849 852 853
f 849 853 854
f 849 846 840
f 841 845 839
f 841 839 837
f 841 837 836
f 841 836 838
f 841 838 840
f 841 840 842
f 841 842 843
f 841 843 844
f 847 845 841
f 847 841 844
f 847 844 843
f 847 843 846
f 847 846 849
f 847 849 854
f 847 854 835
f 847 835 848
f 847 848 845
o hull_41
o hull_42
v 85.90526 85.90936 -71.74002
v 148.48537 176.30286 -30.019958
v 148.48537 176.30286 -43.92665
v 148.48537 169.34952 -64.78668
v 148.48537 162.39618 -71.74002
v 148.48537 85.90936 -30.019958
v 148.48537 85.90936 -71.74002
v 141.53203 183.2562 -30.019958
v 141.53203 183.2562 -36.973297
v 141.53203 176.30286 -64.78668
v 134.57869 176.30286 -71.74002
v 127.62535 190.20953 -50.87999
v 120.67198 197.1629 -30.019958
v 120.67198 197.1629 -36.973297
v 120.67198 183.2562 -71.74002
v 113.71864 197.1629 -50.87999
v 106.765305 197.1629 -57.83333
v 99.811966 204.11624 -30.019958
v 99.811966 204.11624 -43.92665
v 85.90526 204.11624 -30.019958
v 85.90526 204.11624 -50.87999
v 92.85863 204.11624 -50.87999
v 85.90526 183.2562 -71.74002
v 85.90526 85.90936 -30.019958
f 860 878 855
f 860 855 861
f 875 871 877
f 875 877 855
f 875 855 878
f 875 878 874
f 858 864 857
f 858 857 856
f 858 856 860
f 858 860 861
f 858 861 859
f 858 859 864
f 865 864 859
f 876 871 875
f 866 863 857
f 866 857 864
f 869 865 859
f 869 859 861
f 869 861 855
f 869 855 877
f 869 877 871
f 869 871 865
f 868 863 866
f 862 867 872
f 862 872 874
f 862 874 878
f 862 878 860
f 862 860 856
f 862 856 857
f 862 857 863
f 862 863 868
f 862 868 867
f 870 868 866
f 870 866 864
f 870 864 865
f 870 865 871
f 873 872 867
f 873 867 868
f 873 868 870
f 873 870 871
f 873 871 876
f 873 876 875
f 873 875 874
f 873 874 872
o hull_43
v 148.48537 85.90936 -71.74002
v 183.25209 134.5828 -30.019958
v 183.25209 134.5828 -36.973297
v 183.25209 113.72275 -71.74002
v 183.25209 99.81607 -30.019958
v 183.25209 85.90936 -50.87999
v 183.25209 85.90936 -71.74002
v 176.29875 148.48947 -30.019958
v 176.29875 148.48947 -43.92665
v 176.29875 141.53613 -64.78668
v 176.29875 134.5828 -71.74002
v 176.29875 85.90936 -30.019958
v 169.34541 148.48947 -64.78668
v 169.34541 141.53613 -71.74002
v 162.39207 162.39618 -30.019958
v 162.39207 162.39618 -50.87999
v 162.39207 155.44281 -64.78668
v 148.48537 169.34952 -30.019958
v 155.4387 169.34952 -30.019958
v 148.48537 162.39618 -30.019958
v 148.48537 169.34952 -43.92665
v 155.4387 169.34952 -43.92665
v 148.48537 162.39618 -64.78668
v 155.4387 162.39618 -64.78668
v 148.48537 155.44281 -71.74002
v 155.4387 155.44281 -71.74002
v 148.48537 92.86273 -30.019958
v 148.48537 85.90936 -30.019958
f 884 890 906
f 884 906 879
f 884 879 885
f 884 883 890
f 881 888 887
f 886 880 881
f 886 881 887
f 882 888 881
f 882 881 880
f 882 880 883
f 882 883 884
f 882 884 885
f 889 882 885
f 889 885 879
f 889 879 903
f 889 903 904
f 889 892 888
f 889 888 882
f 899 901 903
f 899 903 879
f 899 879 906
f 899 906 896
f 897 900 899
f 897 899 896
f 897 896 906
f 897 906 890
f 897 890 883
f 897 883 880
f 897 880 886
f 897 886 893
f 894 900 897
f 894 897 893
f 894 893 886
f 894 886 887
f 894 887 888
f 894 888 891
f 895 888 892
f 905 895 892
f 905 892 889
f 902 895 889
f 902 889 904
f 902 904 903
f 902 903 901
f 902 901 899
f 902 899 900
f 902 900 894
f 902 894 891
f 902 891 888
f 902 888 895
f 898 905 889
f 898 889 895
f 898 895 905
o hull_44
v 85.90526 127.629456 -30.019958
v 190.20543 134.5828 11.700119
v 190.20543 127.629456 11.700119
v 190.20543 134.5828 -2.2065735
v 190.20543 127.629456 -2.2065735
v 183.25209 141.53613 32.56015
v 183.25209 141.53613 -23.066605
v 183.25209 127.629456 32.56015
v 183.25209 134.5828 -30.019958
v 183.25209 127.629456 -30.019958
v 176.29875 148.48947 -30.019958
v 162.39207 162.39618 32.56015
v 162.39207 162.39618 -30.019958
v 85.90526 162.39618 32.56015
v 85.90526 162.39618 -30.019958
v 85.90526 127.629456 32.56015
f 920 918 919
f 920 919 921
f 920 921 907
f 920 907 922
f 912 918 920
f 912 920 922
f 912 922 914
f 908 912 914
f 908 914 909
f 908 918 912
f 916 911 909
f 916 909 914
f 916 914 922
f 916 922 907
f 917 919 913
f 910 913 919
f 910 919 918
f 910 918 908
f 910 908 909
f 910 909 911
f 915 917 913
f 915 913 910
f 915 910 911
f 915 911 916
f 915 916 907
f 915 907 921
f 915 921 919
f 915 919 917
o hull_45
o hull_46
v -46.208282 -150.50435 -169.08685
v -11.441559 -143.551 -162.13351
v -11.441559 -150.50435 -162.13351
v -46.208282 -143.551 -169.08685
v -46.208282 -150.50435 -162.13351
v -11.441559 -143.551 -169.08685
v -11.441559 -150.50435 -169.08685
v -46.208282 -143.551 -162.13351
f 925 927 923
f 925 923 929
f 926 928 929
f 926 929 923
f 924 925 929
f 924 929 928
f 930 926 923
f 930 923 927
f 930 927 925
f 930 925 924
f 930 924 928
f 930 928 926
o hull_47
v -150.50845 -46.204178 -169.08685
v -115.74173 -25.344147 -162.13351
v -122.695076 -25.344147 -189.94688
v -115.74173 -25.344147 -189.94688
v -150.50845 -46.204178 -162.13351
v -115.74173 -46.204178 -189.94688
v -122.695076 -46.204178 -189.94688
v -115.74173 -67.06421 -182.99355
v -122.695076 -67.06421 -182.99355
v -115.74173 -74.01756 -162.13351
v -122.695076 -74.01756 -162.13351
v -115.74173 -74.01756 -176.04019
v -122.695076 -74.01756 -176.04019
v -129.64842 -53.157516 -182.99355
v -136.60178 -25.344147 -182.99355
v -136.60178 -32.297485 -182.99355
v -136.60178 -60.11087 -176.04019
v -136.60178 -67.06421 -162.13351
v -136.60178 -67.06421 -169.08685
v -150.50845 -25.344147 -169.08685
v -143.55511 -60.11087 -162.13351
v -143.55511 -60.11087 -169.08685
v -150.50845 -25.344147 -162.13351
f 933 937 946
f 933 946 945
f 933 945 950
f 933 950 953
f 933 953 932
f 933 932 934
f 936 937 933
f 936 933 934
f 936 934 932
f 936 932 940
f 936 940 942
f 936 942 938
f 936 938 939
f 936 939 937
f 944 946 937
f 944 937 939
f 947 946 944
f 947 944 939
f 943 939 938
f 943 938 942
f 931 935 953
f 931 953 950
f 931 950 945
f 931 945 946
f 931 946 947
f 931 947 952
f 931 952 951
f 931 951 935
f 941 943 942
f 941 942 940
f 948 941 940
f 948 940 932
f 948 932 953
f 948 953 935
f 948 935 951
f 949 948 951
f 949 951 952
f 949 952 947
f 949 947 939
f 949 939 943
f 949 943 941
f 949 941 948
o hull_48
v -150.50845 -25.344147 -169.08685
v -122.695076 58.09601 -162.13351
v -122.695076 58.09601 -169.08685
v -129.64842 51.14264 -182.99355
v -150.50845 -25.344147 -162.13351
v -122.695076 51.14264 -182.99355
v -129.64842 30.282608 -189.94688
v -122.695076 30.282608 -189.94688
v -122.695076 -25.344147 -162.13351
v -122.695076 -25.344147 -189.94688
v -129.64842 -25.344147 -189.94688
v -136.60178 58.09601 -162.13351
v -136.60178 58.09601 -169.08685
v -143.55511 44.1893 -176.04019
v -150.50845 44.1893 -162.13351
v -150.50845 44.1893 -169.08685
f 968 969 954
f 968 954 958
f 963 962 958
f 963 958 954
f 963 954 964
f 960 961 963
f 960 963 964
f 965 968 958
f 965 958 962
f 965 962 955
f 959 961 960
f 959 960 957
f 967 960 964
f 967 964 954
f 967 954 969
f 967 957 960
f 966 957 967
f 966 967 969
f 966 969 968
f 966 968 965
f 956 966 965
f 956 965 955
f 956 955 962
f 956 962 963
f 956 963 961
f 956 961 959
f 956 959 957
f 956 957 966
o hull_49
v -53.16162 -25.344147 -182.99355
v -11.441559 37.235962 -176.04019
v -11.441559 37.235962 -182.99355
v -11.441559 16.37593 -182.99355
v -11.441559 2.4692383 -162.13351
v -11.441559 -25.344147 -162.13351
v -11.441559 -25.344147 -176.04019
v -18.394897 44.1893 -176.04019
v -18.394897 44.1893 -182.99355
v -18.394897 30.282608 -162.13351
v -18.394897 -25.344147 -182.99355
v -25.348251 37.235962 -162.13351
v -39.254944 44.1893 -162.13351
v -53.16162 44.1893 -162.13351
v -53.16162 44.1893 -182.99355
v -53.16162 -25.344147 -162.13351
f 983 984 970
f 983 970 985
f 976 980 973
f 976 975 985
f 976 985 970
f 976 970 980
f 972 973 980
f 972 980 970
f 972 970 984
f 972 984 978
f 974 975 976
f 974 976 973
f 974 973 972
f 974 972 971
f 977 981 971
f 977 971 972
f 977 972 978
f 979 974 971
f 979 971 981
f 982 977 978
f 982 978 984
f 982 984 983
f 982 983 985
f 982 985 975
f 982 975 974
f 982 974 979
f 982 979 981
f 982 981 977
o hull_50
v -11.441559 -136.59766 -182.99355
v 16.371826 -39.25084 -176.04019
v 9.418472 -39.25084 -189.94688
v 16.371826 -39.25084 -189.94688
v -11.441559 -136.59766 -176.04019
v 9.418472 -53.157516 -203.85358
v 16.371826 -53.157516 -203.85358
v 9.418472 -67.06421 -210.80692
v -11.441559 -129.64432 -189.94688
v 16.371826 -67.06421 -210.80692
v 16.371826 -87.92424 -210.80692
v 9.418472 -87.92424 -210.80692
v 16.371826 -129.64432 -189.94688
v 16.371826 -136.59766 -176.04019
v 16.371826 -136.59766 -182.99355
v -4.48822 -60.11087 -203.85358
v -11.441559 -39.25084 -176.04019
v -11.441559 -39.25084 -182.99355
v -11.441559 -53.157516 -196.90024
v -11.441559 -67.06421 -203.85358
v -4.48822 -101.83094 -203.85358
v -11.441559 -101.83094 -203.85358
f 998 1006 996
f 1002 990 999
f 1002 999 987
f 988 1003 1002
f 988 1002 987
f 988 987 989
f 992 991 988
f 992 988 989
f 992 989 987
f 992 987 999
f 992 999 1000
f 992 1000 998
f 992 998 996
f 992 996 995
f 992 995 993
f 992 993 991
f 1004 1003 988
f 1004 988 991
f 986 1000 999
f 986 999 990
f 997 1007 1005
f 997 1005 993
f 997 993 995
f 997 995 996
f 997 996 1006
f 997 1006 1007
f 1001 1004 991
f 1001 991 993
f 1001 993 1005
f 1001 1005 1004
f 994 986 990
f 994 990 1002
f 994 1002 1003
f 994 1003 1004
f 994 1004 1005
f 994 1005 1007
f 994 1007 1006
f 994 1006 998
f 994 998 1000
f 994 1000 986
o hull_51
v 16.371826 -150.50435 -169.08685
v 51.138535 -46.204178 -162.13351
v 51.138535 -46.204178 -210.80692
v 51.138535 -80.9709 -210.80692
v 16.371826 -150.50435 -162.13351
v 51.138535 -108.78428 -196.90024
v 51.138535 -122.69097 -189.94688
v 16.371826 -143.551 -162.13351
v 51.138535 -129.64432 -182.99355
v 51.138535 -143.551 -162.13351
v 51.138535 -143.551 -169.08685
v 44.185196 -101.83094 -203.85358
v 44.185196 -143.551 -176.04019
v 44.185196 -150.50435 -162.13351
v 44.185196 -150.50435 -169.08685
v 30.278503 -46.204178 -210.80692
v 37.231857 -87.92424 -210.80692
v 37.231857 -115.737625 -196.90024
v 37.231857 -136.59766 -182.99355
v 16.371826 -46.204178 -162.13351
v 16.371826 -53.157516 -162.13351
v 16.371826 -46.204178 -203.85358
v 16.371826 -53.157516 -210.80692
v 16.371826 -87.92424 -210.80692
v 23.325165 -129.64432 -189.94688
v 16.371826 -129.64432 -189.94688
f 1019 1011 1013
f 1021 1017 1009
f 1021 1009 1027
f 1021 1027 1012
f 1023 1030 1029
f 1023 1029 1027
f 1023 1027 1009
f 1023 1009 1010
f 1024 1019 1031
f 1024 1031 1030
f 1024 1030 1023
f 1024 1023 1010
f 1024 1010 1011
f 1024 1011 1019
f 1014 1019 1013
f 1018 1014 1013
f 1018 1013 1011
f 1018 1011 1010
f 1018 1010 1009
f 1018 1009 1017
f 1018 1017 1021
f 1018 1021 1022
f 1018 1022 1016
f 1008 1022 1021
f 1008 1021 1012
f 1008 1012 1027
f 1008 1027 1029
f 1008 1029 1030
f 1008 1030 1031
f 1008 1031 1033
f 1020 1026 1014
f 1020 1014 1018
f 1020 1016 1022
f 1020 1022 1026
f 1025 1033 1031
f 1025 1031 1019
f 1025 1019 1014
f 1025 1014 1026
f 1028 1018 1016
f 1032 1025 1026
f 1032 1026 1022
f 1032 1022 1008
f 1032 1008 1033
f 1032 1033 1025
f 1015 1028 1016
f 1015 1016 1020
f 1015 1020 1018
f 1015 1018 1028
o hull_52
v -11.441559 2.4692383 -224.71361
v 9.418472 51.14264 -217.76027
v 9.418472 51.14264 -224.71361
v 9.418472 2.4692383 -217.76027
v -11.441559 2.4692383 -217.76027
v 9.418472 2.4692383 -224.71361
v -11.441559 51.14264 -217.76027
v -11.441559 51.14264 -224.71361
f 1038 1040 1041
f 1038 1041 1034
f 1038 1034 1039
f 1038 1039 1037
f 1035 1040 1038
f 1035 1038 1037
f 1036 1035 1037
f 1036 1037 1039
f 1036 1039 1034
f 1036 1034 1041
f 1036 1041 1040
f 1036 1040 1035
o hull_53
v -11.441559 -4.4841156 -217.76027
v 9.418472 72.002686 -196.90024
v 2.4651337 72.002686 -210.80692
v 9.418472 72.002686 -210.80692
v 9.418472 65.04935 -217.76027
v 2.4651337 58.09601 -182.99355
v 9.418472 58.09601 -182.99355
v 9.418472 16.37593 -182.99355
v 9.418472 -4.4841156 -203.85358
v 9.418472 -4.4841156 -217.76027
v -4.48822 72.002686 -196.90024
v -4.48822 72.002686 -203.85358
v -11.441559 -4.4841156 -203.85358
v -4.48822 65.04935 -189.94688
v -4.48822 65.04935 -217.76027
v -11.441559 65.04935 -196.90024
v -11.441559 65.04935 -210.80692
v -11.441559 58.09601 -217.76027
v -11.441559 51.14264 -182.99355
v -4.48822 9.422577 -182.99355
v -11.441559 9.422577 -182.99355
v -4.48822 2.4692383 -189.94688
v -11.441559 2.4692383 -189.94688
f 1055 1052 1057
f 1055 1057 1060
f 1055 1048 1043
f 1055 1043 1052
f 1050 1054 1042
f 1050 1042 1051
f 1047 1055 1060
f 1047 1048 1055
f 1056 1046 1051
f 1056 1051 1042
f 1056 1042 1059
f 1056 1059 1058
f 1045 1043 1048
f 1045 1048 1049
f 1045 1049 1050
f 1045 1050 1051
f 1045 1051 1046
f 1045 1046 1056
f 1045 1056 1044
f 1061 1050 1049
f 1061 1049 1048
f 1061 1048 1047
f 1061 1047 1060
f 1061 1060 1062
f 1053 1058 1057
f 1053 1057 1052
f 1053 1052 1043
f 1053 1043 1045
f 1053 1045 1044
f 1053 1044 1056
f 1053 1056 1058
f 1064 1062 1060
f 1064 1060 1057
f 1064 1057 1058
f 1064 1058 1059
f 1064 1059 1042
f 1064 1042 1054
f 1063 1064 1054
f 1063 1054 1050
f 1063 1050 1061
f 1063 1061 1062
f 1063 1062 1064
o hull_54
v 9.418472 -4.4841156 -224.71361
v 51.138535 72.002686 -196.90024
v 51.138535 72.002686 -210.80692
v 51.138535 58.09601 -217.76027
v 44.185196 37.235962 -162.13351
v 51.138535 37.235962 -162.13351
v 51.138535 30.282608 -224.71361
v 51.138535 -4.4841156 -162.13351
v 51.138535 -4.4841156 -224.71361
v 44.185196 78.956024 -196.90024
v 44.185196 78.956024 -210.80692
v 44.185196 72.002686 -189.94688
v 44.185196 65.04935 -217.76027
v 37.231857 23.32927 -162.13351
v 37.231857 -4.4841156 -162.13351
v 30.278503 72.002686 -217.76027
v 30.278503 51.14264 -224.71361
v 16.371826 72.002686 -217.76027
v 9.418472 78.956024 -196.90024
v 9.418472 78.956024 -210.80692
v 9.418472 -4.4841156 -203.85358
v 9.418472 72.002686 -189.94688
v 9.418472 58.09601 -182.99355
v 9.418472 51.14264 -224.71361
v 9.418472 16.37593 -182.99355
f 1082 1088 1084
f 1079 1089 1085
f 1079 1085 1065
f 1079 1065 1073
f 1079 1073 1072
f 1078 1087 1089
f 1078 1089 1079
f 1078 1079 1072
f 1078 1072 1070
f 1078 1070 1069
f 1078 1069 1087
f 1081 1071 1073
f 1081 1073 1065
f 1081 1065 1088
f 1077 1071 1081
f 1075 1067 1077
f 1086 1083 1084
f 1086 1084 1088
f 1086 1088 1065
f 1086 1065 1085
f 1086 1085 1089
f 1086 1089 1087
f 1086 1087 1069
f 1068 1077 1067
f 1068 1071 1077
f 1080 1075 1077
f 1080 1077 1081
f 1080 1081 1088
f 1080 1088 1082
f 1080 1082 1084
f 1080 1084 1075
f 1066 1070 1072
f 1066 1072 1073
f 1066 1073 1071
f 1066 1071 1068
f 1066 1068 1067
f 1074 1066 1067
f 1074 1067 1075
f 1074 1075 1084
f 1074 1084 1083
f 1076 1074 1083
f 1076 1083 1086
f 1076 1086 1069
f 1076 1069 1070
f 1076 1070 1066
f 1076 1066 1074
o hull_55
v 16.371826 78.956024 -203.85358
v 37.231857 85.90936 -196.90024
v 37.231857 78.956024 -196.90024
v 16.371826 85.90936 -203.85358
v 16.371826 78.956024 -196.90024
v 37.231857 85.90936 -203.85358
v 37.231857 78.956024 -203.85358
v 16.371826 85.90936 -196.90024
f 1093 1090 1094
f 1093 1094 1097
f 1092 1091 1097
f 1092 1097 1094
f 1092 1094 1090
f 1092 1090 1096
f 1095 1091 1092
f 1095 1092 1096
f 1095 1096 1090
f 1095 1090 1093
f 1095 1093 1097
f 1095 1097 1091
o hull_56
v -164.41515 30.282608 -148.2268
v -60.114975 65.04935 -99.553406
v -60.114975 65.04935 -148.2268
v -60.114975 58.09601 -162.13351
v -60.114975 30.282608 -99.553406
v -60.114975 30.282608 -162.13351
v -67.06831 65.04935 -155.18016
v -80.975006 65.04935 -162.13351
v -108.78838 65.04935 -162.13351
v -143.55511 58.09601 -162.13351
v -150.50845 65.04935 -99.553406
v -150.50845 65.04935 -141.27347
v -157.46179 65.04935 -120.41344
v -157.46179 65.04935 -134.32013
v -157.46179 58.09601 -99.553406
v -157.46179 58.09601 -148.2268
v -157.46179 44.1893 -162.13351
v -157.46179 30.282608 -99.553406
v -157.46179 30.282608 -162.13351
v -164.41515 51.14264 -113.46009
v -164.41515 51.14264 -141.27347
v -164.41515 44.1893 -148.2268
v -164.41515 37.235962 -106.50675
v -164.41515 30.282608 -106.50675
f 1112 1115 1102
f 1112 1102 1099
f 1112 1099 1108
f 1100 1099 1102
f 1100 1102 1103
f 1100 1103 1101
f 1110 1112 1108
f 1105 1101 1103
f 1105 1103 1116
f 1105 1116 1114
f 1105 1114 1107
f 1105 1107 1106
f 1109 1106 1107
f 1109 1107 1111
f 1113 1111 1107
f 1113 1107 1114
f 1104 1105 1106
f 1104 1106 1109
f 1104 1109 1111
f 1104 1111 1110
f 1104 1110 1108
f 1104 1108 1099
f 1104 1099 1100
f 1104 1100 1101
f 1104 1101 1105
f 1117 1112 1110
f 1118 1117 1110
f 1118 1110 1111
f 1118 1111 1113
f 1118 1113 1114
f 1118 1114 1119
f 1098 1119 1114
f 1098 1114 1116
f 1098 1116 1103
f 1098 1103 1102
f 1098 1102 1115
f 1098 1115 1121
f 1120 1117 1118
f 1120 1118 1119
f 1120 1119 1098
f 1120 1098 1121
f 1120 1121 1115
f 1120 1115 1112
f 1120 1112 1117
o hull_57
v -164.41515 58.09601 -85.64671
v -67.06831 65.04935 -78.693375
v -67.06831 65.04935 -99.553406
v -164.41515 65.04935 -85.64671
v -164.41515 58.09601 -78.693375
v -67.06831 37.235962 -78.693375
v -67.06831 37.235962 -99.553406
v -164.41515 65.04935 -78.693375
v -157.46179 30.282608 -99.553406
v -74.02167 30.282608 -92.60005
v -74.02167 30.282608 -99.553406
v -94.8817 30.282608 -78.693375
v -157.46179 30.282608 -92.60005
v -143.55511 30.282608 -78.693375
v -150.50845 65.04935 -99.553406
v -157.46179 44.1893 -78.693375
v -157.46179 44.1893 -99.553406
f 1131 1127 1133
f 1125 1129 1123
f 1125 1123 1124
f 1125 1124 1136
f 1132 1131 1133
f 1132 1133 1135
f 1132 1135 1134
f 1132 1134 1130
f 1137 1134 1135
f 1137 1135 1133
f 1137 1133 1127
f 1137 1127 1123
f 1137 1123 1129
f 1137 1129 1126
f 1137 1126 1134
f 1138 1125 1136
f 1122 1125 1138
f 1122 1138 1130
f 1122 1130 1134
f 1122 1134 1126
f 1122 1126 1129
f 1122 1129 1125
f 1128 1132 1130
f 1128 1130 1138
f 1128 1138 1136
f 1128 1136 1124
f 1128 1124 1123
f 1128 1123 1127
f 1128 1127 1131
f 1128 1131 1132
o hull_58
v 51.138535 -143.551 -169.08685
v 58.091904 -143.551 -169.08685
v 58.091904 -136.59766 -169.08685
v 51.138535 -136.59766 -169.08685
v 51.138535 -136.59766 -141.27347
v 58.091904 -136.59766 -141.27347
v 58.091904 -143.551 -141.27347
v 51.138535 -143.551 -141.27347
f 1145 1146 1139
f 1145 1139 1140
f 1143 1142 1139
f 1143 1139 1146
f 1141 1140 1139
f 1141 1139 1142
f 1144 1143 1146
f 1144 1146 1145
f 1144 1145 1140
f 1144 1140 1141
f 1144 1141 1142
f 1144 1142 1143
o hull_59
v 106.765305 51.14264 -176.04019
v 183.25209 58.09601 -127.36678
v 183.25209 51.14264 -127.36678
v 106.765305 58.09601 -176.04019
v 183.25209 58.09601 -134.32013
v 183.25209 51.14264 -134.32013
v 176.29875 65.04935 -127.36678
v 176.29875 65.04935 -141.27347
v 162.39207 51.14264 -155.18016
v 155.4387 65.04935 -162.13351
v 148.48537 58.09601 -169.08685
v 148.48537 51.14264 -169.08685
v 127.62535 65.04935 -127.36678
v 127.62535 65.04935 -162.13351
v 134.57869 58.09601 -176.04019
v 134.57869 51.14264 -176.04019
v 120.67198 58.09601 -127.36678
v 120.67198 51.14264 -127.36678
v 106.765305 58.09601 -155.18016
v 106.765305 51.14264 -155.18016
f 1161 1162 1147
f 1161 1147 1150
f 1166 1165 1150
f 1166 1150 1147
f 1166 1164 1163
f 1166 1163 1165
f 1159 1165 1163
f 1159 1163 1164
f 1159 1164 1149
f 1159 1149 1148
f 1159 1148 1153
f 1154 1155 1156
f 1160 1159 1153
f 1160 1153 1154
f 1160 1154 1156
f 1160 1156 1161
f 1160 1161 1150
f 1160 1150 1165
f 1160 1165 1159
f 1151 1154 1153
f 1151 1153 1148
f 1151 1155 1154
f 1157 1158 1162
f 1157 1162 1161
f 1157 1161 1156
f 1157 1156 1155
f 1157 1155 1158
f 1152 1151 1148
f 1152 1148 1149
f 1152 1149 1164
f 1152 1164 1166
f 1152 1166 1147
f 1152 1147 1162
f 1152 1162 1158
f 1152 1158 1155
f 1152 1155 1151
o hull_60
v 65.04524 9.422577 -127.36678
v 99.811966 30.282608 -120.41344
v 99.811966 30.282608 -127.36678
v 65.04524 16.37593 -127.36678
v 65.04524 9.422577 -120.41344
v 92.85863 16.37593 -99.553406
v 99.811966 16.37593 -99.553406
v 65.04524 16.37593 -120.41344
v 99.811966 9.422577 -99.553406
v 92.85863 9.422577 -99.553406
v 99.811966 9.422577 -127.36678
v 85.90526 30.282608 -120.41344
v 85.90526 30.282608 -127.36678
v 78.95192 23.32927 -113.46009
v 78.95192 16.37593 -106.50675
v 78.95192 9.422577 -106.50675
v 71.99858 23.32927 -120.41344
v 71.99858 23.32927 -127.36678
v 71.99858 9.422577 -113.46009
f 1172 1176 1175
f 1172 1175 1173
f 1168 1178 1172
f 1168 1172 1173
f 1168 1173 1175
f 1168 1175 1177
f 1168 1177 1169
f 1179 1184 1183
f 1179 1183 1178
f 1179 1178 1168
f 1179 1168 1169
f 1170 1184 1179
f 1170 1179 1169
f 1170 1169 1177
f 1170 1177 1167
f 1180 1172 1178
f 1180 1178 1183
f 1171 1167 1177
f 1171 1177 1175
f 1171 1175 1176
f 1171 1176 1182
f 1171 1182 1185
f 1181 1182 1176
f 1181 1176 1172
f 1181 1172 1180
f 1181 1185 1182
f 1174 1171 1185
f 1174 1185 1181
f 1174 1181 1180
f 1174 1180 1183
f 1174 1183 1184
f 1174 1184 1170
f 1174 1170 1167
f 1174 1167 1171
o hull_61
v 106.765305 -136.59766 -85.64671
v 162.39207 -129.64432 -78.693375
v 162.39207 -129.64432 -92.60005
v 106.765305 -129.64432 -85.64671
v 106.765305 -136.59766 -78.693375
v 162.39207 -136.59766 -92.60005
v 162.39207 -143.551 -78.693375
v 106.765305 -129.64432 -78.693375
v 113.71864 -157.4577 -85.64671
v 162.39207 -143.551 -85.64671
v 155.4387 -129.64432 -106.50675
v 155.4387 -136.59766 -106.50675
v 113.71864 -157.4577 -78.693375
v 148.48537 -143.551 -106.50675
v 148.48537 -157.4577 -78.693375
v 148.48537 -157.4577 -85.64671
v 141.53203 -129.64432 -120.41344
v 141.53203 -136.59766 -120.41344
v 141.53203 -143.551 -113.46009
v 141.53203 -157.4577 -92.60005
v 134.57869 -164.41104 -78.693375
v 134.57869 -164.41104 -85.64671
v 120.67198 -129.64432 -120.41344
v 120.67198 -136.59766 -120.41344
v 120.67198 -143.551 -113.46009
v 120.67198 -164.41104 -78.693375
v 120.67198 -164.41104 -85.64671
v 113.71864 -129.64432 -106.50675
v 113.71864 -136.59766 -106.50675
f 1209 1208 1202
f 1209 1202 1203
f 1200 1206 1207
f 1200 1207 1201
f 1200 1201 1195
f 1200 1195 1192
f 1197 1195 1201
f 1197 1201 1199
f 1197 1199 1203
f 1213 1208 1209
f 1213 1209 1214
f 1205 1201 1207
f 1191 1188 1187
f 1191 1187 1192
f 1191 1192 1195
f 1191 1195 1197
f 1196 1197 1203
f 1196 1203 1202
f 1196 1188 1191
f 1196 1191 1197
f 1198 1211 1206
f 1198 1206 1200
f 1198 1200 1192
f 1198 1192 1187
f 1198 1187 1193
f 1198 1193 1190
f 1212 1207 1206
f 1212 1206 1211
f 1189 1213 1214
f 1189 1214 1186
f 1189 1186 1190
f 1189 1190 1193
f 1189 1193 1187
f 1189 1187 1188
f 1189 1188 1196
f 1189 1196 1202
f 1189 1202 1208
f 1189 1208 1213
f 1204 1205 1207
f 1204 1203 1199
f 1204 1199 1201
f 1204 1201 1205
f 1194 1212 1211
f 1194 1211 1198
f 1194 1198 1190
f 1194 1190 1186
f 1194 1186 1214
f 1194 1214 1209
f 1210 1212 1194
f 1210 1194 1209
f 1210 1209 1203
f 1210 1203 1204
f 1210 1204 1207
f 1210 1207 1212
o hull_62
v 99.811966 -67.06421 -127.36678
v 204.11214 37.235962 -99.553406
v 204.11214 37.235962 -106.50675
v 204.11214 -32.297485 -99.553406
v 204.11214 -32.297485 -106.50675
v 197.1588 37.235962 -120.41344
v 197.1588 -32.297485 -120.41344
v 190.20543 37.235962 -127.36678
v 190.20543 -46.204178 -127.36678
v 190.20543 -60.11087 -99.553406
v 190.20543 -60.11087 -113.46009
v 183.25209 -67.06421 -99.553406
v 183.25209 -67.06421 -127.36678
v 127.62535 37.235962 -99.553406
v 99.811966 37.235962 -120.41344
v 99.811966 37.235962 -127.36678
v 99.811966 16.37593 -99.553406
v 99.811966 -67.06421 -99.553406
f 1227 1215 1230
f 1227 1230 1222
f 1227 1222 1223
f 1226 1232 1215
f 1226 1215 1227
f 1229 1230 1215
f 1229 1215 1232
f 1229 1232 1231
f 1229 1231 1228
f 1221 1223 1222
f 1221 1222 1220
f 1217 1220 1222
f 1217 1222 1230
f 1217 1230 1229
f 1217 1229 1228
f 1217 1228 1216
f 1219 1225 1227
f 1219 1227 1223
f 1219 1223 1221
f 1219 1221 1220
f 1219 1220 1217
f 1219 1217 1216
f 1219 1216 1218
f 1224 1218 1216
f 1224 1216 1228
f 1224 1228 1231
f 1224 1231 1232
f 1224 1232 1226
f 1224 1226 1227
f 1224 1227 1225
f 1224 1225 1219
f 1224 1219 1218
o hull_63
v 99.811966 -67.06421 -99.553406
v 211.06548 37.235962 -78.693375
v 211.06548 37.235962 -85.64671
v 211.06548 30.282608 -92.60005
v 211.06548 -25.344147 -92.60005
v 211.06548 -32.297485 -78.693375
v 211.06548 -32.297485 -85.64671
v 204.11214 37.235962 -99.553406
v 204.11214 -39.25084 -99.553406
v 190.20543 -60.11087 -78.693375
v 190.20543 -60.11087 -99.553406
v 183.25209 -67.06421 -78.693375
v 183.25209 -67.06421 -99.553406
v 134.57869 37.235962 -78.693375
v 134.57869 37.235962 -99.553406
v 99.811966 9.422577 -85.64671
v 99.811966 9.422577 -99.553406
v 99.811966 2.4692383 -78.693375
v 99.811966 -67.06421 -78.693375
f 1245 1244 1251
f 1245 1251 1233
f 1247 1240 1241
f 1247 1241 1243
f 1247 1243 1245
f 1247 1245 1233
f 1247 1233 1249
f 1248 1249 1233
f 1248 1233 1251
f 1248 1251 1250
f 1248 1250 1246
f 1248 1246 1247
f 1248 1247 1249
f 1242 1238 1234
f 1242 1234 1246
f 1242 1246 1250
f 1242 1250 1251
f 1242 1251 1244
f 1242 1244 1245
f 1242 1245 1243
f 1237 1241 1240
f 1237 1240 1236
f 1235 1236 1240
f 1235 1240 1247
f 1235 1247 1246
f 1235 1246 1234
f 1239 1237 1236
f 1239 1236 1235
f 1239 1235 1234
f 1239 1234 1238
f 1239 1238 1242
f 1239 1242 1243
f 1239 1243 1241
f 1239 1241 1237
o hull_64
v -129.64842 -178.31773 -9.159927
v -87.928345 -150.50435 32.56015
v -87.928345 -150.50435 -2.2065735
v -87.928345 -171.36438 -2.2065735
v -87.928345 -192.22443 4.746765
v -87.928345 -199.17776 32.56015
v -94.8817 -199.17776 32.56015
v -87.928345 -199.17776 18.653458
v -94.8817 -199.17776 18.653458
v -94.8817 -171.36438 -9.159927
v -108.78838 -192.22443 4.746765
v -115.74173 -192.22443 32.56015
v -115.74173 -192.22443 11.700119
v -115.74173 -150.50435 -30.019958
v -115.74173 -157.4577 -30.019958
v -122.695076 -185.27107 -2.2065735
v -129.64842 -150.50435 32.56015
v -129.64842 -150.50435 -30.019958
v -129.64842 -157.4577 -30.019958
v -129.64842 -178.31773 32.56015
f 1270 1252 1271
f 1270 1271 1268
f 1270 1268 1269
f 1265 1269 1268
f 1265 1268 1253
f 1265 1253 1254
f 1260 1262 1256
f 1260 1256 1259
f 1264 1263 1271
f 1264 1271 1252
f 1264 1262 1260
f 1266 1261 1256
f 1266 1256 1262
f 1266 1262 1252
f 1266 1252 1270
f 1266 1270 1269
f 1266 1269 1265
f 1258 1260 1259
f 1258 1259 1257
f 1258 1257 1253
f 1258 1253 1268
f 1258 1268 1271
f 1258 1271 1263
f 1258 1263 1264
f 1258 1264 1260
f 1267 1264 1252
f 1267 1252 1262
f 1267 1262 1264
f 1255 1261 1266
f 1255 1266 1265
f 1255 1265 1254
f 1255 1254 1253
f 1255 1253 1257
f 1255 1257 1259
f 1255 1259 1256
f 1255 1256 1261
o hull_65
v -129.64842 -178.31773 32.56015
v -87.928345 -150.50435 67.32687
v -87.928345 -150.50435 32.56015
v -94.8817 -171.36438 74.28021
v -87.928345 -171.36438 74.28021
v -87.928345 -185.27107 74.28021
v -94.8817 -185.27107 74.28021
v -87.928345 -192.22443 67.32687
v -94.8817 -192.22443 67.32687
v -87.928345 -199.17776 53.420197
v -94.8817 -199.17776 53.420197
v -87.928345 -199.17776 32.56015
v -94.8817 -199.17776 32.56015
v -108.78838 -192.22443 53.420197
v -108.78838 -192.22443 32.56015
v -122.695076 -178.31773 67.32687
v -122.695076 -185.27107 46.466827
v -122.695076 -185.27107 32.56015
v -129.64842 -150.50435 67.32687
v -129.64842 -150.50435 32.56015
v -129.64842 -178.31773 53.420197
v -129.64842 -171.36438 67.32687
f 1273 1274 1291
f 1273 1291 1290
f 1292 1293 1290
f 1292 1290 1291
f 1292 1291 1272
f 1292 1287 1293
f 1284 1286 1289
f 1284 1289 1272
f 1284 1272 1291
f 1284 1291 1274
f 1284 1274 1283
f 1281 1282 1284
f 1281 1284 1283
f 1285 1282 1280
f 1285 1280 1287
f 1285 1287 1292
f 1285 1286 1284
f 1285 1284 1282
f 1275 1276 1273
f 1275 1273 1290
f 1279 1280 1282
f 1279 1282 1281
f 1279 1281 1283
f 1279 1283 1274
f 1279 1274 1273
f 1279 1273 1276
f 1279 1276 1277
f 1278 1280 1279
f 1278 1279 1277
f 1278 1277 1276
f 1278 1276 1275
f 1278 1275 1290
f 1278 1290 1293
f 1278 1293 1287
f 1278 1287 1280
f 1288 1285 1292
f 1288 1292 1272
f 1288 1272 1289
f 1288 1289 1286
f 1288 1286 1285
o hull_66
v 2.4651337 -220.0378 -2.2065735
v 44.185196 -192.22443 60.373535
v 44.185196 -199.17776 60.373535
v 44.185196 -192.22443 -16.113266
v 44.185196 -206.1311 53.420197
v 44.185196 -213.08446 46.466827
v 44.185196 -213.08446 -16.113266
v 37.231857 -213.08446 -16.113266
v 44.185196 -220.0378 32.56015
v 44.185196 -220.0378 -9.159927
v 30.278503 -192.22443 -16.113266
v 30.278503 -206.1311 -16.113266
v 37.231857 -220.0378 39.51349
v 30.278503 -220.0378 -9.159927
v 23.325165 -220.0378 46.466827
v 16.371826 -213.08446 53.420197
v 2.4651337 -192.22443 60.373535
v 2.4651337 -199.17776 60.373535
v 2.4651337 -192.22443 -2.2065735
v 2.4651337 -213.08446 53.420197
v 2.4651337 -206.1311 -9.159927
v 2.4651337 -213.08446 -9.159927
v 2.4651337 -220.0378 46.466827
f 1301 1307 1315
f 1301 1315 1305
f 1303 1307 1301
f 1303 1301 1300
f 1294 1315 1307
f 1299 1298 1308
f 1309 1313 1316
f 1309 1316 1308
f 1314 1315 1294
f 1314 1294 1316
f 1314 1316 1313
f 1314 1313 1311
f 1314 1311 1310
f 1314 1310 1312
f 1306 1299 1308
f 1306 1308 1316
f 1306 1316 1294
f 1306 1294 1307
f 1306 1307 1303
f 1306 1303 1302
f 1306 1302 1299
f 1296 1309 1308
f 1296 1308 1298
f 1296 1298 1299
f 1296 1299 1302
f 1296 1302 1303
f 1296 1303 1300
f 1296 1300 1297
f 1296 1297 1295
f 1296 1295 1310
f 1296 1310 1311
f 1296 1311 1313
f 1296 1313 1309
f 1304 1314 1312
f 1304 1312 1310
f 1304 1310 1295
f 1304 1295 1297
f 1304 1297 1300
f 1304 1300 1301
f 1304 1301 1305
f 1304 1305 1315
f 1304 1315 1314
o hull_67
v 2.4651337 -192.22443 4.746765
v 44.185196 -178.31773 60.373535
v 37.231857 -178.31773 -16.113266
v 44.185196 -178.31773 -16.113266
v 44.185196 -192.22443 60.373535
v 44.185196 -192.22443 -16.113266
v 37.231857 -192.22443 -16.113266
v 23.325165 -192.22443 -9.159927
v 9.418472 -185.27107 -2.2065735
v 9.418472 -192.22443 -2.2065735
v 2.4651337 -178.31773 60.373535
v 2.4651337 -178.31773 4.746765
v 2.4651337 -192.22443 60.373535
f 1328 1317 1329
f 1328 1329 1327
f 1318 1327 1329
f 1318 1329 1321
f 1318 1321 1322
f 1318 1322 1320
f 1319 1325 1328
f 1319 1328 1327
f 1319 1327 1318
f 1319 1318 1320
f 1319 1320 1322
f 1319 1322 1323
f 1319 1323 1324
f 1319 1324 1325
f 1326 1325 1324
f 1326 1324 1323
f 1326 1323 1322
f 1326 1322 1321
f 1326 1321 1329
f 1326 1329 1317
f 1326 1317 1328
f 1326 1328 1325
o hull_68
v 44.185196 37.235962 -9.159927
v 65.04524 78.956024 -2.2065735
v 58.091904 78.956024 -9.159927
v 65.04524 78.956024 -9.159927
v 65.04524 65.04935 25.606796
v 65.04524 58.09601 32.56015
v 65.04524 44.1893 39.51349
v 65.04524 37.235962 39.51349
v 65.04524 37.235962 -9.159927
v 44.185196 85.90936 39.51349
v 51.138535 85.90936 39.51349
v 44.185196 85.90936 18.653458
v 51.138535 85.90936 18.653458
v 44.185196 72.002686 -9.159927
v 44.185196 37.235962 39.51349
f 1330 1338 1337
f 1330 1337 1344
f 1342 1340 1331
f 1342 1331 1333
f 1336 1335 1340
f 1336 1340 1339
f 1336 1339 1344
f 1336 1344 1337
f 1334 1335 1336
f 1334 1336 1337
f 1334 1337 1338
f 1334 1338 1333
f 1334 1333 1331
f 1334 1331 1340
f 1334 1340 1335
f 1341 1343 1330
f 1341 1330 1344
f 1341 1344 1339
f 1341 1339 1340
f 1341 1340 1342
f 1332 1341 1342
f 1332 1342 1333
f 1332 1333 1338
f 1332 1338 1330
f 1332 1330 1343
f 1332 1343 1341
o hull_69
v 65.04524 37.235962 -71.74002
v 183.25209 85.90936 -57.83333
v 183.25209 85.90936 -78.693375
v 183.25209 51.14264 -50.87999
v 183.25209 37.235962 -50.87999
v 183.25209 37.235962 -78.693375
v 176.29875 85.90936 -36.973297
v 176.29875 78.956024 -36.973297
v 169.34541 58.09601 -36.973297
v 162.39207 44.1893 -36.973297
v 155.4387 37.235962 -36.973297
v 106.765305 37.235962 -78.693375
v 78.95192 51.14264 -78.693375
v 65.04524 85.90936 -36.973297
v 65.04524 85.90936 -78.693375
v 65.04524 65.04935 -78.693375
v 65.04524 37.235962 -36.973297
f 1346 1347 1359
f 1346 1359 1358
f 1346 1358 1351
f 1349 1355 1361
f 1349 1361 1345
f 1349 1345 1356
f 1349 1356 1350
f 1349 1352 1353
f 1357 1356 1345
f 1354 1349 1353
f 1354 1353 1352
f 1354 1352 1351
f 1354 1351 1358
f 1354 1358 1361
f 1354 1361 1355
f 1354 1355 1349
f 1348 1349 1350
f 1348 1350 1347
f 1348 1347 1346
f 1348 1346 1351
f 1348 1351 1352
f 1348 1352 1349
f 1360 1357 1345
f 1360 1345 1361
f 1360 1361 1358
f 1360 1358 1359
f 1360 1359 1347
f 1360 1347 1350
f 1360 1350 1356
f 1360 1356 1357
o hull_70
v 183.25209 37.235962 -78.693375
v 204.11214 51.14264 -71.74002
v 204.11214 51.14264 -78.693375
v 204.11214 44.1893 -57.83333
v 204.11214 37.235962 -57.83333
v 204.11214 37.235962 -78.693375
v 197.1588 72.002686 -71.74002
v 197.1588 72.002686 -78.693375
v 183.25209 85.90936 -64.78668
v 190.20543 85.90936 -64.78668
v 183.25209 85.90936 -78.693375
v 190.20543 85.90936 -78.693375
v 183.25209 58.09601 -57.83333
v 190.20543 58.09601 -57.83333
v 183.25209 37.235962 -57.83333
f 1376 1362 1367
f 1376 1367 1366
f 1373 1369 1364
f 1373 1364 1367
f 1373 1367 1362
f 1373 1362 1372
f 1370 1371 1373
f 1370 1373 1372
f 1368 1369 1373
f 1368 1373 1371
f 1374 1370 1372
f 1374 1372 1362
f 1374 1362 1376
f 1374 1375 1371
f 1374 1371 1370
f 1365 1368 1371
f 1365 1371 1375
f 1365 1375 1374
f 1365 1374 1376
f 1365 1376 1366
f 1363 1365 1366
f 1363 1366 1367
f 1363 1367 1364
f 1363 1364 1369
f 1363 1369 1368
f 1363 1368 1365
o hull_71
v 65.04524 37.235962 -36.973297
v 162.39207 65.04935 -16.113266
v 162.39207 58.09601 -16.113266
v 162.39207 65.04935 -36.973297
v 162.39207 51.14264 -30.019958
v 162.39207 51.14264 -36.973297
v 155.4387 65.04935 -2.2065735
v 155.4387 58.09601 -2.2065735
v 155.4387 44.1893 -23.066605
v 148.48537 44.1893 -9.159927
v 148.48537 37.235962 -23.066605
v 148.48537 37.235962 -36.973297
v 141.53203 65.04935 11.700119
v 141.53203 58.09601 11.700119
v 134.57869 37.235962 4.746765
v 127.62535 65.04935 18.653458
v 127.62535 58.09601 18.653458
v 113.71864 37.235962 18.653458
v 65.04524 65.04935 18.653458
v 65.04524 65.04935 -36.973297
v 65.04524 44.1893 39.51349
v 71.99858 44.1893 39.51349
v 71.99858 37.235962 39.51349
v 65.04524 37.235962 39.51349
f 1397 1398 1392
f 1397 1392 1395
f 1397 1395 1396
f 1397 1396 1377
f 1397 1377 1400
f 1393 1390 1389
f 1393 1389 1392
f 1394 1390 1393
f 1394 1391 1390
f 1382 1381 1387
f 1382 1387 1388
f 1382 1388 1377
f 1382 1377 1396
f 1382 1396 1380
f 1399 1394 1393
f 1399 1393 1392
f 1399 1392 1398
f 1399 1398 1397
f 1399 1397 1400
f 1399 1400 1377
f 1399 1377 1388
f 1399 1388 1387
f 1399 1387 1391
f 1399 1391 1394
f 1385 1387 1381
f 1385 1391 1387
f 1383 1378 1380
f 1383 1380 1396
f 1383 1396 1395
f 1383 1395 1392
f 1383 1392 1389
f 1386 1391 1385
f 1379 1386 1385
f 1379 1385 1381
f 1379 1381 1382
f 1379 1382 1380
f 1379 1380 1378
f 1384 1379 1378
f 1384 1378 1383
f 1384 1383 1389
f 1384 1389 1390
f 1384 1390 1391
f 1384 1391 1386
f 1384 1386 1379
o hull_72
v 44.185196 -157.4577 88.18692
v 51.138535 -157.4577 88.18692
v 51.138535 -150.50435 88.18692
v 44.185196 -150.50435 88.18692
v 44.185196 -157.4577 95.14026
v 51.138535 -157.4577 95.14026
v 51.138535 -150.50435 95.14026
v 44.185196 -150.50435 95.14026
f 1404 1403 1402
f 1404 1402 1401
f 1405 1408 1404
f 1405 1404 1401
f 1405 1401 1402
f 1405 1402 1406
f 1407 1408 1405
f 1407 1405 1406
f 1407 1406 1402
f 1407 1402 1403
f 1407 1403 1404
f 1407 1404 1408
o hull_73
v 51.138535 -164.41104 88.18692
v 92.85863 -150.50435 129.90698
v 92.85863 -157.4577 129.90698
v 92.85863 -150.50435 88.18692
v 92.85863 -157.4577 88.18692
v 85.90526 -171.36438 122.95364
v 85.90526 -178.31773 109.046936
v 85.90526 -185.27107 95.14026
v 85.90526 -185.27107 88.18692
v 78.95192 -150.50435 143.81366
v 78.95192 -157.4577 143.81366
v 78.95192 -171.36438 129.90698
v 51.138535 -164.41104 102.0936
v 78.95192 -185.27107 102.0936
v 65.04524 -171.36438 129.90698
v 65.04524 -185.27107 102.0936
v 58.091904 -150.50435 143.81366
v 58.091904 -157.4577 143.81366
v 58.091904 -171.36438 122.95364
v 51.138535 -150.50435 88.18692
v 58.091904 -185.27107 95.14026
v 58.091904 -185.27107 88.18692
v 51.138535 -150.50435 122.95364
v 51.138535 -157.4577 122.95364
f 1413 1411 1416
f 1413 1416 1417
f 1410 1411 1413
f 1410 1413 1412
f 1419 1411 1410
f 1419 1410 1418
f 1422 1424 1429
f 1422 1429 1430
f 1422 1430 1417
f 1422 1417 1416
f 1426 1419 1418
f 1426 1418 1425
f 1431 1432 1426
f 1431 1426 1425
f 1431 1425 1418
f 1431 1418 1410
f 1431 1410 1412
f 1431 1412 1428
f 1409 1428 1412
f 1409 1412 1413
f 1409 1413 1417
f 1409 1417 1430
f 1415 1422 1416
f 1415 1416 1411
f 1427 1426 1432
f 1427 1432 1429
f 1427 1429 1424
f 1427 1424 1423
f 1427 1423 1426
f 1421 1409 1430
f 1421 1430 1429
f 1421 1429 1432
f 1421 1432 1431
f 1421 1431 1428
f 1421 1428 1409
f 1414 1415 1411
f 1420 1414 1411
f 1420 1411 1419
f 1420 1419 1426
f 1420 1426 1423
f 1420 1423 1424
f 1420 1424 1422
f 1420 1422 1415
f 1420 1415 1414
o hull_74
v 44.185196 -115.737625 88.18692
v 134.57869 2.4692383 122.95364
v 134.57869 2.4692383 102.0936
v 134.57869 -4.4841156 88.18692
v 134.57869 -108.78428 122.95364
v 134.57869 -108.78428 88.18692
v 120.67198 16.37593 122.95364
v 120.67198 16.37593 116.000275
v 120.67198 -115.737625 122.95364
v 120.67198 -115.737625 88.18692
v 106.765305 23.32927 88.18692
v 92.85863 30.282608 122.95364
v 92.85863 30.282608 109.046936
v 78.95192 30.282608 102.0936
v 58.091904 30.282608 102.0936
v 51.138535 23.32927 88.18692
v 44.185196 30.282608 122.95364
v 44.185196 30.282608 109.046936
v 44.185196 23.32927 95.14026
v 44.185196 16.37593 88.18692
v 44.185196 -115.737625 122.95364
f 1441 1453 1433
f 1441 1433 1442
f 1438 1437 1441
f 1438 1441 1442
f 1451 1448 1452
f 1451 1452 1433
f 1451 1433 1453
f 1451 1453 1449
f 1451 1449 1450
f 1451 1450 1448
f 1443 1436 1438
f 1443 1438 1442
f 1443 1442 1433
f 1443 1433 1452
f 1443 1452 1448
f 1447 1446 1443
f 1447 1443 1448
f 1447 1448 1450
f 1439 1444 1449
f 1439 1449 1453
f 1439 1453 1441
f 1439 1441 1437
f 1439 1437 1434
f 1435 1440 1439
f 1435 1439 1434
f 1435 1434 1437
f 1435 1437 1438
f 1435 1438 1436
f 1435 1436 1443
f 1435 1443 1440
f 1445 1443 1446
f 1445 1446 1447
f 1445 1447 1450
f 1445 1450 1449
f 1445 1449 1444
f 1445 1444 1439
f 1445 1439 1440
f 1445 1440 1443
o hull_75
v 44.185196 30.282608 116.000275
v 51.138535 30.282608 116.000275
v 51.138535 37.235962 116.000275
v 44.185196 37.235962 116.000275
v 92.85863 37.235962 143.81366
v 92.85863 30.282608 143.81366
v 92.85863 37.235962 136.86032
v 92.85863 30.282608 136.86032
v 78.95192 37.235962 122.95364
v 78.95192 30.282608 122.95364
v 65.04524 44.1893 143.81366
v 65.04524 44.1893 136.86032
v 44.185196 44.1893 143.81366
v 44.185196 44.1893 129.90698
v 51.138535 44.1893 129.90698
v 44.185196 30.282608 143.81366
f 1461 1460 1458
f 1461 1458 1459
f 1462 1460 1461
f 1462 1461 1463
f 1467 1457 1454
f 1467 1454 1469
f 1467 1469 1466
f 1464 1466 1469
f 1464 1469 1459
f 1464 1459 1458
f 1456 1457 1467
f 1456 1467 1468
f 1456 1468 1462
f 1465 1464 1458
f 1465 1458 1460
f 1465 1460 1462
f 1465 1462 1468
f 1465 1468 1467
f 1465 1467 1466
f 1465 1466 1464
f 1455 1456 1462
f 1455 1462 1463
f 1455 1463 1461
f 1455 1461 1459
f 1455 1459 1469
f 1455 1469 1454
f 1455 1454 1457
f 1455 1457 1456
o hull_76
v 44.185196 30.282608 143.81366
v 120.67198 37.235962 185.53372
v 120.67198 30.282608 185.53372
v 120.67198 37.235962 164.6737
v 120.67198 30.282608 164.6737
v 113.71864 37.235962 192.48709
v 113.71864 30.282608 192.48709
v 99.811966 44.1893 185.53372
v 99.811966 44.1893 164.6737
v 99.811966 37.235962 199.44043
v 99.811966 30.282608 199.44043
v 99.811966 37.235962 143.81366
v 99.811966 30.282608 143.81366
v 85.90526 44.1893 192.48709
v 85.90526 44.1893 150.767
v 78.95192 37.235962 206.39377
v 78.95192 30.282608 206.39377
v 71.99858 44.1893 143.81366
v 65.04524 37.235962 206.39377
v 65.04524 30.282608 206.39377
v 51.138535 44.1893 192.48709
v 51.138535 37.235962 199.44043
v 51.138535 30.282608 199.44043
v 44.185196 51.14264 171.62704
v 51.138535 51.14264 171.62704
v 44.185196 51.14264 150.767
v 51.138535 51.14264 150.767
v 44.185196 44.1893 185.53372
v 44.185196 44.1893 143.81366
v 44.185196 37.235962 192.48709
v 44.185196 30.282608 192.48709
f 1474 1473 1471
f 1474 1471 1472
f 1478 1477 1471
f 1478 1471 1473
f 1478 1496 1494
f 1478 1494 1477
f 1487 1498 1495
f 1487 1495 1496
f 1493 1495 1498
f 1493 1498 1470
f 1493 1470 1500
f 1493 1500 1499
f 1493 1499 1497
f 1493 1494 1496
f 1493 1496 1495
f 1484 1487 1496
f 1484 1496 1478
f 1491 1499 1500
f 1491 1500 1492
f 1489 1488 1491
f 1489 1491 1492
f 1485 1488 1489
f 1485 1489 1486
f 1490 1493 1497
f 1490 1497 1499
f 1490 1499 1491
f 1490 1491 1488
f 1480 1479 1485
f 1480 1485 1486
f 1480 1486 1489
f 1480 1489 1492
f 1480 1492 1500
f 1480 1500 1470
f 1480 1470 1482
f 1480 1482 1474
f 1480 1474 1472
f 1480 1472 1476
f 1475 1476 1472
f 1475 1472 1471
f 1475 1471 1477
f 1475 1479 1480
f 1475 1480 1476
f 1481 1484 1478
f 1481 1478 1473
f 1481 1473 1474
f 1481 1474 1482
f 1481 1482 1470
f 1481 1470 1498
f 1481 1498 1487
f 1481 1487 1484
f 1483 1490 1488
f 1483 1488 1485
f 1483 1485 1479
f 1483 1479 1475
f 1483 1475 1477
f 1483 1477 1494
f 1483 1494 1493
f 1483 1493 1490
o hull_77
v 148.48537 -115.737625 88.18692
v 169.34541 -108.78428 95.14026
v 169.34541 -115.737625 95.14026
v 148.48537 -108.78428 88.18692
v 148.48537 -115.737625 95.14026
v 169.34541 -108.78428 88.18692
v 169.34541 -115.737625 88.18692
v 148.48537 -108.78428 95.14026
f 1504 1501 1505
f 1504 1505 1508
f 1503 1502 1508
f 1503 1508 1505
f 1503 1505 1501
f 1503 1501 1507
f 1506 1502 1503
f 1506 1503 1507
f 1506 1507 1501
f 1506 1501 1504
f 1506 1504 1508
f 1506 1508 1502
o hull_78
v 134.57869 -108.78428 88.18692
v 204.11214 2.4692383 95.14026
v 204.11214 2.4692383 88.18692
v 204.11214 -4.4841156 102.0936
v 204.11214 -32.297485 102.0936
v 204.11214 -53.157516 95.14026
v 204.11214 -53.157516 88.18692
v 197.1588 2.4692383 102.0936
v 197.1588 -4.4841156 109.046936
v 197.1588 -53.157516 109.046936
v 197.1588 -67.06421 102.0936
v 197.1588 -74.01756 95.14026
v 134.57869 -108.78428 102.0936
v 197.1588 -74.01756 88.18692
v 190.20543 -11.437454 116.000275
v 190.20543 -60.11087 116.000275
v 176.29875 2.4692383 102.0936
v 183.25209 -80.9709 116.000275
v 183.25209 -101.83094 95.14026
v 183.25209 -101.83094 88.18692
v 169.34541 2.4692383 95.14026
v 169.34541 2.4692383 88.18692
v 176.29875 -94.877594 116.000275
v 176.29875 -108.78428 95.14026
v 176.29875 -108.78428 88.18692
v 169.34541 -101.83094 116.000275
v 169.34541 -108.78428 102.0936
v 148.48537 -4.4841156 116.000275
v 134.57869 -4.4841156 116.000275
v 134.57869 -4.4841156 88.18692
v 134.57869 -101.83094 116.000275
f 1509 1521 1539
f 1509 1539 1537
f 1509 1537 1538
f 1529 1530 1538
f 1529 1538 1537
f 1525 1529 1537
f 1515 1514 1520
f 1515 1520 1522
f 1516 1525 1537
f 1516 1537 1536
f 1535 1534 1539
f 1535 1539 1521
f 1535 1521 1509
f 1535 1509 1533
f 1535 1533 1532
f 1535 1532 1534
f 1528 1533 1509
f 1528 1509 1538
f 1528 1538 1530
f 1528 1530 1511
f 1528 1511 1515
f 1528 1515 1522
f 1513 1518 1514
f 1519 1520 1514
f 1519 1514 1518
f 1510 1512 1513
f 1510 1513 1514
f 1510 1514 1515
f 1510 1515 1511
f 1510 1511 1530
f 1510 1530 1529
f 1510 1529 1525
f 1510 1525 1516
f 1517 1516 1536
f 1517 1536 1523
f 1517 1523 1524
f 1517 1524 1518
f 1517 1518 1513
f 1517 1513 1512
f 1517 1512 1510
f 1517 1510 1516
f 1527 1528 1522
f 1527 1522 1520
f 1527 1534 1532
f 1527 1532 1533
f 1527 1533 1528
f 1531 1534 1527
f 1531 1527 1520
f 1531 1520 1519
f 1526 1531 1519
f 1526 1519 1518
f 1526 1518 1524
f 1526 1524 1523
f 1526 1523 1536
f 1526 1536 1537
f 1526 1537 1539
f 1526 1539 1534
f 1526 1534 1531
o hull_79
v 134.57869 -101.83094 116.000275
v 169.34541 -87.92424 122.95364
v 169.34541 -94.877594 122.95364
v 169.34541 -87.92424 116.000275
v 169.34541 -94.877594 116.000275
v 162.39207 -87.92424 129.90698
v 162.39207 -101.83094 122.95364
v 162.39207 -101.83094 116.000275
v 134.57869 -87.92424 150.767
v 141.53203 -87.92424 150.767
v 141.53203 -94.877594 150.767
v 134.57869 -94.877594 150.767
v 134.57869 -87.92424 116.000275
v 141.53203 -101.83094 143.81366
v 134.57869 -101.83094 143.81366
f 1547 1544 1542
f 1547 1542 1546
f 1543 1544 1547
f 1543 1547 1540
f 1543 1540 1552
f 1550 1546 1542
f 1545 1550 1542
f 1553 1550 1551
f 1553 1551 1554
f 1553 1554 1540
f 1553 1540 1547
f 1553 1547 1546
f 1553 1546 1550
f 1541 1545 1542
f 1541 1542 1544
f 1541 1544 1543
f 1548 1552 1540
f 1548 1540 1554
f 1548 1554 1551
f 1549 1548 1551
f 1549 1551 1550
f 1549 1550 1545
f 1549 1545 1541
f 1549 1541 1543
f 1549 1543 1552
f 1549 1552 1548
o hull_80
v -122.695076 85.90936 -43.92665
v -74.02167 176.30286 -36.973297
v -74.02167 176.30286 -43.92665
v -74.02167 162.39618 -23.066605
v -74.02167 85.90936 -23.066605
v -74.02167 85.90936 -43.92665
v -122.695076 176.30286 -36.973297
v -122.695076 176.30286 -43.92665
v -122.695076 162.39618 -23.066605
v -122.695076 85.90936 -23.066605
f 1564 1555 1560
f 1564 1560 1559
f 1557 1560 1555
f 1557 1555 1562
f 1563 1564 1559
f 1563 1559 1558
f 1556 1558 1559
f 1556 1559 1560
f 1556 1560 1557
f 1561 1563 1558
f 1561 1558 1556
f 1561 1556 1557
f 1561 1557 1562
f 1561 1562 1555
f 1561 1555 1564
f 1561 1564 1563
o hull_81
v -18.394897 85.90936 -23.066605
v -11.441559 85.90936 -23.066605
v 58.091904 211.06958 -9.159927
v 58.091904 211.06958 -23.066605
v 58.091904 120.67609 -9.159927
v 58.091904 113.72275 -16.113266
v 58.091904 113.72275 -23.066605
v 51.138535 218.02292 -16.113266
v 51.138535 218.02292 -23.066605
v 51.138535 113.72275 -9.159927
v 37.231857 224.97626 -16.113266
v 37.231857 224.97626 -23.066605
v -18.394897 85.90936 -9.159927
v 30.278503 224.97626 -9.159927
v 23.325165 92.86273 -9.159927
v 23.325165 92.86273 -16.113266
v 9.418472 85.90936 -9.159927
v 9.418472 85.90936 -16.113266
v -18.394897 224.97626 -9.159927
v -18.394897 224.97626 -23.066605
f 1584 1565 1577
f 1584 1577 1583
f 1566 1565 1584
f 1566 1584 1576
f 1566 1576 1573
f 1566 1573 1568
f 1566 1568 1571
f 1566 1571 1582
f 1570 1571 1568
f 1570 1568 1567
f 1570 1567 1569
f 1581 1577 1565
f 1581 1565 1566
f 1581 1566 1582
f 1575 1578 1567
f 1575 1576 1584
f 1575 1584 1583
f 1575 1583 1578
f 1580 1582 1571
f 1579 1581 1582
f 1579 1582 1580
f 1579 1580 1571
f 1579 1571 1570
f 1572 1575 1567
f 1572 1567 1568
f 1572 1568 1573
f 1572 1573 1576
f 1572 1576 1575
f 1574 1579 1570
f 1574 1570 1569
f 1574 1569 1567
f 1574 1567 1578
f 1574 1578 1583
f 1574 1583 1577
f 1574 1577 1581
f 1574 1581 1579
o hull_82
v -53.16162 176.30286 11.700119
v 9.418472 218.02292 46.466827
v 16.371826 218.02292 46.466827
v 9.418472 218.02292 39.51349
v 16.371826 218.02292 39.51349
v 16.371826 211.06958 11.700119
v 16.371826 176.30286 46.466827
v 16.371826 176.30286 11.700119
v -18.394897 211.06958 46.466827
v -25.348251 211.06958 18.653458
v -25.348251 211.06958 11.700119
v -39.254944 204.11624 18.653458
v -39.254944 204.11624 11.700119
v -39.254944 197.1629 46.466827
v -46.208282 197.1629 32.56015
v -46.208282 197.1629 11.700119
v -53.16162 190.20953 39.51349
v -53.16162 190.20953 11.700119
v -53.16162 183.2562 46.466827
v -53.16162 176.30286 46.466827
f 1591 1604 1585
f 1591 1585 1592
f 1589 1587 1591
f 1589 1591 1592
f 1589 1592 1590
f 1594 1596 1593
f 1594 1593 1586
f 1599 1593 1596
f 1599 1600 1602
f 1599 1602 1601
f 1598 1593 1599
f 1598 1599 1601
f 1588 1586 1587
f 1588 1587 1589
f 1597 1600 1599
f 1597 1599 1596
f 1603 1598 1601
f 1603 1601 1602
f 1603 1602 1585
f 1603 1585 1604
f 1603 1604 1591
f 1603 1591 1587
f 1603 1587 1586
f 1603 1586 1593
f 1603 1593 1598
f 1595 1597 1596
f 1595 1596 1594
f 1595 1594 1586
f 1595 1586 1588
f 1595 1588 1589
f 1595 1589 1590
f 1595 1590 1592
f 1595 1592 1585
f 1595 1585 1602
f 1595 1602 1600
f 1595 1600 1597
o hull_83
v 16.371826 134.5828 11.700119
v 58.091904 204.11624 46.466827
v 58.091904 204.11624 18.653458
v 58.091904 197.1629 11.700119
v 58.091904 134.5828 46.466827
v 58.091904 134.5828 11.700119
v 51.138535 211.06958 46.466827
v 51.138535 211.06958 39.51349
v 51.138535 204.11624 11.700119
v 37.231857 211.06958 11.700119
v 16.371826 211.06958 46.466827
v 16.371826 211.06958 11.700119
v 16.371826 134.5828 46.466827
f 1609 1617 1605
f 1609 1605 1610
f 1616 1605 1617
f 1616 1617 1615
f 1611 1615 1617
f 1611 1617 1609
f 1611 1609 1606
f 1607 1606 1609
f 1607 1609 1610
f 1607 1610 1608
f 1612 1607 1614
f 1612 1614 1616
f 1612 1616 1615
f 1612 1615 1611
f 1612 1611 1606
f 1612 1606 1607
f 1613 1607 1608
f 1613 1608 1610
f 1613 1610 1605
f 1613 1605 1616
f 1613 1616 1614
f 1613 1614 1607
o hull_84
v 16.371826 134.5828 46.466827
v 58.091904 211.06958 74.28021
v 58.091904 211.06958 46.466827
v 58.091904 204.11624 95.14026
v 58.091904 197.1629 109.046936
v 58.091904 183.2562 122.95364
v 51.138535 169.34952 129.90698
v 58.091904 169.34952 129.90698
v 58.091904 155.44281 129.90698
v 51.138535 155.44281 129.90698
v 58.091904 141.53613 122.95364
v 51.138535 141.53613 122.95364
v 58.091904 134.5828 116.000275
v 51.138535 134.5828 116.000275
v 58.091904 134.5828 46.466827
v 51.138535 211.06958 81.23355
v 37.231857 183.2562 122.95364
v 37.231857 211.06958 88.18692
v 37.231857 204.11624 102.0936
v 30.278503 218.02292 60.373535
v 30.278503 218.02292 53.420197
v 16.371826 218.02292 67.32687
v 23.325165 218.02292 67.32687
v 16.371826 218.02292 46.466827
v 23.325165 218.02292 46.466827
v 16.371826 211.06958 88.18692
v 16.371826 204.11624 102.0936
v 16.371826 197.1629 109.046936
v 16.371826 190.20953 116.000275
v 16.371826 148.48947 116.000275
v 16.371826 134.5828 109.046936
f 1627 1647 1648
f 1629 1627 1648
f 1631 1629 1648
f 1631 1648 1618
f 1631 1618 1632
f 1631 1632 1630
f 1628 1626 1627
f 1628 1627 1629
f 1628 1629 1631
f 1628 1631 1630
f 1634 1645 1646
f 1619 1621 1622
f 1619 1622 1623
f 1619 1623 1625
f 1619 1625 1626
f 1619 1626 1628
f 1619 1628 1630
f 1619 1630 1632
f 1619 1632 1620
f 1619 1633 1621
f 1642 1620 1632
f 1642 1632 1618
f 1642 1618 1641
f 1624 1634 1646
f 1624 1646 1647
f 1624 1647 1627
f 1624 1627 1626
f 1624 1626 1625
f 1624 1625 1623
f 1624 1623 1634
f 1638 1637 1619
f 1638 1619 1620
f 1638 1620 1642
f 1644 1643 1639
f 1644 1639 1641
f 1644 1641 1618
f 1644 1618 1648
f 1644 1648 1647
f 1644 1647 1646
f 1644 1646 1645
f 1644 1645 1634
f 1644 1634 1623
f 1644 1623 1622
f 1644 1622 1636
f 1635 1643 1644
f 1635 1644 1636
f 1635 1636 1622
f 1635 1622 1621
f 1635 1621 1633
f 1640 1635 1633
f 1640 1633 1619
f 1640 1619 1637
f 1640 1637 1638
f 1640 1638 1642
f 1640 1642 1641
f 1640 1641 1639
f 1640 1639 1643
f 1640 1643 1635
o hull_85
o hull_86
v 85.90526 162.39618 -2.2065735
v 155.4387 169.34952 32.56015
v 155.4387 162.39618 32.56015
v 155.4387 169.34952 -2.2065735
v 155.4387 162.39618 -2.2065735
v 148.48537 176.30286 32.56015
v 148.48537 162.39618 32.56015
v 141.53203 183.2562 32.56015
v 134.57869 190.20953 18.653458
v 134.57869 190.20953 -2.2065735
v 120.67198 197.1629 32.56015
v 120.67198 197.1629 -2.2065735
v 99.811966 204.11624 18.653458
v 99.811966 204.11624 -2.2065735
v 85.90526 204.11624 32.56015
v 92.85863 204.11624 32.56015
v 85.90526 204.11624 -2.2065735
v 92.85863 162.39618 32.56015
v 85.90526 162.39618 32.56015
f 1663 1665 1649
f 1663 1649 1667
f 1653 1651 1667
f 1653 1667 1649
f 1661 1662 1665
f 1661 1665 1663
f 1661 1663 1664
f 1661 1664 1659
f 1656 1659 1664
f 1656 1664 1663
f 1656 1663 1667
f 1656 1667 1651
f 1656 1651 1650
f 1660 1662 1661
f 1660 1661 1659
f 1652 1650 1651
f 1652 1651 1653
f 1652 1653 1649
f 1652 1649 1665
f 1652 1665 1662
f 1652 1662 1660
f 1652 1660 1658
f 1652 1658 1654
f 1652 1656 1650
f 1657 1656 1654
f 1657 1654 1658
f 1657 1658 1660
f 1657 1660 1659
f 1657 1659 1656
f 1666 1656 1652
f 1655 1666 1652
f 1655 1652 1654
f 1655 1654 1656
f 1655 1656 1666
o hull_87
o hull_88
v -74.02167 -129.64432 -169.08685
v -11.441559 -122.69097 -162.13351
v -11.441559 -122.69097 -189.94688
v -74.02167 -122.69097 -169.08685
v -74.02167 -129.64432 -162.13351
v -11.441559 -129.64432 -189.94688
v -11.441559 -143.551 -162.13351
v -74.02167 -122.69097 -162.13351
v -11.441559 -143.551 -176.04019
v -25.348251 -122.69097 -189.94688
v -25.348251 -129.64432 -189.94688
v -39.254944 -143.551 -176.04019
v -53.16162 -122.69097 -182.99355
v -53.16162 -129.64432 -182.99355
v -60.114975 -136.59766 -176.04019
v -60.114975 -143.551 -162.13351
v -67.06831 -129.64432 -176.04019
v -60.114975 -143.551 -169.08685
v -67.06831 -122.69097 -176.04019
f 1670 1669 1674
f 1670 1674 1676
f 1670 1676 1673
f 1672 1683 1674
f 1672 1674 1669
f 1672 1669 1675
f 1679 1678 1673
f 1679 1673 1676
f 1679 1676 1674
f 1679 1674 1683
f 1679 1683 1685
f 1681 1678 1679
f 1677 1670 1673
f 1677 1673 1678
f 1677 1678 1681
f 1677 1681 1680
f 1668 1685 1683
f 1668 1683 1672
f 1682 1681 1679
f 1682 1679 1685
f 1682 1685 1668
f 1671 1668 1672
f 1671 1672 1675
f 1686 1671 1675
f 1686 1675 1669
f 1686 1669 1670
f 1686 1670 1677
f 1686 1677 1680
f 1684 1686 1680
f 1684 1680 1681
f 1684 1681 1682
f 1684 1682 1668
f 1684 1668 1671
f 1684 1671 1686
o hull_89
v -32.30159 -87.92424 -203.85358
v -11.441559 -25.344147 -162.13351
v -11.441559 -25.344147 -176.04019
v -11.441559 -32.297485 -182.99355
v -11.441559 -53.157516 -196.90024
v -11.441559 -67.06421 -203.85358
v -11.441559 -87.92424 -162.13351
v -11.441559 -87.92424 -203.85358
v -32.30159 -25.344147 -162.13351
v -32.30159 -25.344147 -196.90024
v -25.348251 -25.344147 -196.90024
v -32.30159 -46.204178 -203.85358
v -25.348251 -46.204178 -203.85358
v -32.30159 -87.92424 -162.13351
f 1687 1694 1693
f 1687 1693 1700
f 1688 1695 1700
f 1688 1700 1693
f 1698 1699 1692
f 1698 1692 1694
f 1698 1694 1687
f 1696 1698 1687
f 1696 1687 1700
f 1696 1700 1695
f 1697 1696 1695
f 1697 1695 1688
f 1697 1688 1689
f 1697 1691 1692
f 1697 1692 1699
f 1697 1699 1698
f 1697 1698 1696
f 1690 1697 1689
f 1690 1689 1688
f 1690 1688 1693
f 1690 1693 1694
f 1690 1694 1692
f 1690 1692 1691
f 1690 1691 1697
o hull_90
v -122.695076 -25.344147 -189.94688
v -101.835045 58.09601 -162.13351
v -108.78838 58.09601 -182.99355
v -101.835045 58.09601 -182.99355
v -108.78838 44.1893 -196.90024
v -101.835045 44.1893 -196.90024
v -101.835045 -25.344147 -162.13351
v -101.835045 -25.344147 -196.90024
v -115.74173 51.14264 -189.94688
v -115.74173 37.235962 -196.90024
v -115.74173 -25.344147 -196.90024
v -122.695076 58.09601 -162.13351
v -122.695076 58.09601 -176.04019
v -122.695076 44.1893 -189.94688
v -122.695076 -25.344147 -162.13351
f 1712 1715 1707
f 1712 1707 1702
f 1701 1711 1708
f 1701 1708 1707
f 1701 1707 1715
f 1704 1702 1707
f 1704 1707 1708
f 1704 1708 1706
f 1714 1701 1715
f 1714 1715 1712
f 1714 1712 1713
f 1710 1711 1701
f 1710 1701 1714
f 1709 1714 1713
f 1709 1710 1714
f 1703 1709 1713
f 1703 1713 1712
f 1703 1712 1702
f 1703 1702 1704
f 1705 1709 1703
f 1705 1703 1704
f 1705 1704 1706
f 1705 1706 1708
f 1705 1708 1711
f 1705 1711 1710
f 1705 1710 1709
o hull_91
v -101.835045 -25.344147 -203.85358
v -53.16162 51.14264 -162.13351
v -53.16162 51.14264 -189.94688
v -53.16162 44.1893 -210.80692
v -60.114975 37.235962 -217.76027
v -53.16162 37.235962 -217.76027
v -53.16162 -25.344147 -162.13351
v -53.16162 -25.344147 -217.76027
v -60.114975 51.14264 -196.90024
v -67.06831 44.1893 -210.80692
v -67.06831 -25.344147 -217.76027
v -67.06831 58.09601 -162.13351
v -67.06831 58.09601 -176.04019
v -74.02167 23.32927 -217.76027
v -74.02167 -18.390793 -217.76027
v -74.02167 58.09601 -182.99355
v -87.928345 -25.344147 -210.80692
v -94.8817 58.09601 -189.94688
v -87.928345 58.09601 -189.94688
v -94.8817 44.1893 -203.85358
v -101.835045 58.09601 -162.13351
v -101.835045 58.09601 -182.99355
v -101.835045 51.14264 -196.90024
v -101.835045 37.235962 -203.85358
v -101.835045 -25.344147 -162.13351
f 1729 1730 1716
f 1729 1716 1739
f 1729 1739 1720
f 1729 1720 1721
f 1729 1721 1723
f 1729 1723 1726
f 1729 1726 1730
f 1727 1736 1740
f 1727 1740 1722
f 1727 1722 1717
f 1735 1720 1739
f 1732 1726 1723
f 1732 1723 1722
f 1732 1722 1740
f 1732 1740 1716
f 1732 1716 1730
f 1732 1730 1726
f 1738 1737 1733
f 1738 1733 1725
f 1738 1725 1720
f 1738 1720 1735
f 1738 1735 1739
f 1738 1739 1716
f 1738 1716 1740
f 1738 1740 1736
f 1738 1736 1737
f 1719 1718 1717
f 1719 1717 1722
f 1719 1722 1723
f 1719 1723 1721
f 1719 1721 1720
f 1719 1720 1725
f 1724 1731 1718
f 1724 1718 1719
f 1728 1727 1717
f 1728 1717 1718
f 1728 1718 1731
f 1734 1724 1719
f 1734 1719 1725
f 1734 1725 1733
f 1734 1733 1737
f 1734 1737 1736
f 1734 1736 1727
f 1734 1727 1728
f 1734 1728 1731
f 1734 1731 1724
o hull_92
v -53.16162 -25.344147 -217.76027
v -25.348251 -18.390793 -182.99355
v -25.348251 -25.344147 -182.99355
v -53.16162 -18.390793 -217.76027
v -25.348251 -18.390793 -203.85358
v -25.348251 -25.344147 -203.85358
v -32.30159 -18.390793 -217.76027
v -32.30159 -25.344147 -217.76027
v -53.16162 -18.390793 -182.99355
v -53.16162 -25.344147 -182.99355
f 1744 1747 1748
f 1744 1748 1741
f 1744 1741 1750
f 1744 1750 1749
f 1742 1749 1750
f 1742 1750 1743
f 1745 1747 1744
f 1745 1744 1749
f 1745 1749 1742
f 1746 1745 1742
f 1746 1742 1743
f 1746 1743 1750
f 1746 1750 1741
f 1746 1741 1748
f 1746 1748 1747
f 1746 1747 1745
o hull_93
v -53.16162 -18.390793 -217.76027
v -18.394897 58.09601 -189.94688
v -11.441559 58.09601 -189.94688
v -18.394897 58.09601 -217.76027
v -11.441559 58.09601 -217.76027
v -11.441559 51.14264 -182.99355
v -18.394897 51.14264 -224.71361
v -11.441559 51.14264 -224.71361
v -11.441559 2.4692383 -182.99355
v -11.441559 2.4692383 -224.71361
v -11.441559 -4.4841156 -196.90024
v -11.441559 -4.4841156 -217.76027
v -25.348251 58.09601 -196.90024
v -25.348251 58.09601 -210.80692
v -25.348251 51.14264 -182.99355
v -18.394897 -4.4841156 -224.71361
v -18.394897 -11.437454 -217.76027
v -32.30159 44.1893 -224.71361
v -25.348251 -18.390793 -182.99355
v -25.348251 -18.390793 -210.80692
v -32.30159 -18.390793 -217.76027
v -46.208282 51.14264 -217.76027
v -46.208282 30.282608 -224.71361
v -39.254944 -11.437454 -224.71361
v -46.208282 -11.437454 -224.71361
v -53.16162 51.14264 -189.94688
v -53.16162 51.14264 -210.80692
v -53.16162 44.1893 -182.99355
v -53.16162 44.1893 -217.76027
v -53.16162 -18.390793 -182.99355
f 1777 1779 1751
f 1777 1751 1780
f 1777 1780 1778
f 1777 1778 1776
f 1765 1756 1753
f 1765 1753 1752
f 1765 1752 1776
f 1765 1776 1778
f 1772 1779 1777
f 1772 1777 1764
f 1773 1775 1751
f 1773 1751 1779
f 1773 1779 1772
f 1769 1761 1759
f 1769 1759 1756
f 1769 1756 1765
f 1769 1765 1778
f 1769 1778 1780
f 1763 1764 1777
f 1763 1777 1776
f 1763 1776 1752
f 1754 1772 1764
f 1754 1764 1763
f 1754 1763 1752
f 1754 1752 1753
f 1754 1753 1755
f 1754 1757 1772
f 1758 1757 1754
f 1758 1754 1755
f 1768 1773 1772
f 1768 1772 1757
f 1767 1761 1769
f 1767 1769 1770
f 1762 1760 1758
f 1762 1758 1755
f 1762 1755 1753
f 1762 1753 1756
f 1762 1756 1759
f 1762 1759 1761
f 1762 1761 1767
f 1771 1767 1770
f 1771 1770 1769
f 1771 1769 1780
f 1771 1780 1751
f 1771 1751 1775
f 1771 1775 1774
f 1766 1767 1771
f 1766 1771 1774
f 1766 1774 1775
f 1766 1775 1773
f 1766 1773 1768
f 1766 1768 1757
f 1766 1757 1758
f 1766 1758 1760
f 1766 1760 1762
f 1766 1762 1767
o hull_94
v -11.441559 -150.50435 -169.08685
v 16.371826 -115.737625 -162.13351
v 16.371826 -115.737625 -176.04019
v 16.371826 -143.551 -176.04019
v -11.441559 -150.50435 -162.13351
v 16.371826 -150.50435 -162.13351
v 16.371826 -150.50435 -169.08685
v -11.441559 -115.737625 -162.13351
v -11.441559 -143.551 -176.04019
v -11.441559 -115.737625 -176.04019
f 1786 1782 1788
f 1786 1788 1785
f 1781 1787 1786
f 1781 1786 1785
f 1790 1788 1782
f 1790 1782 1783
f 1790 1789 1781
f 1790 1781 1785
f 1790 1785 1788
f 1784 1783 1782
f 1784 1782 1786
f 1784 1786 1787
f 1784 1787 1781
f 1784 1781 1789
f 1784 1789 1790
f 1784 1790 1783
o hull_95
v 16.371826 -46.204178 -189.94688
v 51.138535 -4.4841156 -182.99355
v 51.138535 -4.4841156 -224.71361
v 16.371826 -39.25084 -189.94688
v 16.371826 -46.204178 -182.99355
v 51.138535 -11.437454 -224.71361
v 51.138535 -39.25084 -217.76027
v 16.371826 -39.25084 -182.99355
v 23.325165 -46.204178 -203.85358
v 44.185196 -39.25084 -217.76027
v 51.138535 -46.204178 -182.99355
v 51.138535 -46.204178 -210.80692
v 37.231857 -4.4841156 -224.71361
v 37.231857 -11.437454 -224.71361
v 30.278503 -4.4841156 -182.99355
v 30.278503 -46.204178 -210.80692
v 23.325165 -4.4841156 -196.90024
v 23.325165 -4.4841156 -217.76027
v 23.325165 -11.437454 -217.76027
f 1798 1795 1801
f 1798 1801 1792
f 1798 1792 1805
f 1798 1805 1807
f 1791 1799 1806
f 1791 1806 1802
f 1791 1802 1801
f 1791 1801 1795
f 1809 1799 1791
f 1809 1804 1806
f 1809 1806 1799
f 1803 1804 1809
f 1803 1809 1808
f 1803 1808 1807
f 1803 1807 1805
f 1803 1805 1792
f 1803 1792 1793
f 1794 1791 1795
f 1794 1795 1798
f 1794 1798 1807
f 1794 1807 1808
f 1794 1808 1809
f 1794 1809 1791
f 1796 1804 1803
f 1796 1803 1793
f 1796 1793 1792
f 1796 1792 1801
f 1796 1801 1802
f 1796 1802 1797
f 1800 1797 1802
f 1800 1802 1806
f 1800 1806 1804
f 1800 1804 1796
f 1800 1796 1797
o hull_96
v 16.371826 -46.204178 -182.99355
v 51.138535 -4.4841156 -162.13351
v 51.138535 -4.4841156 -182.99355
v 51.138535 -46.204178 -162.13351
v 51.138535 -46.204178 -182.99355
v 37.231857 -4.4841156 -162.13351
v 30.278503 -4.4841156 -169.08685
v 30.278503 -4.4841156 -182.99355
v 16.371826 -18.390793 -162.13351
v 16.371826 -18.390793 -169.08685
v 16.371826 -32.297485 -182.99355
v 16.371826 -46.204178 -162.13351
f 1810 1814 1813
f 1810 1813 1821
f 1811 1813 1814
f 1811 1814 1812
f 1820 1817 1812
f 1820 1812 1814
f 1820 1814 1810
f 1819 1818 1816
f 1819 1816 1817
f 1819 1817 1820
f 1819 1820 1810
f 1819 1810 1821
f 1819 1821 1818
f 1815 1816 1818
f 1815 1818 1821
f 1815 1821 1813
f 1815 1813 1811
f 1815 1811 1812
f 1815 1812 1817
f 1815 1817 1816
o hull_97
v -18.394897 -136.59766 -162.13351
v 51.138535 -115.737625 -127.36678
v 51.138535 -115.737625 -162.13351
v 51.138535 -129.64432 -127.36678
v 51.138535 -136.59766 -134.32013
v 51.138535 -136.59766 -162.13351
v 37.231857 -115.737625 -113.46009
v 37.231857 -122.69097 -113.46009
v 30.278503 -136.59766 -113.46009
v 23.325165 -115.737625 -106.50675
v 23.325165 -122.69097 -106.50675
v 2.4651337 -115.737625 -99.553406
v 2.4651337 -122.69097 -99.553406
v -18.394897 -115.737625 -99.553406
v -18.394897 -115.737625 -162.13351
v -11.441559 -136.59766 -99.553406
v -18.394897 -136.59766 -99.553406
f 1836 1822 1838
f 1836 1838 1835
f 1824 1827 1822
f 1824 1822 1836
f 1837 1838 1822
f 1837 1822 1827
f 1837 1827 1826
f 1837 1826 1830
f 1837 1830 1834
f 1832 1834 1830
f 1832 1830 1829
f 1833 1835 1838
f 1833 1838 1837
f 1833 1837 1834
f 1831 1833 1834
f 1831 1834 1832
f 1831 1832 1829
f 1831 1829 1828
f 1831 1828 1823
f 1831 1823 1824
f 1831 1824 1836
f 1831 1836 1835
f 1831 1835 1833
f 1825 1823 1828
f 1825 1828 1829
f 1825 1829 1830
f 1825 1830 1826
f 1825 1826 1827
f 1825 1827 1824
f 1825 1824 1823
o hull_98
v -74.02167 -115.737625 -162.13351
v 9.418472 30.282608 -78.693375
v 9.418472 30.282608 -92.60005
v 9.418472 16.37593 -127.36678
v 9.418472 9.422577 -141.27347
v 9.418472 -11.437454 -162.13351
v 9.418472 -94.877594 -78.693375
v 9.418472 -115.737625 -99.553406
v 9.418472 -115.737625 -162.13351
v -4.48822 23.32927 -141.27347
v -11.441559 16.37593 -162.13351
v -25.348251 30.282608 -162.13351
v -32.30159 -115.737625 -78.693375
v -53.16162 30.282608 -78.693375
v -60.114975 16.37593 -78.693375
v -74.02167 30.282608 -99.553406
v -74.02167 30.282608 -162.13351
v -74.02167 -25.344147 -78.693375
v -74.02167 -115.737625 -78.693375
f 1851 1846 1845
f 1851 1857 1839
f 1851 1839 1847
f 1851 1847 1846
f 1856 1854 1855
f 1856 1855 1839
f 1856 1839 1857
f 1850 1855 1854
f 1850 1854 1852
f 1850 1852 1840
f 1850 1840 1841
f 1853 1856 1857
f 1853 1857 1851
f 1853 1851 1845
f 1853 1845 1840
f 1853 1840 1852
f 1853 1852 1854
f 1853 1854 1856
f 1848 1850 1841
f 1849 1843 1844
f 1849 1844 1847
f 1849 1847 1839
f 1849 1839 1855
f 1849 1855 1850
f 1849 1850 1848
f 1849 1848 1843
f 1842 1848 1841
f 1842 1841 1840
f 1842 1840 1845
f 1842 1845 1846
f 1842 1846 1847
f 1842 1847 1844
f 1842 1844 1843
f 1842 1843 1848
o hull_99
v -60.114975 30.282608 -162.13351
v -32.30159 37.235962 -141.27347
v -32.30159 30.282608 -141.27347
v -32.30159 37.235962 -162.13351
v -32.30159 30.282608 -162.13351
v -39.254944 44.1893 -141.27347
v -39.254944 44.1893 -162.13351
v -60.114975 51.14264 -141.27347
v -53.16162 51.14264 -141.27347
v -60.114975 51.14264 -162.13351
v -53.16162 51.14264 -162.13351
v -60.114975 30.282608 -141.27347
f 1865 1867 1858
f 1865 1858 1869
f 1860 1869 1858
f 1860 1858 1862
f 1868 1867 1865
f 1868 1865 1866
f 1868 1866 1863
f 1868 1863 1864
f 1861 1862 1858
f 1861 1858 1867
f 1861 1867 1868
f 1861 1868 1864
f 1859 1860 1862
f 1859 1862 1861
f 1859 1861 1864
f 1859 1864 1863
f 1859 1863 1866
f 1859 1866 1865
f 1859 1865 1869
f 1859 1869 1860
o hull_100
v -60.114975 30.282608 -141.27347
v -32.30159 37.235962 -106.50675
v -32.30159 30.282608 -106.50675
v -32.30159 37.235962 -141.27347
v -32.30159 30.282608 -141.27347
v -39.254944 65.04935 -99.553406
v -39.254944 65.04935 -113.46009
v -39.254944 51.14264 -99.553406
v -46.208282 65.04935 -127.36678
v -60.114975 65.04935 -99.553406
v -60.114975 65.04935 -134.32013
v -53.16162 65.04935 -134.32013
v -60.114975 58.09601 -141.27347
v -53.16162 58.09601 -141.27347
v -53.16162 37.235962 -99.553406
v -60.114975 37.235962 -99.553406
v -60.114975 30.282608 -106.50675
f 1885 1879 1880
f 1885 1880 1882
f 1885 1882 1870
f 1885 1870 1886
f 1872 1886 1870
f 1872 1870 1874
f 1873 1874 1870
f 1873 1870 1882
f 1873 1882 1883
f 1881 1873 1883
f 1881 1883 1882
f 1881 1882 1880
f 1884 1872 1877
f 1884 1877 1875
f 1884 1875 1879
f 1884 1879 1885
f 1884 1885 1886
f 1884 1886 1872
f 1871 1873 1876
f 1871 1876 1875
f 1871 1875 1877
f 1871 1877 1872
f 1871 1872 1874
f 1871 1874 1873
f 1878 1881 1880
f 1878 1880 1879
f 1878 1879 1875
f 1878 1875 1876
f 1878 1876 1873
f 1878 1873 1881
o hull_101
v -67.06831 37.235962 -99.553406
v -4.48822 44.1893 -78.693375
v -4.48822 44.1893 -85.64671
v -4.48822 30.282608 -78.693375
v -4.48822 37.235962 -92.60005
v -4.48822 30.282608 -92.60005
v -11.441559 37.235962 -99.553406
v -11.441559 30.282608 -99.553406
v -18.394897 65.04935 -78.693375
v -18.394897 65.04935 -85.64671
v -32.30159 65.04935 -99.553406
v -46.208282 30.282608 -99.553406
v -60.114975 30.282608 -78.693375
v -60.114975 30.282608 -85.64671
v -67.06831 65.04935 -78.693375
v -67.06831 65.04935 -99.553406
v -67.06831 37.235962 -78.693375
f 1887 1903 1901
f 1887 1901 1902
f 1888 1895 1901
f 1888 1901 1903
f 1888 1903 1899
f 1888 1899 1890
f 1897 1902 1901
f 1897 1901 1895
f 1897 1895 1896
f 1900 1887 1898
f 1900 1899 1903
f 1900 1903 1887
f 1892 1890 1899
f 1892 1899 1900
f 1892 1900 1898
f 1892 1898 1894
f 1893 1897 1896
f 1893 1894 1898
f 1893 1898 1887
f 1893 1887 1902
f 1893 1902 1897
f 1889 1896 1895
f 1889 1895 1888
f 1891 1889 1888
f 1891 1888 1890
f 1891 1890 1892
f 1891 1892 1894
f 1891 1894 1893
f 1891 1893 1896
f 1891 1896 1889
o hull_102
v -4.48822 30.282608 -85.64671
v 9.418472 37.235962 -78.693375
v 9.418472 30.282608 -78.693375
v -4.48822 37.235962 -85.64671
v -4.48822 30.282608 -78.693375
v 9.418472 37.235962 -85.64671
v 9.418472 30.282608 -85.64671
v -4.48822 37.235962 -78.693375
f 1906 1908 1904
f 1906 1904 1910
f 1907 1909 1910
f 1907 1910 1904
f 1905 1906 1910
f 1905 1910 1909
f 1911 1907 1904
f 1911 1904 1908
f 1911 1908 1906
f 1911 1906 1905
f 1911 1905 1909
f 1911 1909 1907
o hull_103
v 51.138535 -115.737625 -189.94688
v 85.90526 -46.204178 -182.99355
v 85.90526 -46.204178 -203.85358
v 85.90526 -74.01756 -203.85358
v 51.138535 -115.737625 -182.99355
v 85.90526 -101.83094 -182.99355
v 85.90526 -101.83094 -189.94688
v 78.95192 -46.204178 -210.80692
v 51.138535 -108.78428 -196.90024
v 58.091904 -108.78428 -196.90024
v 78.95192 -60.11087 -210.80692
v 78.95192 -80.9709 -203.85358
v 78.95192 -108.78428 -182.99355
v 78.95192 -108.78428 -189.94688
v 71.99858 -101.83094 -196.90024
v 65.04524 -74.01756 -210.80692
v 65.04524 -115.737625 -182.99355
v 65.04524 -115.737625 -189.94688
v 51.138535 -46.204178 -182.99355
v 51.138535 -46.204178 -210.80692
v 51.138535 -74.01756 -210.80692
v 58.091904 -94.877594 -203.85358
v 51.138535 -94.877594 -203.85358
f 1912 1920 1921
f 1912 1921 1929
f 1912 1929 1928
f 1912 1928 1916
f 1922 1927 1932
f 1922 1932 1931
f 1922 1931 1919
f 1914 1919 1931
f 1914 1931 1930
f 1914 1930 1913
f 1934 1933 1921
f 1934 1921 1920
f 1934 1920 1912
f 1934 1912 1916
f 1934 1916 1930
f 1934 1930 1931
f 1934 1931 1932
f 1934 1932 1927
f 1934 1927 1933
f 1915 1922 1919
f 1915 1919 1914
f 1915 1914 1913
f 1915 1913 1917
f 1915 1917 1918
f 1915 1927 1922
f 1924 1925 1918
f 1924 1918 1917
f 1924 1917 1913
f 1924 1913 1930
f 1924 1930 1916
f 1924 1916 1928
f 1924 1928 1929
f 1924 1929 1925
f 1926 1915 1918
f 1926 1918 1925
f 1926 1925 1929
f 1926 1929 1921
f 1926 1921 1933
f 1926 1933 1927
f 1923 1926 1927
f 1923 1927 1915
f 1923 1915 1926
o hull_104
v 106.765305 23.32927 -196.90024
v 183.25209 51.14264 -127.36678
v 183.25209 51.14264 -134.32013
v 183.25209 37.235962 -141.27347
v 183.25209 23.32927 -127.36678
v 183.25209 23.32927 -141.27347
v 176.29875 44.1893 -148.2268
v 162.39207 51.14264 -162.13351
v 148.48537 44.1893 -176.04019
v 141.53203 37.235962 -182.99355
v 141.53203 23.32927 -182.99355
v 134.57869 51.14264 -182.99355
v 127.62535 44.1893 -189.94688
v 113.71864 51.14264 -127.36678
v 120.67198 51.14264 -189.94688
v 120.67198 30.282608 -196.90024
v 120.67198 23.32927 -196.90024
v 106.765305 51.14264 -134.32013
v 106.765305 51.14264 -189.94688
v 106.765305 44.1893 -127.36678
v 106.765305 44.1893 -196.90024
v 113.71864 44.1893 -196.90024
v 106.765305 23.32927 -127.36678
f 1954 1957 1939
f 1954 1939 1936
f 1954 1936 1948
f 1954 1948 1952
f 1951 1945 1940
f 1951 1940 1939
f 1951 1939 1957
f 1951 1957 1935
f 1955 1935 1957
f 1955 1957 1954
f 1955 1954 1952
f 1955 1952 1953
f 1950 1951 1935
f 1950 1935 1955
f 1950 1955 1956
f 1950 1944 1945
f 1950 1945 1951
f 1947 1944 1950
f 1947 1950 1956
f 1946 1943 1944
f 1946 1944 1947
f 1946 1947 1956
f 1949 1946 1956
f 1949 1956 1955
f 1949 1955 1953
f 1942 1941 1938
f 1942 1938 1940
f 1942 1940 1945
f 1942 1945 1944
f 1942 1944 1943
f 1942 1943 1946
f 1937 1942 1946
f 1937 1946 1949
f 1937 1949 1953
f 1937 1953 1952
f 1937 1952 1948
f 1937 1948 1936
f 1937 1936 1939
f 1937 1939 1940
f 1937 1940 1938
f 1937 1938 1941
f 1937 1941 1942
o hull_105
o hull_106
v 99.811966 -122.69097 -85.64671
v 162.39207 -67.06421 -78.693375
v 162.39207 -67.06421 -127.36678
v 162.39207 -108.78428 -127.36678
v 99.811966 -122.69097 -78.693375
v 162.39207 -129.64432 -78.693375
v 162.39207 -129.64432 -106.50675
v 141.53203 -129.64432 -127.36678
v 99.811966 -115.737625 -127.36678
v 113.71864 -129.64432 -127.36678
v 106.765305 -129.64432 -78.693375
v 106.765305 -129.64432 -92.60005
v 99.811966 -67.06421 -78.693375
v 99.811966 -67.06421 -127.36678
f 1970 1962 1968
f 1970 1968 1963
f 1970 1963 1959
f 1970 1959 1960
f 1970 1960 1971
f 1965 1967 1966
f 1965 1966 1971
f 1965 1971 1960
f 1965 1960 1961
f 1969 1966 1967
f 1964 1965 1961
f 1964 1961 1960
f 1964 1960 1959
f 1964 1959 1963
f 1964 1963 1968
f 1964 1968 1969
f 1964 1969 1967
f 1964 1967 1965
f 1958 1969 1968
f 1958 1968 1962
f 1958 1962 1970
f 1958 1970 1971
f 1958 1971 1966
f 1958 1966 1969
o hull_107
v 162.39207 -129.64432 -85.64671
v 169.34541 -129.64432 -85.64671
v 183.25209 -67.06421 -85.64671
v 183.25209 -74.01756 -85.64671
v 162.39207 -129.64432 -78.693375
v 169.34541 -129.64432 -78.693375
v 183.25209 -67.06421 -120.41344
v 183.25209 -74.01756 -120.41344
v 162.39207 -122.69097 -99.553406
v 169.34541 -122.69097 -99.553406
v 183.25209 -80.9709 -99.553406
v 183.25209 -80.9709 -106.50675
v 176.29875 -67.06421 -78.693375
v 176.29875 -67.06421 -127.36678
v 176.29875 -80.9709 -127.36678
v 176.29875 -94.877594 -120.41344
v 176.29875 -108.78428 -78.693375
v 176.29875 -108.78428 -106.50675
v 162.39207 -67.06421 -78.693375
v 162.39207 -67.06421 -127.36678
v 169.34541 -94.877594 -127.36678
v 162.39207 -94.877594 -127.36678
f 1992 1993 1991
f 1992 1991 1985
f 1992 1985 1986
f 1984 1988 1975
f 1984 1975 1974
f 1984 1990 1976
f 1984 1976 1977
f 1984 1977 1988
f 1972 1976 1990
f 1972 1990 1991
f 1972 1991 1993
f 1972 1993 1980
f 1981 1980 1993
f 1981 1993 1992
f 1987 1992 1986
f 1987 1986 1979
f 1987 1979 1989
f 1987 1989 1981
f 1987 1981 1992
f 1978 1979 1986
f 1978 1986 1985
f 1978 1985 1991
f 1978 1991 1990
f 1978 1990 1984
f 1978 1984 1974
f 1983 1989 1979
f 1973 1981 1989
f 1973 1989 1988
f 1973 1988 1977
f 1973 1977 1976
f 1973 1976 1972
f 1973 1972 1980
f 1973 1980 1981
f 1982 1983 1979
f 1982 1979 1978
f 1982 1978 1974
f 1982 1974 1975
f 1982 1975 1988
f 1982 1988 1989
f 1982 1989 1983
o hull_108
v -60.114975 -213.08446 32.56015
v 2.4651337 -164.41104 53.420197
v 2.4651337 -164.41104 11.700119
v -4.48822 -192.22443 -2.2065735
v 2.4651337 -192.22443 -2.2065735
v 2.4651337 -213.08446 53.420197
v 2.4651337 -220.0378 46.466827
v 2.4651337 -220.0378 -2.2065735
v -4.48822 -220.0378 -2.2065735
v -11.441559 -164.41104 11.700119
v -11.441559 -199.17776 -2.2065735
v -11.441559 -213.08446 -2.2065735
v -60.114975 -213.08446 46.466827
v -18.394897 -220.0378 4.746765
v -25.348251 -199.17776 4.746765
v -25.348251 -213.08446 4.746765
v -60.114975 -206.1311 25.606796
v -25.348251 -220.0378 46.466827
v -32.30159 -220.0378 39.51349
v -32.30159 -220.0378 18.653458
v -53.16162 -213.08446 53.420197
v -53.16162 -213.08446 25.606796
v -60.114975 -164.41104 53.420197
v -60.114975 -164.41104 32.56015
v -60.114975 -171.36438 25.606796
v -60.114975 -206.1311 53.420197
f 2003 2018 2017
f 2003 2017 2016
f 2003 2016 1995
f 2003 1995 1996
f 2008 2018 2004
f 2019 2014 1999
f 2019 1999 1995
f 2019 1995 2016
f 2000 2001 1998
f 2000 1998 1996
f 2000 1996 1995
f 2000 1995 1999
f 2000 1999 2014
f 2000 2014 2011
f 1997 2004 2018
f 1997 2018 2003
f 1997 2003 1996
f 1997 1996 1998
f 2012 2011 2014
f 2006 1994 2013
f 2006 2013 2012
f 2006 2012 2014
f 2006 2014 2019
f 2006 2019 2016
f 2006 2016 2017
f 2006 2017 2018
f 2006 2018 2010
f 2006 2010 1994
f 2015 1994 2010
f 2015 2007 2013
f 2015 2013 1994
f 2009 2007 2015
f 2009 2015 2010
f 2009 2010 2018
f 2009 2018 2008
f 2009 2008 2004
f 2009 2004 2005
f 2002 2005 2004
f 2002 2004 1997
f 2002 1997 1998
f 2002 1998 2001
f 2002 2001 2000
f 2002 2000 2011
f 2002 2011 2012
f 2002 2012 2013
f 2002 2013 2007
f 2002 2007 2009
f 2002 2009 2005
o hull_109
v -60.114975 -164.41104 39.51349
v 2.4651337 -150.50435 53.420197
v -4.48822 -150.50435 4.746765
v -60.114975 -157.4577 39.51349
v 2.4651337 -150.50435 4.746765
v 2.4651337 -157.4577 4.746765
v -4.48822 -157.4577 4.746765
v 2.4651337 -164.41104 53.420197
v 2.4651337 -164.41104 11.700119
v -11.441559 -164.41104 11.700119
v -18.394897 -150.50435 11.700119
v -18.394897 -157.4577 11.700119
v -60.114975 -164.41104 53.420197
v -25.348251 -164.41104 18.653458
v -46.208282 -150.50435 53.420197
v -60.114975 -157.4577 53.420197
v -46.208282 -150.50435 39.51349
f 2030 2023 2036
f 2035 2023 2020
f 2035 2020 2032
f 2025 2024 2021
f 2025 2021 2027
f 2025 2027 2028
f 2031 2020 2023
f 2031 2023 2030
f 2034 2035 2032
f 2034 2032 2027
f 2034 2027 2021
f 2034 2036 2023
f 2034 2023 2035
f 2026 2025 2028
f 2026 2028 2029
f 2033 2031 2026
f 2033 2026 2029
f 2033 2029 2028
f 2033 2028 2027
f 2033 2027 2032
f 2033 2032 2020
f 2033 2020 2031
f 2022 2026 2031
f 2022 2031 2030
f 2022 2030 2036
f 2022 2036 2034
f 2022 2034 2021
f 2022 2021 2024
f 2022 2024 2025
f 2022 2025 2026
o hull_110
v -60.114975 -206.1311 53.420197
v 2.4651337 -171.36438 67.32687
v 2.4651337 -171.36438 53.420197
v 2.4651337 -199.17776 67.32687
v 2.4651337 -206.1311 60.373535
v 2.4651337 -206.1311 53.420197
v -4.48822 -171.36438 81.23355
v -4.48822 -178.31773 88.18692
v -4.48822 -192.22443 88.18692
v -4.48822 -206.1311 74.28021
v -4.48822 -213.08446 60.373535
v -4.48822 -213.08446 53.420197
v -11.441559 -171.36438 88.18692
v -11.441559 -213.08446 67.32687
v -18.394897 -206.1311 88.18692
v -32.30159 -206.1311 88.18692
v -39.254944 -213.08446 67.32687
v -46.208282 -213.08446 60.373535
v -46.208282 -213.08446 53.420197
v -53.16162 -171.36438 88.18692
v -60.114975 -206.1311 74.28021
v -53.16162 -199.17776 88.18692
v -60.114975 -171.36438 81.23355
v -60.114975 -171.36438 53.420197
v -60.114975 -178.31773 88.18692
v -60.114975 -192.22443 88.18692
f 2058 2062 2057
f 2058 2057 2052
f 2053 2052 2057
f 2046 2045 2051
f 2059 2060 2037
f 2059 2037 2057
f 2059 2057 2062
f 2059 2062 2061
f 2048 2055 2037
f 2048 2037 2060
f 2048 2060 2039
f 2048 2039 2042
f 2054 2053 2057
f 2054 2057 2037
f 2054 2037 2055
f 2041 2040 2045
f 2041 2045 2046
f 2056 2059 2061
f 2056 2061 2062
f 2056 2062 2058
f 2056 2058 2052
f 2056 2052 2051
f 2056 2051 2045
f 2056 2045 2044
f 2056 2044 2049
f 2038 2044 2045
f 2038 2045 2040
f 2038 2040 2041
f 2038 2041 2042
f 2038 2042 2039
f 2047 2048 2042
f 2047 2042 2041
f 2047 2041 2046
f 2047 2046 2051
f 2043 2038 2039
f 2043 2039 2060
f 2043 2060 2059
f 2043 2059 2056
f 2043 2056 2049
f 2043 2049 2044
f 2043 2044 2038
f 2050 2047 2051
f 2050 2051 2052
f 2050 2052 2053
f 2050 2053 2054
f 2050 2054 2055
f 2050 2055 2048
f 2050 2048 2047
o hull_111
v -60.114975 -171.36438 53.420197
v 2.4651337 -150.50435 81.23355
v 2.4651337 -157.4577 81.23355
v 2.4651337 -150.50435 53.420197
v 2.4651337 -171.36438 74.28021
v 2.4651337 -171.36438 53.420197
v -18.394897 -164.41104 88.18692
v -18.394897 -171.36438 88.18692
v -32.30159 -150.50435 81.23355
v -39.254944 -164.41104 88.18692
v -39.254944 -171.36438 88.18692
v -46.208282 -150.50435 67.32687
v -46.208282 -150.50435 53.420197
v -60.114975 -157.4577 60.373535
v -60.114975 -157.4577 53.420197
v -60.114975 -164.41104 74.28021
v -60.114975 -171.36438 74.28021
f 2079 2063 2068
f 2079 2068 2067
f 2079 2067 2070
f 2079 2070 2073
f 2072 2078 2079
f 2072 2079 2073
f 2065 2070 2067
f 2065 2067 2068
f 2065 2068 2066
f 2065 2066 2064
f 2075 2066 2068
f 2075 2068 2063
f 2075 2063 2077
f 2069 2072 2073
f 2069 2073 2070
f 2069 2070 2065
f 2069 2065 2064
f 2076 2077 2063
f 2076 2063 2079
f 2076 2079 2078
f 2071 2078 2072
f 2071 2072 2069
f 2071 2069 2064
f 2074 2071 2064
f 2074 2064 2066
f 2074 2066 2075
f 2074 2075 2077
f 2074 2077 2076
f 2074 2076 2078
f 2074 2078 2071
o hull_112
v -122.695076 -136.59766 -78.693375
v -80.975006 -46.204178 -71.74002
v -80.975006 -46.204178 -78.693375
v -80.975006 -60.11087 -57.83333
v -80.975006 -74.01756 -50.87999
v -80.975006 -129.64432 -50.87999
v -80.975006 -136.59766 -57.83333
v -80.975006 -143.551 -71.74002
v -80.975006 -143.551 -78.693375
v -87.928345 -87.92424 -43.92665
v -87.928345 -122.69097 -43.92665
v -94.8817 -129.64432 -43.92665
v -101.835045 -143.551 -71.74002
v -101.835045 -143.551 -78.693375
v -101.835045 -74.01756 -43.92665
v -108.78838 -136.59766 -43.92665
v -122.695076 -46.204178 -71.74002
v -122.695076 -46.204178 -78.693375
v -122.695076 -67.06421 -43.92665
v -115.74173 -67.06421 -43.92665
v -122.695076 -136.59766 -43.92665
f 2080 2100 2098
f 2080 2098 2096
f 2080 2096 2097
f 2080 2097 2082
f 2080 2082 2088
f 2080 2088 2093
f 2080 2093 2092
f 2080 2092 2100
f 2087 2092 2093
f 2087 2093 2088
f 2091 2085 2090
f 2089 2090 2085
f 2089 2085 2084
f 2095 2100 2092
f 2095 2092 2087
f 2095 2085 2091
f 2094 2099 2098
f 2094 2098 2100
f 2094 2100 2095
f 2094 2095 2091
f 2094 2091 2090
f 2094 2090 2089
f 2094 2089 2084
f 2094 2084 2083
f 2094 2083 2099
f 2081 2082 2097
f 2081 2097 2096
f 2081 2096 2098
f 2081 2098 2099
f 2081 2099 2083
f 2086 2095 2087
f 2086 2087 2088
f 2086 2088 2082
f 2086 2082 2081
f 2086 2081 2083
f 2086 2083 2084
f 2086 2084 2085
f 2086 2085 2095
o hull_113
v -80.975006 -143.551 -78.693375
v -32.30159 -60.11087 -57.83333
v -32.30159 -60.11087 -78.693375
v -32.30159 -74.01756 -57.83333
v -80.975006 -143.551 -71.74002
v -32.30159 -108.78428 -71.74002
v -32.30159 -108.78428 -78.693375
v -53.16162 -60.11087 -57.83333
v -46.208282 -129.64432 -71.74002
v -46.208282 -129.64432 -78.693375
v -60.114975 -143.551 -71.74002
v -60.114975 -143.551 -78.693375
v -67.06831 -129.64432 -57.83333
v -80.975006 -60.11087 -64.78668
v -80.975006 -60.11087 -78.693375
v -80.975006 -67.06421 -57.83333
v -80.975006 -80.9709 -50.87999
v -74.02167 -80.9709 -50.87999
v -74.02167 -122.69097 -50.87999
v -80.975006 -122.69097 -50.87999
f 2112 2111 2105
f 2112 2105 2101
f 2104 2106 2107
f 2104 2107 2103
f 2104 2103 2102
f 2108 2117 2118
f 2108 2118 2102
f 2108 2102 2103
f 2108 2103 2115
f 2108 2115 2114
f 2113 2109 2106
f 2113 2106 2104
f 2113 2120 2105
f 2113 2105 2111
f 2113 2111 2109
f 2110 2109 2111
f 2110 2111 2112
f 2110 2112 2101
f 2110 2101 2115
f 2110 2115 2103
f 2110 2103 2107
f 2110 2107 2106
f 2110 2106 2109
f 2116 2108 2114
f 2116 2114 2115
f 2116 2115 2101
f 2116 2101 2105
f 2116 2105 2120
f 2116 2120 2117
f 2116 2117 2108
f 2119 2113 2104
f 2119 2104 2102
f 2119 2102 2118
f 2119 2118 2117
f 2119 2117 2120
f 2119 2120 2113
o hull_114
v -80.975006 -60.11087 -78.693375
v -32.30159 -4.4841156 -43.92665
v -32.30159 -4.4841156 -78.693375
v -32.30159 -53.157516 -43.92665
v -39.254944 -53.157516 -43.92665
v -32.30159 -60.11087 -50.87999
v -39.254944 -60.11087 -50.87999
v -32.30159 -60.11087 -78.693375
v -46.208282 -46.204178 -43.92665
v -53.16162 -32.297485 -43.92665
v -60.114975 -4.4841156 -43.92665
v -60.114975 -11.437454 -43.92665
v -80.975006 -60.11087 -64.78668
v -60.114975 -4.4841156 -78.693375
v -80.975006 -39.25084 -71.74002
v -80.975006 -53.157516 -64.78668
v -80.975006 -39.25084 -78.693375
f 2133 2127 2125
f 2126 2124 2125
f 2126 2125 2127
f 2126 2127 2133
f 2126 2133 2121
f 2126 2121 2128
f 2126 2128 2123
f 2126 2123 2122
f 2126 2122 2124
f 2134 2131 2122
f 2134 2122 2123
f 2134 2123 2128
f 2134 2128 2121
f 2134 2121 2137
f 2135 2131 2134
f 2135 2134 2137
f 2136 2135 2137
f 2136 2137 2121
f 2136 2121 2133
f 2136 2131 2135
f 2129 2130 2133
f 2129 2133 2125
f 2132 2130 2129
f 2132 2129 2125
f 2132 2125 2124
f 2132 2124 2122
f 2132 2122 2131
f 2132 2131 2136
f 2132 2136 2133
f 2132 2133 2130
o hull_115
v -32.30159 -94.877594 -78.693375
v 44.185196 -4.4841156 -64.78668
v 44.185196 -4.4841156 -78.693375
v 44.185196 -80.9709 -64.78668
v -32.30159 -94.877594 -71.74002
v 44.185196 -80.9709 -78.693375
v 30.278503 -87.92424 -71.74002
v 30.278503 -87.92424 -78.693375
v -18.394897 -94.877594 -71.74002
v -18.394897 -94.877594 -78.693375
v -32.30159 -4.4841156 -64.78668
v -32.30159 -4.4841156 -78.693375
v -25.348251 -87.92424 -64.78668
v -32.30159 -87.92424 -64.78668
f 2148 2139 2140
f 2148 2140 2149
f 2141 2144 2145
f 2141 2145 2143
f 2141 2143 2140
f 2141 2140 2139
f 2141 2146 2144
f 2142 2151 2148
f 2142 2148 2149
f 2142 2149 2138
f 2147 2145 2144
f 2147 2144 2146
f 2147 2146 2142
f 2147 2142 2138
f 2147 2138 2149
f 2147 2149 2140
f 2147 2140 2143
f 2147 2143 2145
f 2150 2141 2139
f 2150 2139 2148
f 2150 2148 2151
f 2150 2151 2142
f 2150 2142 2146
f 2150 2146 2141
o hull_116
v -32.30159 -115.737625 143.81366
v -25.348251 -115.737625 143.81366
v 9.418472 -4.4841156 220.30045
v 9.418472 -4.4841156 136.86032
v 9.418472 -46.204178 220.30045
v 9.418472 -74.01756 213.3471
v 9.418472 -87.92424 206.39377
v 9.418472 -94.877594 136.86032
v 9.418472 -101.83094 192.48709
v 9.418472 -101.83094 171.62704
v -4.48822 -101.83094 199.44043
v -4.48822 -108.78428 192.48709
v -18.394897 -74.01756 213.3471
v -25.348251 -46.204178 220.30045
v -18.394897 -108.78428 136.86032
v -18.394897 -115.737625 185.53372
v -18.394897 -115.737625 157.72037
v -32.30159 -4.4841156 220.30045
v -32.30159 -4.4841156 136.86032
v -32.30159 -39.25084 220.30045
v -32.30159 -67.06421 213.3471
v -32.30159 -87.92424 206.39377
v -32.30159 -101.83094 199.44043
v -32.30159 -108.78428 136.86032
v -32.30159 -115.737625 185.53372
f 2155 2170 2169
f 2155 2169 2154
f 2166 2175 2170
f 2166 2170 2155
f 2166 2155 2159
f 2156 2154 2169
f 2156 2169 2171
f 2156 2171 2165
f 2173 2174 2164
f 2157 2164 2174
f 2157 2174 2162
f 2157 2162 2158
f 2157 2156 2165
f 2157 2165 2164
f 2172 2173 2164
f 2172 2164 2165
f 2172 2165 2171
f 2172 2171 2169
f 2172 2169 2170
f 2172 2170 2175
f 2172 2175 2152
f 2172 2152 2176
f 2172 2176 2174
f 2172 2174 2173
f 2161 2168 2159
f 2160 2167 2168
f 2160 2168 2161
f 2160 2161 2159
f 2160 2159 2155
f 2160 2155 2154
f 2160 2154 2156
f 2160 2156 2157
f 2160 2157 2158
f 2160 2158 2162
f 2153 2168 2167
f 2153 2167 2176
f 2153 2176 2152
f 2153 2152 2175
f 2153 2175 2166
f 2153 2166 2159
f 2153 2159 2168
f 2163 2160 2162
f 2163 2162 2174
f 2163 2174 2176
f 2163 2176 2167
f 2163 2167 2160
o hull_117
v 9.418472 -94.877594 136.86032
v 44.185196 -4.4841156 213.3471
v 44.185196 -4.4841156 136.86032
v 44.185196 -18.390793 220.30045
v 44.185196 -32.297485 220.30045
v 44.185196 -60.11087 213.3471
v 44.185196 -80.9709 206.39377
v 44.185196 -94.877594 199.44043
v 44.185196 -101.83094 192.48709
v 37.231857 -101.83094 192.48709
v 44.185196 -108.78428 178.58038
v 37.231857 -108.78428 178.58038
v 44.185196 -115.737625 150.767
v 37.231857 -115.737625 150.767
v 44.185196 -115.737625 136.86032
v 37.231857 -115.737625 136.86032
v 37.231857 -11.437454 220.30045
v 37.231857 -67.06421 213.3471
v 30.278503 -46.204178 220.30045
v 30.278503 -87.92424 206.39377
v 23.325165 -4.4841156 220.30045
v 23.325165 -74.01756 213.3471
v 16.371826 -101.83094 143.81366
v 16.371826 -101.83094 136.86032
v 9.418472 -4.4841156 220.30045
v 9.418472 -4.4841156 136.86032
v 9.418472 -46.204178 220.30045
v 9.418472 -74.01756 213.3471
v 9.418472 -87.92424 206.39377
v 9.418472 -94.877594 199.44043
f 2197 2193 2178
f 2197 2178 2179
f 2197 2179 2202
f 2197 2202 2201
f 2180 2178 2193
f 2200 2177 2202
f 2200 2202 2179
f 2200 2179 2191
f 2200 2191 2192
f 2199 2206 2177
f 2199 2177 2200
f 2186 2206 2188
f 2190 2188 2206
f 2190 2206 2199
f 2190 2199 2200
f 2190 2200 2192
f 2195 2181 2180
f 2195 2180 2193
f 2195 2193 2197
f 2195 2197 2201
f 2195 2201 2203
f 2195 2203 2204
f 2195 2204 2198
f 2189 2190 2192
f 2189 2192 2191
f 2205 2196 2198
f 2205 2198 2204
f 2205 2204 2203
f 2205 2203 2201
f 2205 2201 2202
f 2205 2202 2177
f 2205 2177 2206
f 2183 2198 2196
f 2187 2185 2186
f 2187 2186 2188
f 2187 2188 2190
f 2187 2190 2189
f 2184 2183 2196
f 2184 2196 2205
f 2184 2205 2206
f 2184 2206 2186
f 2184 2186 2185
f 2182 2183 2184
f 2182 2184 2185
f 2182 2185 2187
f 2182 2187 2189
f 2182 2189 2191
f 2182 2191 2179
f 2182 2179 2178
f 2182 2178 2180
f 2182 2180 2181
f 2182 2181 2195
f 2194 2182 2195
f 2194 2195 2198
f 2194 2198 2183
f 2194 2183 2182
o hull_118
v 2.4651337 -4.4841156 -78.693375
v 44.185196 30.282608 39.51349
v 44.185196 30.282608 -71.74002
v 44.185196 23.32927 -78.693375
v 44.185196 9.422577 39.51349
v 37.231857 9.422577 39.51349
v 44.185196 -4.4841156 32.56015
v 37.231857 -4.4841156 32.56015
v 44.185196 -4.4841156 -78.693375
v 37.231857 30.282608 -78.693375
v 9.418472 -4.4841156 25.606796
v 2.4651337 30.282608 39.51349
v 2.4651337 23.32927 39.51349
v 2.4651337 30.282608 -78.693375
v 2.4651337 9.422577 32.56015
v 2.4651337 -4.4841156 18.653458
f 2218 2208 2209
f 2218 2209 2216
f 2218 2216 2220
f 2210 2216 2209
f 2210 2215 2207
f 2210 2207 2220
f 2210 2220 2216
f 2211 2212 2214
f 2211 2214 2213
f 2211 2213 2215
f 2211 2215 2210
f 2211 2210 2209
f 2211 2209 2208
f 2219 2221 2214
f 2219 2214 2212
f 2219 2212 2211
f 2219 2211 2208
f 2219 2208 2218
f 2219 2218 2220
f 2219 2220 2207
f 2219 2207 2222
f 2219 2222 2221
f 2217 2221 2222
f 2217 2222 2207
f 2217 2207 2215
f 2217 2215 2213
f 2217 2213 2214
f 2217 2214 2221
o hull_119
v -206.13521 -4.4841156 74.28021
v 23.325165 30.282608 136.86032
v 23.325165 30.282608 95.14026
v -206.13521 2.4692383 74.28021
v -206.13521 -4.4841156 81.23355
v 23.325165 -4.4841156 136.86032
v 23.325165 -4.4841156 95.14026
v -206.13521 2.4692383 81.23355
v 16.371826 -4.4841156 88.18692
v 2.4651337 30.282608 74.28021
v 2.4651337 23.32927 74.28021
v -11.441559 -4.4841156 74.28021
v -178.32184 30.282608 136.86032
v -178.32184 -4.4841156 136.86032
v -185.27518 30.282608 122.95364
v -185.27518 30.282608 74.28021
v -185.27518 23.32927 129.90698
v -185.27518 -4.4841156 129.90698
v -192.22853 23.32927 81.23355
v -192.22853 23.32927 74.28021
v -192.22853 9.422577 116.000275
v -192.22853 -4.4841156 116.000275
f 2228 2224 2235
f 2228 2235 2236
f 2227 2230 2226
f 2227 2226 2223
f 2239 2240 2236
f 2239 2236 2235
f 2231 2229 2228
f 2231 2228 2236
f 2231 2236 2240
f 2231 2240 2244
f 2231 2244 2227
f 2231 2227 2223
f 2231 2223 2234
f 2225 2224 2228
f 2225 2228 2229
f 2243 2239 2230
f 2243 2230 2227
f 2243 2227 2244
f 2243 2244 2240
f 2243 2240 2239
f 2241 2242 2226
f 2241 2226 2230
f 2237 2235 2224
f 2237 2224 2225
f 2237 2225 2232
f 2237 2232 2238
f 2237 2238 2242
f 2237 2242 2241
f 2237 2241 2230
f 2237 2230 2239
f 2237 2239 2235
f 2233 2231 2234
f 2233 2234 2223
f 2233 2223 2226
f 2233 2226 2242
f 2233 2242 2238
f 2233 2238 2232
f 2233 2232 2225
f 2233 2225 2229
f 2233 2229 2231
o hull_120
v 23.325165 -4.4841156 95.14026
v 44.185196 30.282608 136.86032
v 44.185196 30.282608 109.046936
v 44.185196 16.37593 95.14026
v 44.185196 -4.4841156 136.86032
v 37.231857 2.4692383 88.18692
v 44.185196 2.4692383 88.18692
v 44.185196 -4.4841156 88.18692
v 37.231857 -4.4841156 88.18692
v 23.325165 30.282608 136.86032
v 23.325165 30.282608 102.0936
v 30.278503 30.282608 102.0936
v 23.325165 9.422577 95.14026
v 23.325165 -4.4841156 136.86032
f 2258 2249 2246
f 2258 2246 2254
f 2250 2255 2248
f 2256 2248 2255
f 2256 2255 2254
f 2256 2254 2246
f 2256 2246 2247
f 2256 2247 2248
f 2251 2250 2248
f 2251 2248 2247
f 2251 2247 2246
f 2251 2246 2249
f 2251 2249 2252
f 2253 2250 2251
f 2253 2251 2252
f 2253 2252 2249
f 2253 2249 2258
f 2253 2258 2245
f 2257 2250 2253
f 2257 2253 2245
f 2257 2245 2258
f 2257 2258 2254
f 2257 2254 2255
f 2257 2255 2250
o hull_121
v -185.27518 30.282608 74.28021
v 44.185196 44.1893 136.86032
v 44.185196 44.1893 122.95364
v -185.27518 37.235962 74.28021
v 44.185196 30.282608 136.86032
v 44.185196 37.235962 116.000275
v 44.185196 30.282608 116.000275
v 30.278503 65.04935 88.18692
v 30.278503 65.04935 74.28021
v 30.278503 51.14264 74.28021
v 23.325165 65.04935 136.86032
v 9.418472 30.282608 74.28021
v -87.928345 65.04935 136.86032
v -164.41515 65.04935 122.95364
v -164.41515 58.09601 136.86032
v -171.36848 58.09601 129.90698
v -171.36848 51.14264 136.86032
v -178.32184 65.04935 116.000275
v -178.32184 65.04935 74.28021
v -178.32184 51.14264 129.90698
v -178.32184 37.235962 136.86032
v -178.32184 30.282608 136.86032
v -185.27518 58.09601 116.000275
v -185.27518 58.09601 95.14026
v -185.27518 44.1893 122.95364
v -185.27518 30.282608 122.95364
f 2268 2265 2270
f 2266 2269 2260
f 2266 2260 2261
f 2266 2261 2267
f 2264 2261 2260
f 2264 2260 2263
f 2264 2263 2265
f 2264 2265 2268
f 2264 2268 2267
f 2264 2267 2261
f 2271 2272 2273
f 2284 2259 2270
f 2284 2270 2265
f 2284 2265 2263
f 2284 2263 2280
f 2274 2278 2273
f 2281 2278 2274
f 2262 2277 2267
f 2262 2267 2268
f 2262 2268 2270
f 2262 2270 2259
f 2275 2279 2280
f 2275 2280 2263
f 2275 2263 2260
f 2275 2260 2269
f 2275 2269 2271
f 2275 2271 2273
f 2275 2273 2278
f 2275 2278 2279
f 2276 2281 2274
f 2276 2274 2273
f 2276 2273 2272
f 2276 2272 2271
f 2276 2271 2269
f 2276 2269 2266
f 2276 2266 2267
f 2276 2267 2277
f 2282 2281 2276
f 2282 2276 2277
f 2282 2277 2262
f 2283 2281 2282
f 2283 2282 2262
f 2283 2262 2259
f 2283 2259 2284
f 2283 2284 2280
f 2283 2280 2279
f 2283 2279 2278
f 2283 2278 2281
o hull_122
v -101.835045 58.09601 164.6737
v -94.8817 58.09601 164.6737
v -94.8817 65.04935 164.6737
v -101.835045 65.04935 164.6737
v -101.835045 65.04935 185.53372
v -94.8817 65.04935 185.53372
v -94.8817 58.09601 185.53372
v -101.835045 58.09601 185.53372
f 2288 2287 2286
f 2288 2286 2285
f 2291 2292 2285
f 2291 2285 2286
f 2290 2291 2286
f 2290 2286 2287
f 2289 2290 2287
f 2289 2287 2288
f 2289 2288 2285
f 2289 2285 2292
f 2289 2292 2291
f 2289 2291 2290
o hull_123
v 71.99858 -192.22443 -50.87999
v 148.48537 -150.50435 -43.92665
v 148.48537 -150.50435 -78.693375
v 148.48537 -157.4577 -78.693375
v 71.99858 -192.22443 -43.92665
v 148.48537 -164.41104 -43.92665
v 148.48537 -164.41104 -64.78668
v 141.53203 -164.41104 -78.693375
v 141.53203 -171.36438 -64.78668
v 134.57869 -178.31773 -43.92665
v 134.57869 -178.31773 -57.83333
v 127.62535 -171.36438 -78.693375
v 113.71864 -171.36438 -78.693375
v 106.765305 -150.50435 -78.693375
v 106.765305 -164.41104 -78.693375
v 113.71864 -192.22443 -43.92665
v 113.71864 -192.22443 -50.87999
v 106.765305 -185.27107 -71.74002
v 92.85863 -171.36438 -71.74002
v 92.85863 -185.27107 -71.74002
v 99.811966 -192.22443 -64.78668
v 85.90526 -192.22443 -64.78668
v 92.85863 -199.17776 -43.92665
v 92.85863 -199.17776 -50.87999
v 78.95192 -150.50435 -43.92665
v 78.95192 -150.50435 -50.87999
v 78.95192 -157.4577 -57.83333
v 78.95192 -199.17776 -43.92665
v 78.95192 -199.17776 -50.87999
v 71.99858 -157.4577 -43.92665
v 71.99858 -157.4577 -50.87999
f 2307 2305 2312
f 2322 2323 2293
f 2322 2293 2297
f 2318 2323 2322
f 2318 2322 2317
f 2318 2317 2294
f 2318 2294 2295
f 2318 2295 2306
f 2311 2306 2307
f 2311 2307 2312
f 2304 2310 2312
f 2304 2312 2305
f 2319 2323 2318
f 2319 2318 2306
f 2319 2306 2311
f 2296 2295 2294
f 2296 2294 2298
f 2296 2298 2299
f 2303 2302 2308
f 2303 2308 2309
f 2303 2301 2299
f 2303 2299 2298
f 2303 2298 2302
f 2314 2321 2293
f 2314 2293 2323
f 2314 2323 2319
f 2314 2319 2311
f 2314 2311 2312
f 2300 2296 2299
f 2300 2299 2301
f 2300 2301 2303
f 2300 2304 2305
f 2300 2305 2307
f 2300 2307 2306
f 2300 2306 2295
f 2300 2295 2296
f 2320 2297 2293
f 2320 2293 2321
f 2313 2314 2312
f 2313 2312 2310
f 2313 2310 2304
f 2313 2304 2300
f 2313 2300 2303
f 2313 2303 2309
f 2313 2309 2316
f 2313 2316 2321
f 2313 2321 2314
f 2315 2320 2321
f 2315 2321 2316
f 2315 2316 2309
f 2315 2309 2308
f 2315 2308 2302
f 2315 2302 2298
f 2315 2298 2294
f 2315 2294 2317
f 2315 2317 2322
f 2315 2322 2297
f 2315 2297 2320
o hull_124
v 78.95192 -150.50435 -50.87999
v 148.48537 -108.78428 -43.92665
v 148.48537 -108.78428 -78.693375
v 148.48537 -150.50435 -43.92665
v 78.95192 -150.50435 -43.92665
v 148.48537 -150.50435 -78.693375
v 106.765305 -150.50435 -78.693375
v 99.811966 -108.78428 -78.693375
v 99.811966 -122.69097 -78.693375
v 92.85863 -108.78428 -43.92665
v 92.85863 -108.78428 -71.74002
v 92.85863 -115.737625 -71.74002
v 85.90526 -115.737625 -43.92665
v 85.90526 -115.737625 -50.87999
v 78.95192 -129.64432 -43.92665
v 78.95192 -129.64432 -50.87999
f 2329 2326 2325
f 2329 2325 2327
f 2324 2330 2329
f 2324 2329 2327
f 2324 2327 2328
f 2332 2331 2326
f 2332 2326 2329
f 2332 2329 2330
f 2332 2330 2324
f 2339 2337 2334
f 2335 2334 2331
f 2335 2331 2332
f 2335 2332 2324
f 2335 2324 2339
f 2335 2339 2334
f 2338 2336 2337
f 2338 2337 2339
f 2338 2339 2324
f 2338 2324 2328
f 2333 2336 2338
f 2333 2338 2328
f 2333 2328 2327
f 2333 2327 2325
f 2333 2325 2326
f 2333 2326 2331
f 2333 2331 2334
f 2333 2334 2337
f 2333 2337 2336
o hull_125
v 44.185196 -108.78428 46.466827
v 113.71864 16.37593 88.18692
v 113.71864 16.37593 81.23355
v 113.71864 9.422577 67.32687
v 113.71864 -11.437454 46.466827
v 113.71864 -108.78428 88.18692
v 113.71864 -108.78428 46.466827
v 106.765305 16.37593 67.32687
v 106.765305 9.422577 53.420197
v 106.765305 2.4692383 46.466827
v 99.811966 23.32927 88.18692
v 99.811966 23.32927 74.28021
v 92.85863 23.32927 67.32687
v 92.85863 16.37593 46.466827
v 71.99858 23.32927 67.32687
v 65.04524 16.37593 46.466827
v 58.091904 23.32927 88.18692
v 58.091904 23.32927 81.23355
v 58.091904 9.422577 46.466827
v 51.138535 16.37593 88.18692
v 51.138535 16.37593 81.23355
v 51.138535 -4.4841156 46.466827
v 44.185196 2.4692383 88.18692
v 44.185196 2.4692383 81.23355
v 44.185196 -18.390793 53.420197
v 44.185196 -25.344147 46.466827
v 44.185196 -108.78428 88.18692
f 2346 2345 2366
f 2346 2366 2340
f 2353 2352 2351
f 2353 2355 2354
f 2353 2354 2352
f 2357 2356 2350
f 2357 2350 2351
f 2357 2351 2352
f 2357 2352 2354
f 2357 2354 2355
f 2357 2355 2360
f 2361 2363 2360
f 2359 2360 2363
f 2359 2363 2362
f 2359 2362 2366
f 2359 2366 2345
f 2359 2345 2341
f 2359 2341 2350
f 2359 2350 2356
f 2359 2356 2357
f 2359 2357 2360
f 2358 2361 2360
f 2358 2360 2355
f 2364 2361 2365
f 2364 2365 2340
f 2364 2340 2366
f 2364 2366 2362
f 2364 2362 2363
f 2364 2363 2361
f 2347 2353 2351
f 2349 2343 2344
f 2349 2344 2346
f 2349 2346 2340
f 2349 2340 2365
f 2349 2365 2361
f 2349 2361 2358
f 2349 2358 2355
f 2349 2355 2353
f 2342 2347 2351
f 2342 2351 2350
f 2342 2350 2341
f 2342 2341 2345
f 2342 2345 2346
f 2342 2346 2344
f 2342 2344 2343
f 2348 2349 2353
f 2348 2353 2347
f 2348 2347 2342
f 2348 2342 2343
f 2348 2343 2349
o hull_126
v 113.71864 -108.78428 46.466827
v 148.48537 -11.437454 88.18692
v 148.48537 -11.437454 74.28021
v 148.48537 -39.25084 46.466827
v 148.48537 -108.78428 88.18692
v 148.48537 -108.78428 46.466827
v 141.53203 -18.390793 60.373535
v 113.71864 9.422577 88.18692
v 120.67198 9.422577 88.18692
v 113.71864 9.422577 81.23355
v 120.67198 9.422577 81.23355
v 113.71864 2.4692383 67.32687
v 120.67198 2.4692383 67.32687
v 113.71864 -11.437454 53.420197
v 120.67198 -11.437454 53.420197
v 113.71864 -25.344147 46.466827
v 120.67198 -25.344147 46.466827
v 113.71864 -108.78428 88.18692
f 2367 2372 2371
f 2367 2371 2384
f 2368 2371 2372
f 2368 2372 2370
f 2368 2370 2369
f 2375 2374 2384
f 2375 2384 2371
f 2375 2371 2368
f 2373 2369 2370
f 2383 2370 2372
f 2383 2372 2367
f 2383 2367 2382
f 2377 2376 2374
f 2377 2374 2375
f 2377 2375 2368
f 2377 2368 2369
f 2381 2373 2370
f 2381 2370 2383
f 2379 2377 2369
f 2379 2369 2373
f 2379 2373 2381
f 2379 2378 2376
f 2379 2376 2377
f 2380 2381 2383
f 2380 2383 2382
f 2380 2382 2367
f 2380 2367 2384
f 2380 2384 2374
f 2380 2374 2376
f 2380 2376 2378
f 2380 2378 2379
f 2380 2379 2381
o hull_127
v 148.48537 -60.11087 -78.693375
v 176.29875 37.235962 -50.87999
v 176.29875 37.235962 -78.693375
v 176.29875 23.32927 -43.92665
v 176.29875 2.4692383 -36.973297
v 176.29875 -39.25084 -36.973297
v 176.29875 -53.157516 -43.92665
v 176.29875 -60.11087 -50.87999
v 176.29875 -60.11087 -78.693375
v 162.39207 37.235962 -43.92665
v 148.48537 37.235962 -43.92665
v 148.48537 37.235962 -78.693375
v 148.48537 -32.297485 -30.019958
v 155.4387 -32.297485 -30.019958
v 155.4387 -60.11087 -30.019958
v 148.48537 -60.11087 -30.019958
f 2396 2387 2393
f 2396 2393 2385
f 2399 2400 2385
f 2399 2385 2393
f 2399 2393 2392
f 2389 2398 2399
f 2389 2399 2390
f 2395 2389 2394
f 2395 2394 2386
f 2395 2386 2387
f 2395 2387 2396
f 2391 2399 2392
f 2391 2390 2399
f 2388 2389 2390
f 2388 2390 2391
f 2388 2391 2392
f 2388 2392 2393
f 2388 2393 2387
f 2388 2387 2386
f 2388 2386 2394
f 2388 2394 2389
f 2397 2395 2396
f 2397 2396 2385
f 2397 2385 2400
f 2397 2400 2399
f 2397 2399 2398
f 2397 2398 2389
f 2397 2389 2395
o hull_128
v 148.48537 -164.41104 -9.159927
v 155.4387 -164.41104 -9.159927
v 162.39207 -150.50435 39.51349
v 162.39207 -157.4577 39.51349
v 162.39207 -150.50435 -9.159927
v 162.39207 -157.4577 -9.159927
v 148.48537 -150.50435 46.466827
v 155.4387 -150.50435 46.466827
v 155.4387 -157.4577 46.466827
v 148.48537 -157.4577 46.466827
v 148.48537 -150.50435 -9.159927
v 155.4387 -164.41104 39.51349
v 148.48537 -164.41104 39.51349
f 2402 2412 2413
f 2402 2413 2401
f 2402 2401 2411
f 2402 2411 2405
f 2402 2405 2406
f 2410 2407 2411
f 2410 2411 2401
f 2410 2401 2413
f 2404 2412 2402
f 2404 2402 2406
f 2404 2406 2405
f 2404 2405 2403
f 2409 2410 2413
f 2409 2413 2412
f 2409 2412 2404
f 2408 2409 2404
f 2408 2404 2403
f 2408 2403 2405
f 2408 2405 2411
f 2408 2411 2407
f 2408 2407 2410
f 2408 2410 2409
o hull_129
v 148.48537 -60.11087 25.606796
v 155.4387 -4.4841156 88.18692
v 162.39207 -4.4841156 88.18692
v 148.48537 -53.157516 25.606796
v 155.4387 -4.4841156 81.23355
v 162.39207 -4.4841156 81.23355
v 155.4387 -11.437454 67.32687
v 162.39207 -11.437454 67.32687
v 162.39207 -60.11087 88.18692
v 162.39207 -53.157516 25.606796
v 162.39207 -60.11087 25.606796
v 148.48537 -11.437454 88.18692
v 148.48537 -11.437454 74.28021
v 148.48537 -18.390793 60.373535
v 148.48537 -60.11087 88.18692
f 2422 2428 2414
f 2422 2414 2424
f 2415 2418 2426
f 2415 2426 2425
f 2415 2425 2428
f 2415 2428 2422
f 2415 2422 2416
f 2419 2418 2415
f 2419 2415 2416
f 2419 2416 2422
f 2419 2422 2424
f 2419 2424 2423
f 2419 2423 2421
f 2417 2423 2424
f 2417 2424 2414
f 2427 2417 2414
f 2427 2414 2428
f 2427 2428 2425
f 2427 2425 2426
f 2420 2427 2426
f 2420 2426 2418
f 2420 2418 2419
f 2420 2419 2421
f 2420 2421 2423
f 2420 2423 2417
f 2420 2417 2427
o hull_130
v 44.185196 58.09601 -57.83333
v 58.091904 85.90936 -16.113266
v 65.04524 85.90936 -16.113266
v 65.04524 85.90936 -78.693375
v 65.04524 78.956024 -78.693375
v 65.04524 78.956024 -9.159927
v 65.04524 65.04935 -71.74002
v 58.091904 65.04935 -71.74002
v 65.04524 58.09601 -9.159927
v 65.04524 58.09601 -64.78668
v 51.138535 85.90936 -23.066605
v 51.138535 85.90936 -78.693375
v 51.138535 78.956024 -78.693375
v 51.138535 78.956024 -9.159927
v 51.138535 58.09601 -64.78668
v 44.185196 78.956024 -23.066605
v 44.185196 78.956024 -43.92665
v 44.185196 72.002686 -9.159927
v 44.185196 72.002686 -57.83333
v 44.185196 58.09601 -9.159927
f 2442 2446 2448
f 2442 2448 2437
f 2442 2437 2434
f 2444 2445 2447
f 2444 2447 2429
f 2444 2429 2448
f 2444 2448 2446
f 2444 2446 2442
f 2444 2442 2439
f 2440 2441 2429
f 2440 2429 2447
f 2440 2447 2445
f 2440 2445 2444
f 2440 2444 2439
f 2433 2441 2440
f 2433 2440 2432
f 2443 2438 2437
f 2443 2437 2448
f 2443 2448 2429
f 2443 2429 2441
f 2430 2442 2434
f 2430 2434 2431
f 2430 2431 2432
f 2430 2432 2440
f 2430 2440 2439
f 2430 2439 2442
f 2436 2443 2441
f 2435 2436 2441
f 2435 2441 2433
f 2435 2433 2432
f 2435 2432 2431
f 2435 2431 2434
f 2435 2434 2437
f 2435 2437 2438
f 2435 2438 2443
f 2435 2443 2436
o hull_131
v 65.04524 65.04935 -36.973297
v 176.29875 85.90936 25.606796
v 176.29875 78.956024 25.606796
v 176.29875 85.90936 -36.973297
v 176.29875 78.956024 -36.973297
v 169.34541 72.002686 18.653458
v 169.34541 65.04935 -23.066605
v 169.34541 65.04935 -36.973297
v 162.39207 72.002686 25.606796
v 162.39207 65.04935 4.746765
v 148.48537 65.04935 18.653458
v 113.71864 85.90936 25.606796
v 113.71864 72.002686 25.606796
v 106.765305 65.04935 18.653458
v 71.99858 85.90936 -2.2065735
v 65.04524 85.90936 -9.159927
v 65.04524 85.90936 -36.973297
v 65.04524 72.002686 11.700119
v 65.04524 65.04935 11.700119
f 2453 2456 2449
f 2453 2449 2465
f 2453 2465 2452
f 2461 2467 2462
f 2457 2461 2462
f 2457 2462 2459
f 2466 2464 2465
f 2466 2465 2449
f 2466 2449 2467
f 2466 2467 2461
f 2466 2461 2460
f 2458 2454 2457
f 2458 2457 2459
f 2463 2466 2460
f 2463 2460 2450
f 2463 2450 2452
f 2463 2452 2465
f 2463 2465 2464
f 2463 2464 2466
f 2451 2457 2454
f 2451 2453 2452
f 2451 2452 2450
f 2451 2450 2460
f 2451 2460 2461
f 2451 2461 2457
f 2455 2458 2459
f 2455 2459 2462
f 2455 2462 2467
f 2455 2467 2449
f 2455 2449 2456
f 2455 2456 2453
f 2455 2453 2451
f 2455 2451 2454
f 2455 2454 2458
o hull_132
v 113.71864 78.956024 25.606796
v 176.29875 85.90936 32.56015
v 176.29875 78.956024 32.56015
v 113.71864 85.90936 25.606796
v 113.71864 78.956024 32.56015
v 176.29875 85.90936 25.606796
v 176.29875 78.956024 25.606796
v 113.71864 85.90936 32.56015
v 169.34541 85.90936 39.51349
v 169.34541 78.956024 39.51349
v 155.4387 85.90936 46.466827
v 155.4387 78.956024 46.466827
v 155.4387 72.002686 32.56015
v 155.4387 72.002686 25.606796
v 127.62535 72.002686 32.56015
v 127.62535 72.002686 25.606796
v 120.67198 85.90936 46.466827
v 120.67198 78.956024 46.466827
f 2478 2484 2485
f 2478 2485 2479
f 2475 2472 2485
f 2475 2485 2484
f 2482 2485 2472
f 2468 2483 2482
f 2468 2482 2472
f 2468 2472 2475
f 2468 2475 2471
f 2468 2471 2473
f 2468 2473 2474
f 2468 2474 2481
f 2468 2481 2483
f 2469 2470 2474
f 2469 2474 2473
f 2469 2473 2471
f 2469 2471 2475
f 2469 2475 2484
f 2469 2484 2478
f 2469 2478 2476
f 2477 2476 2478
f 2477 2478 2479
f 2477 2470 2469
f 2477 2469 2476
f 2480 2482 2483
f 2480 2483 2481
f 2480 2481 2474
f 2480 2474 2470
f 2480 2470 2477
f 2480 2477 2479
f 2480 2479 2485
f 2480 2485 2482
o hull_133
v 44.185196 -115.737625 122.95364
v 78.95192 30.282608 206.39377
v 78.95192 30.282608 122.95364
v 78.95192 -60.11087 206.39377
v 78.95192 -80.9709 199.44043
v 78.95192 -108.78428 185.53372
v 78.95192 -115.737625 178.58038
v 78.95192 -115.737625 122.95364
v 71.99858 2.4692383 213.3471
v 71.99858 -32.297485 213.3471
v 58.091904 30.282608 206.39377
v 58.091904 9.422577 213.3471
v 65.04524 9.422577 213.3471
v 65.04524 -46.204178 213.3471
v 65.04524 -74.01756 206.39377
v 65.04524 -101.83094 192.48709
v 51.138535 -115.737625 178.58038
v 44.185196 30.282608 199.44043
v 44.185196 30.282608 122.95364
v 44.185196 2.4692383 213.3471
v 51.138535 -60.11087 213.3471
v 44.185196 -60.11087 213.3471
v 51.138535 -80.9709 206.39377
v 44.185196 -80.9709 206.39377
v 44.185196 -101.83094 192.48709
v 44.185196 -108.78428 185.53372
v 44.185196 -115.737625 171.62704
f 2488 2493 2486
f 2488 2486 2504
f 2512 2502 2511
f 2492 2502 2512
f 2492 2512 2486
f 2492 2486 2493
f 2496 2487 2488
f 2496 2488 2504
f 2496 2504 2503
f 2496 2503 2505
f 2490 2491 2492
f 2490 2492 2493
f 2490 2493 2488
f 2490 2488 2487
f 2490 2487 2489
f 2494 2495 2489
f 2494 2489 2487
f 2506 2507 2509
f 2506 2509 2508
f 2500 2490 2489
f 2500 2506 2508
f 2510 2509 2507
f 2510 2507 2505
f 2510 2505 2503
f 2510 2503 2504
f 2510 2504 2486
f 2510 2486 2512
f 2510 2512 2511
f 2510 2511 2502
f 2498 2494 2487
f 2499 2506 2500
f 2499 2500 2489
f 2499 2489 2495
f 2501 2510 2502
f 2501 2502 2492
f 2501 2492 2491
f 2501 2491 2490
f 2501 2490 2500
f 2501 2500 2508
f 2501 2508 2509
f 2501 2509 2510
f 2497 2498 2487
f 2497 2487 2496
f 2497 2496 2505
f 2497 2505 2507
f 2497 2507 2506
f 2497 2506 2499
f 2497 2499 2495
f 2497 2495 2494
f 2497 2494 2498
o hull_134
v 134.57869 -87.92424 116.000275
v 162.39207 -4.4841156 150.767
v 162.39207 -4.4841156 143.81366
v 162.39207 -11.437454 157.72037
v 162.39207 -11.437454 116.000275
v 162.39207 -46.204178 157.72037
v 162.39207 -67.06421 150.767
v 162.39207 -80.9709 143.81366
v 162.39207 -87.92424 136.86032
v 162.39207 -87.92424 116.000275
v 155.4387 -4.4841156 164.6737
v 155.4387 -46.204178 164.6737
v 155.4387 -67.06421 157.72037
v 155.4387 -67.06421 116.000275
v 148.48537 -4.4841156 116.000275
v 148.48537 -39.25084 171.62704
v 148.48537 -80.9709 157.72037
v 134.57869 -4.4841156 178.58038
v 141.53203 -4.4841156 178.58038
v 134.57869 -4.4841156 171.62704
v 134.57869 -4.4841156 122.95364
v 134.57869 -4.4841156 116.000275
v 141.53203 -32.297485 178.58038
v 134.57869 -32.297485 178.58038
v 141.53203 -25.344147 116.000275
v 141.53203 -60.11087 171.62704
v 134.57869 -60.11087 171.62704
v 141.53203 -74.01756 164.6737
v 141.53203 -87.92424 157.72037
v 134.57869 -87.92424 157.72037
f 2527 2517 2522
f 2527 2522 2513
f 2527 2513 2534
f 2527 2515 2517
f 2514 2523 2516
f 2531 2516 2523
f 2531 2523 2514
f 2531 2514 2515
f 2531 2515 2527
f 2531 2527 2534
f 2531 2534 2530
f 2536 2530 2534
f 2536 2534 2513
f 2536 2513 2542
f 2536 2542 2539
f 2540 2539 2542
f 2541 2529 2540
f 2541 2540 2542
f 2541 2542 2513
f 2541 2513 2522
f 2541 2522 2521
f 2541 2521 2520
f 2541 2520 2529
f 2519 2520 2521
f 2519 2521 2522
f 2519 2522 2517
f 2519 2517 2515
f 2519 2515 2514
f 2519 2514 2516
f 2519 2516 2518
f 2535 2524 2518
f 2535 2518 2516
f 2535 2516 2531
f 2535 2531 2530
f 2535 2530 2536
f 2525 2524 2535
f 2525 2529 2520
f 2525 2520 2519
f 2525 2519 2518
f 2525 2518 2524
f 2538 2535 2536
f 2538 2536 2539
f 2538 2539 2540
f 2538 2540 2529
f 2538 2529 2525
f 2538 2525 2528
f 2538 2528 2535
f 2532 2533 2535
f 2532 2535 2528
f 2532 2528 2533
f 2526 2528 2525
f 2526 2525 2535
f 2537 2526 2535
f 2537 2535 2533
f 2537 2533 2528
f 2537 2528 2526
o hull_135
v 162.39207 -87.92424 116.000275
v 169.34541 -87.92424 116.000275
v 190.20543 -32.297485 122.95364
v 190.20543 -39.25084 122.95364
v 190.20543 -32.297485 116.000275
v 190.20543 -39.25084 116.000275
v 183.25209 -18.390793 122.95364
v 183.25209 -18.390793 116.000275
v 183.25209 -53.157516 129.90698
v 183.25209 -67.06421 122.95364
v 183.25209 -67.06421 116.000275
v 176.29875 -18.390793 136.86032
v 162.39207 -87.92424 129.90698
v 169.34541 -87.92424 129.90698
v 176.29875 -25.344147 143.81366
v 176.29875 -39.25084 143.81366
v 176.29875 -60.11087 136.86032
v 176.29875 -74.01756 129.90698
v 176.29875 -80.9709 122.95364
v 176.29875 -80.9709 116.000275
v 162.39207 -11.437454 122.95364
v 169.34541 -11.437454 122.95364
v 162.39207 -11.437454 116.000275
v 169.34541 -11.437454 116.000275
v 162.39207 -18.390793 143.81366
v 169.34541 -18.390793 143.81366
v 162.39207 -25.344147 150.767
v 169.34541 -25.344147 150.767
v 169.34541 -39.25084 150.767
v 162.39207 -39.25084 150.767
v 169.34541 -60.11087 143.81366
v 162.39207 -60.11087 143.81366
v 169.34541 -74.01756 136.86032
f 2568 2564 2563
f 2568 2563 2567
f 2566 2565 2563
f 2566 2563 2564
f 2544 2556 2555
f 2544 2555 2543
f 2569 2570 2568
f 2569 2568 2567
f 2569 2567 2563
f 2569 2563 2565
f 2569 2565 2543
f 2569 2543 2555
f 2569 2555 2574
f 2569 2574 2572
f 2558 2546 2545
f 2558 2545 2557
f 2549 2550 2566
f 2549 2566 2564
f 2547 2545 2546
f 2547 2546 2548
f 2547 2548 2553
f 2547 2553 2562
f 2547 2562 2544
f 2547 2544 2543
f 2547 2543 2565
f 2547 2565 2566
f 2547 2566 2550
f 2547 2550 2549
f 2547 2549 2545
f 2575 2574 2555
f 2575 2555 2556
f 2575 2556 2560
f 2575 2560 2559
f 2571 2558 2557
f 2571 2557 2570
f 2571 2570 2569
f 2571 2569 2572
f 2571 2559 2558
f 2561 2560 2556
f 2561 2556 2544
f 2561 2544 2562
f 2551 2546 2558
f 2551 2558 2559
f 2554 2549 2564
f 2554 2564 2568
f 2554 2568 2570
f 2554 2570 2557
f 2554 2557 2545
f 2554 2545 2549
f 2573 2571 2572
f 2573 2572 2574
f 2573 2574 2575
f 2573 2575 2559
f 2573 2559 2571
f 2552 2561 2562
f 2552 2562 2553
f 2552 2553 2548
f 2552 2548 2546
f 2552 2546 2551
f 2552 2551 2559
f 2552 2559 2560
f 2552 2560 2561
o hull_136
v -171.36848 85.90936 4.746765
v -122.695076 113.72275 11.700119
v -122.695076 113.72275 4.746765
v -122.695076 85.90936 11.700119
v -171.36848 85.90936 11.700119
v -122.695076 85.90936 4.746765
v -129.64842 120.67609 11.700119
v -129.64842 120.67609 4.746765
v -150.50845 127.629456 11.700119
v -150.50845 127.629456 4.746765
v -164.41515 127.629456 11.700119
v -164.41515 127.629456 4.746765
v -171.36848 120.67609 11.700119
v -171.36848 120.67609 4.746765
f 2579 2580 2576
f 2579 2576 2581
f 2588 2589 2576
f 2588 2576 2580
f 2577 2582 2584
f 2577 2584 2586
f 2577 2586 2588
f 2577 2588 2580
f 2577 2580 2579
f 2578 2577 2579
f 2578 2579 2581
f 2578 2583 2582
f 2578 2582 2577
f 2585 2584 2582
f 2585 2582 2583
f 2587 2586 2584
f 2587 2584 2585
f 2587 2585 2583
f 2587 2583 2578
f 2587 2578 2581
f 2587 2581 2576
f 2587 2576 2589
f 2587 2589 2588
f 2587 2588 2586
o hull_137
v -122.695076 85.90936 -113.46009
v -74.02167 106.76941 -43.92665
v -80.975006 106.76941 -141.27347
v -74.02167 106.76941 -141.27347
v -74.02167 85.90936 -43.92665
v -74.02167 85.90936 -141.27347
v -87.928345 92.86273 -141.27347
v -87.928345 85.90936 -141.27347
v -101.835045 99.81607 -134.32013
v -101.835045 85.90936 -134.32013
v -108.78838 106.76941 -127.36678
v -122.695076 106.76941 -43.92665
v -122.695076 106.76941 -113.46009
v -122.695076 85.90936 -43.92665
f 2591 2601 2603
f 2591 2603 2594
f 2591 2594 2595
f 2591 2595 2593
f 2602 2590 2603
f 2602 2603 2601
f 2599 2590 2602
f 2599 2602 2598
f 2600 2598 2602
f 2597 2599 2598
f 2597 2598 2596
f 2597 2595 2594
f 2597 2594 2603
f 2597 2603 2590
f 2597 2590 2599
f 2592 2600 2602
f 2592 2602 2601
f 2592 2601 2591
f 2592 2591 2593
f 2592 2593 2595
f 2592 2595 2597
f 2592 2597 2596
f 2592 2596 2598
f 2592 2598 2600
o hull_138
v -74.02167 85.90936 -141.27347
v -67.06831 85.90936 -141.27347
v -46.208282 176.30286 -106.50675
v -39.254944 176.30286 -106.50675
v -46.208282 176.30286 -113.46009
v -39.254944 176.30286 -113.46009
v -39.254944 155.44281 -134.32013
v -39.254944 134.5828 -141.27347
v -39.254944 120.67609 -141.27347
v -39.254944 92.86273 -134.32013
v -39.254944 85.90936 -106.50675
v -39.254944 85.90936 -127.36678
v -46.208282 141.53613 -141.27347
v -46.208282 106.76941 -141.27347
v -46.208282 85.90936 -134.32013
v -74.02167 169.34952 -106.50675
v -74.02167 169.34952 -113.46009
v -74.02167 162.39618 -127.36678
v -74.02167 155.44281 -134.32013
v -74.02167 141.53613 -141.27347
v -74.02167 85.90936 -106.50675
f 2605 2618 2615
f 2605 2615 2614
f 2605 2614 2624
f 2605 2624 2604
f 2606 2619 2624
f 2606 2624 2614
f 2606 2614 2607
f 2613 2615 2618
f 2611 2616 2610
f 2611 2610 2609
f 2611 2609 2607
f 2611 2607 2614
f 2611 2614 2615
f 2611 2615 2613
f 2611 2613 2612
f 2617 2613 2618
f 2617 2618 2605
f 2617 2605 2604
f 2617 2604 2623
f 2617 2623 2616
f 2617 2616 2611
f 2617 2611 2612
f 2617 2612 2613
f 2608 2620 2619
f 2608 2619 2606
f 2608 2606 2607
f 2608 2607 2609
f 2621 2620 2608
f 2621 2608 2609
f 2621 2609 2610
f 2622 2621 2610
f 2622 2610 2616
f 2622 2616 2623
f 2622 2623 2604
f 2622 2604 2624
f 2622 2624 2619
f 2622 2619 2620
f 2622 2620 2621
o hull_139
v -39.254944 85.90936 -127.36678
v -32.30159 85.90936 -127.36678
v -18.394897 183.2562 -106.50675
v -25.348251 183.2562 -120.41344
v -18.394897 183.2562 -120.41344
v -25.348251 169.34952 -134.32013
v -18.394897 169.34952 -134.32013
v -18.394897 113.72275 -134.32013
v -18.394897 99.81607 -127.36678
v -18.394897 85.90936 -106.50675
v -18.394897 85.90936 -113.46009
v -32.30159 183.2562 -106.50675
v -32.30159 183.2562 -113.46009
v -39.254944 176.30286 -106.50675
v -39.254944 176.30286 -113.46009
v -39.254944 155.44281 -134.32013
v -32.30159 99.81607 -134.32013
v -39.254944 99.81607 -134.32013
v -39.254944 85.90936 -106.50675
f 2635 2634 2643
f 2635 2643 2625
f 2635 2625 2626
f 2641 2632 2626
f 2641 2626 2625
f 2641 2625 2642
f 2633 2635 2626
f 2633 2626 2632
f 2630 2631 2632
f 2630 2632 2641
f 2630 2641 2642
f 2630 2642 2640
f 2639 2630 2640
f 2639 2640 2642
f 2639 2642 2625
f 2639 2625 2643
f 2639 2643 2638
f 2629 2627 2634
f 2629 2634 2635
f 2629 2635 2633
f 2629 2633 2632
f 2629 2632 2631
f 2628 2629 2631
f 2628 2631 2630
f 2628 2630 2639
f 2636 2638 2643
f 2636 2643 2634
f 2636 2634 2627
f 2637 2636 2627
f 2637 2627 2629
f 2637 2629 2628
f 2637 2628 2639
f 2637 2639 2638
f 2637 2638 2636
o hull_140
v -60.114975 85.90936 -106.50675
v -25.348251 224.97626 -16.113266
v -18.394897 224.97626 -16.113266
v -25.348251 224.97626 -43.92665
v -18.394897 224.97626 -43.92665
v -18.394897 218.02292 -9.159927
v -25.348251 218.02292 -71.74002
v -18.394897 218.02292 -71.74002
v -25.348251 211.06958 -85.64671
v -18.394897 211.06958 -85.64671
v -25.348251 190.20953 -106.50675
v -18.394897 190.20953 -106.50675
v -18.394897 85.90936 -9.159927
v -18.394897 85.90936 -106.50675
v -32.30159 218.02292 -9.159927
v -32.30159 204.11624 -92.60005
v -39.254944 218.02292 -16.113266
v -39.254944 218.02292 -57.83333
v -39.254944 211.06958 -78.693375
v -46.208282 211.06958 -16.113266
v -46.208282 211.06958 -71.74002
v -53.16162 204.11624 -23.066605
v -53.16162 197.1629 -9.159927
v -60.114975 197.1629 -36.973297
v -60.114975 197.1629 -78.693375
v -60.114975 190.20953 -23.066605
v -60.114975 176.30286 -9.159927
v -60.114975 176.30286 -106.50675
v -60.114975 85.90936 -9.159927
f 2672 2644 2657
f 2672 2657 2656
f 2654 2655 2657
f 2654 2657 2644
f 2654 2644 2671
f 2659 2655 2654
f 2659 2654 2671
f 2669 2667 2668
f 2669 2668 2671
f 2669 2671 2644
f 2669 2644 2672
f 2669 2672 2670
f 2666 2667 2669
f 2666 2669 2670
f 2666 2670 2672
f 2666 2672 2656
f 2666 2656 2649
f 2666 2649 2658
f 2660 2663 2666
f 2660 2666 2658
f 2660 2667 2663
f 2662 2659 2671
f 2662 2671 2668
f 2653 2651 2648
f 2653 2648 2646
f 2653 2646 2649
f 2653 2649 2656
f 2653 2656 2657
f 2653 2657 2655
f 2665 2666 2663
f 2665 2663 2667
f 2665 2667 2666
f 2664 2662 2668
f 2645 2660 2658
f 2645 2658 2649
f 2645 2649 2646
f 2652 2653 2655
f 2652 2655 2659
f 2652 2659 2662
f 2652 2662 2650
f 2652 2650 2651
f 2652 2651 2653
f 2647 2645 2646
f 2647 2646 2648
f 2647 2648 2651
f 2647 2651 2650
f 2661 2647 2650
f 2661 2650 2662
f 2661 2662 2664
f 2661 2664 2668
f 2661 2668 2667
f 2661 2667 2660
f 2661 2660 2645
f 2661 2645 2647
o hull_141
v -157.46179 85.90936 25.606796
v -74.02167 106.76941 116.000275
v -74.02167 106.76941 25.606796
v -157.46179 92.86273 25.606796
v -74.02167 85.90936 116.000275
v -74.02167 85.90936 25.606796
v -87.928345 85.90936 116.000275
v -101.835045 106.76941 116.000275
v -101.835045 99.81607 116.000275
v -122.695076 92.86273 109.046936
v -129.64842 106.76941 109.046936
v -129.64842 99.81607 109.046936
v -157.46179 85.90936 39.51349
v -136.60178 85.90936 102.0936
v -143.55511 106.76941 95.14026
v -157.46179 92.86273 39.51349
v -143.55511 106.76941 25.606796
v -150.50845 99.81607 81.23355
v -150.50845 92.86273 88.18692
v -150.50845 85.90936 88.18692
f 2677 2678 2675
f 2677 2675 2674
f 2676 2689 2675
f 2676 2675 2678
f 2676 2678 2673
f 2687 2683 2680
f 2687 2680 2674
f 2687 2674 2675
f 2687 2675 2689
f 2681 2679 2677
f 2681 2677 2674
f 2681 2674 2680
f 2690 2688 2691
f 2690 2691 2687
f 2690 2687 2689
f 2690 2689 2676
f 2690 2676 2688
f 2685 2692 2691
f 2685 2691 2688
f 2685 2688 2676
f 2685 2676 2673
f 2686 2692 2685
f 2686 2685 2673
f 2686 2673 2678
f 2686 2678 2677
f 2686 2677 2679
f 2686 2683 2687
f 2686 2687 2691
f 2686 2691 2692
f 2684 2679 2681
f 2684 2681 2680
f 2684 2680 2683
f 2684 2683 2686
f 2682 2684 2686
f 2682 2686 2679
f 2682 2679 2684
o hull_142
v -87.928345 99.81607 116.000275
v -74.02167 106.76941 122.95364
v -74.02167 106.76941 116.000275
v -87.928345 106.76941 116.000275
v -87.928345 99.81607 122.95364
v -74.02167 85.90936 122.95364
v -80.975006 85.90936 122.95364
v -87.928345 106.76941 122.95364
v -80.975006 85.90936 116.000275
v -74.02167 85.90936 116.000275
f 2698 2699 2701
f 2698 2701 2702
f 2698 2702 2695
f 2698 2695 2694
f 2700 2694 2695
f 2700 2695 2696
f 2697 2699 2698
f 2697 2698 2694
f 2697 2694 2700
f 2693 2697 2700
f 2693 2700 2696
f 2693 2696 2695
f 2693 2695 2702
f 2693 2702 2701
f 2693 2701 2699
f 2693 2699 2697
o hull_143
v -143.55511 106.76941 46.466827
v -108.78838 134.5828 122.95364
v -108.78838 134.5828 39.51349
v -143.55511 113.72275 46.466827
v -108.78838 113.72275 122.95364
v -115.74173 113.72275 122.95364
v -108.78838 106.76941 116.000275
v -108.78838 113.72275 25.606796
v -108.78838 106.76941 25.606796
v -122.695076 134.5828 122.95364
v -122.695076 134.5828 39.51349
v -122.695076 120.67609 122.95364
v -122.695076 106.76941 116.000275
v -122.695076 113.72275 25.606796
v -122.695076 106.76941 25.606796
v -136.60178 134.5828 46.466827
v -136.60178 106.76941 109.046936
v -136.60178 113.72275 39.51349
v -143.55511 134.5828 102.0936
v -143.55511 134.5828 53.420197
v -143.55511 106.76941 102.0936
f 2720 2717 2703
f 2712 2721 2723
f 2712 2723 2714
f 2716 2717 2720
f 2706 2720 2703
f 2706 2703 2723
f 2706 2723 2721
f 2706 2721 2722
f 2719 2714 2723
f 2710 2716 2713
f 2710 2713 2705
f 2710 2705 2704
f 2710 2704 2707
f 2710 2707 2709
f 2710 2709 2711
f 2710 2711 2717
f 2710 2717 2716
f 2718 2716 2720
f 2718 2720 2706
f 2718 2706 2722
f 2718 2722 2721
f 2718 2721 2712
f 2718 2712 2704
f 2718 2704 2705
f 2718 2705 2713
f 2718 2713 2716
f 2708 2707 2704
f 2708 2704 2712
f 2708 2712 2714
f 2708 2714 2719
f 2715 2708 2719
f 2715 2719 2723
f 2715 2723 2703
f 2715 2703 2717
f 2715 2717 2711
f 2715 2711 2709
f 2715 2709 2707
f 2715 2707 2708
o hull_144
v -108.78838 106.76941 25.606796
v -74.02167 134.5828 136.86032
v -80.975006 134.5828 25.606796
v -108.78838 113.72275 25.606796
v -74.02167 134.5828 25.606796
v -74.02167 113.72275 136.86032
v -80.975006 113.72275 136.86032
v -74.02167 106.76941 129.90698
v -80.975006 106.76941 129.90698
v -74.02167 106.76941 25.606796
v -87.928345 134.5828 136.86032
v -87.928345 120.67609 136.86032
v -101.835045 120.67609 25.606796
v -108.78838 134.5828 129.90698
v -108.78838 127.629456 129.90698
v -108.78838 134.5828 39.51349
v -108.78838 113.72275 122.95364
v -108.78838 106.76941 116.000275
f 2726 2736 2739
f 2727 2736 2726
f 2727 2726 2728
f 2727 2728 2733
f 2727 2733 2724
f 2727 2739 2736
f 2729 2731 2733
f 2729 2733 2728
f 2729 2728 2725
f 2741 2724 2733
f 2741 2733 2731
f 2741 2731 2732
f 2734 2725 2728
f 2734 2728 2726
f 2734 2726 2739
f 2734 2739 2737
f 2740 2741 2732
f 2730 2735 2740
f 2730 2740 2732
f 2730 2732 2731
f 2730 2731 2729
f 2730 2729 2725
f 2730 2725 2734
f 2730 2734 2735
f 2738 2740 2735
f 2738 2735 2734
f 2738 2734 2737
f 2738 2737 2739
f 2738 2739 2727
f 2738 2727 2724
f 2738 2724 2741
f 2738 2741 2740
o hull_145
v -143.55511 134.5828 53.420197
v -94.8817 169.34952 74.28021
v -94.8817 169.34952 39.51349
v -94.8817 134.5828 74.28021
v -94.8817 134.5828 39.51349
v -101.835045 169.34952 32.56015
v -101.835045 162.39618 32.56015
v -115.74173 169.34952 25.606796
v -115.74173 162.39618 25.606796
v -122.695076 134.5828 39.51349
v -129.64842 169.34952 25.606796
v -129.64842 162.39618 25.606796
v -136.60178 169.34952 74.28021
v -136.60178 169.34952 39.51349
v -136.60178 134.5828 46.466827
v -143.55511 162.39618 74.28021
v -143.55511 162.39618 46.466827
v -143.55511 141.53613 46.466827
v -143.55511 134.5828 74.28021
f 2746 2744 2743
f 2746 2743 2745
f 2742 2760 2757
f 2742 2757 2758
f 2742 2758 2759
f 2754 2755 2758
f 2754 2758 2757
f 2754 2757 2760
f 2754 2760 2745
f 2754 2745 2743
f 2756 2742 2759
f 2756 2759 2753
f 2756 2753 2751
f 2756 2751 2746
f 2756 2746 2745
f 2756 2745 2760
f 2756 2760 2742
f 2752 2753 2759
f 2752 2759 2758
f 2752 2758 2755
f 2750 2746 2751
f 2750 2751 2753
f 2750 2753 2752
f 2750 2752 2749
f 2748 2746 2750
f 2747 2748 2750
f 2747 2750 2749
f 2747 2749 2752
f 2747 2752 2755
f 2747 2755 2754
f 2747 2754 2743
f 2747 2743 2744
f 2747 2744 2746
f 2747 2746 2748
o hull_146
v -94.8817 134.5828 39.51349
v -74.02167 169.34952 74.28021
v -74.02167 169.34952 46.466827
v -80.975006 155.44281 32.56015
v -74.02167 155.44281 32.56015
v -74.02167 134.5828 74.28021
v -80.975006 141.53613 25.606796
v -74.02167 141.53613 25.606796
v -74.02167 134.5828 25.606796
v -80.975006 134.5828 25.606796
v -94.8817 169.34952 74.28021
v -94.8817 169.34952 46.466827
v -94.8817 155.44281 39.51349
v -94.8817 134.5828 74.28021
f 2772 2771 2762
f 2772 2762 2763
f 2774 2766 2762
f 2774 2762 2771
f 2764 2767 2772
f 2764 2772 2763
f 2764 2763 2765
f 2768 2767 2764
f 2768 2764 2765
f 2768 2765 2763
f 2768 2763 2762
f 2768 2762 2766
f 2768 2766 2769
f 2770 2767 2768
f 2770 2768 2769
f 2770 2769 2766
f 2770 2766 2774
f 2770 2774 2761
f 2773 2767 2770
f 2773 2770 2761
f 2773 2761 2774
f 2773 2774 2771
f 2773 2771 2772
f 2773 2772 2767
o hull_147
v -143.55511 134.5828 74.28021
v -122.695076 169.34952 95.14026
v -115.74173 169.34952 95.14026
v -115.74173 169.34952 74.28021
v -122.695076 162.39618 109.046936
v -115.74173 162.39618 109.046936
v -122.695076 148.48947 122.95364
v -115.74173 148.48947 122.95364
v -115.74173 134.5828 122.95364
v -122.695076 134.5828 122.95364
v -115.74173 134.5828 74.28021
v -129.64842 169.34952 88.18692
v -129.64842 169.34952 74.28021
v -129.64842 162.39618 102.0936
v -136.60178 155.44281 102.0936
v -136.60178 148.48947 109.046936
v -143.55511 155.44281 88.18692
v -143.55511 155.44281 74.28021
v -143.55511 141.53613 102.0936
v -143.55511 134.5828 102.0936
f 2791 2792 2775
f 2791 2775 2794
f 2791 2794 2793
f 2784 2781 2793
f 2784 2793 2794
f 2784 2794 2775
f 2784 2775 2785
f 2784 2785 2783
f 2782 2780 2779
f 2782 2779 2781
f 2782 2781 2784
f 2782 2784 2783
f 2778 2785 2775
f 2778 2775 2792
f 2778 2792 2787
f 2790 2793 2781
f 2786 2787 2792
f 2786 2792 2791
f 2789 2791 2793
f 2789 2793 2790
f 2777 2780 2782
f 2777 2782 2783
f 2777 2783 2785
f 2777 2785 2778
f 2788 2789 2790
f 2788 2790 2781
f 2788 2781 2779
f 2788 2786 2791
f 2788 2791 2789
f 2776 2777 2778
f 2776 2778 2787
f 2776 2787 2786
f 2776 2786 2788
f 2776 2788 2779
f 2776 2779 2780
f 2776 2780 2777
o hull_148
v -115.74173 134.5828 74.28021
v -74.02167 169.34952 122.95364
v -74.02167 169.34952 74.28021
v -80.975006 162.39618 136.86032
v -74.02167 162.39618 136.86032
v -74.02167 134.5828 136.86032
v -74.02167 134.5828 74.28021
v -87.928345 155.44281 136.86032
v -87.928345 134.5828 136.86032
v -94.8817 169.34952 122.95364
v -108.78838 162.39618 122.95364
v -108.78838 148.48947 129.90698
v -108.78838 134.5828 129.90698
v -115.74173 169.34952 102.0936
v -115.74173 169.34952 74.28021
v -115.74173 162.39618 116.000275
v -115.74173 155.44281 122.95364
v -115.74173 134.5828 122.95364
f 2797 2801 2795
f 2797 2795 2809
f 2796 2799 2800
f 2796 2800 2801
f 2796 2801 2797
f 2804 2796 2797
f 2804 2797 2809
f 2804 2809 2808
f 2803 2807 2812
f 2803 2812 2795
f 2803 2795 2801
f 2803 2801 2800
f 2802 2806 2807
f 2802 2807 2803
f 2805 2804 2808
f 2805 2808 2810
f 2798 2805 2806
f 2798 2806 2802
f 2798 2802 2803
f 2798 2803 2800
f 2798 2800 2799
f 2798 2799 2796
f 2798 2796 2804
f 2798 2804 2805
f 2811 2805 2810
f 2811 2810 2808
f 2811 2808 2809
f 2811 2809 2795
f 2811 2795 2812
f 2811 2812 2807
f 2811 2807 2806
f 2811 2806 2805
o hull_149
o hull_150
v -74.02167 113.72275 11.700119
v -46.208282 176.30286 95.14026
v -39.254944 176.30286 95.14026
v -39.254944 176.30286 11.700119
v -39.254944 162.39618 136.86032
v -39.254944 113.72275 136.86032
v -39.254944 113.72275 11.700119
v -46.208282 169.34952 122.95364
v -60.114975 176.30286 81.23355
v -60.114975 176.30286 11.700119
v -67.06831 176.30286 60.373535
v -67.06831 176.30286 39.51349
v -60.114975 169.34952 129.90698
v -74.02167 169.34952 129.90698
v -74.02167 169.34952 39.51349
v -74.02167 162.39618 136.86032
v -74.02167 141.53613 11.700119
v -74.02167 113.72275 136.86032
f 2818 2830 2813
f 2818 2813 2819
f 2829 2822 2816
f 2829 2816 2819
f 2829 2819 2813
f 2829 2827 2822
f 2815 2817 2818
f 2815 2818 2819
f 2815 2819 2816
f 2828 2826 2827
f 2828 2827 2829
f 2828 2829 2813
f 2828 2813 2830
f 2828 2830 2818
f 2828 2818 2817
f 2828 2817 2825
f 2828 2825 2826
f 2820 2825 2817
f 2820 2817 2815
f 2820 2815 2825
f 2814 2821 2826
f 2814 2826 2825
f 2814 2825 2815
f 2823 2826 2821
f 2824 2823 2821
f 2824 2821 2814
f 2824 2814 2815
f 2824 2815 2816
f 2824 2816 2822
f 2824 2822 2827
f 2824 2827 2826
f 2824 2826 2823
o hull_151
v -53.16162 176.30286 46.466827
v 16.371826 218.02292 67.32687
v 16.371826 218.02292 46.466827
v -53.16162 183.2562 46.466827
v 16.371826 211.06958 88.18692
v 16.371826 204.11624 95.14026
v 16.371826 176.30286 95.14026
v 16.371826 176.30286 46.466827
v 2.4651337 218.02292 67.32687
v 2.4651337 218.02292 46.466827
v -4.48822 211.06958 88.18692
v -11.441559 204.11624 95.14026
v -18.394897 211.06958 74.28021
v -18.394897 211.06958 46.466827
v -18.394897 204.11624 88.18692
v -32.30159 183.2562 95.14026
v -32.30159 176.30286 95.14026
v -39.254944 197.1629 53.420197
v -39.254944 197.1629 46.466827
v -46.208282 183.2562 81.23355
v -53.16162 176.30286 67.32687
v -46.208282 176.30286 81.23355
v -53.16162 183.2562 67.32687
f 2832 2835 2836
f 2832 2836 2837
f 2832 2837 2838
f 2832 2838 2833
f 2841 2845 2842
f 2841 2842 2836
f 2841 2836 2835
f 2841 2835 2832
f 2841 2832 2839
f 2843 2845 2841
f 2843 2841 2839
f 2852 2851 2831
f 2852 2831 2838
f 2852 2838 2837
f 2852 2837 2847
f 2846 2847 2837
f 2846 2837 2836
f 2846 2836 2842
f 2846 2842 2845
f 2834 2831 2851
f 2834 2851 2853
f 2848 2849 2834
f 2848 2834 2853
f 2848 2853 2843
f 2848 2843 2844
f 2848 2844 2849
f 2850 2846 2845
f 2850 2845 2843
f 2850 2843 2853
f 2850 2853 2851
f 2850 2851 2852
f 2850 2852 2847
f 2850 2847 2846
f 2840 2844 2843
f 2840 2843 2839
f 2840 2839 2832
f 2840 2832 2833
f 2840 2833 2838
f 2840 2838 2831
f 2840 2831 2834
f 2840 2834 2849
f 2840 2849 2844
o hull_152
v -25.348251 176.30286 95.14026
v 16.371826 204.11624 102.0936
v 16.371826 204.11624 95.14026
v -25.348251 183.2562 95.14026
v -25.348251 176.30286 102.0936
v 9.418472 190.20953 116.000275
v 16.371826 190.20953 116.000275
v -25.348251 183.2562 102.0936
v 16.371826 176.30286 116.000275
v 16.371826 176.30286 95.14026
v -4.48822 204.11624 102.0936
v -4.48822 204.11624 95.14026
v -4.48822 197.1629 109.046936
v -4.48822 183.2562 116.000275
v -4.48822 176.30286 116.000275
v -18.394897 183.2562 109.046936
v -18.394897 176.30286 109.046936
f 2860 2855 2866
f 2864 2866 2855
f 2856 2865 2864
f 2856 2864 2855
f 2856 2855 2860
f 2856 2860 2862
f 2856 2862 2863
f 2861 2866 2864
f 2857 2861 2864
f 2857 2864 2865
f 2857 2865 2856
f 2857 2856 2863
f 2857 2863 2854
f 2858 2861 2857
f 2858 2857 2854
f 2859 2867 2868
f 2859 2868 2862
f 2859 2862 2860
f 2859 2860 2866
f 2859 2866 2867
f 2870 2858 2854
f 2870 2854 2863
f 2870 2863 2862
f 2870 2862 2868
f 2869 2870 2868
f 2869 2868 2867
f 2869 2867 2866
f 2869 2866 2861
f 2869 2861 2858
f 2869 2858 2870
o hull_153
o hull_154
o hull_155
v -94.8817 -101.83094 -169.08685
v -60.114975 -87.92424 -162.13351
v -60.114975 -87.92424 -196.90024
v -60.114975 -101.83094 -196.90024
v -94.8817 -101.83094 -162.13351
v -67.06831 -101.83094 -196.90024
v -60.114975 -122.69097 -162.13351
v -60.114975 -122.69097 -182.99355
v -94.8817 -94.877594 -182.99355
v -67.06831 -122.69097 -182.99355
v -74.02167 -87.92424 -196.90024
v -94.8817 -87.92424 -182.99355
v -74.02167 -94.877594 -196.90024
v -74.02167 -108.78428 -189.94688
v -80.975006 -122.69097 -162.13351
v -80.975006 -122.69097 -169.08685
v -87.928345 -87.92424 -189.94688
v -87.928345 -94.877594 -189.94688
v -87.928345 -115.737625 -162.13351
v -87.928345 -115.737625 -169.08685
v -94.8817 -87.92424 -162.13351
f 2874 2873 2872
f 2874 2872 2877
f 2874 2877 2878
f 2886 2880 2878
f 2886 2878 2877
f 2886 2877 2885
f 2876 2874 2878
f 2876 2878 2880
f 2876 2883 2881
f 2876 2881 2873
f 2876 2873 2874
f 2879 2880 2886
f 2879 2871 2875
f 2879 2875 2891
f 2879 2891 2882
f 2887 2888 2879
f 2887 2879 2882
f 2887 2882 2891
f 2887 2891 2872
f 2887 2872 2873
f 2887 2873 2881
f 2887 2881 2883
f 2887 2883 2888
f 2890 2871 2879
f 2890 2879 2886
f 2884 2876 2880
f 2884 2880 2879
f 2884 2879 2888
f 2884 2888 2883
f 2884 2883 2876
f 2889 2890 2886
f 2889 2886 2885
f 2889 2885 2877
f 2889 2877 2872
f 2889 2872 2891
f 2889 2891 2875
f 2889 2875 2871
f 2889 2871 2890
o hull_156
v -60.114975 -122.69097 -182.99355
v -11.441559 -87.92424 -162.13351
v -11.441559 -87.92424 -203.85358
v -11.441559 -101.83094 -203.85358
v -11.441559 -115.737625 -196.90024
v -11.441559 -122.69097 -162.13351
v -11.441559 -122.69097 -189.94688
v -25.348251 -101.83094 -203.85358
v -32.30159 -115.737625 -196.90024
v -46.208282 -122.69097 -189.94688
v -53.16162 -87.92424 -203.85358
v -53.16162 -94.877594 -203.85358
v -53.16162 -108.78428 -196.90024
v -60.114975 -87.92424 -162.13351
v -60.114975 -87.92424 -196.90024
v -60.114975 -101.83094 -196.90024
v -60.114975 -115.737625 -189.94688
v -60.114975 -122.69097 -162.13351
f 2892 2901 2898
f 2892 2898 2897
f 2892 2897 2909
f 2905 2909 2897
f 2905 2897 2893
f 2908 2907 2904
f 2908 2904 2901
f 2908 2901 2892
f 2900 2901 2904
f 2906 2907 2908
f 2906 2908 2892
f 2906 2892 2909
f 2906 2909 2905
f 2906 2905 2893
f 2906 2893 2894
f 2906 2894 2902
f 2903 2900 2904
f 2903 2904 2907
f 2903 2907 2906
f 2903 2906 2902
f 2896 2895 2894
f 2896 2894 2893
f 2896 2893 2897
f 2896 2897 2898
f 2896 2898 2901
f 2896 2901 2900
f 2899 2903 2902
f 2899 2902 2894
f 2899 2894 2895
f 2899 2895 2896
f 2899 2896 2900
f 2899 2900 2903
o hull_157
v -115.74173 -74.01756 -182.99355
v -74.02167 -25.344147 -162.13351
v -74.02167 -25.344147 -210.80692
v -74.02167 -46.204178 -210.80692
v -80.975006 -46.204178 -210.80692
v -74.02167 -74.01756 -203.85358
v -80.975006 -74.01756 -203.85358
v -74.02167 -87.92424 -162.13351
v -74.02167 -87.92424 -196.90024
v -80.975006 -87.92424 -196.90024
v -87.928345 -25.344147 -210.80692
v -87.928345 -32.297485 -210.80692
v -87.928345 -67.06421 -203.85358
v -94.8817 -87.92424 -189.94688
v -101.835045 -39.25084 -203.85358
v -101.835045 -67.06421 -196.90024
v -101.835045 -87.92424 -162.13351
v -101.835045 -87.92424 -182.99355
v -108.78838 -53.157516 -196.90024
v -108.78838 -74.01756 -189.94688
v -115.74173 -74.01756 -162.13351
v -115.74173 -25.344147 -162.13351
v -115.74173 -25.344147 -196.90024
v -115.74173 -32.297485 -196.90024
v -115.74173 -60.11087 -189.94688
f 2912 2920 2932
f 2912 2932 2931
f 2912 2931 2911
f 2926 2917 2911
f 2926 2911 2931
f 2926 2931 2930
f 2934 2928 2925
f 2924 2932 2920
f 2924 2922 2925
f 2924 2925 2928
f 2915 2913 2912
f 2915 2912 2911
f 2915 2911 2917
f 2915 2917 2918
f 2914 2922 2924
f 2927 2923 2919
f 2927 2919 2918
f 2927 2918 2917
f 2927 2917 2926
f 2927 2926 2930
f 2927 2930 2910
f 2927 2910 2923
f 2929 2925 2919
f 2929 2919 2923
f 2929 2923 2910
f 2929 2910 2934
f 2929 2934 2925
f 2933 2934 2910
f 2933 2910 2930
f 2933 2930 2931
f 2933 2931 2932
f 2933 2932 2924
f 2933 2924 2928
f 2933 2928 2934
f 2916 2915 2918
f 2916 2918 2919
f 2916 2919 2925
f 2916 2925 2922
f 2916 2922 2914
f 2916 2914 2913
f 2916 2913 2915
f 2921 2914 2924
f 2921 2924 2920
f 2921 2920 2912
f 2921 2912 2913
f 2921 2913 2914
o hull_158
v -74.02167 -87.92424 -196.90024
v -32.30159 -25.344147 -162.13351
v -32.30159 -25.344147 -210.80692
v -32.30159 -46.204178 -210.80692
v -32.30159 -87.92424 -162.13351
v -32.30159 -87.92424 -203.85358
v -39.254944 -25.344147 -217.76027
v -39.254944 -32.297485 -217.76027
v -39.254944 -67.06421 -210.80692
v -46.208282 -39.25084 -217.76027
v -60.114975 -39.25084 -217.76027
v -60.114975 -87.92424 -203.85358
v -67.06831 -25.344147 -217.76027
v -67.06831 -32.297485 -217.76027
v -67.06831 -67.06421 -210.80692
v -74.02167 -25.344147 -162.13351
v -74.02167 -25.344147 -210.80692
v -74.02167 -60.11087 -210.80692
v -74.02167 -80.9709 -203.85358
v -74.02167 -87.92424 -162.13351
f 2954 2939 2936
f 2954 2936 2950
f 2937 2936 2939
f 2937 2939 2940
f 2937 2940 2938
f 2946 2940 2939
f 2946 2939 2954
f 2946 2954 2935
f 2941 2947 2951
f 2941 2951 2950
f 2941 2950 2936
f 2941 2936 2937
f 2953 2946 2935
f 2953 2935 2954
f 2953 2954 2950
f 2953 2950 2951
f 2953 2951 2952
f 2948 2945 2952
f 2948 2952 2951
f 2948 2951 2947
f 2942 2941 2937
f 2942 2937 2938
f 2942 2938 2940
f 2942 2944 2945
f 2942 2945 2948
f 2942 2948 2947
f 2942 2947 2941
f 2943 2944 2942
f 2943 2942 2940
f 2949 2952 2945
f 2949 2945 2944
f 2949 2944 2943
f 2949 2943 2940
f 2949 2940 2946
f 2949 2946 2953
f 2949 2953 2952
o hull_159
o hull_160
v -171.36848 -74.01756 -134.32013
v -143.55511 -60.11087 -127.36678
v -150.50845 -60.11087 -155.18016
v -143.55511 -60.11087 -155.18016
v -171.36848 -74.01756 -127.36678
v -143.55511 -67.06421 -155.18016
v -150.50845 -67.06421 -155.18016
v -143.55511 -80.9709 -127.36678
v -143.55511 -80.9709 -134.32013
v -164.41515 -80.9709 -127.36678
v -164.41515 -80.9709 -134.32013
v -171.36848 -60.11087 -134.32013
v -171.36848 -60.11087 -127.36678
f 2955 2965 2964
f 2955 2964 2959
f 2967 2966 2955
f 2967 2955 2959
f 2967 2959 2964
f 2967 2964 2962
f 2967 2962 2956
f 2963 2960 2958
f 2963 2958 2956
f 2963 2956 2962
f 2963 2962 2964
f 2963 2964 2965
f 2957 2966 2967
f 2957 2967 2956
f 2957 2956 2958
f 2961 2957 2958
f 2961 2958 2960
f 2961 2960 2963
f 2961 2963 2965
f 2961 2965 2955
f 2961 2955 2966
f 2961 2966 2957
o hull_161
v -178.32184 -53.157516 -134.32013
v -143.55511 2.4692383 -127.36678
v -143.55511 2.4692383 -162.13351
v -143.55511 -60.11087 -127.36678
v -178.32184 -53.157516 -127.36678
v -143.55511 -60.11087 -162.13351
v -150.50845 -60.11087 -162.13351
v -157.46179 2.4692383 -162.13351
v -157.46179 -46.204178 -162.13351
v -164.41515 -46.204178 -155.18016
v -171.36848 2.4692383 -148.2268
v -171.36848 -60.11087 -127.36678
v -171.36848 -60.11087 -141.27347
v -178.32184 2.4692383 -127.36678
v -178.32184 2.4692383 -134.32013
v -178.32184 -4.4841156 -141.27347
v -178.32184 -32.297485 -141.27347
f 2973 2970 2969
f 2973 2969 2971
f 2976 2975 2970
f 2976 2970 2973
f 2976 2973 2974
f 2978 2983 2982
f 2978 2982 2981
f 2978 2981 2969
f 2978 2969 2970
f 2978 2970 2975
f 2978 2975 2983
f 2979 2971 2969
f 2979 2969 2981
f 2979 2981 2972
f 2977 2976 2974
f 2980 2979 2972
f 2980 2972 2968
f 2980 2968 2977
f 2980 2977 2974
f 2980 2974 2973
f 2980 2973 2971
f 2980 2971 2979
f 2984 2977 2968
f 2984 2968 2972
f 2984 2972 2981
f 2984 2981 2982
f 2984 2982 2983
f 2984 2983 2975
f 2984 2975 2976
f 2984 2976 2977
o hull_162
v -143.55511 -74.01756 -141.27347
v -136.60178 -74.01756 -141.27347
v -143.55511 2.4692383 -127.36678
v -136.60178 2.4692383 -127.36678
v -143.55511 2.4692383 -162.13351
v -136.60178 2.4692383 -162.13351
v -136.60178 -67.06421 -162.13351
v -143.55511 -67.06421 -162.13351
v -136.60178 -74.01756 -127.36678
v -143.55511 -74.01756 -127.36678
f 2985 2994 2987
f 2985 2987 2989
f 2985 2989 2992
f 2991 2992 2989
f 2991 2989 2990
f 2988 2990 2989
f 2988 2989 2987
f 2988 2987 2994
f 2988 2994 2993
f 2986 2991 2990
f 2986 2990 2988
f 2986 2988 2993
f 2986 2993 2994
f 2986 2994 2985
f 2986 2985 2992
f 2986 2992 2991
o hull_163
v -136.60178 -74.01756 -141.27347
v -108.78838 2.4692383 -127.36678
v -108.78838 2.4692383 -162.13351
v -108.78838 -74.01756 -162.13351
v -108.78838 -80.9709 -127.36678
v -115.74173 -80.9709 -127.36678
v -108.78838 -80.9709 -134.32013
v -115.74173 -80.9709 -134.32013
v -122.695076 -74.01756 -162.13351
v -136.60178 2.4692383 -127.36678
v -136.60178 2.4692383 -162.13351
v -136.60178 -67.06421 -162.13351
v -136.60178 -74.01756 -127.36678
f 2997 3005 3004
f 2997 3004 2996
f 3001 2998 2997
f 3001 2997 2996
f 3001 2996 2999
f 3000 3002 3001
f 3000 3001 2999
f 3000 2999 2996
f 3000 2996 3004
f 3000 3004 3007
f 3003 3006 3005
f 3003 3005 2997
f 3003 2997 2998
f 3003 2998 3001
f 3003 3001 3002
f 2995 3003 3002
f 2995 3002 3000
f 2995 3000 3007
f 2995 3007 3004
f 2995 3004 3005
f 2995 3005 3006
f 2995 3006 3003
o hull_164
v -206.13521 -46.204178 -85.64671
v -136.60178 2.4692383 -85.64671
v -136.60178 2.4692383 -127.36678
v -136.60178 -4.4841156 -78.693375
v -206.13521 -46.204178 -78.693375
v -136.60178 -80.9709 -127.36678
v -136.60178 -101.83094 -78.693375
v -136.60178 -101.83094 -113.46009
v -143.55511 -94.877594 -120.41344
v -164.41515 2.4692383 -85.64671
v -164.41515 -4.4841156 -78.693375
v -164.41515 -94.877594 -120.41344
v -164.41515 -101.83094 -113.46009
v -171.36848 -80.9709 -127.36678
v -178.32184 2.4692383 -99.553406
v -178.32184 2.4692383 -127.36678
v -178.32184 -67.06421 -127.36678
v -178.32184 -80.9709 -120.41344
v -178.32184 -101.83094 -99.553406
v -206.13521 -25.344147 -85.64671
v -185.27518 -4.4841156 -85.64671
v -185.27518 -11.437454 -127.36678
v -185.27518 -46.204178 -127.36678
v -206.13521 -25.344147 -78.693375
v -199.18187 -74.01756 -85.64671
v -185.27518 -101.83094 -78.693375
v -185.27518 -101.83094 -85.64671
v -192.22853 -4.4841156 -99.553406
v -199.18187 -74.01756 -78.693375
v -192.22853 -4.4841156 -106.50675
v -192.22853 -11.437454 -78.693375
v -192.22853 -18.390793 -120.41344
v -199.18187 -67.06421 -92.60005
v -192.22853 -32.297485 -120.41344
v -192.22853 -53.157516 -113.46009
v -192.22853 -67.06421 -106.50675
v -192.22853 -87.92424 -85.64671
v -199.18187 -18.390793 -99.553406
v -199.18187 -53.157516 -99.553406
f 3039 3037 3023
f 3042 3041 3030
f 3018 3017 3038
f 3009 3017 3018
f 3009 3018 3011
f 3009 3011 3014
f 3009 3014 3015
f 3009 3015 3013
f 3009 3013 3010
f 3032 3036 3012
f 3032 3012 3008
f 3032 3008 3040
f 3019 3025 3021
f 3028 3038 3017
f 3022 3028 3017
f 3022 3017 3009
f 3022 3009 3010
f 3022 3010 3023
f 3029 3039 3023
f 3029 3030 3041
f 3029 3041 3039
f 3046 3040 3008
f 3046 3008 3041
f 3046 3041 3042
f 3043 3032 3040
f 3043 3040 3046
f 3043 3046 3042
f 3043 3042 3030
f 3024 3025 3043
f 3024 3043 3030
f 3024 3030 3029
f 3024 3029 3023
f 3024 3023 3010
f 3024 3010 3013
f 3024 3013 3021
f 3024 3021 3025
f 3016 3019 3021
f 3016 3021 3013
f 3016 3013 3015
f 3045 3037 3039
f 3031 3012 3036
f 3031 3036 3033
f 3031 3033 3014
f 3031 3014 3011
f 3031 3011 3018
f 3031 3018 3038
f 3035 3028 3022
f 3035 3022 3023
f 3035 3023 3037
f 3035 3031 3038
f 3035 3038 3028
f 3044 3033 3036
f 3044 3036 3032
f 3020 3019 3016
f 3020 3016 3015
f 3026 3044 3032
f 3026 3032 3043
f 3026 3043 3025
f 3026 3025 3019
f 3026 3019 3020
f 3027 3031 3035
f 3027 3035 3037
f 3027 3037 3045
f 3027 3045 3039
f 3027 3039 3041
f 3027 3041 3008
f 3027 3008 3012
f 3027 3012 3031
f 3034 3026 3020
f 3034 3020 3015
f 3034 3015 3014
f 3034 3014 3033
f 3034 3033 3044
f 3034 3044 3026
o hull_165
v -136.60178 -136.59766 -85.64671
v -108.78838 -94.877594 -78.693375
v -115.74173 -94.877594 -120.41344
v -108.78838 -94.877594 -120.41344
v -136.60178 -136.59766 -78.693375
v -108.78838 -108.78428 -120.41344
v -115.74173 -108.78428 -120.41344
v -108.78838 -122.69097 -113.46009
v -136.60178 -129.64432 -99.553406
v -115.74173 -122.69097 -113.46009
v -108.78838 -136.59766 -78.693375
v -108.78838 -136.59766 -99.553406
v -115.74173 -136.59766 -99.553406
v -115.74173 -129.64432 -106.50675
v -122.695076 -129.64432 -106.50675
v -129.64842 -136.59766 -92.60005
v -136.60178 -94.877594 -78.693375
v -136.60178 -94.877594 -113.46009
v -136.60178 -101.83094 -113.46009
v -136.60178 -122.69097 -106.50675
f 3048 3063 3051
f 3048 3051 3057
f 3049 3064 3063
f 3049 3063 3048
f 3049 3048 3050
f 3053 3065 3064
f 3053 3064 3049
f 3061 3060 3058
f 3061 3058 3059
f 3061 3059 3055
f 3052 3053 3049
f 3052 3049 3050
f 3062 3047 3055
f 3062 3055 3059
f 3062 3059 3058
f 3062 3058 3057
f 3062 3057 3051
f 3062 3051 3047
f 3066 3061 3055
f 3066 3055 3047
f 3066 3047 3051
f 3066 3051 3063
f 3066 3063 3064
f 3066 3064 3065
f 3066 3065 3053
f 3054 3052 3050
f 3054 3050 3048
f 3054 3048 3057
f 3054 3057 3058
f 3054 3058 3060
f 3056 3054 3060
f 3056 3060 3061
f 3056 3061 3066
f 3056 3066 3053
f 3056 3053 3052
f 3056 3052 3054
o hull_166
v -136.60178 -94.877594 -113.46009
v -108.78838 2.4692383 -92.60005
v -108.78838 2.4692383 -127.36678
v -108.78838 -11.437454 -85.64671
v -108.78838 -39.25084 -78.693375
v -108.78838 -87.92424 -127.36678
v -115.74173 -87.92424 -127.36678
v -108.78838 -94.877594 -78.693375
v -108.78838 -94.877594 -120.41344
v -115.74173 -94.877594 -120.41344
v -115.74173 2.4692383 -85.64671
v -122.695076 -18.390793 -78.693375
v -136.60178 2.4692383 -85.64671
v -136.60178 2.4692383 -127.36678
v -136.60178 -11.437454 -78.693375
v -129.64842 -11.437454 -78.693375
v -136.60178 -80.9709 -127.36678
v -136.60178 -94.877594 -78.693375
f 3073 3083 3080
f 3073 3080 3069
f 3073 3069 3072
f 3081 3079 3080
f 3081 3080 3083
f 3081 3083 3067
f 3081 3067 3084
f 3076 3075 3074
f 3076 3074 3084
f 3076 3084 3067
f 3076 3067 3083
f 3076 3083 3073
f 3076 3073 3072
f 3076 3072 3075
f 3077 3068 3069
f 3077 3069 3080
f 3077 3080 3079
f 3078 3071 3077
f 3070 3077 3071
f 3070 3071 3074
f 3070 3074 3075
f 3070 3075 3072
f 3070 3072 3069
f 3070 3069 3068
f 3070 3068 3077
f 3082 3078 3077
f 3082 3077 3079
f 3082 3079 3081
f 3082 3081 3084
f 3082 3084 3074
f 3082 3074 3071
f 3082 3071 3078
o hull_167
v -74.02167 -164.41104 -134.32013
v -67.06831 -164.41104 -134.32013
v -67.06831 -157.4577 -134.32013
v -74.02167 -157.4577 -134.32013
v -74.02167 -157.4577 -99.553406
v -67.06831 -157.4577 -99.553406
v -67.06831 -164.41104 -99.553406
v -74.02167 -164.41104 -99.553406
f 3088 3087 3086
f 3088 3086 3085
f 3091 3092 3085
f 3091 3085 3086
f 3090 3091 3086
f 3090 3086 3087
f 3089 3090 3087
f 3089 3087 3088
f 3089 3088 3085
f 3089 3085 3092
f 3089 3092 3091
f 3089 3091 3090
o hull_168
v -67.06831 -171.36438 -134.32013
v -18.394897 -157.4577 -99.553406
v -18.394897 -157.4577 -155.18016
v -18.394897 -164.41104 -155.18016
v -18.394897 -185.27107 -99.553406
v -18.394897 -185.27107 -134.32013
v -25.348251 -185.27107 -134.32013
v -18.394897 -192.22443 -106.50675
v -25.348251 -192.22443 -106.50675
v -18.394897 -192.22443 -120.41344
v -25.348251 -192.22443 -120.41344
v -25.348251 -157.4577 -92.60005
v -25.348251 -164.41104 -92.60005
v -46.208282 -157.4577 -155.18016
v -46.208282 -164.41104 -155.18016
v -46.208282 -185.27107 -127.36678
v -53.16162 -185.27107 -99.553406
v -53.16162 -185.27107 -120.41344
v -60.114975 -157.4577 -148.2268
v -60.114975 -164.41104 -148.2268
v -60.114975 -171.36438 -141.27347
v -67.06831 -157.4577 -92.60005
v -67.06831 -164.41104 -92.60005
v -67.06831 -157.4577 -141.27347
v -67.06831 -164.41104 -141.27347
v -67.06831 -171.36438 -99.553406
f 3118 3109 3115
f 3118 3093 3110
f 3118 3110 3109
f 3097 3105 3115
f 3097 3115 3109
f 3104 3114 3115
f 3104 3115 3105
f 3104 3105 3097
f 3104 3097 3094
f 3113 3093 3112
f 3117 3112 3093
f 3117 3093 3118
f 3117 3118 3115
f 3117 3115 3114
f 3117 3114 3116
f 3111 3112 3117
f 3111 3117 3116
f 3111 3116 3114
f 3111 3114 3104
f 3111 3104 3094
f 3111 3094 3095
f 3111 3095 3106
f 3108 3110 3093
f 3108 3093 3113
f 3103 3110 3108
f 3103 3108 3099
f 3103 3099 3098
f 3103 3098 3102
f 3096 3095 3094
f 3096 3094 3097
f 3096 3097 3100
f 3096 3100 3102
f 3096 3102 3098
f 3107 3106 3095
f 3107 3095 3096
f 3107 3096 3098
f 3107 3098 3099
f 3107 3099 3108
f 3107 3108 3113
f 3107 3113 3112
f 3107 3112 3111
f 3107 3111 3106
f 3101 3103 3102
f 3101 3102 3100
f 3101 3100 3097
f 3101 3097 3109
f 3101 3109 3110
f 3101 3110 3103
o hull_169
v -94.8817 -129.64432 -134.32013
v -18.394897 -115.737625 -127.36678
v -18.394897 -115.737625 -162.13351
v -18.394897 -157.4577 -127.36678
v -94.8817 -129.64432 -127.36678
v -18.394897 -157.4577 -162.13351
v -46.208282 -157.4577 -162.13351
v -60.114975 -150.50435 -162.13351
v -94.8817 -122.69097 -141.27347
v -60.114975 -157.4577 -155.18016
v -80.975006 -115.737625 -162.13351
v -94.8817 -115.737625 -141.27347
v -80.975006 -129.64432 -162.13351
v -80.975006 -157.4577 -127.36678
v -80.975006 -157.4577 -134.32013
v -87.928345 -115.737625 -155.18016
v -87.928345 -122.69097 -155.18016
v -94.8817 -115.737625 -127.36678
f 3122 3124 3121
f 3122 3121 3120
f 3123 3132 3122
f 3123 3122 3120
f 3123 3120 3136
f 3129 3131 3135
f 3129 3135 3134
f 3129 3134 3130
f 3129 3130 3136
f 3129 3136 3120
f 3129 3120 3121
f 3127 3130 3134
f 3127 3134 3135
f 3127 3135 3131
f 3127 3131 3119
f 3127 3119 3123
f 3127 3123 3136
f 3127 3136 3130
f 3133 3128 3125
f 3133 3125 3124
f 3133 3124 3122
f 3133 3122 3132
f 3133 3132 3123
f 3133 3123 3119
f 3133 3119 3131
f 3126 3125 3128
f 3126 3128 3133
f 3126 3133 3131
f 3126 3131 3129
f 3126 3129 3121
f 3126 3121 3124
f 3126 3124 3125
o hull_170
v -108.78838 -136.59766 -113.46009
v -18.394897 -115.737625 -92.60005
v -18.394897 -115.737625 -127.36678
v -18.394897 -129.64432 -92.60005
v -18.394897 -157.4577 -99.553406
v -18.394897 -157.4577 -127.36678
v -25.348251 -157.4577 -92.60005
v -32.30159 -115.737625 -78.693375
v -32.30159 -122.69097 -78.693375
v -39.254944 -136.59766 -78.693375
v -46.208282 -143.551 -78.693375
v -60.114975 -150.50435 -78.693375
v -80.975006 -150.50435 -78.693375
v -80.975006 -157.4577 -92.60005
v -80.975006 -157.4577 -127.36678
v -87.928345 -150.50435 -127.36678
v -101.835045 -115.737625 -127.36678
v -101.835045 -129.64432 -127.36678
v -101.835045 -143.551 -78.693375
v -101.835045 -143.551 -113.46009
v -108.78838 -115.737625 -78.693375
v -108.78838 -115.737625 -120.41344
v -108.78838 -122.69097 -120.41344
v -108.78838 -136.59766 -78.693375
f 3151 3156 3137
f 3140 3141 3142
f 3140 3142 3139
f 3140 3139 3138
f 3160 3137 3156
f 3160 3156 3155
f 3158 3157 3144
f 3158 3144 3138
f 3158 3138 3139
f 3158 3139 3153
f 3143 3141 3140
f 3152 3154 3153
f 3152 3153 3139
f 3152 3139 3142
f 3152 3142 3151
f 3152 3151 3137
f 3152 3137 3154
f 3159 3154 3137
f 3159 3137 3160
f 3159 3160 3157
f 3159 3157 3158
f 3159 3158 3153
f 3159 3153 3154
f 3150 3151 3142
f 3150 3142 3141
f 3150 3141 3143
f 3150 3143 3148
f 3150 3148 3149
f 3150 3149 3155
f 3150 3155 3156
f 3150 3156 3151
f 3147 3143 3146
f 3147 3148 3143
f 3145 3143 3140
f 3145 3140 3138
f 3145 3138 3144
f 3145 3144 3157
f 3145 3157 3160
f 3145 3160 3155
f 3145 3155 3149
f 3145 3149 3148
f 3145 3148 3147
f 3145 3147 3146
f 3145 3146 3143
o hull_171
v -18.394897 -185.27107 -134.32013
v 51.138535 -136.59766 -134.32013
v 51.138535 -143.551 -134.32013
v 51.138535 -136.59766 -162.13351
v 51.138535 -150.50435 -141.27347
v 51.138535 -150.50435 -162.13351
v 37.231857 -136.59766 -120.41344
v 37.231857 -157.4577 -120.41344
v 37.231857 -157.4577 -162.13351
v 37.231857 -164.41104 -155.18016
v 30.278503 -178.31773 -120.41344
v 30.278503 -178.31773 -134.32013
v -18.394897 -185.27107 -120.41344
v 23.325165 -185.27107 -120.41344
v 23.325165 -185.27107 -127.36678
v 16.371826 -185.27107 -134.32013
v -18.394897 -136.59766 -120.41344
v -18.394897 -136.59766 -162.13351
v -18.394897 -157.4577 -162.13351
f 3161 3173 3177
f 3161 3177 3178
f 3161 3178 3179
f 3161 3179 3169
f 3161 3169 3176
f 3166 3169 3179
f 3166 3179 3178
f 3166 3178 3164
f 3170 3176 3169
f 3170 3169 3166
f 3162 3164 3178
f 3162 3178 3177
f 3162 3177 3167
f 3168 3163 3162
f 3168 3162 3167
f 3165 3166 3164
f 3165 3164 3162
f 3165 3162 3163
f 3172 3170 3166
f 3172 3176 3170
f 3171 3165 3163
f 3171 3163 3168
f 3171 3168 3167
f 3171 3167 3177
f 3171 3177 3173
f 3171 3173 3174
f 3171 3172 3166
f 3171 3166 3165
f 3175 3172 3171
f 3175 3171 3174
f 3175 3174 3173
f 3175 3173 3161
f 3175 3161 3176
f 3175 3176 3172
o hull_172
v -18.394897 -192.22443 -120.41344
v 30.278503 -136.59766 -113.46009
v 30.278503 -136.59766 -120.41344
v 30.278503 -150.50435 -106.50675
v 30.278503 -178.31773 -106.50675
v 30.278503 -178.31773 -120.41344
v 23.325165 -157.4577 -99.553406
v 23.325165 -185.27107 -99.553406
v 16.371826 -136.59766 -106.50675
v 16.371826 -150.50435 -99.553406
v 16.371826 -192.22443 -106.50675
v 16.371826 -192.22443 -120.41344
v -18.394897 -192.22443 -106.50675
v 2.4651337 -143.551 -99.553406
v -18.394897 -136.59766 -99.553406
v -11.441559 -136.59766 -99.553406
v -18.394897 -136.59766 -120.41344
v -18.394897 -185.27107 -99.553406
f 3197 3194 3196
f 3197 3196 3180
f 3197 3180 3192
f 3190 3187 3197
f 3190 3197 3192
f 3184 3187 3190
f 3191 3190 3192
f 3191 3192 3180
f 3191 3180 3196
f 3191 3196 3182
f 3191 3182 3185
f 3191 3185 3184
f 3191 3184 3190
f 3183 3181 3186
f 3183 3186 3187
f 3183 3187 3184
f 3183 3184 3185
f 3183 3185 3182
f 3183 3182 3181
f 3195 3193 3188
f 3195 3188 3181
f 3195 3181 3182
f 3195 3182 3196
f 3195 3196 3194
f 3189 3193 3195
f 3189 3195 3194
f 3189 3194 3197
f 3189 3197 3187
f 3189 3187 3186
f 3189 3186 3181
f 3189 3181 3188
f 3189 3188 3193
o hull_173
v -108.78838 -115.737625 -120.41344
v -74.02167 -11.437454 -92.60005
v -74.02167 -11.437454 -162.13351
v -80.975006 -32.297485 -78.693375
v -74.02167 -32.297485 -78.693375
v -74.02167 -115.737625 -78.693375
v -74.02167 -115.737625 -162.13351
v -87.928345 -115.737625 -162.13351
v -108.78838 -11.437454 -92.60005
v -108.78838 -11.437454 -162.13351
v -108.78838 -39.25084 -78.693375
v -108.78838 -80.9709 -162.13351
v -108.78838 -115.737625 -78.693375
f 3199 3200 3207
f 3199 3207 3206
f 3205 3209 3207
f 3205 3207 3200
f 3205 3200 3204
f 3205 3198 3209
f 3210 3198 3205
f 3210 3205 3204
f 3210 3204 3203
f 3202 3203 3204
f 3202 3204 3200
f 3202 3200 3199
f 3208 3206 3207
f 3208 3207 3209
f 3208 3209 3198
f 3208 3198 3210
f 3201 3208 3210
f 3201 3210 3203
f 3201 3203 3202
f 3201 3202 3199
f 3201 3199 3206
f 3201 3206 3208
o hull_174
v -108.78838 -11.437454 -162.13351
v -74.02167 30.282608 -99.553406
v -74.02167 30.282608 -162.13351
v -74.02167 -11.437454 -99.553406
v -74.02167 -11.437454 -162.13351
v -108.78838 30.282608 -85.64671
v -101.835045 30.282608 -85.64671
v -101.835045 23.32927 -85.64671
v -108.78838 23.32927 -85.64671
v -108.78838 30.282608 -162.13351
v -101.835045 -11.437454 -92.60005
v -108.78838 -11.437454 -92.60005
f 3213 3215 3211
f 3213 3211 3220
f 3214 3215 3213
f 3214 3213 3212
f 3217 3218 3214
f 3217 3214 3212
f 3217 3212 3213
f 3217 3213 3220
f 3217 3220 3216
f 3219 3218 3217
f 3219 3217 3216
f 3219 3216 3220
f 3219 3220 3211
f 3219 3211 3222
f 3221 3214 3218
f 3221 3218 3219
f 3221 3219 3222
f 3221 3222 3211
f 3221 3211 3215
f 3221 3215 3214
o hull_175
v 9.418472 -115.737625 -162.13351
v 37.231857 -4.4841156 -113.46009
v 30.278503 -4.4841156 -162.13351
v 37.231857 -4.4841156 -162.13351
v 37.231857 -115.737625 -113.46009
v 37.231857 -115.737625 -162.13351
v 30.278503 2.4692383 -113.46009
v 30.278503 2.4692383 -127.36678
v 9.418472 9.422577 -113.46009
v 16.371826 9.422577 -113.46009
v 9.418472 9.422577 -127.36678
v 16.371826 9.422577 -127.36678
v 9.418472 2.4692383 -141.27347
v 9.418472 -18.390793 -162.13351
v 9.418472 -115.737625 -113.46009
f 3227 3237 3223
f 3227 3223 3228
f 3235 3225 3236
f 3226 3224 3227
f 3226 3227 3228
f 3226 3228 3223
f 3226 3223 3236
f 3226 3236 3225
f 3234 3230 3226
f 3229 3232 3231
f 3229 3231 3237
f 3229 3237 3227
f 3229 3227 3224
f 3229 3224 3226
f 3229 3226 3230
f 3229 3230 3234
f 3229 3234 3232
f 3233 3234 3226
f 3233 3226 3225
f 3233 3225 3235
f 3233 3235 3236
f 3233 3236 3223
f 3233 3223 3237
f 3233 3237 3231
f 3233 3231 3232
f 3233 3232 3234
o hull_176
v 37.231857 -115.737625 -162.13351
v 44.185196 23.32927 -155.18016
v 51.138535 23.32927 -155.18016
v 44.185196 23.32927 -162.13351
v 51.138535 23.32927 -162.13351
v 44.185196 2.4692383 -113.46009
v 51.138535 2.4692383 -113.46009
v 51.138535 -108.78428 -113.46009
v 51.138535 -115.737625 -120.41344
v 51.138535 -115.737625 -162.13351
v 37.231857 9.422577 -155.18016
v 37.231857 9.422577 -162.13351
v 37.231857 2.4692383 -127.36678
v 37.231857 -4.4841156 -113.46009
v 44.185196 -115.737625 -113.46009
v 37.231857 -115.737625 -113.46009
f 3252 3246 3245
f 3252 3253 3238
f 3252 3238 3247
f 3252 3247 3246
f 3240 3244 3245
f 3240 3245 3246
f 3240 3246 3247
f 3240 3247 3242
f 3251 3253 3252
f 3251 3252 3245
f 3251 3245 3244
f 3251 3244 3243
f 3241 3242 3247
f 3241 3247 3238
f 3241 3238 3249
f 3250 3251 3243
f 3239 3250 3243
f 3239 3243 3244
f 3239 3244 3240
f 3239 3240 3242
f 3239 3242 3241
f 3248 3239 3241
f 3248 3241 3249
f 3248 3249 3238
f 3248 3238 3253
f 3248 3253 3251
f 3248 3251 3250
f 3248 3250 3239
o hull_177
v 9.418472 -115.737625 -113.46009
v 51.138535 -60.11087 -78.693375
v 51.138535 -60.11087 -113.46009
v 51.138535 -87.92424 -78.693375
v 51.138535 -101.83094 -99.553406
v 51.138535 -101.83094 -113.46009
v 37.231857 -115.737625 -106.50675
v 37.231857 -115.737625 -113.46009
v 23.325165 -94.877594 -78.693375
v 9.418472 -60.11087 -78.693375
v 9.418472 -60.11087 -113.46009
v 9.418472 -94.877594 -78.693375
v 9.418472 -115.737625 -99.553406
v 16.371826 -115.737625 -99.553406
v 16.371826 -101.83094 -85.64671
f 3263 3255 3256
f 3263 3256 3264
f 3266 3265 3263
f 3266 3263 3264
f 3266 3264 3254
f 3261 3254 3264
f 3261 3264 3256
f 3261 3256 3259
f 3268 3265 3266
f 3258 3260 3261
f 3258 3261 3259
f 3257 3260 3258
f 3257 3258 3259
f 3257 3259 3256
f 3257 3256 3255
f 3267 3268 3266
f 3267 3266 3254
f 3267 3254 3261
f 3267 3261 3260
f 3267 3260 3257
f 3262 3257 3255
f 3262 3255 3263
f 3262 3263 3265
f 3262 3265 3268
f 3262 3268 3267
f 3262 3267 3257
o hull_178
o hull_179
v -213.08856 -60.11087 -50.87999
v -206.13521 -60.11087 -50.87999
v -213.08856 -32.297485 -43.92665
v -206.13521 -32.297485 -43.92665
v -213.08856 -60.11087 -43.92665
v -206.13521 -60.11087 -43.92665
v -213.08856 -32.297485 -50.87999
v -206.13521 -32.297485 -50.87999
v -213.08856 -39.25084 -57.83333
v -206.13521 -39.25084 -57.83333
v -206.13521 -46.204178 -57.83333
v -213.08856 -46.204178 -57.83333
f 3279 3270 3269
f 3279 3269 3280
f 3275 3271 3272
f 3275 3272 3276
f 3274 3272 3271
f 3274 3271 3273
f 3274 3273 3269
f 3274 3269 3270
f 3277 3280 3269
f 3277 3269 3273
f 3277 3273 3271
f 3277 3271 3275
f 3278 3277 3275
f 3278 3275 3276
f 3278 3276 3272
f 3278 3272 3274
f 3278 3274 3270
f 3278 3270 3279
f 3278 3279 3280
f 3278 3280 3277
o hull_180
v -67.06831 -11.437454 -30.019958
v -32.30159 -4.4841156 -23.066605
v -32.30159 -4.4841156 -43.92665
v -67.06831 -4.4841156 -30.019958
v -67.06831 -11.437454 -23.066605
v -32.30159 -32.297485 -23.066605
v -39.254944 -32.297485 -23.066605
v -67.06831 -4.4841156 -23.066605
v -32.30159 -46.204178 -36.973297
v -39.254944 -46.204178 -36.973297
v -32.30159 -46.204178 -43.92665
v -39.254944 -46.204178 -43.92665
v -53.16162 -25.344147 -23.066605
v -53.16162 -25.344147 -43.92665
v -60.114975 -4.4841156 -43.92665
v -60.114975 -11.437454 -43.92665
f 3289 3290 3292
f 3289 3292 3291
f 3289 3291 3283
f 3289 3283 3282
f 3289 3282 3286
f 3287 3293 3290
f 3287 3290 3289
f 3287 3289 3286
f 3285 3281 3292
f 3285 3292 3290
f 3285 3290 3293
f 3285 3293 3287
f 3285 3287 3286
f 3285 3286 3282
f 3285 3282 3288
f 3284 3281 3285
f 3284 3285 3288
f 3284 3288 3282
f 3284 3282 3283
f 3284 3283 3295
f 3284 3295 3296
f 3284 3296 3281
f 3294 3292 3281
f 3294 3281 3296
f 3294 3296 3295
f 3294 3295 3283
f 3294 3283 3291
f 3294 3291 3292
o hull_181
v -74.02167 -25.344147 4.746765
v -32.30159 -4.4841156 11.700119
v -32.30159 -4.4841156 -23.066605
v -32.30159 -18.390793 11.700119
v -74.02167 -25.344147 11.700119
v -32.30159 -25.344147 -2.2065735
v -32.30159 -25.344147 -23.066605
v -46.208282 -25.344147 -23.066605
v -60.114975 -25.344147 11.700119
v -74.02167 -4.4841156 11.700119
v -74.02167 -4.4841156 -23.066605
v -74.02167 -11.437454 -23.066605
f 3307 3306 3298
f 3307 3298 3299
f 3302 3303 3299
f 3302 3299 3298
f 3302 3298 3300
f 3308 3307 3299
f 3308 3299 3303
f 3308 3303 3304
f 3305 3302 3300
f 3305 3300 3298
f 3305 3298 3306
f 3305 3306 3301
f 3297 3308 3304
f 3297 3304 3303
f 3297 3303 3302
f 3297 3302 3305
f 3297 3305 3301
f 3297 3301 3306
f 3297 3306 3307
f 3297 3307 3308
o hull_182
v -32.30159 -74.01756 -64.78668
v 9.418472 -4.4841156 -30.019958
v 9.418472 -4.4841156 -64.78668
v 9.418472 -53.157516 -30.019958
v -32.30159 -74.01756 -57.83333
v 9.418472 -67.06421 -43.92665
v 9.418472 -74.01756 -57.83333
v 9.418472 -74.01756 -64.78668
v -4.48822 -67.06421 -43.92665
v -11.441559 -53.157516 -30.019958
v -11.441559 -60.11087 -36.973297
v -25.348251 -46.204178 -30.019958
v -32.30159 -4.4841156 -30.019958
v -32.30159 -4.4841156 -64.78668
v -32.30159 -39.25084 -30.019958
v -32.30159 -67.06421 -50.87999
f 3322 3321 3310
f 3322 3310 3311
f 3322 3311 3316
f 3322 3316 3309
f 3315 3316 3311
f 3315 3311 3310
f 3315 3310 3312
f 3315 3312 3314
f 3313 3309 3316
f 3313 3316 3315
f 3313 3315 3314
f 3313 3314 3317
f 3319 3313 3317
f 3319 3317 3314
f 3319 3314 3312
f 3324 3323 3321
f 3324 3321 3322
f 3324 3322 3309
f 3324 3309 3313
f 3318 3319 3312
f 3318 3324 3313
f 3318 3313 3319
f 3320 3318 3312
f 3320 3312 3310
f 3320 3310 3321
f 3320 3321 3323
f 3320 3323 3324
f 3320 3324 3318
o hull_183
v 9.418472 -74.01756 -64.78668
v 44.185196 -4.4841156 -30.019958
v 44.185196 -4.4841156 -64.78668
v 44.185196 -67.06421 -30.019958
v 9.418472 -74.01756 -57.83333
v 44.185196 -74.01756 -50.87999
v 44.185196 -74.01756 -64.78668
v 23.325165 -67.06421 -30.019958
v 16.371826 -74.01756 -50.87999
v 9.418472 -4.4841156 -30.019958
v 9.418472 -4.4841156 -64.78668
v 9.418472 -60.11087 -30.019958
f 3335 3327 3331
f 3335 3331 3325
f 3326 3327 3335
f 3326 3335 3334
f 3332 3328 3326
f 3332 3326 3334
f 3332 3334 3336
f 3330 3331 3327
f 3330 3327 3326
f 3330 3326 3328
f 3329 3332 3336
f 3329 3336 3334
f 3329 3334 3335
f 3329 3335 3325
f 3333 3329 3325
f 3333 3325 3331
f 3333 3331 3330
f 3333 3330 3328
f 3333 3328 3332
f 3333 3332 3329
o hull_184
v -32.30159 -150.50435 25.606796
v 44.185196 -94.877594 46.466827
v 44.185196 -94.877594 -23.066605
v 44.185196 -150.50435 46.466827
v 44.185196 -150.50435 -23.066605
v 30.278503 -150.50435 -23.066605
v 16.371826 -150.50435 -16.113266
v 9.418472 -129.64432 -23.066605
v 2.4651337 -94.877594 -23.066605
v 2.4651337 -115.737625 -23.066605
v 2.4651337 -136.59766 -16.113266
v -4.48822 -122.69097 -16.113266
v -4.48822 -150.50435 -2.2065735
v -18.394897 -143.551 4.746765
v -32.30159 -94.877594 46.466827
v -32.30159 -94.877594 11.700119
v -32.30159 -122.69097 11.700119
v -32.30159 -143.551 18.653458
v -32.30159 -150.50435 46.466827
f 3340 3341 3339
f 3340 3339 3338
f 3340 3338 3351
f 3340 3351 3355
f 3345 3352 3351
f 3345 3351 3338
f 3345 3338 3339
f 3348 3344 3347
f 3348 3352 3345
f 3346 3348 3345
f 3346 3345 3339
f 3346 3339 3341
f 3346 3341 3342
f 3346 3342 3344
f 3346 3344 3348
f 3343 3342 3341
f 3343 3341 3340
f 3343 3340 3355
f 3343 3355 3337
f 3343 3337 3349
f 3343 3349 3347
f 3343 3347 3344
f 3343 3344 3342
f 3354 3349 3337
f 3353 3354 3337
f 3353 3337 3355
f 3353 3355 3351
f 3353 3351 3352
f 3353 3352 3348
f 3353 3348 3354
f 3350 3354 3348
f 3350 3348 3347
f 3350 3347 3349
f 3350 3349 3354
o hull_185
v -32.30159 -53.157516 39.51349
v 37.231857 -4.4841156 32.56015
v 44.185196 -4.4841156 32.56015
v -32.30159 -46.204178 39.51349
v -32.30159 -53.157516 46.466827
v 37.231857 -4.4841156 25.606796
v 44.185196 -4.4841156 25.606796
v -32.30159 -46.204178 46.466827
v -25.348251 -53.157516 32.56015
v 44.185196 -32.297485 46.466827
v 44.185196 -53.157516 46.466827
v -25.348251 -46.204178 32.56015
v 44.185196 -53.157516 25.606796
v 30.278503 -32.297485 46.466827
v -11.441559 -46.204178 25.606796
v -11.441559 -53.157516 25.606796
v -25.348251 -39.25084 46.466827
v -25.348251 -39.25084 39.51349
f 3369 3357 3372
f 3358 3357 3369
f 3358 3369 3365
f 3358 3365 3366
f 3358 3366 3368
f 3358 3368 3362
f 3361 3373 3372
f 3361 3372 3357
f 3361 3357 3358
f 3361 3358 3362
f 3363 3360 3366
f 3363 3366 3365
f 3363 3365 3369
f 3363 3369 3372
f 3370 3361 3362
f 3370 3362 3368
f 3370 3368 3371
f 3359 3363 3372
f 3359 3372 3373
f 3367 3359 3373
f 3367 3373 3361
f 3367 3361 3370
f 3367 3370 3371
f 3367 3371 3364
f 3356 3359 3367
f 3356 3367 3364
f 3356 3364 3371
f 3356 3371 3368
f 3356 3368 3366
f 3356 3366 3360
f 3356 3360 3363
f 3356 3363 3359
o hull_186
v 16.371826 -150.50435 46.466827
v 37.231857 -129.64432 116.000275
v 44.185196 -129.64432 116.000275
v 44.185196 -136.59766 116.000275
v 37.231857 -136.59766 116.000275
v 44.185196 -129.64432 46.466827
v 44.185196 -143.551 109.046936
v 37.231857 -143.551 109.046936
v 44.185196 -150.50435 95.14026
v 37.231857 -150.50435 95.14026
v 44.185196 -150.50435 46.466827
v 23.325165 -150.50435 88.18692
v 16.371826 -129.64432 95.14026
v 16.371826 -136.59766 95.14026
v 16.371826 -129.64432 46.466827
v 16.371826 -150.50435 81.23355
f 3388 3379 3384
f 3388 3384 3374
f 3386 3388 3374
f 3386 3374 3389
f 3386 3389 3387
f 3385 3378 3387
f 3385 3387 3389
f 3385 3389 3374
f 3385 3374 3384
f 3385 3384 3382
f 3385 3382 3383
f 3381 3378 3385
f 3381 3385 3383
f 3380 3381 3383
f 3380 3383 3382
f 3375 3386 3387
f 3375 3387 3378
f 3375 3376 3379
f 3375 3379 3388
f 3375 3388 3386
f 3377 3380 3382
f 3377 3382 3384
f 3377 3384 3379
f 3377 3379 3376
f 3377 3376 3375
f 3377 3375 3378
f 3377 3378 3381
f 3377 3381 3380
o hull_187
v -178.32184 44.1893 -50.87999
v -101.835045 51.14264 -43.92665
v -101.835045 51.14264 -78.693375
v -178.32184 51.14264 -50.87999
v -178.32184 44.1893 -43.92665
v -101.835045 30.282608 -78.693375
v -101.835045 23.32927 -43.92665
v -178.32184 51.14264 -43.92665
v -171.36848 30.282608 -50.87999
v -101.835045 23.32927 -50.87999
v -143.55511 30.282608 -78.693375
v -157.46179 51.14264 -78.693375
v -171.36848 30.282608 -43.92665
v -157.46179 44.1893 -78.693375
v -164.41515 51.14264 -71.74002
v -164.41515 44.1893 -71.74002
v -164.41515 23.32927 -43.92665
v -164.41515 23.32927 -50.87999
f 3398 3390 3405
f 3393 3404 3405
f 3393 3405 3390
f 3393 3390 3394
f 3393 3394 3397
f 3399 3395 3392
f 3399 3392 3391
f 3399 3391 3396
f 3402 3394 3390
f 3402 3390 3398
f 3402 3406 3396
f 3402 3396 3391
f 3402 3391 3397
f 3402 3397 3394
f 3401 3403 3405
f 3401 3405 3404
f 3401 3404 3393
f 3401 3393 3397
f 3401 3397 3391
f 3401 3391 3392
f 3407 3399 3396
f 3407 3396 3406
f 3407 3406 3402
f 3407 3402 3398
f 3400 3407 3398
f 3400 3398 3405
f 3400 3405 3403
f 3400 3403 3401
f 3400 3401 3392
f 3400 3392 3395
f 3400 3395 3399
f 3400 3399 3407
o hull_188
v -101.835045 23.32927 -50.87999
v -74.02167 51.14264 -43.92665
v -74.02167 51.14264 -78.693375
v -74.02167 37.235962 -78.693375
v -101.835045 23.32927 -43.92665
v -74.02167 16.37593 -43.92665
v -80.975006 16.37593 -43.92665
v -74.02167 16.37593 -50.87999
v -80.975006 16.37593 -50.87999
v -101.835045 51.14264 -43.92665
v -101.835045 51.14264 -78.693375
v -101.835045 37.235962 -78.693375
f 3409 3410 3418
f 3409 3418 3417
f 3419 3418 3410
f 3419 3410 3411
f 3419 3416 3408
f 3419 3408 3412
f 3419 3412 3417
f 3419 3417 3418
f 3415 3416 3419
f 3415 3419 3411
f 3415 3411 3410
f 3415 3410 3409
f 3415 3409 3413
f 3414 3416 3415
f 3414 3415 3413
f 3414 3413 3409
f 3414 3409 3417
f 3414 3417 3412
f 3414 3412 3408
f 3414 3408 3416
o hull_189
v -101.835045 -4.4841156 -16.113266
v -74.02167 51.14264 74.28021
v -74.02167 51.14264 -43.92665
v -74.02167 16.37593 -43.92665
v -74.02167 -4.4841156 74.28021
v -74.02167 -4.4841156 -23.066605
v -94.8817 16.37593 -43.92665
v -94.8817 -4.4841156 -23.066605
v -101.835045 51.14264 74.28021
v -101.835045 51.14264 -43.92665
v -101.835045 23.32927 -43.92665
v -101.835045 -4.4841156 74.28021
f 3428 3421 3422
f 3428 3422 3429
f 3424 3421 3428
f 3424 3428 3431
f 3427 3425 3424
f 3427 3424 3431
f 3427 3431 3420
f 3430 3427 3420
f 3430 3420 3431
f 3430 3431 3428
f 3430 3428 3429
f 3423 3422 3421
f 3423 3421 3424
f 3423 3424 3425
f 3426 3430 3429
f 3426 3429 3422
f 3426 3422 3423
f 3426 3423 3425
f 3426 3425 3427
f 3426 3427 3430
o hull_190
o hull_191
v 2.4651337 30.282608 -78.693375
v 44.185196 72.002686 -30.019958
v 37.231857 72.002686 -50.87999
v 44.185196 72.002686 -50.87999
v 44.185196 65.04935 -57.83333
v 44.185196 44.1893 -71.74002
v 44.185196 30.282608 -30.019958
v 44.185196 30.282608 -71.74002
v 23.325165 58.09601 -64.78668
v 23.325165 37.235962 -78.693375
v 23.325165 30.282608 -78.693375
v 2.4651337 72.002686 -30.019958
v 2.4651337 72.002686 -43.92665
v 2.4651337 65.04935 -57.83333
v 2.4651337 44.1893 -78.693375
v 9.418472 44.1893 -78.693375
v 2.4651337 30.282608 -30.019958
f 3438 3433 3443
f 3438 3443 3448
f 3442 3439 3438
f 3442 3438 3448
f 3442 3448 3432
f 3447 3446 3440
f 3447 3441 3442
f 3447 3442 3432
f 3447 3432 3446
f 3445 3434 3440
f 3445 3440 3446
f 3445 3446 3432
f 3445 3432 3448
f 3445 3448 3443
f 3445 3443 3444
f 3445 3444 3434
f 3436 3447 3440
f 3435 3436 3440
f 3435 3440 3434
f 3435 3434 3444
f 3435 3444 3443
f 3435 3443 3433
f 3437 3436 3435
f 3437 3435 3433
f 3437 3433 3438
f 3437 3438 3439
f 3437 3439 3442
f 3437 3442 3441
f 3437 3441 3447
f 3437 3447 3436
o hull_192
v -171.36848 65.04935 74.28021
v -87.928345 85.90936 109.046936
v -87.928345 85.90936 74.28021
v -171.36848 72.002686 74.28021
v -87.928345 72.002686 116.000275
v -87.928345 65.04935 116.000275
v -87.928345 65.04935 74.28021
v -115.74173 85.90936 109.046936
v -143.55511 85.90936 102.0936
v -150.50845 72.002686 116.000275
v -150.50845 65.04935 116.000275
v -157.46179 85.90936 88.18692
v -157.46179 85.90936 74.28021
v -164.41515 78.956024 74.28021
v -171.36848 72.002686 109.046936
v -171.36848 65.04935 109.046936
f 3464 3449 3455
f 3464 3455 3454
f 3464 3454 3459
f 3453 3454 3455
f 3453 3455 3451
f 3453 3451 3450
f 3458 3459 3454
f 3458 3454 3453
f 3458 3457 3463
f 3458 3463 3464
f 3458 3464 3459
f 3452 3449 3464
f 3452 3464 3463
f 3452 3463 3462
f 3456 3458 3453
f 3456 3453 3450
f 3456 3457 3458
f 3460 3462 3463
f 3460 3463 3457
f 3461 3462 3460
f 3461 3460 3457
f 3461 3457 3456
f 3461 3456 3450
f 3461 3450 3451
f 3461 3451 3455
f 3461 3455 3449
f 3461 3449 3452
f 3461 3452 3462
o hull_193
v -87.928345 65.04935 74.28021
v 44.185196 85.90936 88.18692
v 44.185196 78.956024 88.18692
v 44.185196 85.90936 74.28021
v 44.185196 72.002686 81.23355
v 44.185196 72.002686 74.28021
v 37.231857 65.04935 81.23355
v 37.231857 65.04935 74.28021
v 23.325165 72.002686 136.86032
v 23.325165 65.04935 136.86032
v 16.371826 85.90936 136.86032
v -67.06831 85.90936 136.86032
v -74.02167 78.956024 136.86032
v -74.02167 65.04935 136.86032
v -87.928345 85.90936 116.000275
v -87.928345 85.90936 74.28021
v -87.928345 72.002686 122.95364
v -87.928345 65.04935 122.95364
f 3477 3476 3479
f 3466 3468 3480
f 3466 3480 3479
f 3466 3479 3476
f 3466 3476 3475
f 3470 3472 3465
f 3470 3465 3480
f 3470 3480 3468
f 3471 3469 3474
f 3471 3474 3478
f 3471 3478 3482
f 3471 3482 3465
f 3471 3465 3472
f 3471 3472 3470
f 3471 3470 3469
f 3481 3477 3479
f 3481 3479 3480
f 3481 3480 3465
f 3481 3465 3482
f 3481 3482 3478
f 3481 3478 3477
f 3473 3466 3475
f 3473 3475 3476
f 3473 3476 3477
f 3473 3477 3478
f 3473 3478 3474
f 3467 3466 3473
f 3467 3473 3474
f 3467 3474 3469
f 3467 3469 3470
f 3467 3470 3468
f 3467 3468 3466
o hull_194
v 23.325165 -4.4841156 136.86032
v 37.231857 30.282608 192.48709
v 44.185196 30.282608 192.48709
v 44.185196 30.282608 136.86032
v 37.231857 9.422577 206.39377
v 44.185196 9.422577 206.39377
v 44.185196 -4.4841156 206.39377
v 44.185196 -4.4841156 136.86032
v 23.325165 30.282608 185.53372
v 23.325165 30.282608 136.86032
v 23.325165 23.32927 192.48709
v 23.325165 2.4692383 206.39377
v 23.325165 -4.4841156 206.39377
f 3486 3490 3483
f 3486 3483 3492
f 3495 3483 3490
f 3495 3490 3489
f 3488 3489 3490
f 3488 3490 3486
f 3488 3486 3485
f 3487 3494 3495
f 3487 3495 3489
f 3487 3489 3488
f 3484 3487 3488
f 3484 3488 3485
f 3484 3485 3486
f 3484 3486 3492
f 3484 3492 3491
f 3493 3484 3491
f 3493 3491 3492
f 3493 3492 3483
f 3493 3483 3495
f 3493 3495 3494
f 3493 3494 3487
f 3493 3487 3484
o hull_195
v -87.928345 30.282608 199.44043
v 23.325165 58.09601 206.39377
v 23.325165 51.14264 206.39377
v -87.928345 37.235962 199.44043
v -87.928345 30.282608 206.39377
v 23.325165 58.09601 199.44043
v 23.325165 51.14264 199.44043
v -87.928345 37.235962 206.39377
v 2.4651337 58.09601 213.3471
v 2.4651337 30.282608 206.39377
v 2.4651337 30.282608 199.44043
v -11.441559 37.235962 220.30045
v -11.441559 30.282608 220.30045
v -18.394897 44.1893 220.30045
v -32.30159 44.1893 220.30045
v -39.254944 37.235962 220.30045
v -39.254944 30.282608 220.30045
v -53.16162 58.09601 213.3471
v -60.114975 51.14264 213.3471
v -67.06831 37.235962 213.3471
v -67.06831 30.282608 213.3471
v -74.02167 58.09601 206.39377
v -74.02167 58.09601 199.44043
v -80.975006 51.14264 206.39377
v -80.975006 51.14264 199.44043
f 3517 3513 3504
f 3517 3504 3497
f 3517 3497 3501
f 3517 3501 3518
f 3505 3498 3508
f 3502 3501 3497
f 3502 3497 3498
f 3502 3498 3505
f 3502 3505 3506
f 3512 3511 3515
f 3512 3515 3516
f 3514 3515 3511
f 3514 3511 3513
f 3514 3513 3517
f 3520 3518 3501
f 3520 3501 3502
f 3520 3502 3506
f 3520 3506 3496
f 3520 3496 3499
f 3507 3508 3498
f 3507 3498 3497
f 3507 3497 3504
f 3507 3504 3509
f 3510 3509 3504
f 3510 3504 3513
f 3510 3513 3511
f 3510 3511 3512
f 3510 3512 3508
f 3510 3508 3507
f 3510 3507 3509
f 3500 3503 3499
f 3500 3499 3496
f 3500 3496 3506
f 3500 3506 3505
f 3500 3505 3508
f 3500 3508 3512
f 3500 3512 3516
f 3500 3516 3515
f 3500 3515 3503
f 3519 3503 3515
f 3519 3515 3514
f 3519 3514 3517
f 3519 3517 3518
f 3519 3518 3520
f 3519 3520 3499
f 3519 3499 3503
o hull_196
v -94.8817 58.09601 150.767
v -80.975006 85.90936 192.48709
v -74.02167 85.90936 192.48709
v -94.8817 65.04935 150.767
v -80.975006 85.90936 171.62704
v -74.02167 85.90936 171.62704
v -80.975006 72.002686 199.44043
v -74.02167 72.002686 199.44043
v -74.02167 58.09601 199.44043
v -74.02167 65.04935 136.86032
v -74.02167 58.09601 136.86032
v -87.928345 65.04935 199.44043
v -87.928345 58.09601 199.44043
v -87.928345 65.04935 136.86032
v -87.928345 58.09601 136.86032
v -94.8817 72.002686 185.53372
v -94.8817 72.002686 171.62704
v -94.8817 65.04935 192.48709
v -94.8817 58.09601 192.48709
f 3534 3530 3531
f 3534 3531 3535
f 3521 3535 3531
f 3521 3531 3529
f 3521 3529 3533
f 3521 3533 3539
f 3536 3522 3525
f 3536 3525 3537
f 3524 3537 3525
f 3524 3525 3534
f 3524 3534 3535
f 3524 3535 3521
f 3538 3532 3522
f 3538 3522 3536
f 3538 3536 3537
f 3538 3537 3524
f 3538 3524 3521
f 3538 3521 3539
f 3538 3539 3533
f 3538 3533 3532
f 3527 3532 3533
f 3527 3533 3529
f 3527 3529 3528
f 3527 3528 3523
f 3527 3523 3522
f 3527 3522 3532
f 3526 3523 3528
f 3526 3528 3529
f 3526 3529 3531
f 3526 3531 3530
f 3526 3530 3534
f 3526 3534 3525
f 3526 3525 3522
f 3526 3522 3523
o hull_197
v 44.185196 -143.551 -30.019958
v 113.71864 -108.78428 88.18692
v 113.71864 -108.78428 -43.92665
v 113.71864 -122.69097 88.18692
v 113.71864 -143.551 67.32687
v 113.71864 -143.551 -43.92665
v 99.811966 -143.551 88.18692
v 85.90526 -108.78428 -43.92665
v 78.95192 -115.737625 -43.92665
v 71.99858 -129.64432 -43.92665
v 71.99858 -143.551 -43.92665
v 44.185196 -108.78428 88.18692
v 44.185196 -108.78428 -23.066605
v 44.185196 -115.737625 -30.019958
v 44.185196 -143.551 88.18692
f 3550 3545 3544
f 3550 3544 3546
f 3550 3546 3554
f 3550 3554 3540
f 3543 3546 3544
f 3543 3544 3545
f 3543 3545 3542
f 3543 3542 3541
f 3543 3541 3551
f 3543 3551 3554
f 3543 3554 3546
f 3547 3552 3551
f 3547 3551 3541
f 3547 3541 3542
f 3549 3548 3547
f 3549 3547 3542
f 3549 3542 3545
f 3549 3545 3550
f 3553 3549 3550
f 3553 3550 3540
f 3553 3540 3554
f 3553 3554 3551
f 3553 3551 3552
f 3553 3552 3547
f 3553 3547 3548
f 3553 3548 3549
o hull_198
v 113.71864 -136.59766 -43.92665
v 148.48537 -108.78428 88.18692
v 148.48537 -115.737625 88.18692
v 148.48537 -108.78428 -43.92665
v 148.48537 -136.59766 67.32687
v 148.48537 -136.59766 -43.92665
v 113.71864 -108.78428 88.18692
v 113.71864 -115.737625 88.18692
v 113.71864 -108.78428 -43.92665
v 113.71864 -136.59766 67.32687
f 3555 3563 3558
f 3555 3558 3560
f 3556 3558 3563
f 3556 3563 3561
f 3562 3557 3556
f 3562 3556 3561
f 3562 3561 3563
f 3562 3563 3555
f 3562 3555 3564
f 3559 3564 3555
f 3559 3555 3560
f 3559 3560 3558
f 3559 3558 3556
f 3559 3556 3557
f 3559 3557 3562
f 3559 3562 3564
o hull_199
v 44.185196 -39.25084 25.606796
v 113.71864 -25.344147 46.466827
v 113.71864 -25.344147 39.51349
v 113.71864 -39.25084 46.466827
v 113.71864 -39.25084 39.51349
v 106.765305 -4.4841156 46.466827
v 106.765305 -4.4841156 25.606796
v 106.765305 -11.437454 25.606796
v 99.811966 30.282608 32.56015
v 99.811966 30.282608 25.606796
v 99.811966 -39.25084 25.606796
v 92.85863 37.235962 32.56015
v 92.85863 37.235962 25.606796
v 92.85863 23.32927 46.466827
v 85.90526 37.235962 39.51349
v 78.95192 30.282608 46.466827
v 65.04524 30.282608 46.466827
v 51.138535 16.37593 46.466827
v 44.185196 37.235962 39.51349
v 44.185196 37.235962 25.606796
v 44.185196 -39.25084 46.466827
v 44.185196 -25.344147 46.466827
f 3569 3575 3572
f 3569 3568 3585
f 3569 3585 3565
f 3569 3565 3575
f 3576 3573 3574
f 3576 3574 3577
f 3576 3577 3584
f 3576 3584 3583
f 3576 3583 3579
f 3578 3570 3573
f 3578 3573 3576
f 3578 3576 3579
f 3571 3567 3569
f 3571 3569 3572
f 3571 3572 3575
f 3571 3575 3565
f 3571 3565 3584
f 3571 3584 3577
f 3571 3577 3574
f 3571 3574 3567
f 3566 3567 3574
f 3566 3574 3573
f 3566 3573 3570
f 3566 3568 3569
f 3566 3569 3567
f 3580 3578 3579
f 3581 3580 3579
f 3581 3579 3583
f 3581 3583 3582
f 3586 3582 3583
f 3586 3583 3584
f 3586 3584 3565
f 3586 3565 3585
f 3586 3585 3568
f 3586 3568 3566
f 3586 3566 3570
f 3586 3570 3578
f 3586 3578 3580
f 3586 3580 3581
f 3586 3581 3582
o hull_200
v 148.48537 -164.41104 -50.87999
v 155.4387 -164.41104 -50.87999
v 176.29875 -101.83094 -36.973297
v 176.29875 -101.83094 -50.87999
v 176.29875 -108.78428 -71.74002
v 176.29875 -129.64432 -71.74002
v 176.29875 -136.59766 -64.78668
v 176.29875 -143.551 -36.973297
v 176.29875 -143.551 -43.92665
v 169.34541 -94.877594 -36.973297
v 169.34541 -94.877594 -78.693375
v 169.34541 -136.59766 -78.693375
v 148.48537 -164.41104 -36.973297
v 155.4387 -164.41104 -36.973297
v 169.34541 -150.50435 -50.87999
v 162.39207 -150.50435 -71.74002
v 148.48537 -157.4577 -71.74002
v 155.4387 -157.4577 -71.74002
v 148.48537 -94.877594 -36.973297
v 148.48537 -94.877594 -78.693375
v 155.4387 -150.50435 -78.693375
v 148.48537 -150.50435 -78.693375
f 3596 3597 3606
f 3596 3606 3605
f 3591 3592 3598
f 3591 3598 3597
f 3593 3598 3592
f 3607 3604 3603
f 3607 3603 3608
f 3607 3608 3606
f 3607 3606 3597
f 3607 3597 3598
f 3590 3591 3597
f 3590 3597 3596
f 3590 3596 3589
f 3600 3594 3589
f 3600 3589 3596
f 3600 3596 3605
f 3600 3605 3599
f 3587 3603 3604
f 3587 3604 3588
f 3587 3588 3600
f 3587 3600 3599
f 3587 3599 3605
f 3587 3605 3606
f 3587 3606 3608
f 3587 3608 3603
f 3601 3594 3600
f 3601 3600 3588
f 3602 3593 3601
f 3602 3601 3588
f 3602 3588 3604
f 3602 3604 3607
f 3602 3607 3598
f 3602 3598 3593
f 3595 3601 3593
f 3595 3593 3592
f 3595 3592 3591
f 3595 3591 3590
f 3595 3590 3589
f 3595 3589 3594
f 3595 3594 3601
o hull_201
v 148.48537 -94.877594 -78.693375
v 183.25209 -60.11087 -71.74002
v 183.25209 -67.06421 -71.74002
v 183.25209 -60.11087 -78.693375
v 183.25209 -67.06421 -78.693375
v 176.29875 -60.11087 -57.83333
v 176.29875 -87.92424 -71.74002
v 176.29875 -87.92424 -78.693375
v 169.34541 -60.11087 -43.92665
v 169.34541 -74.01756 -36.973297
v 169.34541 -94.877594 -36.973297
v 169.34541 -94.877594 -78.693375
v 162.39207 -60.11087 -36.973297
v 148.48537 -60.11087 -36.973297
v 148.48537 -60.11087 -78.693375
v 148.48537 -94.877594 -36.973297
f 3619 3624 3609
f 3619 3609 3620
f 3622 3623 3609
f 3622 3609 3624
f 3613 3616 3620
f 3613 3620 3609
f 3613 3609 3623
f 3613 3623 3612
f 3615 3611 3619
f 3615 3619 3620
f 3615 3620 3616
f 3615 3616 3613
f 3615 3613 3611
f 3610 3611 3613
f 3610 3613 3612
f 3618 3619 3611
f 3618 3611 3610
f 3618 3610 3614
f 3621 3622 3624
f 3621 3624 3619
f 3621 3619 3618
f 3617 3621 3618
f 3617 3618 3614
f 3617 3614 3610
f 3617 3610 3612
f 3617 3612 3623
f 3617 3623 3622
f 3617 3622 3621
o hull_202
v 148.48537 -164.41104 -36.973297
v 155.4387 -164.41104 -36.973297
v 155.4387 -157.4577 -36.973297
v 148.48537 -157.4577 -36.973297
v 148.48537 -157.4577 -9.159927
v 155.4387 -157.4577 -9.159927
v 155.4387 -164.41104 -9.159927
v 148.48537 -164.41104 -9.159927
f 3626 3625 3628
f 3626 3628 3627
f 3629 3628 3625
f 3629 3625 3632
f 3630 3627 3628
f 3630 3628 3629
f 3631 3630 3629
f 3631 3629 3632
f 3631 3632 3625
f 3631 3625 3626
f 3631 3626 3627
f 3631 3627 3630
o hull_203
v 176.29875 -32.297485 -36.973297
v 224.97215 2.4692383 -9.159927
v 224.97215 2.4692383 -36.973297
v 224.97215 -32.297485 -36.973297
v 176.29875 -32.297485 -30.019958
v 224.97215 -39.25084 -9.159927
v 224.97215 -39.25084 -23.066605
v 211.06548 9.422577 -9.159927
v 218.01881 9.422577 -9.159927
v 218.01881 9.422577 -36.973297
v 218.01881 -39.25084 -36.973297
v 218.01881 -46.204178 -9.159927
v 218.01881 -46.204178 -16.113266
v 211.06548 -46.204178 -23.066605
v 204.11214 -46.204178 -23.066605
v 197.1588 -4.4841156 -9.159927
v 197.1588 -46.204178 -9.159927
v 197.1588 -46.204178 -16.113266
v 190.20543 9.422577 -30.019958
v 190.20543 9.422577 -36.973297
v 190.20543 -18.390793 -9.159927
v 190.20543 -32.297485 -9.159927
v 183.25209 2.4692383 -30.019958
v 183.25209 -39.25084 -30.019958
v 183.25209 -39.25084 -36.973297
v 176.29875 -4.4841156 -30.019958
v 176.29875 -4.4841156 -36.973297
f 3655 3652 3659
f 3650 3657 3647
f 3641 3634 3635
f 3641 3635 3642
f 3658 3655 3659
f 3651 3655 3640
f 3651 3640 3641
f 3651 3641 3642
f 3651 3642 3652
f 3651 3652 3655
f 3633 3637 3658
f 3633 3658 3659
f 3633 3659 3652
f 3633 3652 3642
f 3633 3642 3635
f 3633 3635 3636
f 3633 3636 3643
f 3633 3643 3657
f 3656 3637 3633
f 3656 3633 3657
f 3656 3657 3650
f 3656 3650 3649
f 3656 3649 3637
f 3654 3637 3649
f 3654 3653 3658
f 3654 3658 3637
f 3646 3647 3657
f 3646 3657 3643
f 3646 3643 3645
f 3639 3645 3643
f 3639 3643 3636
f 3639 3636 3635
f 3639 3635 3634
f 3639 3634 3638
f 3644 3645 3639
f 3644 3639 3638
f 3644 3649 3650
f 3644 3650 3647
f 3644 3647 3646
f 3644 3646 3645
f 3648 3658 3653
f 3648 3653 3654
f 3648 3654 3649
f 3648 3649 3644
f 3648 3644 3638
f 3648 3638 3634
f 3648 3634 3641
f 3648 3641 3640
f 3648 3640 3655
f 3648 3655 3658
o hull_204
v 148.48537 -80.9709 -9.159927
v 218.01881 -60.11087 32.56015
v 218.01881 -67.06421 32.56015
v 218.01881 -60.11087 18.653458
v 218.01881 -67.06421 18.653458
v 211.06548 -60.11087 67.32687
v 211.06548 -67.06421 67.32687
v 211.06548 -60.11087 4.746765
v 211.06548 -74.01756 60.373535
v 211.06548 -74.01756 4.746765
v 211.06548 -80.9709 46.466827
v 211.06548 -80.9709 11.700119
v 204.11214 -60.11087 81.23355
v 204.11214 -74.01756 81.23355
v 204.11214 -80.9709 74.28021
v 197.1588 -60.11087 88.18692
v 197.1588 -80.9709 88.18692
v 190.20543 -74.01756 -9.159927
v 190.20543 -80.9709 -9.159927
v 183.25209 -67.06421 -9.159927
v 155.4387 -60.11087 4.746765
v 148.48537 -60.11087 88.18692
v 148.48537 -60.11087 11.700119
v 148.48537 -67.06421 -9.159927
v 148.48537 -80.9709 88.18692
f 3675 3681 3684
f 3675 3684 3676
f 3669 3671 3678
f 3683 3660 3684
f 3683 3684 3681
f 3683 3681 3682
f 3683 3682 3680
f 3683 3680 3667
f 3683 3667 3679
f 3677 3667 3669
f 3677 3669 3678
f 3677 3678 3660
f 3677 3660 3683
f 3677 3683 3679
f 3677 3679 3667
f 3664 3671 3669
f 3674 3676 3684
f 3674 3684 3660
f 3674 3660 3678
f 3674 3678 3671
f 3674 3671 3670
f 3674 3670 3668
f 3663 3664 3669
f 3663 3669 3667
f 3673 3666 3665
f 3673 3665 3672
f 3673 3672 3675
f 3673 3675 3676
f 3673 3676 3674
f 3673 3674 3668
f 3673 3668 3666
f 3661 3663 3667
f 3661 3667 3680
f 3661 3680 3682
f 3661 3682 3681
f 3661 3681 3675
f 3661 3675 3672
f 3661 3672 3665
f 3662 3661 3665
f 3662 3665 3666
f 3662 3666 3668
f 3662 3668 3670
f 3662 3670 3671
f 3662 3671 3664
f 3662 3664 3663
f 3662 3663 3661
o hull_205
v 44.185196 37.235962 -64.78668
v 65.04524 44.1893 -9.159927
v 65.04524 37.235962 -9.159927
v 44.185196 44.1893 -64.78668
v 58.091904 44.1893 -71.74002
v 65.04524 44.1893 -71.74002
v 65.04524 37.235962 -71.74002
v 58.091904 37.235962 -71.74002
v 44.185196 44.1893 -9.159927
v 44.185196 37.235962 -9.159927
f 3693 3688 3685
f 3693 3685 3694
f 3693 3694 3687
f 3693 3687 3686
f 3690 3686 3687
f 3690 3687 3691
f 3689 3688 3693
f 3689 3693 3686
f 3689 3686 3690
f 3692 3689 3690
f 3692 3690 3691
f 3692 3691 3687
f 3692 3687 3694
f 3692 3694 3685
f 3692 3685 3688
f 3692 3688 3689
o hull_206
v -143.55511 85.90936 -99.553406
v -122.695076 113.72275 -92.60005
v -129.64842 113.72275 -106.50675
v -143.55511 92.86273 -99.553406
v -143.55511 85.90936 -92.60005
v -122.695076 113.72275 -106.50675
v -122.695076 85.90936 -92.60005
v -143.55511 92.86273 -92.60005
v -136.60178 85.90936 -106.50675
v -122.695076 85.90936 -106.50675
v -136.60178 113.72275 -92.60005
v -136.60178 92.86273 -106.50675
v -136.60178 113.72275 -99.553406
f 3700 3696 3701
f 3700 3701 3704
f 3703 3704 3701
f 3703 3701 3699
f 3703 3699 3695
f 3706 3697 3700
f 3706 3700 3704
f 3706 3704 3703
f 3707 3705 3696
f 3707 3696 3700
f 3707 3700 3697
f 3707 3697 3706
f 3698 3707 3706
f 3698 3706 3703
f 3698 3703 3695
f 3702 3698 3695
f 3702 3695 3699
f 3702 3699 3701
f 3702 3701 3696
f 3702 3696 3705
f 3702 3705 3707
f 3702 3707 3698
o hull_207
v -199.18187 85.90936 -43.92665
v -122.695076 113.72275 -30.019958
v -122.695076 113.72275 -92.60005
v -122.695076 85.90936 -30.019958
v -122.695076 85.90936 -92.60005
v -143.55511 113.72275 -92.60005
v -164.41515 92.86273 -92.60005
v -164.41515 85.90936 -92.60005
v -171.36848 113.72275 -78.693375
v -178.32184 99.81607 -85.64671
v -185.27518 92.86273 -85.64671
v -185.27518 85.90936 -85.64671
v -199.18187 85.90936 -30.019958
v -192.22853 113.72275 -30.019958
v -192.22853 113.72275 -57.83333
v -192.22853 99.81607 -71.74002
v -192.22853 85.90936 -71.74002
v -199.18187 99.81607 -30.019958
v -199.18187 99.81607 -43.92665
f 3712 3710 3709
f 3712 3709 3711
f 3722 3723 3726
f 3708 3726 3723
f 3708 3723 3724
f 3708 3724 3719
f 3708 3719 3715
f 3708 3715 3712
f 3708 3712 3711
f 3708 3711 3720
f 3708 3720 3725
f 3708 3725 3726
f 3721 3725 3720
f 3721 3720 3711
f 3721 3711 3709
f 3721 3722 3726
f 3721 3726 3725
f 3714 3717 3713
f 3714 3713 3710
f 3714 3710 3712
f 3714 3712 3715
f 3718 3717 3714
f 3718 3714 3715
f 3718 3715 3719
f 3718 3719 3724
f 3718 3724 3723
f 3718 3723 3717
f 3716 3722 3721
f 3716 3721 3709
f 3716 3709 3710
f 3716 3710 3713
f 3716 3713 3717
f 3716 3717 3723
f 3716 3723 3722
o hull_208
v -150.50845 113.72275 -85.64671
v -122.695076 155.44281 -30.019958
v -129.64842 155.44281 -99.553406
v -122.695076 155.44281 -99.553406
v -129.64842 148.48947 -106.50675
v -122.695076 148.48947 -106.50675
v -122.695076 113.72275 -30.019958
v -122.695076 113.72275 -106.50675
v -129.64842 113.72275 -106.50675
v -150.50845 155.44281 -30.019958
v -150.50845 155.44281 -78.693375
v -150.50845 141.53613 -85.64671
v -150.50845 113.72275 -30.019958
f 3739 3733 3728
f 3739 3728 3736
f 3729 3731 3737
f 3729 3737 3736
f 3729 3736 3728
f 3729 3728 3730
f 3732 3731 3729
f 3732 3729 3730
f 3732 3730 3728
f 3732 3728 3733
f 3732 3733 3734
f 3735 3731 3732
f 3735 3732 3734
f 3735 3734 3733
f 3735 3733 3739
f 3735 3739 3727
f 3738 3731 3735
f 3738 3735 3727
f 3738 3727 3739
f 3738 3739 3736
f 3738 3736 3737
f 3738 3737 3731
o hull_209
v -199.18187 85.90936 -30.019958
v -122.695076 127.629456 4.746765
v -122.695076 127.629456 -30.019958
v -122.695076 85.90936 4.746765
v -199.18187 85.90936 -23.066605
v -122.695076 85.90936 -30.019958
v -178.32184 127.629456 4.746765
v -178.32184 85.90936 4.746765
v -185.27518 127.629456 -2.2065735
v -185.27518 127.629456 -30.019958
v -185.27518 120.67609 4.746765
v -199.18187 99.81607 -30.019958
v -185.27518 92.86273 4.746765
v -192.22853 120.67609 -9.159927
v -192.22853 120.67609 -30.019958
v -199.18187 99.81607 -23.066605
v -192.22853 113.72275 -2.2065735
v -192.22853 92.86273 -2.2065735
v -192.22853 85.90936 -9.159927
f 3742 3741 3743
f 3742 3743 3745
f 3758 3747 3757
f 3752 3757 3747
f 3750 3756 3757
f 3750 3757 3752
f 3750 3752 3747
f 3750 3747 3743
f 3750 3743 3741
f 3750 3741 3746
f 3744 3758 3757
f 3744 3757 3756
f 3744 3756 3755
f 3744 3755 3751
f 3744 3751 3740
f 3744 3740 3745
f 3744 3745 3743
f 3744 3743 3747
f 3744 3747 3758
f 3749 3742 3745
f 3749 3745 3740
f 3749 3740 3751
f 3749 3751 3754
f 3753 3754 3751
f 3753 3751 3755
f 3753 3755 3756
f 3748 3753 3756
f 3748 3756 3750
f 3748 3750 3746
f 3748 3746 3741
f 3748 3741 3742
f 3748 3742 3749
f 3748 3749 3754
f 3748 3754 3753
o hull_210
v -178.32184 127.629456 -30.019958
v -122.695076 155.44281 -9.159927
v -122.695076 155.44281 -30.019958
v -122.695076 134.5828 -2.2065735
v -122.695076 127.629456 -2.2065735
v -122.695076 127.629456 -30.019958
v -136.60178 134.5828 4.746765
v -136.60178 127.629456 4.746765
v -143.55511 141.53613 4.746765
v -164.41515 155.44281 -9.159927
v -164.41515 155.44281 -30.019958
v -171.36848 148.48947 -2.2065735
v -171.36848 141.53613 4.746765
v -178.32184 141.53613 -2.2065735
v -178.32184 141.53613 -30.019958
v -178.32184 134.5828 4.746765
v -178.32184 127.629456 4.746765
f 3766 3775 3759
f 3766 3759 3764
f 3766 3764 3763
f 3762 3763 3764
f 3762 3764 3761
f 3762 3761 3760
f 3773 3769 3761
f 3773 3761 3764
f 3773 3764 3759
f 3770 3767 3760
f 3765 3762 3760
f 3765 3760 3767
f 3765 3766 3763
f 3765 3763 3762
f 3771 3767 3770
f 3768 3770 3760
f 3768 3760 3761
f 3768 3761 3769
f 3768 3769 3773
f 3768 3773 3772
f 3768 3772 3770
f 3774 3771 3770
f 3774 3770 3772
f 3774 3772 3773
f 3774 3773 3759
f 3774 3759 3775
f 3774 3775 3766
f 3774 3766 3765
f 3774 3765 3767
f 3774 3767 3771
o hull_211
v -87.928345 113.72275 -141.27347
v -80.975006 141.53613 -134.32013
v -74.02167 141.53613 -134.32013
v -80.975006 141.53613 -141.27347
v -87.928345 113.72275 -134.32013
v -74.02167 141.53613 -141.27347
v -74.02167 106.76941 -134.32013
v -80.975006 106.76941 -134.32013
v -74.02167 106.76941 -141.27347
v -80.975006 106.76941 -141.27347
v -87.928345 127.629456 -134.32013
v -87.928345 127.629456 -141.27347
f 3784 3785 3776
f 3784 3776 3787
f 3784 3787 3779
f 3784 3779 3781
f 3778 3782 3784
f 3778 3784 3781
f 3783 3785 3784
f 3783 3784 3782
f 3777 3778 3781
f 3777 3781 3779
f 3777 3779 3787
f 3777 3787 3786
f 3780 3783 3782
f 3780 3782 3778
f 3780 3778 3777
f 3780 3777 3786
f 3780 3786 3787
f 3780 3787 3776
f 3780 3776 3785
f 3780 3785 3783
o hull_212
v -74.02167 85.90936 -106.50675
v -67.06831 190.20953 -43.92665
v -60.114975 190.20953 -43.92665
v -60.114975 190.20953 -85.64671
v -67.06831 183.2562 -30.019958
v -60.114975 183.2562 -30.019958
v -60.114975 176.30286 -106.50675
v -67.06831 169.34952 -16.113266
v -60.114975 169.34952 -16.113266
v -60.114975 85.90936 -16.113266
v -60.114975 85.90936 -106.50675
v -74.02167 190.20953 -50.87999
v -74.02167 190.20953 -85.64671
v -74.02167 183.2562 -36.973297
v -74.02167 183.2562 -99.553406
v -67.06831 183.2562 -99.553406
v -74.02167 176.30286 -106.50675
v -74.02167 162.39618 -16.113266
v -74.02167 85.90936 -16.113266
f 3788 3804 3794
f 3788 3794 3798
f 3788 3798 3797
f 3788 3797 3806
f 3803 3791 3794
f 3801 3792 3799
f 3795 3792 3801
f 3795 3801 3805
f 3795 3805 3806
f 3795 3806 3797
f 3795 3797 3796
f 3802 3800 3791
f 3802 3791 3803
f 3802 3803 3794
f 3802 3794 3804
f 3802 3804 3788
f 3802 3788 3806
f 3802 3806 3805
f 3802 3805 3801
f 3802 3801 3799
f 3802 3799 3800
f 3793 3792 3795
f 3793 3795 3796
f 3793 3796 3797
f 3793 3797 3798
f 3793 3798 3794
f 3793 3794 3791
f 3793 3791 3790
f 3789 3790 3791
f 3789 3791 3800
f 3789 3800 3799
f 3789 3799 3792
f 3789 3792 3793
f 3789 3793 3790
o hull_213
v -74.02167 85.90936 -16.113266
v -67.06831 162.39618 -9.159927
v -60.114975 162.39618 -9.159927
v -67.06831 162.39618 -16.113266
v -74.02167 85.90936 -9.159927
v -60.114975 162.39618 -16.113266
v -60.114975 85.90936 -9.159927
v -60.114975 85.90936 -16.113266
v -74.02167 155.44281 -9.159927
v -74.02167 155.44281 -16.113266
f 3811 3815 3816
f 3811 3816 3807
f 3811 3807 3814
f 3811 3814 3813
f 3809 3813 3814
f 3809 3814 3812
f 3808 3815 3811
f 3808 3811 3813
f 3808 3813 3809
f 3810 3808 3809
f 3810 3809 3812
f 3810 3812 3814
f 3810 3814 3807
f 3810 3807 3816
f 3810 3816 3815
f 3810 3815 3808
o hull_214
v -18.394897 85.90936 -106.50675
v 37.231857 224.97626 -23.066605
v 37.231857 224.97626 -36.973297
v 37.231857 218.02292 -71.74002
v 37.231857 211.06958 -92.60005
v 37.231857 204.11624 -106.50675
v 37.231857 106.76941 -23.066605
v 37.231857 99.81607 -106.50675
v 37.231857 92.86273 -43.92665
v 37.231857 85.90936 -57.83333
v 37.231857 85.90936 -92.60005
v 30.278503 92.86273 -106.50675
v 23.325165 224.97626 -50.87999
v 23.325165 85.90936 -99.553406
v 16.371826 218.02292 -78.693375
v 2.4651337 85.90936 -106.50675
v -11.441559 218.02292 -78.693375
v -11.441559 204.11624 -106.50675
v -18.394897 224.97626 -23.066605
v -18.394897 224.97626 -50.87999
v -18.394897 211.06958 -92.60005
v -18.394897 197.1629 -106.50675
v -11.441559 92.86273 -23.066605
v -18.394897 92.86273 -23.066605
v -11.441559 85.90936 -30.019958
v -18.394897 85.90936 -30.019958
f 3825 3841 3826
f 3825 3823 3841
f 3839 3841 3823
f 3839 3823 3818
f 3839 3818 3835
f 3839 3835 3840
f 3839 3840 3842
f 3839 3842 3841
f 3819 3829 3836
f 3819 3836 3835
f 3819 3835 3818
f 3819 3820 3829
f 3821 3820 3819
f 3821 3819 3818
f 3821 3818 3823
f 3821 3823 3825
f 3821 3825 3826
f 3821 3826 3827
f 3821 3827 3824
f 3821 3824 3822
f 3837 3834 3838
f 3837 3838 3817
f 3837 3817 3842
f 3837 3842 3840
f 3837 3840 3835
f 3837 3835 3836
f 3831 3821 3822
f 3831 3829 3820
f 3831 3820 3821
f 3828 3832 3817
f 3828 3817 3838
f 3828 3838 3834
f 3828 3834 3822
f 3828 3822 3824
f 3828 3824 3827
f 3833 3837 3836
f 3833 3836 3829
f 3833 3829 3831
f 3833 3831 3822
f 3833 3822 3834
f 3833 3834 3837
f 3830 3828 3827
f 3830 3827 3826
f 3830 3826 3841
f 3830 3841 3842
f 3830 3842 3817
f 3830 3817 3832
f 3830 3832 3828
o hull_215
v 37.231857 85.90936 -85.64671
v 58.091904 211.06958 -64.78668
v 58.091904 211.06958 -78.693375
v 58.091904 197.1629 -99.553406
v 58.091904 183.2562 -113.46009
v 58.091904 162.39618 -113.46009
v 58.091904 113.72275 -106.50675
v 58.091904 99.81607 -99.553406
v 58.091904 85.90936 -64.78668
v 58.091904 85.90936 -85.64671
v 51.138535 211.06958 -85.64671
v 51.138535 197.1629 -113.46009
v 51.138535 190.20953 -120.41344
v 51.138535 141.53613 -120.41344
v 37.231857 211.06958 -64.78668
v 37.231857 211.06958 -85.64671
v 37.231857 197.1629 -113.46009
v 37.231857 183.2562 -127.36678
v 44.185196 183.2562 -127.36678
v 44.185196 134.5828 -127.36678
v 37.231857 85.90936 -64.78668
v 37.231857 134.5828 -127.36678
v 44.185196 106.76941 -113.46009
v 37.231857 106.76941 -113.46009
v 37.231857 92.86273 -99.553406
v 44.185196 92.86273 -99.553406
f 3844 3857 3863
f 3844 3863 3851
f 3852 3851 3863
f 3852 3863 3843
f 3862 3849 3865
f 3850 3865 3849
f 3850 3852 3865
f 3868 3865 3852
f 3868 3852 3843
f 3868 3843 3867
f 3866 3865 3868
f 3866 3868 3867
f 3866 3864 3862
f 3866 3862 3865
f 3861 3862 3864
f 3861 3864 3860
f 3848 3862 3861
f 3848 3861 3847
f 3859 3854 3861
f 3859 3861 3860
f 3859 3860 3864
f 3859 3864 3866
f 3859 3866 3867
f 3859 3867 3843
f 3859 3843 3863
f 3859 3863 3857
f 3859 3857 3858
f 3855 3861 3854
f 3855 3854 3847
f 3855 3847 3861
f 3856 3848 3849
f 3856 3849 3862
f 3856 3862 3848
f 3853 3845 3854
f 3853 3854 3859
f 3853 3859 3858
f 3853 3858 3857
f 3853 3857 3844
f 3853 3844 3845
f 3846 3845 3844
f 3846 3844 3851
f 3846 3851 3852
f 3846 3852 3850
f 3846 3850 3849
f 3846 3849 3848
f 3846 3848 3847
f 3846 3847 3854
f 3846 3854 3845
o hull_216
o hull_217
v 9.418472 113.72275 11.700119
v 16.371826 113.72275 11.700119
v 9.418472 176.30286 116.000275
v 16.371826 176.30286 116.000275
v 9.418472 176.30286 11.700119
v 16.371826 176.30286 11.700119
v 16.371826 134.5828 116.000275
v 9.418472 134.5828 116.000275
v 16.371826 113.72275 109.046936
v 9.418472 113.72275 109.046936
f 3870 3869 3873
f 3870 3873 3874
f 3871 3872 3874
f 3871 3874 3873
f 3871 3873 3869
f 3871 3869 3878
f 3871 3878 3876
f 3877 3878 3869
f 3877 3869 3870
f 3875 3877 3870
f 3875 3870 3874
f 3875 3874 3872
f 3875 3872 3871
f 3875 3871 3876
f 3875 3876 3878
f 3875 3878 3877
o hull_218
o hull_219
o hull_220
o hull_221
v -11.441559 -115.737625 -176.04019
v 16.371826 -25.344147 -162.13351
v 16.371826 -25.344147 -169.08685
v 16.371826 -32.297485 -176.04019
v 16.371826 -115.737625 -162.13351
v 16.371826 -115.737625 -176.04019
v -11.441559 -11.437454 -162.13351
v -4.48822 -11.437454 -162.13351
v -11.441559 -11.437454 -169.08685
v -4.48822 -11.437454 -169.08685
v -11.441559 -25.344147 -176.04019
v -4.48822 -25.344147 -176.04019
v -11.441559 -115.737625 -162.13351
f 3883 3891 3879
f 3883 3879 3884
f 3887 3889 3879
f 3887 3879 3891
f 3887 3891 3885
f 3882 3884 3879
f 3882 3879 3889
f 3882 3889 3890
f 3886 3885 3891
f 3886 3891 3883
f 3886 3883 3880
f 3881 3880 3883
f 3881 3883 3884
f 3881 3884 3882
f 3888 3881 3882
f 3888 3882 3890
f 3888 3890 3889
f 3888 3889 3887
f 3888 3887 3885
f 3888 3885 3886
f 3888 3886 3880
f 3888 3880 3881
o hull_222
o hull_223
v -178.32184 -115.737625 -85.64671
v -136.60178 -108.78428 -78.693375
v -136.60178 -108.78428 -106.50675
v -178.32184 -108.78428 -85.64671
v -178.32184 -115.737625 -78.693375
v -136.60178 -115.737625 -106.50675
v -136.60178 -129.64432 -99.553406
v -178.32184 -108.78428 -78.693375
v -143.55511 -129.64432 -99.553406
v -136.60178 -136.59766 -78.693375
v -143.55511 -136.59766 -78.693375
v -136.60178 -136.59766 -85.64671
v -143.55511 -136.59766 -85.64671
v -157.46179 -108.78428 -106.50675
v -157.46179 -115.737625 -106.50675
v -157.46179 -129.64432 -92.60005
v -171.36848 -115.737625 -99.553406
v -164.41515 -122.69097 -99.553406
v -164.41515 -129.64432 -78.693375
v -171.36848 -108.78428 -99.553406
v -164.41515 -129.64432 -85.64671
f 3908 3906 3909
f 3900 3909 3906
f 3900 3906 3897
f 3900 3897 3898
f 3903 3904 3900
f 3903 3900 3898
f 3903 3898 3897
f 3903 3897 3894
f 3903 3894 3893
f 3903 3893 3901
f 3903 3901 3902
f 3903 3902 3904
f 3912 3904 3902
f 3912 3902 3910
f 3896 3910 3902
f 3896 3902 3901
f 3896 3901 3893
f 3896 3893 3899
f 3907 3912 3909
f 3907 3909 3900
f 3907 3900 3904
f 3907 3904 3912
f 3905 3894 3897
f 3905 3897 3906
f 3905 3906 3908
f 3905 3908 3911
f 3892 3908 3909
f 3892 3909 3912
f 3892 3912 3910
f 3892 3910 3896
f 3895 3892 3896
f 3895 3896 3899
f 3895 3899 3893
f 3895 3893 3894
f 3895 3894 3905
f 3895 3905 3911
f 3895 3911 3908
f 3895 3908 3892
o hull_224
v -178.32184 -108.78428 -92.60005
v -136.60178 -101.83094 -78.693375
v -136.60178 -108.78428 -78.693375
v -178.32184 -101.83094 -92.60005
v -136.60178 -101.83094 -106.50675
v -136.60178 -108.78428 -106.50675
v -171.36848 -101.83094 -106.50675
v -171.36848 -108.78428 -106.50675
v -178.32184 -101.83094 -78.693375
v -178.32184 -108.78428 -78.693375
f 3921 3922 3915
f 3921 3915 3914
f 3917 3914 3915
f 3917 3915 3918
f 3917 3918 3920
f 3917 3920 3919
f 3916 3921 3914
f 3916 3914 3917
f 3916 3917 3919
f 3913 3916 3919
f 3913 3919 3920
f 3913 3920 3918
f 3913 3918 3915
f 3913 3915 3922
f 3913 3922 3921
f 3913 3921 3916
o hull_225
v 9.418472 -60.11087 -113.46009
v 51.138535 -46.204178 -78.693375
v 51.138535 -46.204178 -113.46009
v 51.138535 -60.11087 -78.693375
v 51.138535 -60.11087 -113.46009
v 9.418472 -46.204178 -78.693375
v 9.418472 -46.204178 -113.46009
v 9.418472 -60.11087 -78.693375
f 3926 3930 3923
f 3926 3923 3927
f 3924 3926 3927
f 3924 3927 3925
f 3924 3928 3930
f 3924 3930 3926
f 3929 3928 3924
f 3929 3924 3925
f 3929 3925 3927
f 3929 3927 3923
f 3929 3923 3930
f 3929 3930 3928
o hull_226
v 9.418472 -46.204178 -113.46009
v 51.138535 2.4692383 -78.693375
v 51.138535 2.4692383 -92.60005
v 51.138535 -4.4841156 -113.46009
v 51.138535 -46.204178 -78.693375
v 51.138535 -46.204178 -113.46009
v 30.278503 23.32927 -78.693375
v 30.278503 23.32927 -85.64671
v 23.325165 9.422577 -113.46009
v 9.418472 30.282608 -78.693375
v 16.371826 30.282608 -78.693375
v 9.418472 30.282608 -85.64671
v 16.371826 30.282608 -85.64671
v 9.418472 16.37593 -106.50675
v 16.371826 16.37593 -106.50675
v 9.418472 9.422577 -113.46009
v 9.418472 -46.204178 -78.693375
f 3935 3947 3931
f 3935 3931 3936
f 3932 3935 3936
f 3932 3936 3934
f 3932 3934 3933
f 3938 3933 3934
f 3944 3946 3931
f 3944 3931 3947
f 3944 3947 3940
f 3944 3940 3942
f 3937 3932 3933
f 3937 3933 3938
f 3939 3943 3938
f 3939 3938 3934
f 3939 3934 3936
f 3939 3936 3931
f 3939 3931 3946
f 3941 3937 3938
f 3941 3938 3943
f 3941 3943 3942
f 3941 3942 3940
f 3941 3940 3947
f 3941 3947 3935
f 3941 3935 3932
f 3941 3932 3937
f 3945 3939 3946
f 3945 3946 3944
f 3945 3944 3942
f 3945 3942 3943
f 3945 3943 3939
o hull_227
v 51.138535 -136.59766 -176.04019
v 58.091904 -136.59766 -176.04019
v 51.138535 -46.204178 -127.36678
v 58.091904 -46.204178 -127.36678
v 51.138535 -46.204178 -182.99355
v 58.091904 -46.204178 -182.99355
v 58.091904 -115.737625 -127.36678
v 51.138535 -115.737625 -127.36678
v 58.091904 -129.64432 -134.32013
v 51.138535 -129.64432 -134.32013
v 58.091904 -129.64432 -182.99355
v 51.138535 -129.64432 -182.99355
v 58.091904 -136.59766 -141.27347
v 51.138535 -136.59766 -141.27347
f 3953 3958 3959
f 3953 3959 3952
f 3953 3952 3950
f 3953 3950 3951
f 3949 3948 3959
f 3949 3959 3958
f 3955 3957 3956
f 3955 3956 3954
f 3955 3954 3951
f 3955 3951 3950
f 3960 3949 3958
f 3960 3958 3953
f 3960 3953 3951
f 3960 3951 3954
f 3960 3954 3956
f 3961 3960 3956
f 3961 3956 3957
f 3961 3957 3955
f 3961 3955 3950
f 3961 3950 3952
f 3961 3952 3959
f 3961 3959 3948
f 3961 3948 3949
f 3961 3949 3960
o hull_228
o hull_229
v 58.091904 -136.59766 -169.08685
v 65.04524 -136.59766 -169.08685
v 85.90526 -53.157516 -127.36678
v 85.90526 -53.157516 -182.99355
v 85.90526 -108.78428 -127.36678
v 85.90526 -115.737625 -182.99355
v 85.90526 -122.69097 -148.2268
v 85.90526 -122.69097 -169.08685
v 78.95192 -129.64432 -155.18016
v 78.95192 -129.64432 -169.08685
v 71.99858 -122.69097 -182.99355
v 71.99858 -129.64432 -176.04019
v 58.091904 -53.157516 -127.36678
v 58.091904 -53.157516 -182.99355
v 65.04524 -115.737625 -127.36678
v 58.091904 -115.737625 -127.36678
v 58.091904 -122.69097 -182.99355
v 65.04524 -136.59766 -148.2268
v 58.091904 -136.59766 -148.2268
f 3965 3975 3974
f 3965 3974 3964
f 3972 3978 3975
f 3972 3975 3965
f 3972 3965 3967
f 3976 3966 3964
f 3976 3964 3974
f 3976 3974 3977
f 3980 3977 3974
f 3980 3974 3975
f 3980 3975 3978
f 3980 3978 3962
f 3973 3972 3967
f 3973 3967 3971
f 3969 3968 3970
f 3969 3970 3971
f 3969 3971 3967
f 3969 3967 3965
f 3969 3965 3964
f 3969 3964 3966
f 3969 3966 3968
f 3979 3970 3968
f 3979 3968 3966
f 3979 3966 3976
f 3979 3976 3977
f 3979 3977 3980
f 3963 3973 3971
f 3963 3971 3970
f 3963 3970 3979
f 3963 3979 3980
f 3963 3980 3962
f 3963 3962 3978
f 3963 3978 3972
f 3963 3972 3973
o hull_230
v 58.091904 -53.157516 -182.99355
v 85.90526 -46.204178 -127.36678
v 85.90526 -53.157516 -127.36678
v 58.091904 -46.204178 -182.99355
v 85.90526 -46.204178 -182.99355
v 85.90526 -53.157516 -182.99355
v 58.091904 -46.204178 -127.36678
v 58.091904 -53.157516 -127.36678
f 3983 3988 3981
f 3983 3981 3986
f 3987 3984 3981
f 3987 3981 3988
f 3985 3986 3981
f 3985 3981 3984
f 3982 3987 3988
f 3982 3988 3983
f 3982 3983 3986
f 3982 3986 3985
f 3982 3985 3984
f 3982 3984 3987
o hull_231
v 106.765305 -115.737625 -162.13351
v 113.71864 -115.737625 -162.13351
v 148.48537 -18.390793 -127.36678
v 148.48537 -18.390793 -176.04019
v 148.48537 -39.25084 -176.04019
v 148.48537 -80.9709 -162.13351
v 148.48537 -101.83094 -148.2268
v 148.48537 -115.737625 -127.36678
v 148.48537 -115.737625 -134.32013
v 141.53203 -18.390793 -182.99355
v 141.53203 -32.297485 -182.99355
v 141.53203 -60.11087 -176.04019
v 141.53203 -122.69097 -127.36678
v 141.53203 -122.69097 -134.32013
v 134.57869 -74.01756 -176.04019
v 134.57869 -101.83094 -162.13351
v 134.57869 -122.69097 -141.27347
v 127.62535 -46.204178 -189.94688
v 127.62535 -67.06421 -182.99355
v 127.62535 -108.78428 -162.13351
v 127.62535 -115.737625 -155.18016
v 120.67198 -122.69097 -141.27347
v 120.67198 -18.390793 -196.90024
v 120.67198 -32.297485 -196.90024
v 120.67198 -94.877594 -176.04019
v 113.71864 -122.69097 -127.36678
v 113.71864 -122.69097 -134.32013
v 106.765305 -18.390793 -127.36678
v 106.765305 -18.390793 -196.90024
v 113.71864 -46.204178 -196.90024
v 106.765305 -46.204178 -196.90024
v 113.71864 -87.92424 -182.99355
v 106.765305 -87.92424 -182.99355
v 113.71864 -101.83094 -176.04019
v 106.765305 -101.83094 -176.04019
v 106.765305 -115.737625 -127.36678
f 4001 3996 3991
f 4001 3991 4016
f 4001 4016 4024
f 4001 4024 4014
f 3997 4004 3995
f 3998 4011 4017
f 3998 4017 4016
f 3998 4016 3991
f 3998 3991 3992
f 4002 3997 3996
f 4002 3996 4001
f 4021 4023 3989
f 4021 3989 4024
f 4021 4024 4016
f 4021 4016 4017
f 4021 4017 4019
f 4018 4006 4007
f 4018 4007 4020
f 4018 4020 4021
f 4018 4021 4019
f 3993 3999 3998
f 3993 3998 3992
f 3994 3993 3992
f 3994 3992 3991
f 3994 3991 3996
f 3994 3996 3997
f 3994 3997 3995
f 3994 3995 4004
f 3994 4004 4003
f 4015 4010 4005
f 4015 4005 4002
f 4015 4002 4001
f 4015 4001 4014
f 4015 4014 4024
f 4015 4024 3989
f 4015 3989 4010
f 4022 4023 4021
f 4022 4021 4020
f 4009 4004 3997
f 4009 3997 4002
f 4009 4002 4005
f 4012 4018 4019
f 4012 4019 4017
f 4012 4017 4011
f 4012 4011 3998
f 4012 3998 3999
f 4012 3999 4006
f 4012 4006 4018
f 4000 3993 3994
f 4000 3994 4003
f 4000 4003 4007
f 4000 4007 4006
f 4000 4006 3999
f 4000 3999 3993
f 4013 4022 4020
f 4013 4020 4007
f 4013 4007 4003
f 4013 4003 4004
f 4013 4004 4022
f 4008 4022 4004
f 4008 4004 4009
f 3990 4009 4005
f 3990 4005 4010
f 3990 4010 3989
f 3990 3989 4023
f 3990 4023 4022
f 3990 4022 4008
f 3990 4008 4009
o hull_232
v 106.765305 -18.390793 -196.90024
v 148.48537 23.32927 -127.36678
v 148.48537 23.32927 -176.04019
v 148.48537 -18.390793 -127.36678
v 148.48537 -18.390793 -176.04019
v 141.53203 -18.390793 -182.99355
v 134.57869 23.32927 -189.94688
v 134.57869 -18.390793 -189.94688
v 120.67198 23.32927 -196.90024
v 120.67198 -18.390793 -196.90024
v 106.765305 23.32927 -127.36678
v 106.765305 23.32927 -196.90024
v 106.765305 -18.390793 -127.36678
f 4026 4035 4037
f 4026 4037 4028
f 4029 4030 4027
f 4029 4027 4026
f 4029 4026 4028
f 4025 4037 4035
f 4025 4035 4036
f 4031 4027 4030
f 4032 4031 4030
f 4032 4030 4029
f 4032 4029 4028
f 4032 4028 4037
f 4032 4037 4025
f 4032 4025 4034
f 4033 4034 4025
f 4033 4025 4036
f 4033 4036 4035
f 4033 4035 4026
f 4033 4026 4027
f 4033 4027 4031
f 4033 4031 4032
f 4033 4032 4034
o hull_233
v 148.48537 -108.78428 -134.32013
v 155.4387 -108.78428 -134.32013
v 162.39207 -94.877594 -127.36678
v 162.39207 -101.83094 -127.36678
v 148.48537 -108.78428 -127.36678
v 155.4387 -108.78428 -127.36678
v 162.39207 -94.877594 -134.32013
v 162.39207 -101.83094 -134.32013
v 148.48537 -101.83094 -141.27347
v 155.4387 -101.83094 -141.27347
v 155.4387 -94.877594 -141.27347
v 148.48537 -94.877594 -141.27347
v 148.48537 -94.877594 -127.36678
f 4044 4040 4041
f 4044 4041 4045
f 4047 4048 4044
f 4047 4044 4045
f 4047 4045 4039
f 4049 4048 4047
f 4049 4047 4046
f 4049 4050 4040
f 4049 4040 4044
f 4049 4044 4048
f 4043 4039 4045
f 4043 4045 4041
f 4043 4041 4040
f 4043 4040 4050
f 4043 4050 4042
f 4038 4039 4043
f 4038 4043 4042
f 4038 4042 4050
f 4038 4050 4049
f 4038 4049 4046
f 4038 4046 4047
f 4038 4047 4039
o hull_234
v 148.48537 -94.877594 -141.27347
v 155.4387 -94.877594 -141.27347
v 190.20543 23.32927 -127.36678
v 190.20543 23.32927 -134.32013
v 190.20543 -18.390793 -127.36678
v 190.20543 -18.390793 -134.32013
v 183.25209 -32.297485 -141.27347
v 183.25209 -53.157516 -127.36678
v 183.25209 -53.157516 -134.32013
v 176.29875 -60.11087 -141.27347
v 176.29875 -74.01756 -127.36678
v 176.29875 -74.01756 -134.32013
v 148.48537 -94.877594 -127.36678
v 169.34541 -46.204178 -155.18016
v 169.34541 -87.92424 -127.36678
v 169.34541 -87.92424 -134.32013
v 162.39207 -67.06421 -155.18016
v 162.39207 -80.9709 -148.2268
v 162.39207 -94.877594 -127.36678
v 162.39207 -94.877594 -134.32013
v 148.48537 23.32927 -127.36678
v 148.48537 23.32927 -169.08685
v 155.4387 23.32927 -169.08685
v 155.4387 -46.204178 -169.08685
v 148.48537 -46.204178 -169.08685
v 155.4387 -67.06421 -162.13351
v 148.48537 -67.06421 -162.13351
v 155.4387 -80.9709 -155.18016
v 148.48537 -80.9709 -155.18016
f 4075 4074 4076
f 4075 4076 4077
f 4073 4074 4075
f 4073 4075 4072
f 4073 4072 4071
f 4073 4071 4053
f 4073 4053 4054
f 4067 4076 4074
f 4079 4051 4063
f 4079 4063 4071
f 4079 4071 4072
f 4079 4072 4075
f 4079 4075 4077
f 4060 4062 4067
f 4055 4056 4054
f 4055 4054 4053
f 4052 4070 4069
f 4052 4069 4063
f 4052 4063 4051
f 4068 4067 4062
f 4064 4060 4067
f 4064 4067 4074
f 4064 4074 4073
f 4064 4073 4054
f 4064 4054 4056
f 4065 4061 4058
f 4065 4058 4055
f 4065 4055 4053
f 4065 4053 4071
f 4065 4071 4063
f 4065 4063 4069
f 4078 4052 4051
f 4078 4051 4079
f 4078 4079 4077
f 4078 4077 4076
f 4078 4076 4067
f 4078 4067 4068
f 4078 4068 4070
f 4078 4070 4052
f 4057 4064 4056
f 4059 4058 4061
f 4059 4061 4062
f 4059 4062 4060
f 4059 4060 4064
f 4059 4064 4057
f 4059 4057 4056
f 4059 4056 4055
f 4059 4055 4058
f 4066 4065 4069
f 4066 4069 4070
f 4066 4070 4068
f 4066 4068 4062
f 4066 4062 4061
f 4066 4061 4065
o hull_235
v 51.138535 -108.78428 -127.36678
v 99.811966 9.422577 -99.553406
v 99.811966 9.422577 -127.36678
v 99.811966 -108.78428 -99.553406
v 51.138535 -108.78428 -120.41344
v 92.85863 -108.78428 -99.553406
v 99.811966 -108.78428 -127.36678
v 78.95192 9.422577 -99.553406
v 65.04524 9.422577 -106.50675
v 58.091904 9.422577 -113.46009
v 58.091904 9.422577 -127.36678
v 51.138535 2.4692383 -113.46009
v 51.138535 2.4692383 -127.36678
v 51.138535 -4.4841156 -99.553406
v 51.138535 -94.877594 -99.553406
v 51.138535 -101.83094 -106.50675
f 4082 4081 4083
f 4082 4083 4086
f 4085 4095 4084
f 4085 4084 4080
f 4085 4080 4086
f 4085 4086 4083
f 4085 4094 4095
f 4087 4093 4094
f 4087 4094 4085
f 4087 4085 4083
f 4087 4083 4081
f 4090 4082 4086
f 4090 4086 4080
f 4090 4080 4092
f 4091 4089 4090
f 4091 4090 4092
f 4091 4092 4080
f 4091 4080 4084
f 4091 4084 4095
f 4091 4095 4094
f 4091 4094 4093
f 4091 4093 4089
f 4088 4087 4081
f 4088 4081 4082
f 4088 4082 4090
f 4088 4090 4089
f 4088 4089 4093
f 4088 4093 4087
o hull_236
o hull_237
v -192.22853 -108.78428 -57.83333
v -122.695076 -94.877594 -43.92665
v -122.695076 -94.877594 -78.693375
v -122.695076 -136.59766 -43.92665
v -122.695076 -136.59766 -78.693375
v -150.50845 -136.59766 -78.693375
v -164.41515 -129.64432 -78.693375
v -164.41515 -136.59766 -64.78668
v -171.36848 -129.64432 -71.74002
v -171.36848 -136.59766 -43.92665
v -171.36848 -136.59766 -50.87999
v -178.32184 -122.69097 -71.74002
v -192.22853 -108.78428 -43.92665
v -178.32184 -129.64432 -57.83333
v -185.27518 -94.877594 -78.693375
v -185.27518 -108.78428 -78.693375
v -192.22853 -101.83094 -71.74002
v -185.27518 -122.69097 -43.92665
v -185.27518 -122.69097 -50.87999
v -192.22853 -94.877594 -71.74002
v -192.22853 -94.877594 -43.92665
f 4099 4100 4098
f 4099 4098 4097
f 4110 4111 4112
f 4110 4112 4115
f 4110 4115 4116
f 4110 4116 4097
f 4110 4097 4098
f 4096 4108 4116
f 4096 4116 4115
f 4096 4115 4112
f 4113 4105 4099
f 4113 4099 4097
f 4113 4097 4116
f 4113 4116 4108
f 4113 4108 4096
f 4113 4096 4114
f 4109 4105 4113
f 4109 4113 4114
f 4109 4114 4096
f 4109 4096 4112
f 4107 4109 4112
f 4107 4112 4111
f 4106 4103 4101
f 4106 4101 4100
f 4106 4100 4099
f 4106 4099 4105
f 4106 4105 4109
f 4106 4109 4103
f 4102 4107 4111
f 4102 4111 4110
f 4102 4110 4098
f 4102 4098 4100
f 4102 4100 4101
f 4102 4101 4103
f 4104 4102 4103
f 4104 4103 4109
f 4104 4109 4107
f 4104 4107 4102
o hull_238
v -206.13521 -80.9709 -50.87999
v -122.695076 -39.25084 -71.74002
v -122.695076 -39.25084 -78.693375
v -122.695076 -67.06421 -43.92665
v -206.13521 -80.9709 -43.92665
v -122.695076 -94.877594 -43.92665
v -122.695076 -94.877594 -78.693375
v -143.55511 -18.390793 -71.74002
v -206.13521 -74.01756 -64.78668
v -143.55511 -18.390793 -78.693375
v -150.50845 -32.297485 -43.92665
v -164.41515 -18.390793 -43.92665
v -192.22853 -94.877594 -78.693375
v -199.18187 -18.390793 -43.92665
v -199.18187 -18.390793 -78.693375
v -199.18187 -80.9709 -78.693375
v -199.18187 -87.92424 -71.74002
v -199.18187 -94.877594 -43.92665
v -199.18187 -94.877594 -57.83333
v -206.13521 -25.344147 -43.92665
v -206.13521 -25.344147 -78.693375
v -206.13521 -60.11087 -78.693375
f 4118 4120 4122
f 4118 4122 4123
f 4118 4123 4119
f 4126 4124 4118
f 4126 4118 4119
f 4130 4128 4124
f 4130 4124 4126
f 4130 4126 4131
f 4130 4131 4137
f 4130 4137 4136
f 4132 4133 4125
f 4132 4125 4138
f 4132 4138 4137
f 4132 4137 4131
f 4132 4131 4126
f 4132 4126 4119
f 4132 4119 4123
f 4132 4123 4129
f 4132 4129 4133
f 4135 4133 4129
f 4135 4129 4123
f 4135 4123 4122
f 4135 4122 4134
f 4135 4125 4133
f 4127 4118 4124
f 4127 4124 4128
f 4127 4128 4130
f 4127 4130 4136
f 4127 4136 4121
f 4127 4121 4134
f 4127 4134 4122
f 4127 4122 4120
f 4127 4120 4118
f 4117 4135 4134
f 4117 4134 4121
f 4117 4121 4136
f 4117 4136 4137
f 4117 4137 4138
f 4117 4138 4125
f 4117 4125 4135
o hull_239
v -213.08856 -74.01756 -23.066605
v -94.8817 -87.92424 -36.973297
v -94.8817 -87.92424 -43.92665
v -94.8817 -115.737625 -36.973297
v -213.08856 -74.01756 -16.113266
v -94.8817 -115.737625 -43.92665
v -101.835045 -80.9709 -16.113266
v -101.835045 -129.64432 -43.92665
v -213.08856 -67.06421 -43.92665
v -101.835045 -150.50435 -16.113266
v -101.835045 -150.50435 -23.066605
v -108.78838 -74.01756 -43.92665
v -108.78838 -150.50435 -30.019958
v -115.74173 -60.11087 -16.113266
v -115.74173 -60.11087 -23.066605
v -115.74173 -143.551 -43.92665
v -122.695076 -53.157516 -16.113266
v -122.695076 -53.157516 -23.066605
v -122.695076 -150.50435 -36.973297
v -129.64842 -53.157516 -36.973297
v -136.60178 -53.157516 -43.92665
v -143.55511 -150.50435 -36.973297
v -157.46179 -143.551 -43.92665
v -157.46179 -150.50435 -16.113266
v -157.46179 -150.50435 -30.019958
v -171.36848 -136.59766 -43.92665
v -185.27518 -122.69097 -43.92665
v -192.22853 -115.737625 -16.113266
v -192.22853 -115.737625 -36.973297
v -199.18187 -101.83094 -43.92665
v -206.13521 -87.92424 -43.92665
v -213.08856 -53.157516 -16.113266
v -213.08856 -53.157516 -43.92665
f 4156 4158 4159
f 4156 4159 4171
f 4156 4171 4170
f 4156 4170 4155
f 4150 4158 4156
f 4150 4156 4141
f 4150 4159 4158
f 4140 4152 4145
f 4163 4161 4160
f 4151 4154 4146
f 4166 4162 4148
f 4166 4148 4145
f 4166 4145 4152
f 4166 4152 4155
f 4166 4155 4170
f 4166 4170 4143
f 4153 4156 4155
f 4153 4155 4152
f 4153 4152 4140
f 4153 4140 4141
f 4153 4141 4156
f 4142 4140 4145
f 4142 4145 4148
f 4164 4163 4165
f 4164 4161 4163
f 4157 4160 4161
f 4157 4161 4154
f 4157 4154 4151
f 4149 4151 4146
f 4149 4148 4162
f 4149 4162 4163
f 4149 4163 4160
f 4149 4160 4157
f 4149 4157 4151
f 4167 4168 4165
f 4167 4165 4163
f 4167 4163 4162
f 4167 4162 4166
f 4139 4169 4168
f 4139 4168 4167
f 4139 4167 4166
f 4139 4166 4143
f 4139 4143 4170
f 4139 4170 4171
f 4139 4171 4147
f 4139 4147 4169
f 4144 4142 4148
f 4144 4148 4149
f 4144 4149 4146
f 4144 4146 4154
f 4144 4154 4161
f 4144 4161 4164
f 4144 4164 4165
f 4144 4165 4168
f 4144 4168 4169
f 4144 4169 4147
f 4144 4147 4171
f 4144 4171 4159
f 4144 4159 4150
f 4144 4150 4141
f 4144 4141 4140
f 4144 4140 4142
o hull_240
v -213.08856 -74.01756 -16.113266
v -74.02167 -53.157516 102.0936
v -74.02167 -53.157516 25.606796
v -74.02167 -67.06421 18.653458
v -74.02167 -115.737625 102.0936
v -74.02167 -150.50435 53.420197
v -74.02167 -150.50435 18.653458
v -80.975006 -60.11087 11.700119
v -80.975006 -80.9709 4.746765
v -80.975006 -136.59766 4.746765
v -80.975006 -150.50435 60.373535
v -87.928345 -60.11087 4.746765
v -87.928345 -150.50435 -2.2065735
v -94.8817 -87.92424 -16.113266
v -94.8817 -143.551 -16.113266
v -101.835045 -74.01756 -16.113266
v -101.835045 -108.78428 67.32687
v -101.835045 -150.50435 67.32687
v -101.835045 -143.551 -2.2065735
v -101.835045 -150.50435 -16.113266
v -108.78838 -53.157516 -9.159927
v -122.695076 -53.157516 -16.113266
v -136.60178 -122.69097 102.0936
v -143.55511 -129.64432 95.14026
v -150.50845 -150.50435 67.32687
v -157.46179 -101.83094 -16.113266
v -157.46179 -122.69097 102.0936
v -157.46179 -129.64432 95.14026
v -213.08856 -74.01756 11.700119
v -157.46179 -143.551 74.28021
v -157.46179 -150.50435 60.373535
v -157.46179 -150.50435 -16.113266
v -164.41515 -122.69097 95.14026
v -164.41515 -150.50435 11.700119
v -164.41515 -150.50435 -9.159927
v -171.36848 -108.78428 102.0936
v -171.36848 -115.737625 95.14026
v -178.32184 -94.877594 102.0936
v -178.32184 -101.83094 95.14026
v -192.22853 -53.157516 102.0936
v -192.22853 -67.06421 102.0936
v -192.22853 -74.01756 95.14026
v -185.27518 -74.01756 -9.159927
v -192.22853 -115.737625 -2.2065735
v -192.22853 -115.737625 -16.113266
v -199.18187 -53.157516 88.18692
v -199.18187 -60.11087 88.18692
v -199.18187 -101.83094 11.700119
v -206.13521 -53.157516 67.32687
v -206.13521 -60.11087 67.32687
v -206.13521 -87.92424 18.653458
v -213.08856 -53.157516 39.51349
v -213.08856 -60.11087 39.51349
v -213.08856 -53.157516 -16.113266
f 4216 4203 4206
f 4175 4174 4173
f 4175 4173 4176
f 4175 4176 4177
f 4175 4177 4178
f 4182 4177 4176
f 4182 4176 4189
f 4194 4189 4176
f 4215 4216 4206
f 4215 4206 4205
f 4215 4205 4202
f 4187 4193 4192
f 4181 4178 4186
f 4184 4186 4178
f 4184 4178 4177
f 4184 4177 4182
f 4184 4182 4189
f 4184 4189 4196
f 4184 4196 4202
f 4184 4202 4205
f 4184 4205 4206
f 4184 4206 4203
f 4184 4203 4191
f 4184 4191 4186
f 4199 4198 4204
f 4172 4225 4193
f 4172 4193 4187
f 4172 4187 4185
f 4172 4185 4186
f 4172 4186 4191
f 4172 4191 4203
f 4172 4203 4216
f 4200 4224 4223
f 4200 4223 4225
f 4200 4225 4172
f 4200 4172 4216
f 4200 4216 4215
f 4200 4222 4224
f 4219 4215 4202
f 4219 4222 4200
f 4219 4200 4215
f 4207 4204 4198
f 4183 4187 4192
f 4183 4192 4174
f 4183 4185 4187
f 4180 4181 4186
f 4180 4186 4185
f 4180 4175 4178
f 4180 4178 4181
f 4195 4199 4196
f 4195 4196 4189
f 4195 4189 4194
f 4195 4194 4198
f 4195 4198 4199
f 4201 4199 4204
f 4201 4202 4196
f 4201 4196 4199
f 4220 4217 4211
f 4220 4211 4173
f 4220 4173 4174
f 4220 4174 4192
f 4220 4192 4193
f 4220 4193 4225
f 4220 4225 4223
f 4179 4183 4174
f 4179 4174 4175
f 4179 4175 4180
f 4179 4180 4185
f 4179 4185 4183
f 4210 4213 4222
f 4210 4209 4213
f 4212 4213 4209
f 4212 4207 4198
f 4212 4198 4194
f 4212 4194 4176
f 4212 4176 4173
f 4212 4173 4211
f 4212 4211 4217
f 4212 4217 4218
f 4212 4218 4213
f 4221 4218 4217
f 4221 4217 4220
f 4221 4220 4223
f 4221 4223 4224
f 4221 4224 4222
f 4221 4222 4213
f 4221 4213 4218
f 4208 4210 4222
f 4208 4222 4219
f 4208 4219 4202
f 4208 4202 4201
f 4208 4201 4204
f 4208 4204 4207
f 4208 4207 4212
f 4208 4209 4210
f 4214 4208 4212
f 4188 4214 4212
f 4188 4212 4209
f 4188 4209 4208
f 4188 4208 4190
f 4197 4214 4188
f 4197 4188 4190
f 4197 4190 4208
f 4197 4208 4214
o hull_241
v -220.0419 -46.204178 -16.113266
v -115.74173 -4.4841156 102.0936
v -115.74173 -4.4841156 -16.113266
v -115.74173 -11.437454 -16.113266
v -115.74173 -53.157516 102.0936
v -115.74173 -53.157516 -9.159927
v -122.695076 -4.4841156 -23.066605
v -136.60178 -46.204178 -43.92665
v -136.60178 -53.157516 -43.92665
v -164.41515 -4.4841156 -43.92665
v -185.27518 -4.4841156 -43.92665
v -192.22853 -53.157516 102.0936
v -199.18187 -4.4841156 102.0936
v -199.18187 -4.4841156 -36.973297
v -199.18187 -11.437454 -43.92665
v -199.18187 -39.25084 102.0936
v -199.18187 -53.157516 95.14026
v -206.13521 -11.437454 88.18692
v -206.13521 -18.390793 -43.92665
v -206.13521 -32.297485 88.18692
v -206.13521 -46.204178 81.23355
v -206.13521 -53.157516 74.28021
v -213.08856 -4.4841156 67.32687
v -213.08856 -4.4841156 -23.066605
v -213.08856 -32.297485 67.32687
v -213.08856 -32.297485 -43.92665
v -213.08856 -46.204178 60.373535
v -213.08856 -53.157516 46.466827
v -213.08856 -53.157516 -43.92665
v -220.0419 -4.4841156 46.466827
v -220.0419 -4.4841156 -9.159927
v -220.0419 -25.344147 46.466827
v -220.0419 -18.390793 -16.113266
v -220.0419 -39.25084 39.51349
v -220.0419 -46.204178 25.606796
f 4226 4254 4253
f 4226 4253 4260
f 4229 4228 4227
f 4229 4227 4230
f 4229 4230 4231
f 4229 4231 4234
f 4241 4237 4230
f 4241 4230 4227
f 4241 4227 4238
f 4241 4238 4243
f 4241 4243 4245
f 4241 4245 4242
f 4241 4242 4237
f 4248 4243 4238
f 4252 4259 4260
f 4252 4260 4253
f 4233 4232 4228
f 4233 4228 4229
f 4233 4229 4234
f 4233 4235 4232
f 4258 4226 4260
f 4258 4260 4259
f 4258 4259 4257
f 4258 4257 4255
f 4258 4255 4256
f 4247 4252 4253
f 4247 4253 4254
f 4247 4254 4234
f 4247 4234 4231
f 4247 4231 4230
f 4247 4230 4237
f 4247 4237 4242
f 4247 4242 4252
f 4246 4252 4242
f 4246 4242 4245
f 4246 4245 4252
f 4250 4252 4245
f 4250 4245 4243
f 4250 4243 4248
f 4250 4248 4255
f 4250 4255 4257
f 4250 4257 4259
f 4250 4259 4252
f 4251 4258 4256
f 4251 4256 4249
f 4251 4249 4244
f 4251 4254 4226
f 4251 4226 4258
f 4239 4249 4256
f 4239 4256 4255
f 4239 4255 4248
f 4239 4248 4238
f 4239 4238 4227
f 4239 4227 4228
f 4239 4228 4232
f 4239 4232 4235
f 4239 4235 4236
f 4240 4239 4236
f 4240 4236 4235
f 4240 4235 4233
f 4240 4233 4234
f 4240 4234 4254
f 4240 4254 4251
f 4240 4251 4244
f 4240 4244 4249
f 4240 4249 4239
o hull_242
v -115.74173 -53.157516 -2.2065735
v -108.78838 -53.157516 -2.2065735
v -74.02167 -4.4841156 88.18692
v -74.02167 -4.4841156 -16.113266
v -74.02167 -11.437454 -16.113266
v -74.02167 -32.297485 102.0936
v -74.02167 -53.157516 102.0936
v -74.02167 -53.157516 25.606796
v -87.928345 -4.4841156 102.0936
v -87.928345 -53.157516 11.700119
v -115.74173 -4.4841156 102.0936
v -115.74173 -4.4841156 -16.113266
v -115.74173 -11.437454 -16.113266
v -115.74173 -53.157516 102.0936
f 4273 4265 4262
f 4273 4262 4261
f 4273 4261 4274
f 4273 4274 4271
f 4273 4271 4272
f 4273 4272 4264
f 4273 4264 4265
f 4269 4263 4264
f 4269 4264 4272
f 4269 4272 4271
f 4270 4262 4265
f 4270 4265 4268
f 4270 4268 4267
f 4270 4267 4274
f 4270 4274 4261
f 4270 4261 4262
f 4266 4269 4271
f 4266 4271 4274
f 4266 4274 4267
f 4266 4267 4268
f 4266 4268 4265
f 4266 4265 4264
f 4266 4264 4263
f 4266 4263 4269
o hull_243
v -185.27518 -74.01756 102.0936
v -74.02167 -53.157516 178.58038
v -74.02167 -53.157516 102.0936
v -74.02167 -115.737625 178.58038
v -185.27518 -74.01756 109.046936
v -80.975006 -115.737625 178.58038
v -74.02167 -122.69097 102.0936
v -74.02167 -136.59766 157.72037
v -74.02167 -136.59766 129.90698
v -87.928345 -122.69097 171.62704
v -87.928345 -136.59766 157.72037
v -94.8817 -136.59766 143.81366
v -94.8817 -136.59766 129.90698
v -101.835045 -53.157516 178.58038
v -108.78838 -60.11087 178.58038
v -108.78838 -87.92424 178.58038
v -108.78838 -122.69097 157.72037
v -108.78838 -129.64432 150.767
v -115.74173 -94.877594 171.62704
v -185.27518 -53.157516 102.0936
v -129.64842 -53.157516 171.62704
v -129.64842 -74.01756 171.62704
v -129.64842 -101.83094 157.72037
v -129.64842 -129.64432 129.90698
v -129.64842 -129.64432 116.000275
v -143.55511 -80.9709 157.72037
v -150.50845 -53.157516 157.72037
v -150.50845 -67.06421 157.72037
v -185.27518 -60.11087 116.000275
v -150.50845 -122.69097 109.046936
v -150.50845 -122.69097 102.0936
v -185.27518 -53.157516 116.000275
v -157.46179 -67.06421 150.767
v -157.46179 -80.9709 143.81366
v -157.46179 -101.83094 129.90698
v -157.46179 -115.737625 116.000275
v -178.32184 -87.92424 109.046936
v -171.36848 -53.157516 136.86032
v -171.36848 -60.11087 136.86032
v -171.36848 -74.01756 129.90698
v -171.36848 -87.92424 122.95364
v -171.36848 -101.83094 109.046936
v -171.36848 -101.83094 102.0936
v -178.32184 -80.9709 116.000275
f 4284 4282 4278
f 4309 4315 4316
f 4309 4316 4310
f 4298 4297 4309
f 4298 4309 4310
f 4299 4305 4281
f 4283 4287 4299
f 4283 4299 4281
f 4283 4281 4277
f 4283 4277 4276
f 4283 4276 4278
f 4283 4278 4282
f 4291 4284 4293
f 4291 4293 4297
f 4291 4297 4298
f 4291 4298 4292
f 4285 4284 4291
f 4285 4291 4292
f 4285 4292 4298
f 4285 4282 4284
f 4280 4284 4278
f 4280 4290 4293
f 4280 4293 4284
f 4296 4293 4290
f 4296 4290 4289
f 4296 4289 4295
f 4296 4295 4301
f 4296 4301 4302
f 4317 4275 4294
f 4317 4294 4277
f 4317 4277 4281
f 4317 4281 4305
f 4300 4309 4297
f 4300 4297 4293
f 4300 4293 4296
f 4300 4296 4302
f 4304 4298 4310
f 4304 4310 4316
f 4304 4316 4317
f 4304 4317 4305
f 4304 4305 4299
f 4304 4299 4298
f 4286 4285 4298
f 4286 4298 4299
f 4286 4299 4287
f 4286 4287 4283
f 4286 4283 4282
f 4286 4282 4285
f 4288 4289 4290
f 4288 4290 4280
f 4288 4280 4278
f 4288 4278 4276
f 4288 4295 4289
f 4311 4275 4317
f 4311 4317 4316
f 4312 4301 4295
f 4312 4295 4288
f 4312 4288 4276
f 4312 4276 4277
f 4312 4277 4294
f 4312 4294 4306
f 4308 4300 4302
f 4308 4302 4307
f 4308 4314 4315
f 4308 4315 4309
f 4308 4309 4300
f 4318 4311 4316
f 4318 4316 4315
f 4318 4315 4314
f 4313 4314 4308
f 4313 4308 4307
f 4313 4307 4302
f 4313 4302 4301
f 4313 4301 4312
f 4313 4312 4306
f 4313 4306 4303
f 4279 4318 4314
f 4279 4314 4313
f 4279 4313 4303
f 4279 4303 4306
f 4279 4306 4294
f 4279 4294 4275
f 4279 4275 4311
f 4279 4311 4318
o hull_244
v -192.22853 -53.157516 102.0936
v -74.02167 -4.4841156 178.58038
v -74.02167 -4.4841156 116.000275
v -74.02167 -32.297485 102.0936
v -192.22853 -53.157516 109.046936
v -74.02167 -53.157516 178.58038
v -74.02167 -53.157516 102.0936
v -87.928345 -4.4841156 102.0936
v -94.8817 -53.157516 178.58038
v -108.78838 -4.4841156 178.58038
v -108.78838 -11.437454 178.58038
v -136.60178 -53.157516 164.6737
v -150.50845 -4.4841156 164.6737
v -150.50845 -18.390793 164.6737
v -150.50845 -53.157516 157.72037
v -157.46179 -46.204178 157.72037
v -164.41515 -46.204178 150.767
v -178.32184 -53.157516 129.90698
v -185.27518 -4.4841156 129.90698
v -185.27518 -25.344147 129.90698
v -185.27518 -46.204178 122.95364
v -192.22853 -4.4841156 116.000275
v -192.22853 -4.4841156 102.0936
v -192.22853 -32.297485 116.000275
f 4322 4326 4321
f 4322 4321 4320
f 4322 4320 4324
f 4322 4324 4325
f 4322 4325 4319
f 4322 4319 4341
f 4322 4341 4326
f 4336 4333 4334
f 4335 4336 4334
f 4335 4334 4338
f 4329 4327 4324
f 4329 4324 4320
f 4329 4320 4328
f 4332 4327 4329
f 4332 4329 4328
f 4332 4328 4331
f 4330 4327 4332
f 4330 4332 4334
f 4330 4334 4333
f 4330 4333 4336
f 4330 4336 4323
f 4330 4323 4319
f 4330 4319 4325
f 4330 4325 4324
f 4330 4324 4327
f 4339 4323 4336
f 4339 4336 4335
f 4339 4335 4338
f 4339 4338 4342
f 4339 4342 4323
f 4337 4338 4334
f 4337 4334 4332
f 4337 4332 4331
f 4340 4337 4331
f 4340 4331 4328
f 4340 4328 4320
f 4340 4320 4321
f 4340 4321 4326
f 4340 4326 4341
f 4340 4341 4319
f 4340 4319 4323
f 4340 4323 4342
f 4340 4342 4338
f 4340 4338 4337
o hull_245
v -94.8817 -87.92424 178.58038
v -80.975006 -46.204178 192.48709
v -74.02167 -46.204178 192.48709
v -74.02167 -46.204178 178.58038
v -94.8817 -87.92424 185.53372
v -74.02167 -87.92424 192.48709
v -80.975006 -87.92424 192.48709
v -74.02167 -101.83094 185.53372
v -80.975006 -101.83094 185.53372
v -74.02167 -101.83094 178.58038
v -80.975006 -101.83094 178.58038
v -87.928345 -46.204178 185.53372
v -87.928345 -46.204178 178.58038
v -94.8817 -60.11087 185.53372
v -94.8817 -60.11087 178.58038
f 4343 4347 4356
f 4343 4356 4357
f 4343 4357 4355
f 4343 4355 4346
f 4343 4346 4352
f 4343 4352 4353
f 4351 4347 4343
f 4351 4343 4353
f 4349 4344 4356
f 4349 4356 4347
f 4349 4347 4351
f 4349 4348 4345
f 4349 4345 4344
f 4354 4344 4345
f 4354 4345 4346
f 4354 4346 4355
f 4354 4355 4357
f 4354 4357 4356
f 4354 4356 4344
f 4350 4351 4353
f 4350 4353 4352
f 4350 4352 4346
f 4350 4346 4345
f 4350 4345 4348
f 4350 4348 4349
f 4350 4349 4351
o hull_246
v -108.78838 -11.437454 178.58038
v -74.02167 -4.4841156 206.39377
v -74.02167 -4.4841156 178.58038
v -108.78838 -4.4841156 178.58038
v -108.78838 -11.437454 185.53372
v -74.02167 -32.297485 206.39377
v -80.975006 -32.297485 206.39377
v -108.78838 -4.4841156 185.53372
v -74.02167 -46.204178 199.44043
v -80.975006 -46.204178 199.44043
v -74.02167 -46.204178 178.58038
v -87.928345 -4.4841156 206.39377
v -87.928345 -18.390793 206.39377
v -87.928345 -46.204178 185.53372
v -87.928345 -46.204178 178.58038
v -94.8817 -18.390793 199.44043
f 4361 4358 4362
f 4361 4362 4365
f 4361 4360 4368
f 4361 4368 4372
f 4361 4372 4358
f 4363 4366 4368
f 4363 4368 4360
f 4363 4360 4359
f 4369 4359 4360
f 4369 4360 4361
f 4369 4361 4365
f 4371 4362 4358
f 4371 4358 4372
f 4371 4372 4368
f 4371 4368 4366
f 4371 4366 4367
f 4371 4367 4362
f 4373 4362 4367
f 4373 4370 4369
f 4373 4369 4365
f 4373 4365 4362
f 4364 4363 4359
f 4364 4359 4369
f 4364 4369 4370
f 4364 4370 4373
f 4364 4373 4367
f 4364 4367 4366
f 4364 4366 4363
o hull_247
v -74.02167 -115.737625 32.56015
v -32.30159 -39.25084 95.14026
v -32.30159 -39.25084 46.466827
v -39.254944 -60.11087 25.606796
v -32.30159 -60.11087 25.606796
v -39.254944 -74.01756 18.653458
v -32.30159 -74.01756 18.653458
v -32.30159 -122.69097 18.653458
v -39.254944 -122.69097 18.653458
v -32.30159 -129.64432 95.14026
v -32.30159 -143.551 25.606796
v -39.254944 -143.551 25.606796
v -32.30159 -150.50435 74.28021
v -39.254944 -150.50435 74.28021
v -32.30159 -150.50435 32.56015
v -39.254944 -150.50435 32.56015
v -46.208282 -129.64432 95.14026
v -46.208282 -150.50435 67.32687
v -46.208282 -150.50435 39.51349
v -74.02167 -39.25084 95.14026
v -74.02167 -39.25084 39.51349
v -67.06831 -39.25084 39.51349
v -74.02167 -46.204178 32.56015
v -67.06831 -46.204178 32.56015
v -74.02167 -67.06421 25.606796
v -74.02167 -108.78428 25.606796
v -74.02167 -115.737625 95.14026
f 4383 4375 4393
f 4383 4393 4400
f 4383 4400 4390
f 4382 4385 4399
f 4382 4399 4398
f 4382 4398 4379
f 4382 4381 4384
f 4382 4384 4385
f 4389 4399 4385
f 4389 4385 4384
f 4389 4384 4388
f 4380 4378 4376
f 4380 4376 4375
f 4380 4375 4383
f 4380 4383 4386
f 4380 4386 4388
f 4380 4388 4384
f 4380 4384 4381
f 4380 4381 4382
f 4380 4382 4379
f 4392 4391 4400
f 4392 4400 4374
f 4392 4374 4399
f 4392 4399 4389
f 4387 4386 4383
f 4387 4383 4390
f 4387 4390 4400
f 4387 4400 4391
f 4387 4391 4392
f 4387 4392 4389
f 4387 4389 4388
f 4387 4388 4386
f 4395 4394 4393
f 4395 4393 4375
f 4395 4375 4376
f 4377 4378 4380
f 4377 4380 4379
f 4396 4377 4379
f 4396 4379 4398
f 4396 4398 4399
f 4396 4399 4374
f 4396 4374 4400
f 4396 4400 4393
f 4396 4393 4394
f 4397 4396 4394
f 4397 4394 4395
f 4397 4395 4376
f 4397 4376 4378
f 4397 4378 4377
f 4397 4377 4396
o hull_248
v -74.02167 -39.25084 32.56015
v -67.06831 -39.25084 32.56015
v -32.30159 -4.4841156 95.14026
v -32.30159 -4.4841156 11.700119
v -32.30159 -11.437454 11.700119
v -32.30159 -39.25084 95.14026
v -32.30159 -39.25084 53.420197
v -39.254944 -18.390793 11.700119
v -67.06831 -4.4841156 95.14026
v -60.114975 -25.344147 11.700119
v -74.02167 -4.4841156 81.23355
v -74.02167 -4.4841156 11.700119
v -74.02167 -25.344147 11.700119
v -67.06831 -32.297485 18.653458
v -74.02167 -32.297485 18.653458
v -74.02167 -32.297485 95.14026
v -74.02167 -39.25084 95.14026
f 4411 4409 4403
f 4411 4403 4404
f 4411 4404 4412
f 4416 4417 4406
f 4416 4406 4403
f 4416 4403 4409
f 4416 4409 4411
f 4402 4414 4407
f 4402 4407 4406
f 4402 4406 4417
f 4402 4417 4401
f 4415 4414 4402
f 4415 4402 4401
f 4415 4401 4417
f 4415 4417 4416
f 4415 4416 4411
f 4415 4411 4412
f 4415 4412 4413
f 4410 4414 4415
f 4410 4415 4413
f 4408 4407 4414
f 4408 4414 4410
f 4405 4408 4410
f 4405 4410 4413
f 4405 4413 4412
f 4405 4412 4404
f 4405 4404 4403
f 4405 4403 4406
f 4405 4406 4407
f 4405 4407 4408
o hull_249
v -74.02167 -129.64432 116.000275
v -32.30159 -4.4841156 129.90698
v -32.30159 -4.4841156 95.14026
v -32.30159 -115.737625 129.90698
v -32.30159 -122.69097 109.046936
v -32.30159 -122.69097 95.14026
v -39.254944 -122.69097 129.90698
v -60.114975 -122.69097 95.14026
v -53.16162 -129.64432 129.90698
v -53.16162 -129.64432 122.95364
v -67.06831 -4.4841156 95.14026
v -60.114975 -129.64432 116.000275
v -74.02167 -129.64432 129.90698
v -74.02167 -4.4841156 129.90698
v -74.02167 -4.4841156 102.0936
v -74.02167 -32.297485 95.14026
v -74.02167 -122.69097 102.0936
v -74.02167 -115.737625 95.14026
f 4432 4431 4419
f 4432 4419 4420
f 4432 4420 4428
f 4433 4432 4428
f 4434 4418 4430
f 4434 4430 4431
f 4434 4431 4432
f 4434 4432 4433
f 4434 4433 4435
f 4424 4421 4419
f 4424 4419 4431
f 4424 4431 4430
f 4424 4430 4426
f 4427 4426 4430
f 4427 4430 4418
f 4427 4418 4429
f 4425 4418 4434
f 4425 4434 4435
f 4422 4421 4424
f 4422 4424 4426
f 4423 4422 4426
f 4423 4426 4427
f 4423 4427 4429
f 4423 4429 4418
f 4423 4418 4425
f 4423 4425 4435
f 4423 4435 4433
f 4423 4433 4428
f 4423 4428 4420
f 4423 4420 4419
f 4423 4419 4421
f 4423 4421 4422
o hull_250
v -74.02167 -143.551 143.81366
v -32.30159 -4.4841156 220.30045
v -32.30159 -4.4841156 129.90698
v -32.30159 -32.297485 220.30045
v -39.254944 -32.297485 220.30045
v -32.30159 -67.06421 213.3471
v -39.254944 -67.06421 213.3471
v -32.30159 -101.83094 199.44043
v -39.254944 -101.83094 199.44043
v -32.30159 -115.737625 129.90698
v -32.30159 -122.69097 178.58038
v -32.30159 -122.69097 136.86032
v -74.02167 -143.551 157.72037
v -46.208282 -4.4841156 220.30045
v -46.208282 -25.344147 220.30045
v -53.16162 -94.877594 199.44043
v -74.02167 -136.59766 129.90698
v -53.16162 -108.78428 192.48709
v -46.208282 -136.59766 136.86032
v -60.114975 -46.204178 213.3471
v -60.114975 -74.01756 206.39377
v -53.16162 -136.59766 129.90698
v -53.16162 -143.551 157.72037
v -53.16162 -143.551 143.81366
v -67.06831 -32.297485 213.3471
v -67.06831 -67.06421 206.39377
v -67.06831 -101.83094 192.48709
v -74.02167 -4.4841156 213.3471
v -74.02167 -11.437454 213.3471
v -74.02167 -4.4841156 129.90698
v -74.02167 -46.204178 206.39377
v -74.02167 -74.01756 199.44043
v -74.02167 -94.877594 192.48709
v -74.02167 -108.78428 185.53372
v -74.02167 -129.64432 171.62704
f 4457 4452 4465
f 4457 4465 4438
f 4457 4438 4445
f 4447 4457 4445
f 4470 4448 4453
f 4454 4457 4447
f 4441 4442 4444
f 4441 4444 4443
f 4449 4437 4438
f 4449 4438 4465
f 4449 4465 4463
f 4458 4446 4443
f 4458 4443 4444
f 4458 4444 4453
f 4458 4453 4448
f 4462 4470 4453
f 4462 4453 4444
f 4462 4444 4451
f 4439 4441 4443
f 4439 4443 4446
f 4439 4446 4447
f 4439 4447 4445
f 4439 4445 4438
f 4439 4438 4437
f 4456 4461 4468
f 4456 4468 4462
f 4456 4462 4451
f 4456 4451 4444
f 4456 4444 4442
f 4459 4458 4448
f 4459 4448 4436
f 4459 4436 4452
f 4459 4452 4457
f 4459 4457 4454
f 4459 4454 4447
f 4459 4447 4446
f 4459 4446 4458
f 4469 4462 4468
f 4469 4470 4462
f 4440 4439 4437
f 4440 4437 4449
f 4440 4449 4450
f 4440 4442 4441
f 4440 4441 4439
f 4464 4466 4461
f 4464 4461 4460
f 4464 4460 4450
f 4464 4450 4449
f 4464 4449 4463
f 4467 4466 4464
f 4467 4464 4463
f 4467 4463 4465
f 4467 4465 4452
f 4467 4452 4436
f 4467 4436 4448
f 4467 4448 4470
f 4467 4470 4469
f 4467 4469 4468
f 4467 4468 4461
f 4467 4461 4466
f 4455 4461 4456
f 4455 4456 4442
f 4455 4442 4440
f 4455 4440 4450
f 4455 4450 4460
f 4455 4460 4461
o hull_251
v -11.441559 -94.877594 -9.159927
v 44.185196 -53.157516 -2.2065735
v 44.185196 -53.157516 -30.019958
v 44.185196 -80.9709 -30.019958
v -11.441559 -94.877594 -2.2065735
v 44.185196 -94.877594 -2.2065735
v 44.185196 -94.877594 -23.066605
v 23.325165 -80.9709 -30.019958
v 16.371826 -53.157516 -30.019958
v 16.371826 -67.06421 -30.019958
v 9.418472 -53.157516 -2.2065735
v -11.441559 -80.9709 -9.159927
v 9.418472 -53.157516 -16.113266
v 2.4651337 -80.9709 -23.066605
v 2.4651337 -94.877594 -23.066605
v -11.441559 -80.9709 -2.2065735
v -4.48822 -67.06421 -2.2065735
v -4.48822 -67.06421 -9.159927
f 4471 4485 4477
f 4471 4477 4476
f 4471 4476 4475
f 4486 4487 4488
f 4486 4488 4482
f 4486 4482 4471
f 4486 4471 4475
f 4481 4483 4488
f 4481 4488 4487
f 4481 4487 4486
f 4481 4486 4475
f 4481 4475 4476
f 4481 4476 4472
f 4484 4485 4471
f 4484 4471 4482
f 4474 4473 4472
f 4474 4472 4476
f 4474 4476 4477
f 4474 4477 4485
f 4474 4485 4478
f 4479 4484 4482
f 4479 4482 4488
f 4479 4488 4483
f 4479 4483 4481
f 4479 4481 4472
f 4479 4472 4473
f 4480 4479 4473
f 4480 4473 4474
f 4480 4474 4478
f 4480 4478 4485
f 4480 4485 4484
f 4480 4484 4479
o hull_252
v -32.30159 -94.877594 11.700119
v 44.185196 -53.157516 46.466827
v 44.185196 -53.157516 -2.2065735
v 44.185196 -94.877594 46.466827
v 44.185196 -94.877594 -2.2065735
v 2.4651337 -53.157516 -2.2065735
v -11.441559 -67.06421 -2.2065735
v -18.394897 -80.9709 -2.2065735
v -18.394897 -94.877594 -2.2065735
v -32.30159 -53.157516 46.466827
v -32.30159 -53.157516 25.606796
v -32.30159 -80.9709 11.700119
v -32.30159 -94.877594 46.466827
f 4493 4491 4490
f 4493 4490 4492
f 4489 4497 4493
f 4489 4493 4492
f 4489 4492 4501
f 4498 4501 4492
f 4498 4492 4490
f 4499 4500 4489
f 4499 4489 4501
f 4499 4501 4498
f 4499 4498 4490
f 4499 4490 4491
f 4499 4491 4494
f 4495 4499 4494
f 4496 4495 4494
f 4496 4494 4491
f 4496 4491 4493
f 4496 4493 4497
f 4496 4497 4489
f 4496 4489 4500
f 4496 4500 4499
f 4496 4499 4495
o hull_253
v -32.30159 -39.25084 -30.019958
v -4.48822 -4.4841156 18.653458
v -4.48822 -11.437454 18.653458
v -4.48822 -4.4841156 -30.019958
v -32.30159 -39.25084 -23.066605
v -4.48822 -25.344147 4.746765
v -11.441559 -25.344147 4.746765
v -4.48822 -46.204178 -23.066605
v -4.48822 -46.204178 -30.019958
v -18.394897 -46.204178 -23.066605
v -18.394897 -46.204178 -30.019958
v -32.30159 -4.4841156 18.653458
v -32.30159 -11.437454 18.653458
v -32.30159 -4.4841156 -30.019958
v -32.30159 -18.390793 11.700119
f 4503 4505 4515
f 4503 4515 4513
f 4514 4516 4504
f 4514 4504 4503
f 4514 4503 4513
f 4506 4511 4516
f 4506 4516 4514
f 4506 4514 4513
f 4506 4513 4515
f 4506 4515 4502
f 4512 4511 4506
f 4512 4506 4502
f 4512 4502 4515
f 4512 4515 4505
f 4512 4505 4510
f 4509 4511 4512
f 4509 4512 4510
f 4507 4509 4510
f 4507 4510 4505
f 4507 4505 4503
f 4507 4503 4504
f 4508 4507 4504
f 4508 4504 4516
f 4508 4516 4511
f 4508 4511 4509
f 4508 4509 4507
o hull_254
v -4.48822 -46.204178 -30.019958
v 44.185196 -4.4841156 25.606796
v 44.185196 -4.4841156 -30.019958
v 44.185196 -53.157516 25.606796
v -4.48822 -46.204178 -23.066605
v 44.185196 -53.157516 -30.019958
v 23.325165 -4.4841156 25.606796
v 2.4651337 -46.204178 25.606796
v 2.4651337 -53.157516 25.606796
v 2.4651337 -53.157516 -30.019958
v -4.48822 -4.4841156 18.653458
v -4.48822 -11.437454 18.653458
v -4.48822 -4.4841156 -30.019958
v -4.48822 -39.25084 -9.159927
f 4526 4517 4529
f 4526 4529 4519
f 4526 4519 4522
f 4518 4520 4522
f 4518 4522 4519
f 4525 4526 4522
f 4525 4522 4520
f 4530 4525 4528
f 4523 4518 4519
f 4523 4519 4529
f 4523 4529 4527
f 4521 4530 4528
f 4521 4528 4527
f 4521 4527 4529
f 4521 4529 4517
f 4521 4517 4526
f 4521 4526 4525
f 4521 4525 4530
f 4524 4523 4527
f 4524 4527 4528
f 4524 4528 4525
f 4524 4525 4520
f 4524 4520 4518
f 4524 4518 4523
o hull_255
v -32.30159 -150.50435 46.466827
v 16.371826 -80.9709 109.046936
v 16.371826 -80.9709 46.466827
v 16.371826 -122.69097 109.046936
v 16.371826 -150.50435 81.23355
v 16.371826 -150.50435 46.466827
v -32.30159 -80.9709 109.046936
v -32.30159 -80.9709 46.466827
v -32.30159 -122.69097 109.046936
v -32.30159 -150.50435 81.23355
f 4531 4538 4533
f 4531 4533 4536
f 4535 4536 4533
f 4535 4533 4532
f 4535 4532 4534
f 4537 4539 4534
f 4537 4534 4532
f 4537 4532 4533
f 4537 4533 4538
f 4540 4535 4534
f 4540 4534 4539
f 4540 4539 4537
f 4540 4537 4538
f 4540 4538 4531
f 4540 4531 4536
f 4540 4536 4535
o hull_256
v -32.30159 -80.9709 46.466827
v 16.371826 -4.4841156 109.046936
v 16.371826 -4.4841156 88.18692
v 16.371826 -32.297485 53.420197
v 16.371826 -39.25084 46.466827
v 16.371826 -80.9709 109.046936
v 16.371826 -80.9709 46.466827
v 9.418472 -4.4841156 81.23355
v -4.48822 -4.4841156 74.28021
v -32.30159 -4.4841156 109.046936
v -32.30159 -4.4841156 74.28021
v -32.30159 -39.25084 46.466827
v -32.30159 -80.9709 109.046936
f 4541 4547 4546
f 4541 4546 4553
f 4542 4550 4553
f 4542 4553 4546
f 4552 4545 4547
f 4552 4547 4541
f 4552 4541 4553
f 4552 4553 4550
f 4552 4550 4551
f 4549 4545 4552
f 4549 4552 4551
f 4548 4549 4551
f 4548 4551 4550
f 4548 4550 4542
f 4548 4542 4543
f 4544 4548 4543
f 4544 4543 4542
f 4544 4542 4546
f 4544 4546 4547
f 4544 4547 4545
f 4544 4545 4549
f 4544 4549 4548
o hull_257
v -32.30159 -115.737625 109.046936
v 16.371826 -11.437454 136.86032
v 16.371826 -11.437454 109.046936
v 16.371826 -101.83094 136.86032
v 16.371826 -108.78428 129.90698
v 16.371826 -115.737625 116.000275
v 16.371826 -115.737625 109.046936
v -18.394897 -108.78428 136.86032
v -32.30159 -11.437454 136.86032
v -32.30159 -11.437454 109.046936
v -32.30159 -108.78428 136.86032
v -25.348251 -115.737625 122.95364
v -32.30159 -115.737625 122.95364
f 4556 4560 4554
f 4556 4554 4563
f 4562 4555 4556
f 4562 4556 4563
f 4562 4563 4554
f 4562 4554 4566
f 4562 4566 4564
f 4561 4557 4555
f 4561 4555 4562
f 4561 4562 4564
f 4565 4561 4564
f 4565 4564 4566
f 4559 4561 4565
f 4559 4565 4566
f 4559 4566 4554
f 4559 4554 4560
f 4558 4559 4560
f 4558 4560 4556
f 4558 4556 4555
f 4558 4555 4557
f 4558 4557 4561
f 4558 4561 4559
o hull_258
v -32.30159 -11.437454 109.046936
v 16.371826 -4.4841156 136.86032
v 16.371826 -11.437454 136.86032
v -32.30159 -4.4841156 109.046936
v 16.371826 -4.4841156 109.046936
v 16.371826 -11.437454 109.046936
v -32.30159 -4.4841156 136.86032
v -32.30159 -11.437454 136.86032
f 4569 4574 4567
f 4569 4567 4572
f 4570 4571 4572
f 4570 4572 4567
f 4568 4569 4572
f 4568 4572 4571
f 4573 4570 4567
f 4573 4567 4574
f 4573 4574 4569
f 4573 4569 4568
f 4573 4568 4571
f 4573 4571 4570
o hull_259
v 16.371826 -129.64432 46.466827
v 37.231857 -18.390793 74.28021
v 44.185196 -18.390793 74.28021
v 37.231857 -18.390793 67.32687
v 44.185196 -18.390793 67.32687
v 37.231857 -25.344147 53.420197
v 44.185196 -25.344147 53.420197
v 44.185196 -32.297485 46.466827
v 44.185196 -129.64432 74.28021
v 44.185196 -129.64432 46.466827
v 23.325165 -32.297485 46.466827
v 16.371826 -25.344147 74.28021
v 16.371826 -25.344147 67.32687
v 16.371826 -32.297485 53.420197
v 16.371826 -39.25084 46.466827
v 16.371826 -129.64432 74.28021
f 4584 4583 4590
f 4584 4590 4575
f 4576 4586 4590
f 4576 4590 4583
f 4576 4583 4577
f 4588 4589 4575
f 4588 4575 4590
f 4588 4590 4586
f 4588 4586 4587
f 4578 4587 4586
f 4578 4586 4576
f 4578 4576 4577
f 4578 4577 4579
f 4585 4588 4587
f 4585 4587 4578
f 4585 4582 4584
f 4585 4584 4575
f 4585 4575 4589
f 4585 4589 4588
f 4580 4585 4578
f 4581 4580 4578
f 4581 4578 4579
f 4581 4579 4577
f 4581 4577 4583
f 4581 4583 4584
f 4581 4584 4582
f 4581 4582 4585
f 4581 4585 4580
o hull_260
v 16.371826 -129.64432 74.28021
v 44.185196 -4.4841156 136.86032
v 37.231857 -4.4841156 81.23355
v 44.185196 -4.4841156 81.23355
v 37.231857 -11.437454 74.28021
v 44.185196 -11.437454 74.28021
v 44.185196 -122.69097 136.86032
v 37.231857 -122.69097 136.86032
v 44.185196 -129.64432 122.95364
v 37.231857 -129.64432 122.95364
v 44.185196 -129.64432 74.28021
v 16.371826 -4.4841156 136.86032
v 16.371826 -4.4841156 88.18692
v 16.371826 -25.344147 74.28021
v 16.371826 -101.83094 136.86032
v 16.371826 -129.64432 109.046936
f 4598 4597 4592
f 4598 4592 4602
f 4598 4602 4605
f 4606 4600 4598
f 4606 4598 4605
f 4606 4605 4602
f 4606 4602 4603
f 4606 4603 4604
f 4606 4604 4591
f 4599 4600 4606
f 4599 4606 4591
f 4599 4591 4601
f 4599 4597 4598
f 4599 4598 4600
f 4594 4592 4597
f 4594 4597 4599
f 4594 4599 4601
f 4594 4601 4596
f 4595 4596 4601
f 4595 4601 4591
f 4595 4591 4604
f 4595 4604 4603
f 4593 4595 4603
f 4593 4603 4602
f 4593 4602 4592
f 4593 4592 4594
f 4593 4594 4596
f 4593 4596 4595
o hull_261
v -213.08856 -4.4841156 -16.113266
v -101.835045 51.14264 -9.159927
v -101.835045 51.14264 -43.92665
v -101.835045 23.32927 -43.92665
v -213.08856 -4.4841156 -9.159927
v -101.835045 -4.4841156 -9.159927
v -101.835045 -4.4841156 -16.113266
v -108.78838 -4.4841156 -23.066605
v -115.74173 16.37593 -43.92665
v -143.55511 9.422577 -43.92665
v -143.55511 -4.4841156 -36.973297
v -171.36848 9.422577 -43.92665
v -178.32184 23.32927 -43.92665
v -185.27518 51.14264 -43.92665
v -185.27518 44.1893 -43.92665
v -192.22853 51.14264 -9.159927
v -192.22853 51.14264 -30.019958
v -192.22853 -4.4841156 -36.973297
v -199.18187 44.1893 -9.159927
v -213.08856 16.37593 -16.113266
v -199.18187 44.1893 -16.113266
v -206.13521 2.4692383 -30.019958
v -206.13521 -4.4841156 -30.019958
v -213.08856 16.37593 -9.159927
f 4620 4628 4626
f 4614 4617 4615
f 4614 4615 4610
f 4607 4626 4628
f 4607 4628 4629
f 4607 4611 4630
f 4607 4630 4626
f 4622 4625 4630
f 4622 4630 4611
f 4622 4611 4612
f 4622 4612 4608
f 4613 4614 4610
f 4613 4610 4609
f 4613 4609 4608
f 4613 4608 4612
f 4613 4612 4611
f 4613 4611 4607
f 4613 4607 4629
f 4613 4629 4624
f 4613 4624 4617
f 4613 4617 4614
f 4627 4626 4630
f 4627 4630 4625
f 4616 4615 4617
f 4616 4617 4624
f 4616 4624 4618
f 4619 4618 4624
f 4623 4627 4625
f 4623 4625 4622
f 4623 4622 4608
f 4623 4608 4609
f 4623 4609 4620
f 4623 4620 4626
f 4623 4626 4627
f 4621 4619 4624
f 4621 4624 4629
f 4621 4629 4628
f 4621 4628 4620
f 4621 4620 4609
f 4621 4609 4610
f 4621 4610 4615
f 4621 4615 4616
f 4621 4616 4618
f 4621 4618 4619
o hull_262
v -220.0419 -4.4841156 -9.159927
v -101.835045 51.14264 74.28021
v -101.835045 51.14264 -9.159927
v -220.0419 2.4692383 -9.159927
v -101.835045 -4.4841156 74.28021
v -101.835045 -4.4841156 -9.159927
v -178.32184 51.14264 74.28021
v -185.27518 51.14264 67.32687
v -185.27518 44.1893 74.28021
v -192.22853 51.14264 53.420197
v -192.22853 51.14264 -9.159927
v -199.18187 51.14264 25.606796
v -199.18187 51.14264 -2.2065735
v -199.18187 16.37593 74.28021
v -206.13521 44.1893 32.56015
v -206.13521 44.1893 -2.2065735
v -206.13521 37.235962 -9.159927
v -206.13521 16.37593 67.32687
v -206.13521 2.4692383 74.28021
v -206.13521 -4.4841156 74.28021
v -213.08856 37.235962 32.56015
v -213.08856 37.235962 4.746765
v -213.08856 30.282608 46.466827
v -213.08856 23.32927 53.420197
v -213.08856 23.32927 -9.159927
v -213.08856 9.422577 60.373535
v -220.0419 23.32927 39.51349
v -220.0419 23.32927 4.746765
v -220.0419 16.37593 -2.2065735
v -220.0419 9.422577 46.466827
v -220.0419 -4.4841156 46.466827
f 4633 4632 4635
f 4633 4635 4636
f 4661 4631 4636
f 4661 4636 4635
f 4661 4635 4650
f 4641 4647 4646
f 4652 4658 4657
f 4652 4657 4651
f 4652 4646 4647
f 4652 4647 4655
f 4652 4655 4658
f 4653 4651 4657
f 4640 4651 4653
f 4643 4641 4646
f 4643 4646 4652
f 4634 4655 4647
f 4634 4647 4641
f 4634 4641 4633
f 4634 4633 4636
f 4634 4636 4631
f 4656 4660 4661
f 4656 4661 4650
f 4642 4643 4652
f 4642 4652 4651
f 4638 4640 4653
f 4638 4637 4632
f 4638 4632 4633
f 4638 4633 4641
f 4638 4641 4643
f 4638 4643 4642
f 4638 4642 4640
f 4659 4634 4631
f 4659 4631 4661
f 4659 4661 4660
f 4659 4660 4657
f 4659 4657 4658
f 4659 4658 4655
f 4659 4655 4634
f 4654 4656 4648
f 4654 4638 4653
f 4654 4653 4657
f 4654 4657 4660
f 4654 4660 4656
f 4649 4644 4648
f 4649 4648 4656
f 4649 4656 4650
f 4639 4644 4649
f 4639 4649 4650
f 4639 4650 4635
f 4639 4635 4632
f 4639 4632 4637
f 4639 4637 4638
f 4639 4638 4654
f 4639 4654 4648
f 4639 4648 4644
f 4645 4642 4651
f 4645 4651 4640
f 4645 4640 4642
o hull_263
v -192.22853 51.14264 -30.019958
v -74.02167 58.09601 -23.066605
v -74.02167 51.14264 -23.066605
v -192.22853 58.09601 -30.019958
v -192.22853 51.14264 -23.066605
v -74.02167 58.09601 -78.693375
v -74.02167 51.14264 -78.693375
v -192.22853 58.09601 -23.066605
v -164.41515 58.09601 -78.693375
v -164.41515 51.14264 -78.693375
v -171.36848 58.09601 -71.74002
v -171.36848 51.14264 -71.74002
f 4669 4666 4664
f 4669 4664 4663
f 4667 4663 4664
f 4667 4664 4668
f 4667 4668 4671
f 4667 4671 4670
f 4672 4665 4669
f 4672 4669 4663
f 4672 4663 4667
f 4672 4667 4670
f 4662 4666 4669
f 4662 4669 4665
f 4673 4662 4665
f 4673 4665 4672
f 4673 4672 4670
f 4673 4670 4671
f 4673 4671 4668
f 4673 4668 4664
f 4673 4664 4666
f 4673 4666 4662
o hull_264
v -199.18187 78.956024 -43.92665
v -80.975006 85.90936 -23.066605
v -74.02167 85.90936 -23.066605
v -199.18187 85.90936 -43.92665
v -74.02167 85.90936 -78.693375
v -74.02167 78.956024 -36.973297
v -74.02167 58.09601 -23.066605
v -74.02167 65.04935 -64.78668
v -74.02167 58.09601 -78.693375
v -171.36848 58.09601 -78.693375
v -178.32184 65.04935 -78.693375
v -178.32184 58.09601 -71.74002
v -185.27518 85.90936 -78.693375
v -185.27518 72.002686 -78.693375
v -185.27518 58.09601 -57.83333
v -192.22853 85.90936 -23.066605
v -192.22853 85.90936 -71.74002
v -192.22853 72.002686 -71.74002
v -192.22853 58.09601 -23.066605
v -192.22853 58.09601 -36.973297
v -199.18187 78.956024 -23.066605
v -199.18187 85.90936 -23.066605
f 4680 4682 4678
f 4680 4678 4676
f 4694 4692 4680
f 4694 4680 4676
f 4694 4676 4695
f 4677 4674 4694
f 4677 4694 4695
f 4687 4684 4691
f 4690 4691 4674
f 4690 4674 4677
f 4693 4692 4694
f 4693 4694 4674
f 4693 4674 4691
f 4693 4691 4688
f 4685 4688 4691
f 4685 4691 4684
f 4685 4687 4683
f 4685 4683 4682
f 4685 4682 4680
f 4685 4680 4692
f 4685 4692 4693
f 4685 4693 4688
f 4686 4690 4677
f 4686 4677 4695
f 4686 4695 4676
f 4686 4676 4678
f 4686 4678 4682
f 4686 4682 4683
f 4686 4683 4687
f 4686 4687 4691
f 4686 4691 4690
f 4681 4685 4684
f 4681 4684 4687
f 4689 4675 4687
f 4689 4687 4685
f 4689 4685 4675
f 4679 4681 4687
f 4679 4687 4675
f 4679 4675 4685
f 4679 4685 4681
o hull_265
v -192.22853 51.14264 -23.066605
v -74.02167 85.90936 25.606796
v -74.02167 85.90936 -23.066605
v -74.02167 51.14264 25.606796
v -74.02167 51.14264 -23.066605
v -164.41515 85.90936 25.606796
v -178.32184 85.90936 11.700119
v -192.22853 85.90936 -9.159927
v -192.22853 85.90936 -23.066605
v -192.22853 58.09601 25.606796
v -192.22853 51.14264 25.606796
f 4699 4706 4696
f 4699 4696 4700
f 4698 4700 4696
f 4698 4696 4704
f 4698 4697 4699
f 4698 4699 4700
f 4705 4703 4704
f 4705 4704 4696
f 4705 4696 4706
f 4705 4706 4699
f 4705 4699 4697
f 4705 4697 4701
f 4702 4705 4701
f 4702 4701 4697
f 4702 4697 4698
f 4702 4698 4704
f 4702 4704 4703
f 4702 4703 4705
o hull_266
v -185.27518 51.14264 25.606796
v -74.02167 85.90936 46.466827
v -74.02167 85.90936 25.606796
v -185.27518 58.09601 25.606796
v -74.02167 51.14264 46.466827
v -74.02167 51.14264 25.606796
v -157.46179 85.90936 46.466827
v -164.41515 85.90936 39.51349
v -164.41515 85.90936 25.606796
v -178.32184 72.002686 32.56015
v -178.32184 72.002686 25.606796
v -185.27518 58.09601 46.466827
v -185.27518 51.14264 46.466827
f 4711 4719 4707
f 4711 4707 4712
f 4709 4708 4711
f 4709 4711 4712
f 4715 4709 4712
f 4715 4712 4707
f 4715 4707 4710
f 4715 4710 4717
f 4718 4710 4707
f 4718 4707 4719
f 4718 4719 4711
f 4718 4711 4708
f 4718 4708 4713
f 4714 4718 4713
f 4714 4713 4708
f 4714 4708 4709
f 4714 4709 4715
f 4716 4714 4715
f 4716 4715 4717
f 4716 4717 4710
f 4716 4710 4718
f 4716 4718 4714
o hull_267
v -185.27518 51.14264 46.466827
v -74.02167 78.956024 53.420197
v -74.02167 78.956024 46.466827
v -185.27518 58.09601 46.466827
v -185.27518 51.14264 53.420197
v -74.02167 51.14264 53.420197
v -74.02167 51.14264 46.466827
v -185.27518 58.09601 53.420197
v -164.41515 78.956024 53.420197
v -164.41515 78.956024 46.466827
f 4724 4720 4726
f 4724 4726 4725
f 4721 4725 4726
f 4721 4726 4722
f 4721 4722 4729
f 4721 4729 4728
f 4727 4724 4725
f 4727 4725 4721
f 4727 4721 4728
f 4723 4727 4728
f 4723 4728 4729
f 4723 4729 4722
f 4723 4722 4726
f 4723 4726 4720
f 4723 4720 4724
f 4723 4724 4727
o hull_268
v -178.32184 51.14264 53.420197
v -74.02167 78.956024 74.28021
v -74.02167 78.956024 53.420197
v -74.02167 51.14264 74.28021
v -74.02167 51.14264 53.420197
v -164.41515 78.956024 74.28021
v -164.41515 78.956024 53.420197
v -171.36848 72.002686 74.28021
v -178.32184 65.04935 60.373535
v -178.32184 65.04935 53.420197
v -178.32184 58.09601 74.28021
v -178.32184 51.14264 74.28021
f 4733 4741 4730
f 4733 4730 4734
f 4732 4731 4733
f 4732 4733 4734
f 4736 4735 4731
f 4736 4731 4732
f 4736 4732 4734
f 4736 4734 4730
f 4736 4730 4739
f 4737 4740 4741
f 4737 4741 4733
f 4737 4733 4731
f 4737 4731 4735
f 4738 4737 4735
f 4738 4735 4736
f 4738 4736 4739
f 4738 4739 4730
f 4738 4730 4741
f 4738 4741 4740
f 4738 4740 4737
o hull_269
v -157.46179 78.956024 46.466827
v -74.02167 85.90936 74.28021
v -74.02167 78.956024 74.28021
v -157.46179 85.90936 46.466827
v -74.02167 85.90936 46.466827
v -74.02167 78.956024 46.466827
v -157.46179 85.90936 74.28021
v -157.46179 78.956024 74.28021
f 4745 4742 4749
f 4745 4749 4748
f 4744 4743 4748
f 4744 4748 4749
f 4744 4749 4742
f 4744 4742 4747
f 4746 4743 4744
f 4746 4744 4747
f 4746 4747 4742
f 4746 4742 4745
f 4746 4745 4748
f 4746 4748 4743
o hull_270
o hull_271
v -74.02167 9.422577 -43.92665
v -67.06831 9.422577 -43.92665
v -74.02167 85.90936 -36.973297
v -67.06831 85.90936 -36.973297
v -74.02167 9.422577 -36.973297
v -67.06831 9.422577 -36.973297
v -74.02167 85.90936 -78.693375
v -67.06831 85.90936 -78.693375
v -67.06831 37.235962 -78.693375
v -74.02167 37.235962 -78.693375
v -67.06831 23.32927 -64.78668
v -74.02167 23.32927 -64.78668
f 4753 4757 4756
f 4753 4756 4752
f 4753 4752 4754
f 4753 4754 4755
f 4750 4751 4755
f 4750 4755 4754
f 4758 4759 4756
f 4758 4756 4757
f 4760 4758 4757
f 4760 4757 4753
f 4760 4753 4755
f 4760 4755 4751
f 4761 4760 4751
f 4761 4751 4750
f 4761 4750 4754
f 4761 4754 4752
f 4761 4752 4756
f 4761 4756 4759
f 4761 4759 4758
f 4761 4758 4760
o hull_272
v -67.06831 2.4692383 -50.87999
v 2.4651337 85.90936 -64.78668
v 2.4651337 85.90936 -78.693375
v 2.4651337 72.002686 -36.973297
v 2.4651337 -4.4841156 -36.973297
v 2.4651337 -4.4841156 -78.693375
v -11.441559 85.90936 -36.973297
v -60.114975 -4.4841156 -36.973297
v -60.114975 -4.4841156 -78.693375
v -67.06831 85.90936 -36.973297
v -67.06831 85.90936 -78.693375
v -67.06831 30.282608 -78.693375
v -67.06831 2.4692383 -36.973297
f 4769 4770 4767
f 4769 4767 4766
f 4771 4774 4769
f 4771 4769 4766
f 4771 4766 4765
f 4771 4765 4768
f 4773 4772 4764
f 4773 4764 4767
f 4773 4767 4770
f 4763 4768 4765
f 4763 4765 4766
f 4763 4766 4767
f 4763 4767 4764
f 4763 4764 4772
f 4763 4772 4771
f 4763 4771 4768
f 4762 4773 4770
f 4762 4770 4769
f 4762 4769 4774
f 4762 4774 4771
f 4762 4771 4772
f 4762 4772 4773
o hull_273
v -74.02167 -4.4841156 -30.019958
v 2.4651337 65.04935 46.466827
v 2.4651337 65.04935 -36.973297
v 2.4651337 30.282608 46.466827
v 2.4651337 9.422577 32.56015
v 2.4651337 -4.4841156 18.653458
v 2.4651337 -4.4841156 -36.973297
v -4.48822 23.32927 46.466827
v -39.254944 -4.4841156 46.466827
v -67.06831 -4.4841156 -36.973297
v -74.02167 65.04935 46.466827
v -74.02167 65.04935 -36.973297
v -74.02167 2.4692383 -36.973297
v -74.02167 -4.4841156 46.466827
f 4776 4777 4786
f 4776 4786 4785
f 4787 4784 4775
f 4787 4775 4788
f 4787 4788 4785
f 4787 4785 4786
f 4787 4786 4777
f 4787 4777 4781
f 4787 4781 4784
f 4783 4788 4775
f 4783 4775 4784
f 4783 4784 4781
f 4783 4781 4780
f 4779 4783 4780
f 4779 4780 4781
f 4779 4781 4777
f 4779 4777 4776
f 4779 4776 4778
f 4782 4779 4778
f 4782 4778 4776
f 4782 4776 4785
f 4782 4785 4788
f 4782 4788 4783
f 4782 4783 4779
o hull_274
v -74.02167 65.04935 -36.973297
v 2.4651337 85.90936 46.466827
v 2.4651337 85.90936 -16.113266
v 2.4651337 65.04935 46.466827
v 2.4651337 72.002686 -36.973297
v 2.4651337 65.04935 -36.973297
v -4.48822 78.956024 -36.973297
v -18.394897 85.90936 -36.973297
v -74.02167 85.90936 46.466827
v -74.02167 85.90936 -36.973297
v -74.02167 65.04935 46.466827
f 4797 4798 4789
f 4797 4789 4799
f 4792 4790 4797
f 4792 4797 4799
f 4792 4799 4789
f 4792 4789 4794
f 4796 4798 4797
f 4796 4797 4790
f 4796 4790 4791
f 4793 4791 4790
f 4793 4790 4792
f 4793 4792 4794
f 4795 4793 4794
f 4795 4794 4789
f 4795 4789 4798
f 4795 4798 4796
f 4795 4796 4791
f 4795 4791 4793
o hull_275
v -74.02167 -4.4841156 46.466827
v 2.4651337 85.90936 74.28021
v 2.4651337 85.90936 46.466827
v 2.4651337 37.235962 46.466827
v 2.4651337 30.282608 74.28021
v 2.4651337 30.282608 60.373535
v -32.30159 -4.4841156 74.28021
v -32.30159 -4.4841156 67.32687
v -39.254944 -4.4841156 46.466827
v -74.02167 85.90936 74.28021
v -74.02167 85.90936 46.466827
v -74.02167 -4.4841156 74.28021
f 4810 4800 4811
f 4810 4811 4809
f 4801 4802 4810
f 4801 4810 4809
f 4806 4804 4801
f 4806 4801 4809
f 4806 4809 4811
f 4808 4807 4806
f 4808 4806 4811
f 4808 4811 4800
f 4803 4808 4800
f 4803 4800 4810
f 4803 4810 4802
f 4805 4803 4802
f 4805 4802 4801
f 4805 4801 4804
f 4805 4804 4806
f 4805 4806 4807
f 4805 4807 4808
f 4805 4808 4803
o hull_276
o hull_277
v 2.4651337 30.282608 -30.019958
v 44.185196 85.90936 46.466827
v 44.185196 85.90936 4.746765
v 44.185196 72.002686 -30.019958
v 44.185196 51.14264 46.466827
v 44.185196 30.282608 39.51349
v 44.185196 30.282608 -30.019958
v 30.278503 85.90936 -9.159927
v 30.278503 37.235962 46.466827
v 16.371826 85.90936 -16.113266
v 16.371826 30.282608 46.466827
v 2.4651337 85.90936 46.466827
v 2.4651337 85.90936 -16.113266
v 2.4651337 72.002686 -30.019958
v 2.4651337 30.282608 46.466827
f 4822 4826 4812
f 4822 4812 4818
f 4822 4818 4817
f 4820 4822 4817
f 4820 4817 4816
f 4820 4816 4813
f 4820 4813 4823
f 4820 4823 4826
f 4820 4826 4822
f 4825 4815 4818
f 4825 4818 4812
f 4825 4812 4826
f 4825 4826 4823
f 4825 4823 4824
f 4814 4813 4816
f 4814 4816 4817
f 4814 4817 4818
f 4814 4818 4815
f 4819 4814 4815
f 4821 4819 4815
f 4821 4815 4825
f 4821 4825 4824
f 4821 4824 4823
f 4821 4823 4813
f 4821 4813 4814
f 4821 4814 4819
o hull_278
v 2.4651337 37.235962 46.466827
v 44.185196 85.90936 74.28021
v 44.185196 85.90936 46.466827
v 44.185196 65.04935 74.28021
v 44.185196 58.09601 60.373535
v 44.185196 58.09601 46.466827
v 37.231857 51.14264 60.373535
v 30.278503 44.1893 60.373535
v 23.325165 37.235962 53.420197
v 23.325165 37.235962 46.466827
v 16.371826 37.235962 74.28021
v 2.4651337 85.90936 74.28021
v 2.4651337 85.90936 46.466827
v 2.4651337 37.235962 74.28021
f 4836 4827 4839
f 4836 4839 4829
f 4836 4829 4832
f 4838 4828 4829
f 4838 4829 4839
f 4838 4839 4827
f 4838 4827 4840
f 4837 4830 4828
f 4837 4828 4838
f 4837 4838 4840
f 4833 4830 4837
f 4833 4836 4832
f 4835 4837 4840
f 4835 4840 4827
f 4835 4827 4836
f 4835 4836 4833
f 4831 4833 4832
f 4831 4832 4829
f 4831 4829 4828
f 4831 4828 4830
f 4831 4830 4833
f 4834 4835 4833
f 4834 4833 4837
f 4834 4837 4835
o hull_279
v -171.36848 -4.4841156 136.86032
v -53.16162 30.282608 213.3471
v -53.16162 30.282608 136.86032
v -53.16162 -4.4841156 213.3471
v -171.36848 -4.4841156 143.81366
v -53.16162 -4.4841156 136.86032
v -67.06831 30.282608 213.3471
v -74.02167 23.32927 213.3471
v -74.02167 -4.4841156 213.3471
v -87.928345 30.282608 206.39377
v -101.835045 -4.4841156 199.44043
v -115.74173 30.282608 192.48709
v -115.74173 9.422577 192.48709
v -136.60178 30.282608 178.58038
v -136.60178 9.422577 178.58038
v -143.55511 -4.4841156 171.62704
v -171.36848 30.282608 143.81366
v -171.36848 30.282608 136.86032
f 4846 4841 4858
f 4846 4858 4843
f 4842 4844 4846
f 4842 4846 4843
f 4845 4856 4855
f 4845 4855 4854
f 4845 4854 4857
f 4845 4857 4858
f 4845 4858 4841
f 4845 4841 4846
f 4845 4846 4844
f 4845 4844 4849
f 4845 4849 4851
f 4845 4851 4856
f 4848 4851 4849
f 4852 4851 4848
f 4852 4848 4850
f 4847 4848 4849
f 4847 4849 4844
f 4847 4844 4842
f 4847 4842 4843
f 4847 4843 4858
f 4847 4858 4857
f 4847 4857 4854
f 4847 4854 4852
f 4847 4852 4850
f 4847 4850 4848
f 4853 4852 4854
f 4853 4854 4855
f 4853 4855 4856
f 4853 4856 4851
f 4853 4851 4852
o hull_280
v -53.16162 -4.4841156 136.86032
v 23.325165 30.282608 185.53372
v 23.325165 30.282608 136.86032
v 23.325165 2.4692383 213.3471
v 23.325165 -4.4841156 213.3471
v 23.325165 -4.4841156 136.86032
v 9.418472 30.282608 199.44043
v 9.418472 2.4692383 220.30045
v 9.418472 -4.4841156 220.30045
v 2.4651337 23.32927 213.3471
v -4.48822 23.32927 220.30045
v -11.441559 30.282608 220.30045
v -46.208282 30.282608 220.30045
v -46.208282 -4.4841156 220.30045
v -53.16162 30.282608 213.3471
v -53.16162 30.282608 136.86032
v -53.16162 -4.4841156 213.3471
f 4874 4861 4864
f 4874 4864 4859
f 4875 4873 4874
f 4875 4874 4859
f 4865 4870 4868
f 4871 4873 4875
f 4871 4875 4872
f 4867 4872 4875
f 4867 4875 4859
f 4867 4859 4864
f 4867 4864 4863
f 4862 4865 4868
f 4866 4867 4863
f 4866 4863 4862
f 4860 4862 4863
f 4860 4863 4864
f 4860 4864 4861
f 4860 4861 4874
f 4860 4874 4873
f 4860 4873 4871
f 4860 4871 4870
f 4860 4870 4865
f 4860 4865 4862
f 4869 4866 4862
f 4869 4862 4868
f 4869 4868 4870
f 4869 4870 4871
f 4869 4871 4872
f 4869 4872 4867
f 4869 4867 4866
o hull_281
v -171.36848 30.282608 136.86032
v -129.64842 58.09601 157.72037
v -122.695076 58.09601 157.72037
v -122.695076 58.09601 136.86032
v -171.36848 30.282608 143.81366
v -129.64842 51.14264 171.62704
v -122.695076 51.14264 171.62704
v -129.64842 44.1893 178.58038
v -122.695076 44.1893 178.58038
v -122.695076 30.282608 178.58038
v -122.695076 30.282608 136.86032
v -171.36848 44.1893 136.86032
v -136.60178 37.235962 178.58038
v -136.60178 30.282608 178.58038
v -150.50845 58.09601 143.81366
v -171.36848 44.1893 143.81366
v -150.50845 58.09601 136.86032
v -150.50845 51.14264 157.72037
v -157.46179 44.1893 157.72037
v -164.41515 51.14264 143.81366
v -164.41515 51.14264 136.86032
f 4887 4896 4892
f 4887 4892 4879
f 4887 4879 4886
f 4887 4886 4876
f 4890 4892 4896
f 4890 4896 4895
f 4890 4877 4878
f 4890 4878 4879
f 4890 4879 4892
f 4883 4888 4889
f 4883 4889 4885
f 4883 4885 4884
f 4882 4881 4883
f 4882 4883 4884
f 4882 4884 4885
f 4882 4885 4886
f 4882 4886 4879
f 4882 4879 4878
f 4882 4878 4877
f 4882 4877 4881
f 4880 4876 4886
f 4880 4886 4885
f 4880 4885 4889
f 4894 4880 4889
f 4894 4889 4888
f 4891 4887 4876
f 4891 4876 4880
f 4891 4880 4894
f 4891 4894 4895
f 4891 4895 4896
f 4891 4896 4887
f 4893 4894 4888
f 4893 4888 4883
f 4893 4883 4881
f 4893 4881 4877
f 4893 4877 4890
f 4893 4890 4895
f 4893 4895 4894
o hull_282
v -122.695076 30.282608 136.86032
v 44.185196 58.09601 185.53372
v 44.185196 58.09601 150.767
v 44.185196 51.14264 136.86032
v 44.185196 37.235962 192.48709
v 44.185196 30.282608 192.48709
v 44.185196 30.282608 136.86032
v 37.231857 58.09601 136.86032
v 30.278503 58.09601 199.44043
v 30.278503 51.14264 199.44043
v 9.418472 30.282608 199.44043
v -94.8817 58.09601 199.44043
v -101.835045 44.1893 199.44043
v -101.835045 30.282608 199.44043
v -115.74173 37.235962 192.48709
v -115.74173 30.282608 192.48709
v -122.695076 58.09601 171.62704
v -122.695076 58.09601 136.86032
v -122.695076 44.1893 185.53372
v -122.695076 30.282608 185.53372
f 4899 4904 4914
f 4899 4914 4913
f 4899 4913 4908
f 4899 4908 4905
f 4899 4905 4898
f 4901 4898 4905
f 4906 4902 4901
f 4906 4901 4905
f 4906 4907 4902
f 4915 4908 4913
f 4915 4913 4914
f 4915 4914 4897
f 4915 4897 4916
f 4900 4899 4898
f 4900 4898 4901
f 4900 4901 4902
f 4900 4902 4903
f 4900 4903 4897
f 4900 4897 4914
f 4900 4914 4904
f 4900 4904 4899
f 4912 4916 4897
f 4912 4897 4903
f 4912 4903 4902
f 4912 4902 4907
f 4912 4907 4910
f 4909 4910 4907
f 4909 4907 4906
f 4909 4906 4905
f 4909 4905 4908
f 4911 4909 4908
f 4911 4908 4915
f 4911 4915 4916
f 4911 4916 4912
f 4911 4912 4910
f 4911 4910 4909
o hull_283
v -74.02167 58.09601 136.86032
v -46.208282 85.90936 199.44043
v -46.208282 85.90936 136.86032
v -46.208282 78.956024 206.39377
v -46.208282 58.09601 206.39377
v -46.208282 58.09601 136.86032
v -60.114975 78.956024 206.39377
v -67.06831 85.90936 199.44043
v -67.06831 85.90936 136.86032
v -74.02167 85.90936 192.48709
v -74.02167 85.90936 157.72037
v -74.02167 78.956024 199.44043
v -74.02167 78.956024 143.81366
v -74.02167 72.002686 136.86032
v -74.02167 65.04935 206.39377
v -74.02167 58.09601 206.39377
f 4932 4917 4922
f 4932 4922 4921
f 4930 4925 4919
f 4930 4919 4922
f 4930 4922 4917
f 4931 4923 4928
f 4920 4923 4931
f 4920 4931 4932
f 4920 4932 4921
f 4920 4921 4922
f 4920 4922 4919
f 4920 4919 4918
f 4924 4926 4928
f 4924 4928 4923
f 4924 4923 4920
f 4924 4920 4918
f 4924 4918 4919
f 4924 4919 4925
f 4924 4925 4927
f 4924 4927 4926
f 4929 4930 4917
f 4929 4917 4932
f 4929 4932 4931
f 4929 4931 4928
f 4929 4928 4926
f 4929 4926 4927
f 4929 4927 4925
f 4929 4925 4930
o hull_284
v -46.208282 58.09601 136.86032
v 44.185196 65.04935 185.53372
v 44.185196 58.09601 185.53372
v 44.185196 65.04935 164.6737
v 44.185196 58.09601 164.6737
v 37.231857 85.90936 199.44043
v 37.231857 85.90936 164.6737
v 37.231857 78.956024 157.72037
v 37.231857 58.09601 199.44043
v 30.278503 85.90936 206.39377
v 30.278503 85.90936 150.767
v 30.278503 58.09601 206.39377
v 30.278503 65.04935 136.86032
v 30.278503 58.09601 136.86032
v 23.325165 78.956024 136.86032
v 16.371826 85.90936 136.86032
v 9.418472 65.04935 213.3471
v 9.418472 58.09601 213.3471
v 2.4651337 72.002686 213.3471
v -32.30159 72.002686 213.3471
v -46.208282 85.90936 206.39377
v -46.208282 85.90936 136.86032
v -46.208282 65.04935 213.3471
v -46.208282 58.09601 213.3471
f 4952 4951 4942
f 4952 4942 4953
f 4941 4938 4942
f 4941 4942 4944
f 4943 4947 4948
f 4943 4948 4954
f 4943 4954 4953
f 4943 4953 4942
f 4943 4942 4938
f 4943 4938 4939
f 4934 4936 4939
f 4934 4939 4938
f 4934 4938 4941
f 4934 4941 4935
f 4937 4936 4934
f 4937 4934 4935
f 4937 4935 4941
f 4937 4941 4944
f 4937 4944 4950
f 4937 4950 4956
f 4937 4956 4933
f 4937 4933 4946
f 4949 4950 4944
f 4949 4944 4942
f 4949 4942 4951
f 4955 4952 4953
f 4955 4953 4954
f 4955 4954 4933
f 4955 4933 4956
f 4955 4956 4950
f 4955 4950 4949
f 4955 4949 4951
f 4955 4951 4952
f 4940 4943 4939
f 4940 4939 4936
f 4945 4943 4940
f 4945 4940 4936
f 4945 4936 4937
f 4945 4937 4946
f 4945 4946 4933
f 4945 4933 4954
f 4945 4954 4948
f 4945 4948 4947
f 4945 4947 4943
o hull_285
v 44.185196 -220.0378 -9.159927
v 51.138535 -220.0378 -9.159927
v 113.71864 -143.551 67.32687
v 113.71864 -150.50435 67.32687
v 113.71864 -143.551 -43.92665
v 113.71864 -178.31773 60.373535
v 113.71864 -192.22443 46.466827
v 113.71864 -192.22443 -43.92665
v 106.765305 -199.17776 39.51349
v 106.765305 -199.17776 -36.973297
v 99.811966 -143.551 81.23355
v 99.811966 -150.50435 81.23355
v 99.811966 -192.22443 67.32687
v 99.811966 -199.17776 53.420197
v 99.811966 -199.17776 -43.92665
v 92.85863 -185.27107 81.23355
v 92.85863 -206.1311 32.56015
v 92.85863 -206.1311 -30.019958
v 85.90526 -192.22443 81.23355
v 85.90526 -206.1311 46.466827
v 85.90526 -206.1311 -36.973297
v 71.99858 -143.551 -43.92665
v 78.95192 -199.17776 74.28021
v 71.99858 -199.17776 -43.92665
v 71.99858 -206.1311 -36.973297
v 78.95192 -213.08446 18.653458
v 78.95192 -213.08446 -9.159927
v 65.04524 -150.50435 -43.92665
v 65.04524 -192.22443 -43.92665
v 71.99858 -206.1311 60.373535
v 71.99858 -213.08446 32.56015
v 58.091904 -192.22443 81.23355
v 58.091904 -199.17776 74.28021
v 51.138535 -185.27107 81.23355
v 58.091904 -213.08446 46.466827
v 44.185196 -143.551 81.23355
v 44.185196 -220.0378 25.606796
v 51.138535 -220.0378 25.606796
v 44.185196 -143.551 -30.019958
v 44.185196 -157.4577 -30.019958
v 44.185196 -171.36438 81.23355
v 44.185196 -192.22443 67.32687
v 44.185196 -206.1311 -23.066605
v 44.185196 -213.08446 46.466827
f 4967 4959 4961
f 4967 4961 4978
f 4967 4978 4995
f 4967 4995 4992
f 4984 4995 4978
f 4980 4981 4957
f 4980 4957 4999
f 4980 4999 4985
f 4996 4995 4984
f 4996 4984 4985
f 4996 4985 4999
f 4991 4994 4987
f 4991 4987 4986
f 4993 4994 4991
f 4993 4991 5000
f 4958 4994 4993
f 4958 4993 4957
f 4977 4958 4957
f 4977 4957 4981
f 4979 4989 5000
f 4979 5000 4991
f 4979 4991 4986
f 4988 4989 4979
f 4988 4979 4975
f 4998 4997 4992
f 4998 4992 4995
f 4998 4995 4996
f 4998 4996 4999
f 4998 4999 4957
f 4998 4957 4993
f 4998 4993 5000
f 4998 5000 4989
f 4998 4989 4988
f 4998 4988 4990
f 4998 4990 4997
f 4976 4986 4987
f 4976 4987 4973
f 4970 4979 4986
f 4970 4986 4976
f 4970 4976 4973
f 4982 4987 4994
f 4982 4994 4958
f 4982 4958 4983
f 4982 4973 4987
f 4971 4977 4981
f 4971 4981 4980
f 4971 4980 4985
f 4971 4985 4984
f 4971 4984 4978
f 4971 4978 4961
f 4971 4961 4964
f 4974 4983 4958
f 4974 4958 4977
f 4974 4977 4971
f 4966 4971 4964
f 4966 4983 4974
f 4966 4974 4971
f 4965 4963 4970
f 4965 4970 4973
f 4965 4973 4982
f 4965 4982 4983
f 4965 4983 4966
f 4965 4966 4964
f 4965 4964 4963
f 4969 4963 4962
f 4969 4962 4972
f 4969 4972 4975
f 4969 4975 4979
f 4969 4979 4970
f 4969 4970 4963
f 4960 4972 4962
f 4960 4962 4963
f 4960 4963 4964
f 4960 4964 4961
f 4960 4961 4959
f 4968 4972 4960
f 4968 4960 4959
f 4968 4959 4967
f 4968 4967 4992
f 4968 4992 4997
f 4968 4997 4990
f 4968 4990 4988
f 4968 4988 4975
f 4968 4975 4972
o hull_286
v 44.185196 -164.41104 81.23355
v 92.85863 -143.551 88.18692
v 92.85863 -143.551 81.23355
v 92.85863 -178.31773 88.18692
v 44.185196 -164.41104 88.18692
v 92.85863 -178.31773 81.23355
v 85.90526 -192.22443 88.18692
v 85.90526 -192.22443 81.23355
v 58.091904 -192.22443 88.18692
v 58.091904 -192.22443 81.23355
v 44.185196 -143.551 88.18692
v 44.185196 -143.551 81.23355
f 5007 5009 5010
f 5007 5010 5008
f 5011 5002 5003
f 5011 5003 5012
f 5005 5009 5007
f 5005 5007 5004
f 5005 5004 5002
f 5005 5002 5011
f 5006 5004 5007
f 5006 5007 5008
f 5006 5003 5002
f 5006 5002 5004
f 5001 5005 5011
f 5001 5011 5012
f 5001 5012 5003
f 5001 5003 5006
f 5001 5006 5008
f 5001 5008 5010
f 5001 5010 5009
f 5001 5009 5005
o hull_287
v 113.71864 -192.22443 -9.159927
v 120.67198 -192.22443 -9.159927
v 148.48537 -136.59766 -2.2065735
v 148.48537 -136.59766 -43.92665
v 113.71864 -192.22443 -2.2065735
v 120.67198 -192.22443 -2.2065735
v 148.48537 -171.36438 -2.2065735
v 148.48537 -171.36438 -43.92665
v 113.71864 -185.27107 -43.92665
v 120.67198 -185.27107 -43.92665
v 141.53203 -178.31773 -2.2065735
v 141.53203 -178.31773 -23.066605
v 127.62535 -185.27107 -30.019958
v 113.71864 -136.59766 -2.2065735
v 113.71864 -136.59766 -43.92665
f 5020 5016 5015
f 5020 5015 5019
f 5027 5026 5015
f 5027 5015 5016
f 5013 5017 5026
f 5013 5026 5027
f 5013 5027 5021
f 5022 5021 5027
f 5022 5027 5016
f 5022 5016 5020
f 5023 5024 5020
f 5023 5020 5019
f 5023 5019 5015
f 5023 5015 5026
f 5023 5026 5017
f 5023 5017 5018
f 5014 5024 5023
f 5014 5023 5018
f 5014 5018 5017
f 5014 5017 5013
f 5014 5013 5021
f 5014 5021 5022
f 5025 5014 5022
f 5025 5022 5020
f 5025 5020 5024
f 5025 5024 5014
o hull_288
v 113.71864 -192.22443 -2.2065735
v 120.67198 -192.22443 -2.2065735
v 141.53203 -136.59766 67.32687
v 148.48537 -136.59766 67.32687
v 148.48537 -143.551 67.32687
v 141.53203 -143.551 67.32687
v 148.48537 -136.59766 -2.2065735
v 148.48537 -171.36438 39.51349
v 148.48537 -171.36438 -2.2065735
v 141.53203 -178.31773 32.56015
v 141.53203 -178.31773 -2.2065735
v 134.57869 -171.36438 53.420197
v 134.57869 -178.31773 46.466827
v 127.62535 -185.27107 39.51349
v 113.71864 -136.59766 60.373535
v 113.71864 -136.59766 -2.2065735
v 120.67198 -164.41104 60.373535
v 113.71864 -164.41104 60.373535
v 120.67198 -178.31773 53.420197
v 113.71864 -178.31773 53.420197
v 120.67198 -185.27107 46.466827
v 113.71864 -185.27107 46.466827
v 120.67198 -192.22443 32.56015
v 113.71864 -192.22443 32.56015
f 5030 5031 5034
f 5030 5034 5043
f 5030 5043 5042
f 5050 5051 5028
f 5050 5028 5029
f 5040 5035 5039
f 5032 5039 5035
f 5032 5035 5036
f 5032 5036 5034
f 5032 5034 5031
f 5037 5035 5040
f 5037 5040 5041
f 5037 5041 5050
f 5046 5040 5039
f 5046 5039 5032
f 5033 5032 5031
f 5033 5031 5030
f 5033 5030 5042
f 5033 5042 5045
f 5038 5037 5050
f 5038 5050 5029
f 5038 5029 5028
f 5038 5028 5043
f 5038 5043 5034
f 5038 5034 5036
f 5038 5036 5035
f 5038 5035 5037
f 5044 5046 5032
f 5044 5032 5033
f 5044 5033 5045
f 5047 5046 5044
f 5047 5044 5045
f 5049 5047 5045
f 5049 5045 5042
f 5049 5042 5043
f 5049 5043 5028
f 5049 5028 5051
f 5048 5049 5051
f 5048 5051 5050
f 5048 5050 5041
f 5048 5041 5040
f 5048 5040 5046
f 5048 5046 5047
f 5048 5047 5049
o hull_289
v 44.185196 -80.9709 -78.693375
v 148.48537 -39.25084 -30.019958
v 148.48537 -39.25084 -78.693375
v 148.48537 -108.78428 -30.019958
v 148.48537 -108.78428 -78.693375
v 92.85863 -108.78428 -30.019958
v 92.85863 -108.78428 -78.693375
v 44.185196 -39.25084 -30.019958
v 44.185196 -39.25084 -78.693375
v 44.185196 -67.06421 -30.019958
v 44.185196 -80.9709 -64.78668
f 5053 5055 5056
f 5053 5056 5054
f 5059 5053 5054
f 5059 5054 5060
f 5052 5060 5054
f 5052 5054 5056
f 5052 5056 5058
f 5057 5062 5052
f 5057 5052 5058
f 5057 5058 5056
f 5057 5056 5055
f 5061 5057 5055
f 5061 5055 5053
f 5061 5053 5059
f 5061 5059 5060
f 5061 5060 5052
f 5061 5052 5062
f 5061 5062 5057
o hull_290
v 44.185196 -108.78428 -23.066605
v 148.48537 -46.204178 -23.066605
v 148.48537 -46.204178 -30.019958
v 148.48537 -67.06421 11.700119
v 148.48537 -108.78428 11.700119
v 148.48537 -108.78428 -30.019958
v 141.53203 -39.25084 -23.066605
v 141.53203 -39.25084 -30.019958
v 92.85863 -39.25084 11.700119
v 85.90526 -108.78428 -30.019958
v 44.185196 -39.25084 11.700119
v 44.185196 -39.25084 -30.019958
v 44.185196 -74.01756 -30.019958
v 44.185196 -108.78428 11.700119
f 5072 5068 5067
f 5072 5067 5076
f 5072 5076 5063
f 5075 5072 5063
f 5075 5063 5076
f 5075 5076 5073
f 5075 5073 5074
f 5071 5073 5076
f 5071 5076 5067
f 5071 5067 5066
f 5065 5068 5072
f 5065 5072 5075
f 5065 5075 5074
f 5065 5074 5070
f 5069 5071 5066
f 5069 5070 5074
f 5069 5074 5073
f 5069 5073 5071
f 5064 5069 5066
f 5064 5066 5067
f 5064 5067 5068
f 5064 5068 5065
f 5064 5065 5070
f 5064 5070 5069
o hull_291
v 44.185196 -108.78428 11.700119
v 92.85863 -39.25084 46.466827
v 92.85863 -39.25084 25.606796
v 92.85863 -94.877594 11.700119
v 92.85863 -108.78428 46.466827
v 92.85863 -108.78428 11.700119
v 85.90526 -39.25084 11.700119
v 44.185196 -39.25084 46.466827
v 44.185196 -39.25084 11.700119
v 44.185196 -108.78428 46.466827
f 5081 5086 5077
f 5081 5077 5082
f 5085 5077 5086
f 5085 5086 5084
f 5078 5084 5086
f 5078 5086 5081
f 5079 5083 5085
f 5079 5085 5084
f 5079 5084 5078
f 5080 5079 5078
f 5080 5078 5081
f 5080 5081 5082
f 5080 5082 5077
f 5080 5077 5085
f 5080 5085 5083
f 5080 5083 5079
o hull_292
v 92.85863 -108.78428 11.700119
v 148.48537 -46.204178 46.466827
v 148.48537 -46.204178 39.51349
v 148.48537 -60.11087 18.653458
v 148.48537 -67.06421 11.700119
v 148.48537 -108.78428 46.466827
v 148.48537 -108.78428 11.700119
v 127.62535 -67.06421 11.700119
v 120.67198 -39.25084 46.466827
v 120.67198 -39.25084 39.51349
v 106.765305 -39.25084 32.56015
v 92.85863 -39.25084 46.466827
v 92.85863 -39.25084 32.56015
v 92.85863 -87.92424 11.700119
v 92.85863 -108.78428 46.466827
f 5092 5101 5087
f 5092 5087 5093
f 5100 5087 5101
f 5100 5101 5098
f 5100 5098 5099
f 5094 5100 5099
f 5091 5093 5087
f 5091 5087 5100
f 5091 5100 5094
f 5090 5089 5088
f 5090 5088 5092
f 5090 5092 5093
f 5090 5093 5091
f 5095 5098 5101
f 5095 5101 5092
f 5095 5092 5088
f 5095 5088 5089
f 5095 5089 5096
f 5097 5090 5091
f 5097 5091 5094
f 5097 5094 5099
f 5097 5099 5098
f 5097 5098 5095
f 5097 5095 5096
f 5097 5096 5089
f 5097 5089 5090
o hull_293
v 44.185196 -39.25084 -78.693375
v 113.71864 37.235962 18.653458
v 113.71864 37.235962 -71.74002
v 113.71864 9.422577 -78.693375
v 113.71864 -11.437454 18.653458
v 113.71864 -25.344147 11.700119
v 113.71864 -39.25084 -2.2065735
v 113.71864 -39.25084 -78.693375
v 106.765305 30.282608 25.606796
v 106.765305 -25.344147 25.606796
v 106.765305 -32.297485 18.653458
v 99.811966 37.235962 25.606796
v 99.811966 -39.25084 18.653458
v 92.85863 16.37593 -78.693375
v 92.85863 -39.25084 25.606796
v 44.185196 37.235962 25.606796
v 44.185196 37.235962 -71.74002
v 44.185196 23.32927 -78.693375
v 51.138535 23.32927 -78.693375
v 44.185196 -39.25084 25.606796
f 5119 5102 5121
f 5119 5121 5117
f 5119 5117 5118
f 5119 5118 5104
f 5119 5104 5120
f 5115 5105 5109
f 5115 5109 5102
f 5115 5102 5119
f 5115 5119 5120
f 5115 5120 5104
f 5115 5104 5105
f 5116 5114 5111
f 5112 5111 5114
f 5106 5111 5107
f 5113 5103 5104
f 5113 5104 5118
f 5113 5118 5117
f 5108 5112 5114
f 5108 5114 5116
f 5108 5116 5121
f 5108 5121 5102
f 5108 5102 5109
f 5108 5109 5105
f 5108 5105 5104
f 5108 5104 5103
f 5108 5103 5106
f 5108 5106 5107
f 5108 5107 5111
f 5108 5111 5112
f 5110 5113 5117
f 5110 5117 5121
f 5110 5121 5116
f 5110 5116 5111
f 5110 5111 5106
f 5110 5106 5103
f 5110 5103 5113
o hull_294
v 113.71864 -39.25084 -78.693375
v 148.48537 37.235962 -30.019958
v 148.48537 37.235962 -78.693375
v 148.48537 -39.25084 -30.019958
v 148.48537 -39.25084 -78.693375
v 134.57869 37.235962 -2.2065735
v 134.57869 30.282608 -2.2065735
v 127.62535 37.235962 -78.693375
v 134.57869 -18.390793 -9.159927
v 127.62535 -25.344147 -2.2065735
v 127.62535 -39.25084 -9.159927
v 113.71864 37.235962 11.700119
v 120.67198 37.235962 11.700119
v 113.71864 37.235962 -71.74002
v 120.67198 2.4692383 11.700119
v 113.71864 2.4692383 11.700119
v 113.71864 9.422577 -78.693375
v 120.67198 -25.344147 4.746765
v 113.71864 -25.344147 4.746765
v 113.71864 -39.25084 -9.159927
f 5123 5125 5126
f 5123 5126 5124
f 5129 5138 5135
f 5129 5124 5126
f 5129 5126 5122
f 5129 5122 5138
f 5132 5141 5122
f 5132 5122 5126
f 5132 5126 5125
f 5140 5141 5132
f 5140 5132 5139
f 5131 5139 5132
f 5131 5132 5125
f 5131 5125 5130
f 5137 5133 5135
f 5137 5135 5138
f 5137 5138 5122
f 5137 5122 5141
f 5137 5141 5140
f 5128 5130 5125
f 5128 5125 5123
f 5128 5123 5127
f 5134 5127 5123
f 5134 5123 5124
f 5134 5124 5129
f 5134 5129 5135
f 5134 5135 5133
f 5136 5139 5131
f 5136 5131 5130
f 5136 5130 5128
f 5136 5128 5127
f 5136 5127 5134
f 5136 5134 5133
f 5136 5133 5137
f 5136 5137 5140
f 5136 5140 5139
o hull_295
v 148.48537 -157.4577 -36.973297
v 190.20543 -87.92424 -9.159927
v 190.20543 -87.92424 -16.113266
v 190.20543 -122.69097 -9.159927
v 190.20543 -122.69097 -16.113266
v 183.25209 -101.83094 -30.019958
v 183.25209 -129.64432 -30.019958
v 183.25209 -136.59766 -9.159927
v 183.25209 -136.59766 -23.066605
v 176.29875 -74.01756 -23.066605
v 176.29875 -94.877594 -36.973297
v 176.29875 -143.551 -36.973297
v 169.34541 -67.06421 -9.159927
v 169.34541 -67.06421 -23.066605
v 169.34541 -74.01756 -36.973297
v 162.39207 -67.06421 -36.973297
v 162.39207 -157.4577 -9.159927
v 162.39207 -157.4577 -36.973297
v 148.48537 -67.06421 -9.159927
v 148.48537 -67.06421 -36.973297
v 148.48537 -157.4577 -9.159927
f 5152 5156 5144
f 5146 5144 5143
f 5146 5143 5145
f 5159 5158 5162
f 5159 5162 5142
f 5155 5154 5143
f 5155 5143 5144
f 5155 5156 5157
f 5161 5157 5156
f 5161 5156 5152
f 5161 5152 5153
f 5161 5153 5159
f 5161 5159 5142
f 5161 5142 5162
f 5161 5162 5160
f 5161 5160 5154
f 5161 5154 5155
f 5161 5155 5157
f 5149 5145 5143
f 5149 5143 5154
f 5149 5154 5160
f 5149 5160 5162
f 5149 5162 5158
f 5151 5155 5144
f 5151 5144 5156
f 5151 5156 5155
f 5150 5149 5158
f 5150 5158 5159
f 5150 5159 5153
f 5150 5153 5148
f 5150 5148 5146
f 5150 5146 5145
f 5150 5145 5149
f 5147 5148 5153
f 5147 5153 5152
f 5147 5152 5144
f 5147 5144 5146
f 5147 5146 5148
o hull_296
v 148.48537 -67.06421 -36.973297
v 162.39207 -60.11087 -30.019958
v 162.39207 -67.06421 -30.019958
v 148.48537 -60.11087 -36.973297
v 162.39207 -60.11087 -36.973297
v 162.39207 -67.06421 -36.973297
v 148.48537 -60.11087 -16.113266
v 155.4387 -60.11087 -16.113266
v 155.4387 -67.06421 -16.113266
v 148.48537 -67.06421 -16.113266
f 5167 5168 5163
f 5167 5163 5166
f 5169 5166 5163
f 5169 5163 5172
f 5169 5172 5171
f 5169 5171 5170
f 5164 5167 5166
f 5164 5166 5169
f 5164 5169 5170
f 5165 5164 5170
f 5165 5170 5171
f 5165 5171 5172
f 5165 5172 5163
f 5165 5163 5168
f 5165 5168 5167
f 5165 5167 5164
o hull_297
v 176.29875 -60.11087 -78.693375
v 183.25209 -60.11087 -78.693375
v 190.20543 -46.204178 -57.83333
v 190.20543 -53.157516 -57.83333
v 190.20543 -46.204178 -78.693375
v 190.20543 -53.157516 -78.693375
v 176.29875 -46.204178 -50.87999
v 183.25209 -46.204178 -50.87999
v 183.25209 -53.157516 -50.87999
v 176.29875 -53.157516 -50.87999
v 176.29875 -46.204178 -78.693375
v 183.25209 -60.11087 -64.78668
v 176.29875 -60.11087 -64.78668
f 5175 5176 5178
f 5175 5178 5177
f 5173 5183 5177
f 5173 5177 5178
f 5173 5178 5174
f 5184 5185 5173
f 5184 5173 5174
f 5184 5174 5178
f 5184 5178 5176
f 5184 5176 5181
f 5180 5181 5176
f 5180 5176 5175
f 5180 5175 5177
f 5180 5177 5183
f 5180 5183 5179
f 5182 5181 5180
f 5182 5180 5179
f 5182 5179 5183
f 5182 5183 5173
f 5182 5173 5185
f 5182 5185 5184
f 5182 5184 5181
o hull_298
v 176.29875 -46.204178 -78.693375
v 224.97215 2.4692383 -36.973297
v 224.97215 2.4692383 -50.87999
v 224.97215 -18.390793 -50.87999
v 224.97215 -25.344147 -36.973297
v 224.97215 -25.344147 -43.92665
v 218.01881 23.32927 -50.87999
v 218.01881 23.32927 -64.78668
v 218.01881 16.37593 -36.973297
v 218.01881 9.422577 -78.693375
v 218.01881 -11.437454 -78.693375
v 218.01881 -25.344147 -71.74002
v 218.01881 -32.297485 -64.78668
v 211.06548 37.235962 -57.83333
v 211.06548 37.235962 -78.693375
v 211.06548 -32.297485 -78.693375
v 211.06548 -39.25084 -36.973297
v 211.06548 -39.25084 -71.74002
v 204.11214 37.235962 -50.87999
v 197.1588 30.282608 -43.92665
v 197.1588 -46.204178 -50.87999
v 197.1588 -46.204178 -78.693375
v 183.25209 30.282608 -43.92665
v 183.25209 16.37593 -36.973297
v 190.20543 -46.204178 -43.92665
v 176.29875 37.235962 -50.87999
v 176.29875 37.235962 -78.693375
v 176.29875 9.422577 -36.973297
v 176.29875 -39.25084 -36.973297
v 176.29875 -46.204178 -43.92665
f 5211 5213 5209
f 5211 5209 5208
f 5214 5213 5211
f 5214 5211 5212
f 5214 5212 5186
f 5214 5186 5215
f 5187 5194 5209
f 5187 5209 5213
f 5187 5213 5214
f 5187 5214 5202
f 5187 5202 5190
f 5195 5188 5189
f 5195 5189 5196
f 5199 5204 5194
f 5199 5200 5212
f 5199 5212 5211
f 5199 5211 5204
f 5205 5204 5211
f 5205 5211 5208
f 5205 5208 5209
f 5205 5209 5194
f 5205 5194 5204
f 5201 5207 5186
f 5201 5186 5212
f 5201 5212 5200
f 5201 5200 5195
f 5201 5195 5196
f 5210 5206 5202
f 5210 5202 5214
f 5210 5214 5215
f 5210 5215 5186
f 5210 5186 5207
f 5210 5207 5206
f 5191 5189 5188
f 5191 5188 5187
f 5191 5187 5190
f 5203 5198 5191
f 5203 5191 5190
f 5203 5190 5202
f 5203 5202 5206
f 5203 5206 5207
f 5203 5207 5201
f 5197 5201 5196
f 5197 5196 5189
f 5197 5189 5191
f 5197 5191 5198
f 5197 5198 5203
f 5197 5203 5201
f 5192 5199 5194
f 5192 5194 5187
f 5193 5200 5199
f 5193 5199 5192
f 5193 5192 5187
f 5193 5187 5188
f 5193 5188 5195
f 5193 5195 5200
o hull_299
v 148.48537 -150.50435 -9.159927
v 169.34541 -143.551 39.51349
v 169.34541 -150.50435 39.51349
v 148.48537 -143.551 -9.159927
v 169.34541 -143.551 -9.159927
v 169.34541 -150.50435 -9.159927
v 162.39207 -143.551 53.420197
v 162.39207 -150.50435 53.420197
v 148.48537 -143.551 60.373535
v 155.4387 -143.551 60.373535
v 155.4387 -150.50435 60.373535
v 148.48537 -150.50435 60.373535
f 5220 5217 5218
f 5220 5218 5221
f 5220 5221 5216
f 5220 5216 5219
f 5224 5219 5216
f 5224 5216 5227
f 5225 5222 5217
f 5225 5217 5220
f 5225 5220 5219
f 5225 5219 5224
f 5223 5218 5217
f 5223 5217 5222
f 5226 5223 5222
f 5226 5222 5225
f 5226 5225 5224
f 5226 5224 5227
f 5226 5227 5216
f 5226 5216 5221
f 5226 5221 5218
f 5226 5218 5223
o hull_300
v 148.48537 -143.551 -9.159927
v 204.11214 -80.9709 60.373535
v 204.11214 -87.92424 60.373535
v 204.11214 -80.9709 4.746765
v 204.11214 -94.877594 53.420197
v 204.11214 -94.877594 4.746765
v 204.11214 -101.83094 39.51349
v 204.11214 -101.83094 11.700119
v 197.1588 -80.9709 81.23355
v 197.1588 -87.92424 81.23355
v 197.1588 -87.92424 -9.159927
v 197.1588 -101.83094 67.32687
v 197.1588 -108.78428 53.420197
v 197.1588 -108.78428 -9.159927
v 197.1588 -115.737625 32.56015
v 197.1588 -115.737625 -2.2065735
v 190.20543 -80.9709 88.18692
v 190.20543 -80.9709 -9.159927
v 190.20543 -94.877594 88.18692
v 190.20543 -122.69097 46.466827
v 190.20543 -129.64432 18.653458
v 190.20543 -129.64432 -2.2065735
v 183.25209 -108.78428 88.18692
v 183.25209 -115.737625 81.23355
v 183.25209 -136.59766 32.56015
v 183.25209 -136.59766 -9.159927
v 176.29875 -115.737625 88.18692
v 176.29875 -129.64432 74.28021
v 176.29875 -136.59766 60.373535
v 176.29875 -143.551 39.51349
v 176.29875 -143.551 -9.159927
v 169.34541 -129.64432 81.23355
v 169.34541 -143.551 60.373535
v 162.39207 -122.69097 88.18692
v 155.4387 -122.69097 88.18692
v 162.39207 -143.551 67.32687
v 148.48537 -80.9709 88.18692
v 148.48537 -80.9709 -9.159927
v 148.48537 -115.737625 88.18692
v 148.48537 -129.64432 81.23355
v 148.48537 -143.551 67.32687
f 5245 5231 5238
f 5244 5236 5229
f 5244 5229 5231
f 5244 5231 5245
f 5244 5245 5265
f 5244 5265 5264
f 5237 5250 5239
f 5230 5229 5236
f 5230 5236 5237
f 5246 5237 5236
f 5246 5236 5244
f 5246 5250 5237
f 5251 5255 5239
f 5251 5239 5250
f 5251 5250 5255
f 5232 5230 5237
f 5232 5237 5239
f 5232 5234 5235
f 5232 5235 5233
f 5232 5233 5231
f 5232 5231 5229
f 5232 5229 5230
f 5256 5255 5260
f 5256 5260 5257
f 5241 5238 5231
f 5241 5231 5233
f 5254 5255 5250
f 5254 5250 5246
f 5254 5246 5244
f 5254 5244 5264
f 5254 5264 5266
f 5254 5266 5262
f 5254 5262 5261
f 5259 5255 5254
f 5259 5254 5261
f 5252 5256 5257
f 5252 5248 5242
f 5247 5256 5252
f 5247 5252 5242
f 5267 5268 5262
f 5267 5262 5266
f 5267 5266 5264
f 5267 5264 5265
f 5267 5265 5228
f 5267 5228 5268
f 5253 5249 5248
f 5253 5248 5252
f 5253 5252 5257
f 5253 5257 5258
f 5253 5258 5228
f 5253 5228 5265
f 5253 5265 5245
f 5253 5245 5238
f 5253 5238 5241
f 5243 5241 5233
f 5243 5233 5235
f 5243 5235 5234
f 5243 5234 5242
f 5243 5242 5248
f 5243 5248 5249
f 5243 5249 5253
f 5243 5253 5241
f 5263 5259 5261
f 5263 5261 5262
f 5263 5262 5268
f 5263 5268 5228
f 5263 5228 5258
f 5263 5258 5257
f 5263 5257 5260
f 5263 5260 5255
f 5263 5255 5259
f 5240 5247 5242
f 5240 5242 5234
f 5240 5234 5232
f 5240 5232 5239
f 5240 5239 5255
f 5240 5255 5256
f 5240 5256 5247
o hull_301
v 162.39207 -60.11087 18.653458
v 169.34541 -60.11087 18.653458
v 169.34541 -53.157516 18.653458
v 162.39207 -53.157516 18.653458
v 162.39207 -60.11087 25.606796
v 169.34541 -60.11087 25.606796
v 169.34541 -53.157516 25.606796
v 162.39207 -53.157516 25.606796
f 5272 5271 5270
f 5272 5270 5269
f 5273 5276 5272
f 5273 5272 5269
f 5273 5269 5270
f 5273 5270 5274
f 5275 5276 5273
f 5275 5273 5274
f 5275 5274 5270
f 5275 5270 5271
f 5275 5271 5272
f 5275 5272 5276
o hull_302
v 169.34541 -60.11087 11.700119
v 224.97215 2.4692383 25.606796
v 224.97215 2.4692383 -9.159927
v 169.34541 -53.157516 11.700119
v 224.97215 -46.204178 25.606796
v 224.97215 -46.204178 -9.159927
v 218.01881 9.422577 25.606796
v 211.06548 9.422577 11.700119
v 218.01881 9.422577 11.700119
v 218.01881 -53.157516 -9.159927
v 218.01881 -60.11087 25.606796
v 218.01881 -60.11087 4.746765
v 169.34541 -60.11087 25.606796
v 204.11214 9.422577 25.606796
v 204.11214 9.422577 18.653458
v 204.11214 2.4692383 -9.159927
v 211.06548 -60.11087 -2.2065735
v 197.1588 2.4692383 11.700119
v 197.1588 -4.4841156 -9.159927
v 169.34541 -46.204178 18.653458
v 197.1588 -53.157516 -9.159927
v 190.20543 -4.4841156 25.606796
v 190.20543 -4.4841156 18.653458
v 169.34541 -46.204178 25.606796
v 176.29875 -60.11087 4.746765
v 190.20543 -32.297485 -9.159927
v 190.20543 -39.25084 -9.159927
v 190.20543 -60.11087 -2.2065735
v 183.25209 -18.390793 25.606796
v 183.25209 -18.390793 18.653458
f 5287 5288 5282
f 5287 5282 5281
f 5286 5282 5288
f 5296 5306 5295
f 5293 5304 5297
f 5293 5297 5286
f 5293 5286 5288
f 5284 5291 5290
f 5284 5290 5283
f 5284 5283 5285
f 5292 5295 5294
f 5292 5294 5291
f 5292 5291 5284
f 5292 5284 5285
f 5292 5285 5279
f 5300 5305 5306
f 5300 5306 5296
f 5278 5281 5282
f 5278 5282 5279
f 5278 5279 5285
f 5278 5285 5283
f 5298 5305 5300
f 5298 5300 5289
f 5298 5289 5287
f 5298 5287 5281
f 5298 5281 5278
f 5298 5278 5283
f 5298 5283 5290
f 5280 5277 5289
f 5280 5289 5300
f 5280 5300 5296
f 5280 5296 5295
f 5301 5277 5280
f 5301 5303 5297
f 5301 5297 5304
f 5301 5304 5293
f 5301 5293 5288
f 5301 5288 5287
f 5301 5287 5289
f 5301 5289 5277
f 5299 5298 5290
f 5299 5290 5291
f 5299 5291 5294
f 5299 5294 5295
f 5299 5295 5306
f 5299 5306 5305
f 5299 5305 5298
f 5302 5280 5295
f 5302 5295 5292
f 5302 5292 5279
f 5302 5279 5282
f 5302 5282 5286
f 5302 5286 5297
f 5302 5297 5303
f 5302 5303 5301
f 5302 5301 5280
o hull_303
v 162.39207 -60.11087 25.606796
v 224.97215 2.4692383 46.466827
v 224.97215 2.4692383 25.606796
v 224.97215 -25.344147 46.466827
v 224.97215 -39.25084 32.56015
v 224.97215 -39.25084 25.606796
v 218.01881 9.422577 53.420197
v 218.01881 9.422577 25.606796
v 218.01881 -53.157516 53.420197
v 218.01881 -60.11087 46.466827
v 218.01881 -60.11087 25.606796
v 211.06548 16.37593 53.420197
v 211.06548 16.37593 46.466827
v 211.06548 -39.25084 46.466827
v 211.06548 -60.11087 53.420197
v 197.1588 16.37593 39.51349
v 204.11214 16.37593 39.51349
v 197.1588 9.422577 25.606796
v 204.11214 -18.390793 46.466827
v 197.1588 -53.157516 39.51349
v 190.20543 16.37593 53.420197
v 190.20543 16.37593 46.466827
v 190.20543 9.422577 32.56015
v 190.20543 2.4692383 25.606796
v 183.25209 9.422577 39.51349
v 183.25209 2.4692383 32.56015
v 176.29875 2.4692383 53.420197
v 176.29875 2.4692383 46.466827
v 162.39207 -60.11087 53.420197
v 169.34541 -11.437454 53.420197
v 169.34541 -11.437454 46.466827
v 176.29875 -46.204178 32.56015
v 162.39207 -25.344147 53.420197
v 162.39207 -25.344147 46.466827
v 162.39207 -46.204178 25.606796
f 5321 5335 5307
f 5321 5307 5317
f 5321 5317 5316
f 5321 5316 5315
f 5308 5309 5319
f 5308 5319 5318
f 5311 5315 5316
f 5311 5316 5317
f 5311 5317 5312
f 5313 5308 5318
f 5310 5308 5313
f 5310 5313 5315
f 5310 5315 5311
f 5310 5311 5312
f 5310 5312 5309
f 5310 5309 5308
f 5337 5336 5333
f 5337 5333 5334
f 5339 5335 5321
f 5339 5321 5315
f 5339 5315 5313
f 5339 5313 5318
f 5339 5318 5327
f 5339 5327 5333
f 5328 5331 5334
f 5328 5334 5333
f 5328 5333 5327
f 5328 5327 5318
f 5328 5318 5319
f 5328 5319 5323
f 5328 5323 5322
f 5329 5331 5328
f 5329 5330 5331
f 5332 5341 5337
f 5332 5337 5334
f 5332 5334 5331
f 5332 5331 5330
f 5332 5330 5341
f 5340 5339 5333
f 5340 5336 5337
f 5340 5337 5341
f 5340 5341 5307
f 5340 5307 5335
f 5340 5335 5339
f 5314 5323 5319
f 5314 5319 5309
f 5324 5329 5328
f 5324 5328 5322
f 5324 5322 5323
f 5324 5323 5314
f 5324 5314 5309
f 5324 5309 5312
f 5324 5312 5317
f 5324 5317 5307
f 5324 5307 5341
f 5324 5341 5330
f 5324 5330 5329
f 5320 5333 5336
f 5338 5340 5333
f 5326 5320 5336
f 5326 5336 5340
f 5326 5340 5338
f 5325 5338 5333
f 5325 5333 5320
f 5325 5320 5326
f 5325 5326 5338
o hull_304
v 162.39207 -60.11087 53.420197
v 218.01881 9.422577 67.32687
v 218.01881 9.422577 53.420197
v 218.01881 -32.297485 67.32687
v 218.01881 -46.204178 60.373535
v 218.01881 -46.204178 53.420197
v 211.06548 23.32927 67.32687
v 211.06548 23.32927 53.420197
v 211.06548 9.422577 88.18692
v 211.06548 -32.297485 88.18692
v 211.06548 -60.11087 74.28021
v 211.06548 -60.11087 53.420197
v 197.1588 23.32927 67.32687
v 197.1588 23.32927 53.420197
v 204.11214 16.37593 81.23355
v 204.11214 -60.11087 88.18692
v 183.25209 16.37593 81.23355
v 183.25209 16.37593 53.420197
v 176.29875 9.422577 88.18692
v 169.34541 2.4692383 67.32687
v 169.34541 -4.4841156 53.420197
v 162.39207 -4.4841156 88.18692
v 162.39207 -4.4841156 67.32687
v 162.39207 -18.390793 53.420197
v 162.39207 -60.11087 88.18692
f 5352 5346 5351
f 5352 5351 5357
f 5352 5357 5366
f 5352 5366 5342
f 5352 5342 5353
f 5352 5353 5347
f 5352 5347 5346
f 5363 5366 5357
f 5363 5357 5351
f 5363 5351 5350
f 5363 5350 5360
f 5343 5344 5349
f 5343 5349 5348
f 5343 5348 5350
f 5355 5349 5344
f 5355 5344 5347
f 5355 5347 5353
f 5355 5353 5342
f 5355 5342 5365
f 5355 5365 5362
f 5355 5362 5359
f 5345 5343 5350
f 5345 5350 5351
f 5345 5351 5346
f 5345 5346 5347
f 5345 5347 5344
f 5345 5344 5343
f 5356 5350 5348
f 5364 5361 5359
f 5364 5359 5362
f 5364 5362 5365
f 5364 5365 5342
f 5364 5342 5366
f 5364 5366 5363
f 5364 5363 5361
f 5358 5360 5350
f 5358 5350 5356
f 5358 5359 5361
f 5358 5361 5363
f 5358 5363 5360
f 5354 5358 5356
f 5354 5356 5348
f 5354 5348 5349
f 5354 5349 5355
f 5354 5355 5359
f 5354 5359 5358
o hull_305
v 44.185196 44.1893 -64.78668
v 65.04524 51.14264 -9.159927
v 65.04524 44.1893 -9.159927
v 44.185196 51.14264 -64.78668
v 65.04524 51.14264 -64.78668
v 65.04524 44.1893 -64.78668
v 44.185196 51.14264 -9.159927
v 44.185196 44.1893 -9.159927
f 5370 5371 5372
f 5370 5372 5367
f 5369 5374 5367
f 5369 5367 5372
f 5368 5369 5372
f 5368 5372 5371
f 5373 5368 5371
f 5373 5371 5370
f 5373 5370 5367
f 5373 5367 5374
f 5373 5374 5369
f 5373 5369 5368
o hull_306
v 44.185196 51.14264 -64.78668
v 65.04524 58.09601 -9.159927
v 65.04524 51.14264 -9.159927
v 44.185196 58.09601 -64.78668
v 65.04524 58.09601 -64.78668
v 65.04524 51.14264 -64.78668
v 44.185196 58.09601 -9.159927
v 44.185196 51.14264 -9.159927
f 5377 5382 5375
f 5377 5375 5380
f 5381 5378 5375
f 5381 5375 5382
f 5379 5380 5375
f 5379 5375 5378
f 5376 5381 5382
f 5376 5382 5377
f 5376 5377 5380
f 5376 5380 5379
f 5376 5379 5378
f 5376 5378 5381
o hull_307
v 78.95192 -115.737625 122.95364
v 134.57869 -67.06421 171.62704
v 134.57869 -74.01756 171.62704
v 134.57869 -67.06421 122.95364
v 134.57869 -87.92424 164.6737
v 134.57869 -94.877594 157.72037
v 134.57869 -108.78428 143.81366
v 134.57869 -108.78428 122.95364
v 127.62535 -108.78428 157.72037
v 127.62535 -115.737625 143.81366
v 127.62535 -115.737625 122.95364
v 120.67198 -80.9709 178.58038
v 120.67198 -94.877594 171.62704
v 120.67198 -115.737625 157.72037
v 113.71864 -67.06421 185.53372
v 113.71864 -74.01756 185.53372
v 99.811966 -67.06421 192.48709
v 99.811966 -115.737625 171.62704
v 78.95192 -67.06421 199.44043
v 85.90526 -67.06421 199.44043
v 85.90526 -74.01756 199.44043
v 78.95192 -74.01756 199.44043
v 78.95192 -67.06421 122.95364
v 85.90526 -115.737625 178.58038
v 78.95192 -115.737625 178.58038
f 5393 5383 5405
f 5393 5405 5386
f 5393 5386 5390
f 5399 5403 5398
f 5404 5401 5405
f 5404 5405 5383
f 5404 5383 5407
f 5404 5407 5406
f 5404 5406 5403
f 5397 5399 5398
f 5397 5398 5385
f 5397 5385 5384
f 5402 5399 5397
f 5402 5397 5384
f 5402 5384 5386
f 5402 5386 5405
f 5402 5405 5401
f 5402 5401 5404
f 5402 5404 5403
f 5402 5403 5399
f 5394 5385 5398
f 5389 5388 5391
f 5387 5388 5389
f 5387 5389 5390
f 5387 5390 5386
f 5387 5386 5384
f 5387 5384 5385
f 5387 5391 5388
f 5392 5389 5391
f 5392 5391 5396
f 5392 5393 5390
f 5392 5390 5389
f 5400 5403 5406
f 5400 5406 5407
f 5400 5407 5383
f 5400 5383 5393
f 5400 5393 5392
f 5400 5392 5396
f 5400 5396 5391
f 5395 5394 5398
f 5395 5398 5403
f 5395 5403 5400
f 5395 5400 5391
f 5395 5391 5387
f 5395 5387 5385
f 5395 5385 5394
o hull_308
o hull_309
v 78.95192 -67.06421 122.95364
v 120.67198 30.282608 185.53372
v 120.67198 30.282608 143.81366
v 120.67198 23.32927 192.48709
v 120.67198 23.32927 129.90698
v 120.67198 16.37593 122.95364
v 120.67198 -32.297485 192.48709
v 120.67198 -60.11087 185.53372
v 120.67198 -67.06421 178.58038
v 120.67198 -67.06421 122.95364
v 113.71864 23.32927 122.95364
v 113.71864 -53.157516 192.48709
v 106.765305 30.282608 199.44043
v 106.765305 -39.25084 199.44043
v 106.765305 -67.06421 192.48709
v 99.811966 30.282608 122.95364
v 99.811966 -53.157516 199.44043
v 92.85863 30.282608 206.39377
v 92.85863 -32.297485 206.39377
v 78.95192 30.282608 206.39377
v 78.95192 30.282608 122.95364
v 85.90526 -46.204178 206.39377
v 78.95192 -46.204178 206.39377
v 85.90526 -67.06421 199.44043
v 78.95192 -67.06421 199.44043
f 5418 5423 5410
f 5418 5413 5417
f 5418 5417 5408
f 5418 5408 5428
f 5418 5428 5423
f 5420 5411 5409
f 5430 5427 5428
f 5430 5428 5408
f 5430 5408 5432
f 5412 5418 5410
f 5412 5413 5418
f 5425 5420 5409
f 5425 5409 5410
f 5425 5410 5423
f 5425 5423 5428
f 5425 5428 5427
f 5415 5422 5416
f 5415 5416 5417
f 5415 5417 5413
f 5415 5413 5412
f 5415 5412 5410
f 5415 5410 5409
f 5415 5409 5411
f 5415 5411 5414
f 5431 5432 5408
f 5431 5408 5417
f 5431 5417 5416
f 5431 5416 5422
f 5421 5414 5411
f 5421 5411 5420
f 5421 5420 5425
f 5421 5425 5426
f 5419 5415 5414
f 5419 5414 5421
f 5419 5421 5422
f 5419 5422 5415
f 5424 5431 5422
f 5424 5422 5421
f 5424 5421 5426
f 5429 5424 5426
f 5429 5426 5425
f 5429 5425 5427
f 5429 5427 5430
f 5429 5430 5432
f 5429 5432 5431
f 5429 5431 5424
o hull_310
v 120.67198 -67.06421 122.95364
v 134.57869 23.32927 178.58038
v 134.57869 23.32927 150.767
v 134.57869 16.37593 136.86032
v 134.57869 9.422577 185.53372
v 134.57869 2.4692383 122.95364
v 134.57869 -18.390793 185.53372
v 134.57869 -53.157516 178.58038
v 134.57869 -67.06421 171.62704
v 134.57869 -67.06421 122.95364
v 120.67198 30.282608 178.58038
v 127.62535 30.282608 178.58038
v 120.67198 30.282608 157.72037
v 127.62535 30.282608 157.72037
v 120.67198 23.32927 185.53372
v 127.62535 23.32927 185.53372
v 120.67198 16.37593 129.90698
v 127.62535 16.37593 129.90698
v 120.67198 9.422577 122.95364
v 127.62535 9.422577 122.95364
v 127.62535 -46.204178 185.53372
v 120.67198 -46.204178 185.53372
v 127.62535 -67.06421 178.58038
v 120.67198 -67.06421 178.58038
f 5438 5442 5433
f 5438 5433 5451
f 5438 5451 5452
f 5440 5439 5453
f 5455 5453 5454
f 5455 5454 5456
f 5455 5456 5433
f 5455 5433 5442
f 5455 5442 5441
f 5455 5441 5440
f 5455 5440 5453
f 5449 5451 5433
f 5449 5433 5456
f 5449 5456 5454
f 5449 5454 5447
f 5449 5447 5443
f 5449 5443 5445
f 5448 5437 5434
f 5448 5447 5454
f 5448 5454 5453
f 5448 5453 5439
f 5448 5439 5437
f 5444 5448 5434
f 5444 5443 5447
f 5444 5447 5448
f 5446 5445 5443
f 5446 5443 5444
f 5450 5436 5438
f 5450 5438 5452
f 5450 5452 5451
f 5450 5451 5449
f 5450 5449 5445
f 5450 5445 5446
f 5435 5446 5444
f 5435 5444 5434
f 5435 5434 5437
f 5435 5437 5439
f 5435 5439 5440
f 5435 5440 5441
f 5435 5441 5442
f 5435 5442 5438
f 5435 5438 5436
f 5435 5436 5450
f 5435 5450 5446
o hull_311
v -192.22853 113.72275 -36.973297
v -150.50845 127.629456 -30.019958
v -157.46179 127.629456 -78.693375
v -192.22853 120.67609 -36.973297
v -192.22853 113.72275 -30.019958
v -150.50845 127.629456 -78.693375
v -150.50845 113.72275 -30.019958
v -192.22853 120.67609 -30.019958
v -185.27518 113.72275 -57.83333
v -150.50845 113.72275 -78.693375
v -164.41515 120.67609 -78.693375
v -185.27518 120.67609 -57.83333
v -164.41515 113.72275 -78.693375
v -171.36848 127.629456 -71.74002
v -178.32184 127.629456 -64.78668
v -178.32184 120.67609 -71.74002
v -178.32184 113.72275 -71.74002
v -185.27518 127.629456 -30.019958
v -185.27518 127.629456 -50.87999
f 5462 5458 5463
f 5462 5463 5466
f 5461 5463 5458
f 5461 5458 5474
f 5461 5474 5464
f 5460 5457 5461
f 5460 5461 5464
f 5475 5460 5464
f 5475 5464 5474
f 5475 5468 5460
f 5465 5457 5460
f 5465 5460 5468
f 5471 5472 5468
f 5471 5468 5475
f 5471 5475 5474
f 5471 5474 5458
f 5471 5458 5462
f 5471 5462 5459
f 5471 5459 5470
f 5471 5470 5472
f 5467 5472 5470
f 5467 5470 5459
f 5469 5467 5459
f 5469 5459 5462
f 5469 5462 5466
f 5473 5469 5466
f 5473 5466 5463
f 5473 5463 5461
f 5473 5461 5457
f 5473 5457 5465
f 5473 5465 5468
f 5473 5468 5472
f 5473 5472 5467
f 5473 5467 5469
o hull_312
v -178.32184 127.629456 -50.87999
v -150.50845 155.44281 -30.019958
v -157.46179 155.44281 -64.78668
v -178.32184 134.5828 -50.87999
v -150.50845 155.44281 -64.78668
v -157.46179 141.53613 -78.693375
v -150.50845 141.53613 -78.693375
v -150.50845 127.629456 -30.019958
v -150.50845 127.629456 -78.693375
v -157.46179 127.629456 -78.693375
v -164.41515 155.44281 -30.019958
v -164.41515 155.44281 -43.92665
v -171.36848 148.48947 -43.92665
v -171.36848 141.53613 -57.83333
v -171.36848 134.5828 -64.78668
v -171.36848 127.629456 -64.78668
v -178.32184 141.53613 -30.019958
v -178.32184 141.53613 -36.973297
v -178.32184 127.629456 -30.019958
f 5481 5490 5478
f 5482 5481 5478
f 5482 5478 5480
f 5482 5480 5477
f 5482 5477 5483
f 5482 5483 5484
f 5485 5491 5490
f 5485 5490 5481
f 5485 5481 5482
f 5485 5482 5484
f 5494 5483 5477
f 5494 5477 5486
f 5494 5486 5492
f 5487 5493 5492
f 5487 5492 5486
f 5487 5486 5477
f 5487 5477 5480
f 5487 5480 5478
f 5489 5478 5490
f 5489 5490 5479
f 5476 5479 5490
f 5476 5490 5491
f 5476 5491 5485
f 5476 5485 5484
f 5476 5484 5483
f 5476 5483 5494
f 5476 5494 5492
f 5476 5492 5493
f 5476 5493 5479
f 5488 5489 5479
f 5488 5479 5493
f 5488 5493 5487
f 5488 5487 5478
f 5488 5478 5489
o hull_313
v -122.695076 106.76941 -113.46009
v -74.02167 190.20953 -64.78668
v -74.02167 190.20953 -85.64671
v -74.02167 183.2562 -99.553406
v -80.975006 162.39618 -127.36678
v -74.02167 162.39618 -127.36678
v -74.02167 148.48947 -134.32013
v -74.02167 106.76941 -64.78668
v -74.02167 106.76941 -134.32013
v -94.8817 148.48947 -134.32013
v -94.8817 106.76941 -134.32013
v -101.835045 190.20953 -64.78668
v -101.835045 190.20953 -85.64671
v -101.835045 183.2562 -99.553406
v -108.78838 176.30286 -106.50675
v -108.78838 169.34952 -113.46009
v -108.78838 127.629456 -127.36678
v -108.78838 106.76941 -127.36678
v -115.74173 183.2562 -64.78668
v -115.74173 183.2562 -85.64671
v -115.74173 176.30286 -99.553406
v -115.74173 162.39618 -113.46009
v -122.695076 176.30286 -64.78668
v -122.695076 176.30286 -85.64671
v -122.695076 169.34952 -99.553406
v -122.695076 162.39618 -106.50675
v -122.695076 141.53613 -113.46009
v -122.695076 106.76941 -64.78668
f 5505 5504 5501
f 5505 5501 5503
f 5513 5514 5518
f 5513 5518 5517
f 5513 5517 5522
f 5513 5522 5502
f 5513 5502 5496
f 5513 5496 5506
f 5498 5497 5496
f 5498 5496 5502
f 5498 5502 5503
f 5498 5503 5501
f 5498 5501 5500
f 5507 5497 5498
f 5507 5498 5508
f 5507 5514 5513
f 5507 5513 5506
f 5507 5506 5496
f 5507 5496 5497
f 5512 5505 5503
f 5512 5503 5502
f 5512 5502 5522
f 5512 5522 5495
f 5516 5510 5504
f 5516 5504 5521
f 5516 5521 5520
f 5515 5518 5514
f 5515 5514 5507
f 5515 5507 5508
f 5499 5508 5498
f 5499 5498 5500
f 5499 5500 5501
f 5499 5501 5504
f 5499 5504 5510
f 5511 5512 5495
f 5511 5495 5521
f 5511 5521 5504
f 5511 5504 5505
f 5511 5505 5512
f 5519 5515 5520
f 5519 5520 5521
f 5519 5521 5495
f 5519 5495 5522
f 5519 5522 5517
f 5519 5517 5518
f 5519 5518 5515
f 5509 5515 5508
f 5509 5508 5499
f 5509 5499 5510
f 5509 5510 5516
f 5509 5516 5520
f 5509 5520 5515
o hull_314
v -122.695076 106.76941 -64.78668
v -74.02167 190.20953 -57.83333
v -74.02167 190.20953 -64.78668
v -74.02167 183.2562 -43.92665
v -74.02167 106.76941 -43.92665
v -74.02167 106.76941 -64.78668
v -101.835045 190.20953 -57.83333
v -101.835045 190.20953 -64.78668
v -115.74173 183.2562 -43.92665
v -122.695076 183.2562 -50.87999
v -122.695076 183.2562 -64.78668
v -122.695076 176.30286 -43.92665
v -122.695076 106.76941 -43.92665
f 5523 5528 5527
f 5523 5527 5535
f 5524 5526 5527
f 5524 5527 5528
f 5524 5528 5525
f 5530 5525 5528
f 5530 5528 5523
f 5530 5523 5533
f 5532 5533 5523
f 5532 5523 5535
f 5532 5535 5534
f 5529 5530 5533
f 5529 5533 5532
f 5529 5524 5525
f 5529 5525 5530
f 5531 5532 5534
f 5531 5534 5535
f 5531 5535 5527
f 5531 5527 5526
f 5531 5526 5524
f 5531 5524 5529
f 5531 5529 5532
o hull_315
v -18.394897 85.90936 -113.46009
v -11.441559 85.90936 -113.46009
v -11.441559 92.86273 -113.46009
v -18.394897 92.86273 -113.46009
v -18.394897 85.90936 -106.50675
v -11.441559 85.90936 -106.50675
v -11.441559 92.86273 -106.50675
v -18.394897 92.86273 -106.50675
f 5539 5538 5537
f 5539 5537 5536
f 5540 5543 5539
f 5540 5539 5536
f 5540 5536 5537
f 5540 5537 5541
f 5542 5543 5540
f 5542 5540 5541
f 5542 5541 5537
f 5542 5537 5538
f 5542 5538 5539
f 5542 5539 5543
o hull_316
v -18.394897 92.86273 -120.41344
v -11.441559 92.86273 -120.41344
v 37.231857 197.1629 -106.50675
v 37.231857 197.1629 -113.46009
v 37.231857 190.20953 -127.36678
v 37.231857 183.2562 -134.32013
v 37.231857 134.5828 -134.32013
v 37.231857 120.67609 -127.36678
v 37.231857 106.76941 -106.50675
v 37.231857 106.76941 -113.46009
v 30.278503 197.1629 -120.41344
v 30.278503 127.629456 -134.32013
v -18.394897 92.86273 -106.50675
v 30.278503 106.76941 -120.41344
v 30.278503 99.81607 -106.50675
v 30.278503 99.81607 -113.46009
v 23.325165 169.34952 -141.27347
v 23.325165 141.53613 -141.27347
v 16.371826 120.67609 -134.32013
v 2.4651337 197.1629 -120.41344
v 9.418472 92.86273 -106.50675
v 9.418472 92.86273 -113.46009
v -4.48822 190.20953 -127.36678
v -4.48822 183.2562 -134.32013
v -4.48822 169.34952 -141.27347
v -4.48822 141.53613 -141.27347
v -11.441559 197.1629 -106.50675
v -11.441559 197.1629 -113.46009
v -11.441559 162.39618 -141.27347
v -11.441559 148.48947 -141.27347
v -18.394897 190.20953 -106.50675
v -18.394897 190.20953 -113.46009
v -18.394897 183.2562 -127.36678
v -18.394897 169.34952 -134.32013
v -18.394897 120.67609 -134.32013
f 5562 5557 5545
f 5562 5545 5544
f 5562 5544 5578
f 5569 5578 5573
f 5551 5557 5562
f 5565 5564 5556
f 5565 5556 5544
f 5565 5544 5545
f 5565 5545 5557
f 5577 5576 5567
f 5577 5572 5573
f 5577 5573 5578
f 5575 5576 5577
f 5575 5577 5578
f 5575 5578 5544
f 5575 5544 5556
f 5575 5556 5574
f 5575 5574 5570
f 5575 5570 5571
f 5575 5571 5576
f 5561 5562 5578
f 5561 5578 5569
f 5563 5554 5549
f 5563 5549 5567
f 5563 5571 5570
f 5563 5570 5546
f 5563 5546 5547
f 5563 5547 5554
f 5548 5554 5547
f 5548 5549 5554
f 5555 5551 5562
f 5555 5562 5561
f 5555 5561 5550
f 5555 5550 5551
f 5553 5551 5550
f 5553 5550 5549
f 5553 5549 5548
f 5553 5548 5547
f 5553 5547 5546
f 5553 5546 5552
f 5553 5557 5551
f 5568 5572 5577
f 5568 5577 5567
f 5560 5549 5550
f 5560 5550 5561
f 5560 5561 5569
f 5560 5569 5573
f 5560 5573 5572
f 5560 5572 5568
f 5560 5568 5567
f 5560 5567 5549
f 5566 5563 5567
f 5566 5567 5576
f 5566 5576 5571
f 5566 5571 5563
f 5559 5565 5557
f 5559 5557 5553
f 5558 5559 5553
f 5558 5553 5552
f 5558 5552 5546
f 5558 5546 5570
f 5558 5570 5574
f 5558 5574 5556
f 5558 5556 5564
f 5558 5564 5565
f 5558 5565 5559
o hull_317
v 37.231857 85.90936 -64.78668
v 58.091904 197.1629 -23.066605
v 58.091904 197.1629 -64.78668
v 58.091904 106.76941 -23.066605
v 58.091904 85.90936 -30.019958
v 51.138535 85.90936 -30.019958
v 58.091904 85.90936 -64.78668
v 37.231857 197.1629 -23.066605
v 37.231857 197.1629 -64.78668
v 37.231857 106.76941 -23.066605
v 37.231857 85.90936 -50.87999
f 5587 5581 5585
f 5587 5585 5579
f 5580 5581 5587
f 5580 5587 5586
f 5580 5586 5588
f 5580 5588 5582
f 5589 5584 5588
f 5589 5588 5586
f 5589 5586 5587
f 5589 5587 5579
f 5583 5584 5589
f 5583 5589 5579
f 5583 5579 5585
f 5583 5585 5581
f 5583 5581 5580
f 5583 5580 5582
f 5583 5582 5588
f 5583 5588 5584
o hull_318
v 37.231857 197.1629 -64.78668
v 58.091904 218.02292 -36.973297
v 58.091904 218.02292 -50.87999
v 58.091904 211.06958 -23.066605
v 58.091904 211.06958 -64.78668
v 58.091904 197.1629 -23.066605
v 58.091904 197.1629 -64.78668
v 51.138535 218.02292 -23.066605
v 37.231857 218.02292 -23.066605
v 37.231857 218.02292 -64.78668
v 44.185196 218.02292 -64.78668
v 37.231857 197.1629 -23.066605
f 5596 5595 5601
f 5596 5601 5590
f 5598 5599 5590
f 5598 5590 5601
f 5593 5591 5597
f 5593 5597 5598
f 5593 5598 5601
f 5593 5601 5595
f 5593 5595 5596
f 5593 5596 5594
f 5593 5594 5592
f 5593 5592 5591
f 5600 5592 5594
f 5600 5594 5596
f 5600 5596 5590
f 5600 5590 5599
f 5600 5599 5598
f 5600 5598 5597
f 5600 5597 5591
f 5600 5591 5592
o hull_319
v -74.02167 85.90936 11.700119
v 16.371826 113.72275 109.046936
v 16.371826 113.72275 11.700119
v 16.371826 99.81607 116.000275
v 16.371826 85.90936 116.000275
v 16.371826 85.90936 11.700119
v 9.418472 99.81607 136.86032
v 9.418472 85.90936 136.86032
v 2.4651337 113.72275 136.86032
v -67.06831 85.90936 136.86032
v -74.02167 113.72275 136.86032
v -74.02167 106.76941 136.86032
v -74.02167 113.72275 11.700119
v -74.02167 85.90936 129.90698
f 5607 5602 5614
f 5607 5614 5604
f 5612 5614 5602
f 5612 5602 5615
f 5612 5615 5613
f 5611 5613 5615
f 5606 5609 5611
f 5606 5611 5615
f 5606 5615 5602
f 5606 5602 5607
f 5603 5604 5614
f 5603 5614 5612
f 5603 5612 5610
f 5608 5603 5610
f 5608 5610 5612
f 5608 5612 5613
f 5608 5613 5611
f 5608 5611 5609
f 5605 5608 5609
f 5605 5609 5606
f 5605 5606 5607
f 5605 5607 5604
f 5605 5604 5603
f 5605 5603 5608
o hull_320
o hull_321
v -39.254944 113.72275 11.700119
v 9.418472 169.34952 116.000275
v 9.418472 169.34952 11.700119
v 9.418472 113.72275 116.000275
v 9.418472 113.72275 11.700119
v 2.4651337 127.629456 136.86032
v 2.4651337 113.72275 136.86032
v -4.48822 141.53613 136.86032
v -11.441559 148.48947 136.86032
v -25.348251 155.44281 136.86032
v -39.254944 169.34952 116.000275
v -39.254944 169.34952 11.700119
v -39.254944 162.39618 129.90698
v -32.30159 162.39618 129.90698
v -39.254944 155.44281 136.86032
v -39.254944 113.72275 136.86032
f 5627 5618 5620
f 5627 5620 5616
f 5619 5622 5631
f 5619 5631 5616
f 5619 5616 5620
f 5617 5619 5620
f 5617 5620 5618
f 5626 5617 5618
f 5626 5618 5627
f 5628 5626 5627
f 5628 5627 5616
f 5628 5616 5631
f 5628 5631 5630
f 5621 5622 5619
f 5621 5619 5617
f 5621 5617 5623
f 5624 5625 5630
f 5624 5630 5631
f 5624 5631 5622
f 5624 5622 5621
f 5624 5621 5623
f 5624 5623 5617
f 5624 5617 5625
f 5629 5625 5617
f 5629 5617 5626
f 5629 5626 5628
f 5629 5628 5630
f 5629 5630 5625
o hull_322
v -39.254944 169.34952 11.700119
v 9.418472 176.30286 116.000275
v 9.418472 169.34952 116.000275
v -39.254944 176.30286 11.700119
v 9.418472 176.30286 11.700119
v 9.418472 169.34952 11.700119
v -18.394897 176.30286 116.000275
v -18.394897 169.34952 116.000275
v -32.30159 176.30286 109.046936
v -32.30159 169.34952 109.046936
v -39.254944 176.30286 102.0936
v -39.254944 169.34952 102.0936
f 5633 5634 5637
f 5633 5637 5636
f 5635 5636 5637
f 5635 5637 5632
f 5635 5632 5643
f 5635 5643 5642
f 5640 5638 5633
f 5640 5633 5636
f 5640 5636 5635
f 5640 5635 5642
f 5639 5634 5633
f 5639 5633 5638
f 5641 5639 5638
f 5641 5638 5640
f 5641 5640 5642
f 5641 5642 5643
f 5641 5643 5632
f 5641 5632 5637
f 5641 5637 5634
f 5641 5634 5639
o hull_323
v 85.90526 85.90936 -99.553406
v 190.20543 92.86273 -71.74002
v 190.20543 85.90936 -71.74002
v 190.20543 92.86273 -99.553406
v 190.20543 85.90936 -99.553406
v 183.25209 92.86273 -113.46009
v 183.25209 85.90936 -113.46009
v 176.29875 134.5828 -71.74002
v 176.29875 134.5828 -78.693375
v 176.29875 120.67609 -99.553406
v 176.29875 99.81607 -120.41344
v 169.34541 99.81607 -127.36678
v 169.34541 85.90936 -127.36678
v 162.39207 148.48947 -85.64671
v 162.39207 134.5828 -106.50675
v 162.39207 113.72275 -127.36678
v 155.4387 155.44281 -85.64671
v 148.48537 148.48947 -106.50675
v 141.53203 169.34952 -71.74002
v 141.53203 169.34952 -78.693375
v 141.53203 162.39618 -92.60005
v 141.53203 148.48947 -113.46009
v 141.53203 134.5828 -127.36678
v 134.57869 162.39618 -99.553406
v 127.62535 176.30286 -71.74002
v 127.62535 176.30286 -78.693375
v 120.67198 162.39618 -99.553406
v 113.71864 155.44281 -106.50675
v 85.90526 85.90936 -71.74002
v 113.71864 134.5828 -127.36678
v 113.71864 85.90936 -127.36678
v 85.90526 176.30286 -71.74002
v 85.90526 92.86273 -106.50675
v 85.90526 176.30286 -78.693375
v 85.90526 155.44281 -92.60005
v 85.90526 127.629456 -106.50675
f 5676 5679 5673
f 5676 5673 5674
f 5676 5674 5644
f 5669 5663 5667
f 5668 5669 5677
f 5668 5677 5675
f 5668 5662 5663
f 5668 5663 5669
f 5678 5677 5673
f 5678 5673 5679
f 5678 5679 5676
f 5678 5676 5644
f 5678 5644 5672
f 5678 5672 5675
f 5678 5675 5677
f 5671 5673 5677
f 5664 5667 5663
f 5658 5652 5653
f 5658 5659 5666
f 5670 5671 5677
f 5670 5677 5669
f 5670 5669 5667
f 5670 5667 5666
f 5670 5666 5673
f 5670 5673 5671
f 5645 5651 5662
f 5645 5662 5668
f 5645 5668 5675
f 5645 5675 5672
f 5645 5672 5646
f 5647 5652 5651
f 5647 5651 5645
f 5647 5645 5646
f 5647 5646 5648
f 5647 5653 5652
f 5665 5658 5666
f 5665 5666 5667
f 5657 5663 5662
f 5657 5662 5651
f 5657 5651 5652
f 5657 5652 5658
f 5650 5649 5647
f 5650 5647 5648
f 5650 5648 5646
f 5650 5646 5672
f 5650 5672 5644
f 5650 5644 5674
f 5650 5674 5656
f 5655 5656 5674
f 5655 5674 5673
f 5655 5673 5666
f 5655 5666 5659
f 5661 5665 5667
f 5661 5667 5664
f 5661 5657 5658
f 5661 5658 5665
f 5660 5657 5661
f 5660 5661 5664
f 5660 5664 5663
f 5660 5663 5657
f 5654 5655 5659
f 5654 5659 5658
f 5654 5658 5653
f 5654 5653 5647
f 5654 5647 5649
f 5654 5649 5650
f 5654 5650 5656
f 5654 5656 5655
o hull_324
o hull_325
v 85.90526 162.39618 -30.019958
v 92.85863 162.39618 -30.019958
v 85.90526 204.11624 -2.2065735
v 92.85863 204.11624 -2.2065735
v 85.90526 204.11624 -30.019958
v 92.85863 204.11624 -30.019958
v 92.85863 162.39618 -2.2065735
v 85.90526 162.39618 -2.2065735
f 5684 5685 5681
f 5684 5681 5680
f 5687 5682 5684
f 5687 5684 5680
f 5687 5680 5681
f 5687 5681 5686
f 5683 5682 5687
f 5683 5687 5686
f 5683 5686 5681
f 5683 5681 5685
f 5683 5685 5684
f 5683 5684 5682
o hull_326
o hull_327
v 92.85863 162.39618 -30.019958
v 99.811966 162.39618 -30.019958
v 92.85863 204.11624 -2.2065735
v 99.811966 204.11624 -2.2065735
v 92.85863 204.11624 -30.019958
v 99.811966 204.11624 -30.019958
v 99.811966 162.39618 -2.2065735
v 92.85863 162.39618 -2.2065735
f 5692 5693 5689
f 5692 5689 5688
f 5695 5690 5692
f 5695 5692 5688
f 5695 5688 5689
f 5695 5689 5694
f 5691 5690 5695
f 5691 5695 5694
f 5691 5694 5689
f 5691 5689 5693
f 5691 5693 5692
f 5691 5692 5690
o hull_328
o hull_329
v 99.811966 162.39618 -30.019958
v 155.4387 169.34952 -2.2065735
v 155.4387 162.39618 -2.2065735
v 99.811966 169.34952 -30.019958
v 155.4387 169.34952 -30.019958
v 155.4387 162.39618 -30.019958
v 99.811966 169.34952 -2.2065735
v 99.811966 162.39618 -2.2065735
f 5698 5703 5696
f 5698 5696 5701
f 5697 5698 5701
f 5697 5701 5700
f 5697 5702 5703
f 5697 5703 5698
f 5699 5702 5697
f 5699 5697 5700
f 5699 5700 5701
f 5699 5701 5696
f 5699 5696 5703
f 5699 5703 5702
o hull_330
v 99.811966 169.34952 -30.019958
v 148.48537 176.30286 -2.2065735
v 148.48537 169.34952 -2.2065735
v 148.48537 176.30286 -30.019958
v 148.48537 169.34952 -30.019958
v 141.53203 183.2562 -30.019958
v 134.57869 190.20953 -2.2065735
v 134.57869 190.20953 -23.066605
v 120.67198 197.1629 -2.2065735
v 120.67198 197.1629 -30.019958
v 99.811966 197.1629 -2.2065735
v 99.811966 197.1629 -30.019958
v 99.811966 169.34952 -2.2065735
f 5714 5715 5704
f 5714 5704 5716
f 5708 5706 5716
f 5708 5716 5704
f 5712 5713 5715
f 5712 5715 5714
f 5712 5710 5711
f 5712 5711 5713
f 5709 5707 5708
f 5709 5708 5704
f 5709 5704 5715
f 5709 5715 5713
f 5709 5713 5711
f 5709 5711 5710
f 5709 5710 5707
f 5705 5707 5710
f 5705 5710 5712
f 5705 5712 5714
f 5705 5714 5716
f 5705 5716 5706
f 5705 5706 5708
f 5705 5708 5707
o hull_331
v 85.90526 85.90936 60.373535
v 169.34541 141.53613 67.32687
v 169.34541 141.53613 60.373535
v 169.34541 113.72275 67.32687
v 169.34541 113.72275 60.373535
v 162.39207 148.48947 74.28021
v 162.39207 141.53613 81.23355
v 162.39207 113.72275 81.23355
v 162.39207 99.81607 67.32687
v 162.39207 99.81607 60.373535
v 155.4387 106.76941 88.18692
v 155.4387 92.86273 67.32687
v 155.4387 92.86273 60.373535
v 148.48537 162.39618 81.23355
v 148.48537 148.48947 102.0936
v 148.48537 134.5828 109.046936
v 148.48537 120.67609 109.046936
v 141.53203 141.53613 116.000275
v 141.53203 113.72275 116.000275
v 141.53203 106.76941 109.046936
v 141.53203 92.86273 88.18692
v 141.53203 85.90936 67.32687
v 141.53203 85.90936 60.373535
v 134.57869 176.30286 74.28021
v 134.57869 162.39618 102.0936
v 134.57869 92.86273 95.14026
v 134.57869 85.90936 81.23355
v 127.62535 183.2562 67.32687
v 85.90526 85.90936 88.18692
v 127.62535 183.2562 60.373535
v 127.62535 141.53613 129.90698
v 127.62535 120.67609 129.90698
v 127.62535 99.81607 109.046936
v 120.67198 183.2562 81.23355
v 120.67198 176.30286 95.14026
v 120.67198 92.86273 102.0936
v 120.67198 85.90936 88.18692
v 113.71864 190.20953 74.28021
v 113.71864 162.39618 122.95364
v 113.71864 155.44281 129.90698
v 113.71864 141.53613 136.86032
v 113.71864 127.629456 136.86032
v 106.765305 176.30286 109.046936
v 99.811966 197.1629 74.28021
v 99.811966 197.1629 60.373535
v 99.811966 176.30286 116.000275
v 99.811966 169.34952 122.95364
v 99.811966 155.44281 136.86032
v 85.90526 197.1629 81.23355
v 92.85863 197.1629 81.23355
v 85.90526 197.1629 60.373535
v 85.90526 183.2562 109.046936
v 92.85863 183.2562 109.046936
v 85.90526 155.44281 136.86032
v 85.90526 127.629456 136.86032
v 85.90526 92.86273 102.0936
f 5748 5758 5771
f 5748 5771 5772
f 5748 5735 5733
f 5754 5744 5760
f 5766 5760 5761
f 5766 5761 5767
f 5766 5767 5765
f 5768 5769 5766
f 5768 5766 5765
f 5768 5765 5767
f 5768 5767 5717
f 5768 5717 5745
f 5768 5745 5772
f 5768 5772 5771
f 5768 5771 5770
f 5724 5733 5735
f 5732 5733 5724
f 5732 5724 5723
f 5731 5734 5732
f 5731 5732 5723
f 5741 5731 5730
f 5752 5748 5772
f 5752 5772 5745
f 5752 5745 5753
f 5747 5748 5733
f 5747 5733 5732
f 5747 5732 5734
f 5747 5734 5731
f 5747 5731 5741
f 5747 5756 5764
f 5763 5769 5768
f 5763 5768 5770
f 5763 5770 5764
f 5740 5741 5730
f 5740 5744 5754
f 5727 5724 5735
f 5751 5741 5740
f 5749 5748 5752
f 5757 5747 5764
f 5757 5764 5770
f 5757 5770 5771
f 5757 5771 5758
f 5757 5758 5748
f 5757 5748 5747
f 5755 5763 5764
f 5755 5764 5756
f 5755 5756 5747
f 5755 5747 5741
f 5737 5743 5728
f 5738 5743 5753
f 5738 5753 5745
f 5738 5745 5717
f 5738 5717 5739
f 5738 5728 5743
f 5729 5728 5738
f 5729 5738 5739
f 5746 5761 5760
f 5746 5760 5744
f 5746 5744 5740
f 5719 5721 5726
f 5719 5726 5729
f 5719 5729 5739
f 5719 5739 5717
f 5719 5717 5767
f 5719 5767 5761
f 5719 5761 5746
f 5725 5737 5728
f 5725 5728 5729
f 5725 5729 5726
f 5725 5726 5721
f 5725 5721 5720
f 5725 5720 5724
f 5725 5724 5727
f 5750 5751 5740
f 5750 5740 5754
f 5750 5754 5760
f 5750 5760 5751
f 5759 5755 5741
f 5759 5741 5751
f 5759 5751 5760
f 5759 5760 5766
f 5736 5737 5725
f 5736 5725 5727
f 5736 5727 5735
f 5736 5735 5748
f 5736 5748 5749
f 5742 5737 5736
f 5742 5736 5749
f 5742 5749 5752
f 5742 5752 5753
f 5742 5753 5743
f 5742 5743 5737
f 5722 5719 5746
f 5722 5746 5740
f 5722 5740 5730
f 5722 5730 5731
f 5722 5731 5723
f 5718 5719 5722
f 5718 5722 5723
f 5718 5723 5724
f 5718 5724 5720
f 5718 5720 5721
f 5718 5721 5719
f 5762 5759 5766
f 5762 5766 5769
f 5762 5769 5763
f 5762 5763 5755
f 5762 5755 5759
o hull_332
